PrimalitySheafVerification/Mock2_FunctionalAnalysis.lean:210:0: warning: 
'Mathlib.Analysis.Normed.Operator.FredholmAlternative' has been deprecated: please replace this import by

import Mathlib.Analysis.Normed.Operator.Compact.FredholmAlternative
PrimalitySheafVerification/Mock2_FunctionalAnalysis.lean:731:2: warning: try 'simp' instead of 'simpa'

Note: This linter can be disabled with `set_option linter.unnecessarySimpa false`
PrimalitySheafVerification/Mock2_FunctionalAnalysis.lean:972:0: warning: automatically included section variable(s) unused in theorem `Mock2FA.PaperCorrections.linearTestIntegrand_add`:
  [MeasurableSpace X]
  [TopologicalSpace X]
consider restructuring your `variable` declarations so that the variables are not in scope or explicitly omit them:
  omit [MeasurableSpace X] [TopologicalSpace X] in theorem ...

Note: This linter can be disabled with `set_option linter.unusedSectionVars false`
PrimalitySheafVerification/Mock2_FunctionalAnalysis.lean:980:0: warning: automatically included section variable(s) unused in theorem `Mock2FA.PaperCorrections.linearTestIntegrand_smul`:
  [MeasurableSpace X]
  [TopologicalSpace X]
consider restructuring your `variable` declarations so that the variables are not in scope or explicitly omit them:
  omit [MeasurableSpace X] [TopologicalSpace X] in theorem ...

Note: This linter can be disabled with `set_option linter.unusedSectionVars false`
PrimalitySheafVerification/Mock2_FunctionalAnalysis.lean:989:0: warning: automatically included section variable(s) unused in theorem `Mock2FA.PaperCorrections.linearTestIntegrand_density_add`:
  [MeasurableSpace X]
  [TopologicalSpace X]
consider restructuring your `variable` declarations so that the variables are not in scope or explicitly omit them:
  omit [MeasurableSpace X] [TopologicalSpace X] in theorem ...

Note: This linter can be disabled with `set_option linter.unusedSectionVars false`
PrimalitySheafVerification/Mock2_FunctionalAnalysis.lean:997:0: warning: automatically included section variable(s) unused in theorem `Mock2FA.PaperCorrections.antiTestIntegrand_add`:
  [MeasurableSpace X]
  [TopologicalSpace X]
consider restructuring your `variable` declarations so that the variables are not in scope or explicitly omit them:
  omit [MeasurableSpace X] [TopologicalSpace X] in theorem ...

Note: This linter can be disabled with `set_option linter.unusedSectionVars false`
PrimalitySheafVerification/Mock2_FunctionalAnalysis.lean:1005:0: warning: automatically included section variable(s) unused in theorem `Mock2FA.PaperCorrections.antiTestIntegrand_smul`:
  [MeasurableSpace X]
  [TopologicalSpace X]
consider restructuring your `variable` declarations so that the variables are not in scope or explicitly omit them:
  omit [MeasurableSpace X] [TopologicalSpace X] in theorem ...

Note: This linter can be disabled with `set_option linter.unusedSectionVars false`
PrimalitySheafVerification/Mock2_FunctionalAnalysis.lean:1015:0: warning: automatically included section variable(s) unused in theorem `Mock2FA.PaperCorrections.antiTestIntegrand_density_add`:
  [MeasurableSpace X]
  [TopologicalSpace X]
consider restructuring your `variable` declarations so that the variables are not in scope or explicitly omit them:
  omit [MeasurableSpace X] [TopologicalSpace X] in theorem ...

Note: This linter can be disabled with `set_option linter.unusedSectionVars false`
PrimalitySheafVerification/Mock2_FunctionalAnalysis.lean:1190:0: warning: automatically included section variable(s) unused in theorem `Mock2FA.PaperCorrections.integral_eq_setIntegral_of_support_subset`:
  [TopologicalSpace X]
consider restructuring your `variable` declarations so that the variables are not in scope or explicitly omit them:
  omit [TopologicalSpace X] in theorem ...

Note: This linter can be disabled with `set_option linter.unusedSectionVars false`
PrimalitySheafVerification/Mock2_FunctionalAnalysis.lean:1198:0: warning: automatically included section variable(s) unused in theorem `Mock2FA.PaperCorrections.support_linearTestIntegrand_subset_test`:
  [MeasurableSpace X]
  [TopologicalSpace X]
consider restructuring your `variable` declarations so that the variables are not in scope or explicitly omit them:
  omit [MeasurableSpace X] [TopologicalSpace X] in theorem ...

Note: This linter can be disabled with `set_option linter.unusedSectionVars false`
PrimalitySheafVerification/Mock2_FunctionalAnalysis.lean:1207:0: warning: automatically included section variable(s) unused in theorem `Mock2FA.PaperCorrections.support_antiTestIntegrand_subset_test`:
  [MeasurableSpace X]
  [TopologicalSpace X]
consider restructuring your `variable` declarations so that the variables are not in scope or explicitly omit them:
  omit [MeasurableSpace X] [TopologicalSpace X] in theorem ...

Note: This linter can be disabled with `set_option linter.unusedSectionVars false`
PrimalitySheafVerification/Mock2_FunctionalAnalysis.lean:1278:0: warning: automatically included section variable(s) unused in theorem `Mock2FA.PaperCorrections.tsupport_subset_interior_compactExhaustion`:
  [MeasurableSpace X]
consider restructuring your `variable` declarations so that the variables are not in scope or explicitly omit them:
  omit [MeasurableSpace X] in theorem ...

Note: This linter can be disabled with `set_option linter.unusedSectionVars false`
PrimalitySheafVerification/Mock2_FunctionalAnalysis.lean:1292:0: warning: automatically included section variable(s) unused in theorem `Mock2FA.PaperCorrections.eventually_tsupport_subset_compactExhaustion`:
  [MeasurableSpace X]
consider restructuring your `variable` declarations so that the variables are not in scope or explicitly omit them:
  omit [MeasurableSpace X] in theorem ...

Note: This linter can be disabled with `set_option linter.unusedSectionVars false`
PrimalitySheafVerification/Mock2_FunctionalAnalysis.lean:1354:0: warning: automatically included section variable(s) unused in theorem `Mock2FA.PaperCorrections.mem_truncatedTestCore`:
  [MeasurableSpace X]
consider restructuring your `variable` declarations so that the variables are not in scope or explicitly omit them:
  omit [MeasurableSpace X] in theorem ...

Note: This linter can be disabled with `set_option linter.unusedSectionVars false`
PrimalitySheafVerification/Mock2_FunctionalAnalysis.lean:1360:0: warning: automatically included section variable(s) unused in theorem `Mock2FA.PaperCorrections.truncatedTestCore_subset_core`:
  [MeasurableSpace X]
consider restructuring your `variable` declarations so that the variables are not in scope or explicitly omit them:
  omit [MeasurableSpace X] in theorem ...

Note: This linter can be disabled with `set_option linter.unusedSectionVars false`
PrimalitySheafVerification/Mock2_FunctionalAnalysis.lean:1365:0: warning: automatically included section variable(s) unused in theorem `Mock2FA.PaperCorrections.truncatedTestCore_mono`:
  [MeasurableSpace X]
consider restructuring your `variable` declarations so that the variables are not in scope or explicitly omit them:
  omit [MeasurableSpace X] in theorem ...

Note: This linter can be disabled with `set_option linter.unusedSectionVars false`
PrimalitySheafVerification/Mock2_FunctionalAnalysis.lean:1372:0: warning: automatically included section variable(s) unused in theorem `Mock2FA.PaperCorrections.iUnion_truncatedTestCore_eq`:
  [MeasurableSpace X]
consider restructuring your `variable` declarations so that the variables are not in scope or explicitly omit them:
  omit [MeasurableSpace X] in theorem ...

Note: This linter can be disabled with `set_option linter.unusedSectionVars false`
PrimalitySheafVerification/Mock2_FunctionalAnalysis.lean:1409:0: warning: automatically included section variable(s) unused in theorem `Mock2FA.PaperCorrections.compactExhaustion_covers_compactlySupported_tests`:
  [MeasurableSpace X]
consider restructuring your `variable` declarations so that the variables are not in scope or explicitly omit them:
  omit [MeasurableSpace X] in theorem ...

Note: This linter can be disabled with `set_option linter.unusedSectionVars false`
PrimalitySheafVerification/Mock2_FunctionalAnalysis.lean:1839:2: warning: Try this: 
  letI̵

The goal is a proposition, so `let` is preferred over `letI`.
The difference between `let` and `letI` is that `letI` inlines the value.
But this is not relevant for proofs because of proof irrelevance.

Note: This linter can be disabled with `set_option linter.style.haveILetI false`
PrimalitySheafVerification/Mock2_FunctionalAnalysis.lean:1840:2: warning: Try this: 
  letI̵

The goal is a proposition, so `let` is preferred over `letI`.
The difference between `let` and `letI` is that `letI` inlines the value.
But this is not relevant for proofs because of proof irrelevance.

Note: This linter can be disabled with `set_option linter.style.haveILetI false`
PrimalitySheafVerification/Mock2_FunctionalAnalysis.lean:1872:2: warning: Try this: 
  letI̵

The goal is a proposition, so `let` is preferred over `letI`.
The difference between `let` and `letI` is that `letI` inlines the value.
But this is not relevant for proofs because of proof irrelevance.

Note: This linter can be disabled with `set_option linter.style.haveILetI false`
PrimalitySheafVerification/Mock2_FunctionalAnalysis.lean:1873:2: warning: Try this: 
  letI̵

The goal is a proposition, so `let` is preferred over `letI`.
The difference between `let` and `letI` is that `letI` inlines the value.
But this is not relevant for proofs because of proof irrelevance.

Note: This linter can be disabled with `set_option linter.style.haveILetI false`
PrimalitySheafVerification/Mock2_FunctionalAnalysis.lean:2703:0: warning: automatically included section variable(s) unused in theorem `Mock2FA.PaperCorrections.FredholmBypass.FredholmBypassData.compactPerturbation_isCompact`:
  [CompleteSpace V]
consider restructuring your `variable` declarations so that the variables are not in scope or explicitly omit them:
  omit [CompleteSpace V] in theorem ...

Note: This linter can be disabled with `set_option linter.unusedSectionVars false`
PrimalitySheafVerification/Mock2_FunctionalAnalysis.lean:2708:0: warning: automatically included section variable(s) unused in theorem `Mock2FA.PaperCorrections.FredholmBypass.FredholmBypassData.normalized_hasTrivialKernel`:
  [CompleteSpace V]
consider restructuring your `variable` declarations so that the variables are not in scope or explicitly omit them:
  omit [CompleteSpace V] in theorem ...

Note: This linter can be disabled with `set_option linter.unusedSectionVars false`
PrimalitySheafVerification/Mock2_FunctionalAnalysis.lean:3098:0: warning: automatically included section variable(s) unused in theorem `Mock2FA.PaperCorrections.FredholmBypass.fredholmDefectKernelComplementRestriction_apply`:
  [CompleteSpace X]
consider restructuring your `variable` declarations so that the variables are not in scope or explicitly omit them:
  omit [CompleteSpace X] in theorem ...

Note: This linter can be disabled with `set_option linter.unusedSectionVars false`
PrimalitySheafVerification/Mock2_FunctionalAnalysis.lean:3106:0: warning: automatically included section variable(s) unused in theorem `Mock2FA.PaperCorrections.FredholmBypass.fredholmDefectKernelComplementRestriction_injective`:
  [CompleteSpace X]
consider restructuring your `variable` declarations so that the variables are not in scope or explicitly omit them:
  omit [CompleteSpace X] in theorem ...

Note: This linter can be disabled with `set_option linter.unusedSectionVars false`
PrimalitySheafVerification/Mock2_FunctionalAnalysis.lean:3127:0: warning: automatically included section variable(s) unused in theorem `Mock2FA.PaperCorrections.FredholmBypass.fredholmDefectKernelComplementRestriction_antilipschitz`:
  [CompleteSpace X]
consider restructuring your `variable` declarations so that the variables are not in scope or explicitly omit them:
  omit [CompleteSpace X] in theorem ...

Note: This linter can be disabled with `set_option linter.unusedSectionVars false`
PrimalitySheafVerification/Mock2_FunctionalAnalysis.lean:3263:0: warning: automatically included section variable(s) unused in theorem `Mock2FA.PaperCorrections.FredholmBypass.ShiftedCompactDecomposition.range_isClosed`:
  [CompleteSpace W]
consider restructuring your `variable` declarations so that the variables are not in scope or explicitly omit them:
  omit [CompleteSpace W] in theorem ...

Note: This linter can be disabled with `set_option linter.unusedSectionVars false`
PrimalitySheafVerification/Mock2_FunctionalAnalysis.lean:3299:47: warning: Variable name `d` is not explicitly referenced.

Hint: The binding can be removed (if unused) or named `_` (if used implicitly). Alternatively, prefix the name with `_` to silence this warning:
  [apply] _d

Note: This linter can be disabled with `set_option linter.unusedVariables false`
PrimalitySheafVerification/Mock2_FunctionalAnalysis.lean:3305:0: warning: automatically included section variable(s) unused in theorem `Mock2FA.PaperCorrections.FredholmBypass.NontrivialKernelFredholmData.kernelComplementRestriction_apply`:
  [CompleteSpace V]
  [CompleteSpace W]
consider restructuring your `variable` declarations so that the variables are not in scope or explicitly omit them:
  omit [CompleteSpace V] [CompleteSpace W] in theorem ...

Note: This linter can be disabled with `set_option linter.unusedSectionVars false`
PrimalitySheafVerification/Mock2_FunctionalAnalysis.lean:3312:0: warning: automatically included section variable(s) unused in theorem `Mock2FA.PaperCorrections.FredholmBypass.NontrivialKernelFredholmData.kernelComplementRestriction_injective`:
  [CompleteSpace V]
  [CompleteSpace W]
consider restructuring your `variable` declarations so that the variables are not in scope or explicitly omit them:
  omit [CompleteSpace V] [CompleteSpace W] in theorem ...

Note: This linter can be disabled with `set_option linter.unusedSectionVars false`
PrimalitySheafVerification/Mock2_FunctionalAnalysis.lean:3330:0: warning: automatically included section variable(s) unused in theorem `Mock2FA.PaperCorrections.FredholmBypass.NontrivialKernelFredholmData.kernelComplementRestriction_surjective`:
  [CompleteSpace W]
consider restructuring your `variable` declarations so that the variables are not in scope or explicitly omit them:
  omit [CompleteSpace W] in theorem ...

Note: This linter can be disabled with `set_option linter.unusedSectionVars false`
PrimalitySheafVerification/Mock2_FunctionalAnalysis.lean:3427:5: warning: Variable name `d` is not explicitly referenced.

Hint: The binding can be removed (if unused) or named `_` (if used implicitly). Alternatively, prefix the name with `_` to silence this warning:
  [apply] _d

Note: This linter can be disabled with `set_option linter.unusedVariables false`
PrimalitySheafVerification/Mock2_FunctionalAnalysis.lean:3481:0: warning: automatically included section variable(s) unused in theorem `Mock2FA.PaperCorrections.FredholmBypass.NontrivialKernelFredholmData.compactPerturbation_isCompact`:
  [CompleteSpace V]
  [CompleteSpace W]
consider restructuring your `variable` declarations so that the variables are not in scope or explicitly omit them:
  omit [CompleteSpace V] [CompleteSpace W] in theorem ...

Note: This linter can be disabled with `set_option linter.unusedSectionVars false`
PrimalitySheafVerification/Mock2_FunctionalAnalysis.lean:3488:0: warning: automatically included section variable(s) unused in theorem `Mock2FA.PaperCorrections.FredholmBypass.NontrivialKernelFredholmData.factorization`:
  [CompleteSpace V]
  [CompleteSpace W]
consider restructuring your `variable` declarations so that the variables are not in scope or explicitly omit them:
  omit [CompleteSpace V] [CompleteSpace W] in theorem ...

Note: This linter can be disabled with `set_option linter.unusedSectionVars false`
PrimalitySheafVerification/Mock2_FunctionalAnalysis.lean:4293:2: warning: try 'simp' instead of 'simpa'

Note: This linter can be disabled with `set_option linter.unnecessarySimpa false`
PrimalitySheafVerification/Mock2_FunctionalAnalysis.lean:4296:19: warning: 'norm_num' tactic does nothing

Note: This linter can be disabled with `set_option linter.unusedTactic false`
PrimalitySheafVerification/Mock2_FunctionalAnalysis.lean:4296:19: warning: this tactic is never executed

Note: This linter can be disabled with `set_option linter.unreachableTactic false`
PrimalitySheafVerification/Mock2_FunctionalAnalysis.lean:4420:2: warning: try 'simp' instead of 'simpa'

Note: This linter can be disabled with `set_option linter.unnecessarySimpa false`
PrimalitySheafVerification/Mock2_FunctionalAnalysis.lean:4488:6: warning: 'ring' tactic does nothing

Note: This linter can be disabled with `set_option linter.unusedTactic false`
PrimalitySheafVerification/Mock2_FunctionalAnalysis.lean:4488:6: warning: this tactic is never executed

Note: This linter can be disabled with `set_option linter.unreachableTactic false`
PrimalitySheafVerification/Mock2_FunctionalAnalysis.lean:4537:4: warning: try 'simp' instead of 'simpa'

Note: This linter can be disabled with `set_option linter.unnecessarySimpa false`
PrimalitySheafVerification/Mock2_FunctionalAnalysis.lean:4589:2: warning: try 'simp' instead of 'simpa'

Note: This linter can be disabled with `set_option linter.unnecessarySimpa false`
PrimalitySheafVerification/Mock2_FunctionalAnalysis.lean:4672:43: warning: This simp argument is unused:
  zpow_neg_one

Hint: Omit it from the simp argument list.
  [apply] simp [weightFiberScale, halfWeightScale]

Note: This linter can be disabled with `set_option linter.unusedSimpArgs false`
PrimalitySheafVerification/Mock2_FunctionalAnalysis.lean:5284:6: warning: 'ring' tactic does nothing

Note: This linter can be disabled with `set_option linter.unusedTactic false`
PrimalitySheafVerification/Mock2_FunctionalAnalysis.lean:5284:6: warning: this tactic is never executed

Note: This linter can be disabled with `set_option linter.unreachableTactic false`
PrimalitySheafVerification/Mock2_FunctionalAnalysis.lean:5632:2: warning: Try this: 
  letI̵

The goal is a proposition, so `let` is preferred over `letI`.
The difference between `let` and `letI` is that `letI` inlines the value.
But this is not relevant for proofs because of proof irrelevance.

Note: This linter can be disabled with `set_option linter.style.haveILetI false`
PrimalitySheafVerification/Mock2_FunctionalAnalysis.lean:5689:15: warning: `Set.preimage_setOf_eq` has been deprecated: Use `Set.preimage_ofPred_eq` instead
PrimalitySheafVerification/Mock2_FunctionalAnalysis.lean:5782:4: warning: try 'simp' instead of 'simpa'

Note: This linter can be disabled with `set_option linter.unnecessarySimpa false`
PrimalitySheafVerification/Mock2_FunctionalAnalysis.lean:5944:6: warning: try 'simp' instead of 'simpa'

Note: This linter can be disabled with `set_option linter.unnecessarySimpa false`
PrimalitySheafVerification/Mock2_FunctionalAnalysis.lean:6011:12: warning: This simp argument is unused:
  mul_assoc

Hint: Omit it from the simp argument list.
  [apply] simp

Note: This linter can be disabled with `set_option linter.unusedSimpArgs false`
PrimalitySheafVerification/Mock2_FunctionalAnalysis.lean:6084:12: warning: This simp argument is unused:
  mul_assoc

Hint: Omit it from the simp argument list.
  [apply] simp

Note: This linter can be disabled with `set_option linter.unusedSimpArgs false`
PrimalitySheafVerification/Mock2_FunctionalAnalysis.lean:6158:10: warning: `Set.mem_diff` has been deprecated: Use `Set.mem_sdiff` instead
PrimalitySheafVerification/Mock2_FunctionalAnalysis.lean:6554:4: warning: Try `simp at hback` instead of `simpa using hback`

Note: This linter can be disabled with `set_option linter.unnecessarySimpa false`
PrimalitySheafVerification/Mock2_FunctionalAnalysis.lean:6778:39: warning: `Set.mem_diff` has been deprecated: Use `Set.mem_sdiff` instead
PrimalitySheafVerification/Mock2_FunctionalAnalysis.lean:6990:42: warning: This simp argument is unused:
  Complex.ofReal_re

Hint: Omit it from the simp argument list.
  [apply] simp only [gammaTwoStandardEdgeParam, gammaTwoLeftCircleCenter, UpperHalfPlane.coe_mk, Complex.normSq_apply,
    Complex.sub_re, Complex.sub_im, Complex.neg_re, Complex.neg_im, Complex.ofReal_im, sub_zero, neg_neg]

Note: This linter can be disabled with `set_option linter.unusedSimpArgs false`
PrimalitySheafVerification/Mock2_FunctionalAnalysis.lean:6991:26: warning: This simp argument is unused:
  Complex.ofReal_im

Hint: Omit it from the simp argument list.
  [apply] simp only [gammaTwoStandardEdgeParam, gammaTwoLeftCircleCenter, UpperHalfPlane.coe_mk, Complex.normSq_apply,
    Complex.sub_re, Complex.sub_im, Complex.neg_re, Complex.ofReal_re, Complex.neg_im, sub_zero, neg_neg]

Note: This linter can be disabled with `set_option linter.unusedSimpArgs false`
PrimalitySheafVerification/Mock2_FunctionalAnalysis.lean:6991:45: warning: This simp argument is unused:
  sub_zero

Hint: Omit it from the simp argument list.
  [apply] simp only [gammaTwoStandardEdgeParam, gammaTwoLeftCircleCenter, UpperHalfPlane.coe_mk, Complex.normSq_apply,
    Complex.sub_re, Complex.sub_im, Complex.neg_re, Complex.ofReal_re, Complex.neg_im, Complex.ofReal_im, neg_neg]

Note: This linter can be disabled with `set_option linter.unusedSimpArgs false`
PrimalitySheafVerification/Mock2_FunctionalAnalysis.lean:6991:55: warning: This simp argument is unused:
  neg_neg

Hint: Omit it from the simp argument list.
  [apply] simp only [gammaTwoStandardEdgeParam, gammaTwoLeftCircleCenter, UpperHalfPlane.coe_mk, Complex.normSq_apply,
    Complex.sub_re, Complex.sub_im, Complex.neg_re, Complex.ofReal_re, Complex.neg_im, Complex.ofReal_im, sub_zero]

Note: This linter can be disabled with `set_option linter.unusedSimpArgs false`
PrimalitySheafVerification/Mock2_FunctionalAnalysis.lean:7014:26: warning: This simp argument is unused:
  Complex.ofReal_re

Hint: Omit it from the simp argument list.
  [apply] simp only [gammaTwoStandardEdgeParam, gammaTwoRightCircleCenter, UpperHalfPlane.coe_mk, Complex.normSq_apply,
    Complex.sub_re, Complex.sub_im, Complex.ofReal_im, sub_zero]

Note: This linter can be disabled with `set_option linter.unusedSimpArgs false`
PrimalitySheafVerification/Mock2_FunctionalAnalysis.lean:7014:45: warning: This simp argument is unused:
  Complex.ofReal_im

Hint: Omit it from the simp argument list.
  [apply] simp only [gammaTwoStandardEdgeParam, gammaTwoRightCircleCenter, UpperHalfPlane.coe_mk, Complex.normSq_apply,
    Complex.sub_re, Complex.sub_im, Complex.ofReal_re, sub_zero]

Note: This linter can be disabled with `set_option linter.unusedSimpArgs false`
PrimalitySheafVerification/Mock2_FunctionalAnalysis.lean:7014:64: warning: This simp argument is unused:
  sub_zero

Hint: Omit it from the simp argument list.
  [apply] simp only [gammaTwoStandardEdgeParam, gammaTwoRightCircleCenter, UpperHalfPlane.coe_mk, Complex.normSq_apply,
    Complex.sub_re, Complex.sub_im, Complex.ofReal_re, Complex.ofReal_im]

Note: This linter can be disabled with `set_option linter.unusedSimpArgs false`
PrimalitySheafVerification/Mock2_FunctionalAnalysis.lean:7074:6: warning: This simp argument is unused:
  Complex.ofReal_re

Hint: Omit it from the simp argument list.
  [apply] simp only [gammaTwoStandardEdgeParam, UpperHalfPlane.coe_mk, Complex.mul_re, Complex.mul_im, Complex.add_re,
    Complex.add_im, Complex.ofReal_im, Complex.one_re, Complex.one_im, zero_mul, mul_zero, add_zero]

Note: This linter can be disabled with `set_option linter.unusedSimpArgs false`
PrimalitySheafVerification/Mock2_FunctionalAnalysis.lean:7074:25: warning: This simp argument is unused:
  Complex.ofReal_im

Hint: Omit it from the simp argument list.
  [apply] simp only [gammaTwoStandardEdgeParam, UpperHalfPlane.coe_mk, Complex.mul_re, Complex.mul_im, Complex.add_re,
    Complex.add_im, Complex.ofReal_re, Complex.one_re, Complex.one_im, zero_mul, mul_zero, add_zero]

Note: This linter can be disabled with `set_option linter.unusedSimpArgs false`
PrimalitySheafVerification/Mock2_FunctionalAnalysis.lean:7075:22: warning: This simp argument is unused:
  zero_mul

Hint: Omit it from the simp argument list.
  [apply] simp only [gammaTwoStandardEdgeParam, UpperHalfPlane.coe_mk, Complex.mul_re, Complex.mul_im, Complex.add_re,
    Complex.add_im, Complex.ofReal_re, Complex.ofReal_im, Complex.one_re, Complex.one_im, mul_zero, add_zero]

Note: This linter can be disabled with `set_option linter.unusedSimpArgs false`
PrimalitySheafVerification/Mock2_FunctionalAnalysis.lean:7075:32: warning: This simp argument is unused:
  mul_zero

Hint: Omit it from the simp argument list.
  [apply] simp only [gammaTwoStandardEdgeParam, UpperHalfPlane.coe_mk, Complex.mul_re, Complex.mul_im, Complex.add_re,
    Complex.add_im, Complex.ofReal_re, Complex.ofReal_im, Complex.one_re, Complex.one_im, zero_mul, add_zero]

Note: This linter can be disabled with `set_option linter.unusedSimpArgs false`
PrimalitySheafVerification/Mock2_FunctionalAnalysis.lean:7081:6: warning: This simp argument is unused:
  Complex.ofReal_re

Hint: Omit it from the simp argument list.
  [apply] simp only [gammaTwoStandardEdgeParam, UpperHalfPlane.coe_mk, Complex.mul_re, Complex.mul_im, Complex.add_re,
    Complex.add_im, Complex.ofReal_im, Complex.one_re, Complex.one_im, zero_mul, mul_zero, add_zero]

Note: This linter can be disabled with `set_option linter.unusedSimpArgs false`
PrimalitySheafVerification/Mock2_FunctionalAnalysis.lean:7081:25: warning: This simp argument is unused:
  Complex.ofReal_im

Hint: Omit it from the simp argument list.
  [apply] simp only [gammaTwoStandardEdgeParam, UpperHalfPlane.coe_mk, Complex.mul_re, Complex.mul_im, Complex.add_re,
    Complex.add_im, Complex.ofReal_re, Complex.one_re, Complex.one_im, zero_mul, mul_zero, add_zero]

Note: This linter can be disabled with `set_option linter.unusedSimpArgs false`
PrimalitySheafVerification/Mock2_FunctionalAnalysis.lean:7082:22: warning: This simp argument is unused:
  zero_mul

Hint: Omit it from the simp argument list.
  [apply] simp only [gammaTwoStandardEdgeParam, UpperHalfPlane.coe_mk, Complex.mul_re, Complex.mul_im, Complex.add_re,
    Complex.add_im, Complex.ofReal_re, Complex.ofReal_im, Complex.one_re, Complex.one_im, mul_zero, add_zero]

Note: This linter can be disabled with `set_option linter.unusedSimpArgs false`
PrimalitySheafVerification/Mock2_FunctionalAnalysis.lean:7082:32: warning: This simp argument is unused:
  mul_zero

Hint: Omit it from the simp argument list.
  [apply] simp only [gammaTwoStandardEdgeParam, UpperHalfPlane.coe_mk, Complex.mul_re, Complex.mul_im, Complex.add_re,
    Complex.add_im, Complex.ofReal_re, Complex.ofReal_im, Complex.one_re, Complex.one_im, zero_mul, add_zero]

Note: This linter can be disabled with `set_option linter.unusedSimpArgs false`
PrimalitySheafVerification/Mock2_FunctionalAnalysis.lean:7883:14: warning: This simp argument is unused:
  GammaTwoModularTileEdge.pairingMatrix

Hint: Omit it from the simp argument list.
  [apply] simp [GammaTwoModularTileEdge.paired, GammaTwoModularTileEdge.pairedParameter, modularTileEdgeParam,
    modularCircularArcParam, hnormSq, hden]

Note: This linter can be disabled with `set_option linter.unusedSimpArgs false`
PrimalitySheafVerification/Mock2_FunctionalAnalysis.lean:7884:10: warning: This simp argument is unused:
  GammaTwoModularTileEdge.paired

Hint: Omit it from the simp argument list.
  [apply] simp [GammaTwoModularTileEdge.pairingMatrix, GammaTwoModularTileEdge.pairedParameter, modularTileEdgeParam,
    modularCircularArcParam, hnormSq, hden]

Note: This linter can be disabled with `set_option linter.unusedSimpArgs false`
PrimalitySheafVerification/Mock2_FunctionalAnalysis.lean:7885:10: warning: This simp argument is unused:
  GammaTwoModularTileEdge.pairedParameter

Hint: Omit it from the simp argument list.
  [apply] simp [GammaTwoModularTileEdge.pairingMatrix, GammaTwoModularTileEdge.paired, modularTileEdgeParam,
    modularCircularArcParam, hnormSq, hden]

Note: This linter can be disabled with `set_option linter.unusedSimpArgs false`
PrimalitySheafVerification/Mock2_FunctionalAnalysis.lean:7886:10: warning: This simp argument is unused:
  modularTileEdgeParam

Hint: Omit it from the simp argument list.
  [apply] simp [GammaTwoModularTileEdge.pairingMatrix, GammaTwoModularTileEdge.paired,
    GammaTwoModularTileEdge.pairedParameter, modularCircularArcParam, hnormSq, hden]

Note: This linter can be disabled with `set_option linter.unusedSimpArgs false`
PrimalitySheafVerification/Mock2_FunctionalAnalysis.lean:7886:57: warning: This simp argument is unused:
  hnormSq

Hint: Omit it from the simp argument list.
  [apply] simp [GammaTwoModularTileEdge.pairingMatrix, GammaTwoModularTileEdge.paired,
    GammaTwoModularTileEdge.pairedParameter, modularTileEdgeParam, modularCircularArcParam, hden]

Note: This linter can be disabled with `set_option linter.unusedSimpArgs false`
PrimalitySheafVerification/Mock2_FunctionalAnalysis.lean:7888:14: warning: This simp argument is unused:
  GammaTwoModularTileEdge.pairingMatrix

Hint: Omit it from the simp argument list.
  [apply] simp [GammaTwoModularTileEdge.paired, GammaTwoModularTileEdge.pairedParameter, modularTileEdgeParam,
    modularCircularArcParam, hnormSq, hden]

Note: This linter can be disabled with `set_option linter.unusedSimpArgs false`
PrimalitySheafVerification/Mock2_FunctionalAnalysis.lean:7889:10: warning: This simp argument is unused:
  GammaTwoModularTileEdge.paired

Hint: Omit it from the simp argument list.
  [apply] simp [GammaTwoModularTileEdge.pairingMatrix, GammaTwoModularTileEdge.pairedParameter, modularTileEdgeParam,
    modularCircularArcParam, hnormSq, hden]

Note: This linter can be disabled with `set_option linter.unusedSimpArgs false`
PrimalitySheafVerification/Mock2_FunctionalAnalysis.lean:7890:10: warning: This simp argument is unused:
  GammaTwoModularTileEdge.pairedParameter

Hint: Omit it from the simp argument list.
  [apply] simp [GammaTwoModularTileEdge.pairingMatrix, GammaTwoModularTileEdge.paired, modularTileEdgeParam,
    modularCircularArcParam, hnormSq, hden]

Note: This linter can be disabled with `set_option linter.unusedSimpArgs false`
PrimalitySheafVerification/Mock2_FunctionalAnalysis.lean:7891:10: warning: This simp argument is unused:
  modularTileEdgeParam

Hint: Omit it from the simp argument list.
  [apply] simp [GammaTwoModularTileEdge.pairingMatrix, GammaTwoModularTileEdge.paired,
    GammaTwoModularTileEdge.pairedParameter, modularCircularArcParam, hnormSq, hden]

Note: This linter can be disabled with `set_option linter.unusedSimpArgs false`
PrimalitySheafVerification/Mock2_FunctionalAnalysis.lean:7891:57: warning: This simp argument is unused:
  hnormSq

Hint: Omit it from the simp argument list.
  [apply] simp [GammaTwoModularTileEdge.pairingMatrix, GammaTwoModularTileEdge.paired,
    GammaTwoModularTileEdge.pairedParameter, modularTileEdgeParam, modularCircularArcParam, hden]

Note: This linter can be disabled with `set_option linter.unusedSimpArgs false`
PrimalitySheafVerification/Mock2_FunctionalAnalysis.lean:8371:12: warning: This simp argument is unused:
  mul_assoc

Hint: Omit it from the simp argument list.
  [apply] simp

Note: This linter can be disabled with `set_option linter.unusedSimpArgs false`
PrimalitySheafVerification/Mock2_FunctionalAnalysis.lean:8519:8: warning: `continuous_finset_sum` has been deprecated: Use `continuous_finsetSum` instead
PrimalitySheafVerification/Mock2_FunctionalAnalysis.lean:8893:8: warning: `continuous_finset_sum` has been deprecated: Use `continuous_finsetSum` instead
PrimalitySheafVerification/Mock2_FunctionalAnalysis.lean:9027:15: warning: `Set.preimage_setOf_eq` has been deprecated: Use `Set.preimage_ofPred_eq` instead
PrimalitySheafVerification/Mock2_FunctionalAnalysis.lean:9360:10: warning: `Set.diff_subset` has been deprecated: Use `Set.sdiff_subset` instead
PrimalitySheafVerification/Mock2_FunctionalAnalysis.lean:9955:10: warning: `Set.diff_subset` has been deprecated: Use `Set.sdiff_subset` instead
PrimalitySheafVerification/Mock2_FunctionalAnalysis.lean:10093:27: warning: Used `tac1 <;> tac2` where `(tac1; tac2)` would suffice

Note: This linter can be disabled with `set_option linter.unnecessarySeqFocus false`
PrimalitySheafVerification/Mock2_FunctionalAnalysis.lean:10385:8: warning: `Polynomial.finite_setOf_isRoot` has been deprecated: Use `Polynomial.finite_setOfPred_isRoot` instead
PrimalitySheafVerification/Mock2_FunctionalAnalysis.lean:10402:8: warning: `Polynomial.finite_setOf_isRoot` has been deprecated: Use `Polynomial.finite_setOfPred_isRoot` instead
PrimalitySheafVerification/Mock2_FunctionalAnalysis.lean:10419:8: warning: `Polynomial.finite_setOf_isRoot` has been deprecated: Use `Polynomial.finite_setOfPred_isRoot` instead
PrimalitySheafVerification/Mock2_FunctionalAnalysis.lean:10780:6: warning: try 'simp' instead of 'simpa'

Note: This linter can be disabled with `set_option linter.unnecessarySimpa false`
PrimalitySheafVerification/Mock2_FunctionalAnalysis.lean:10789:2: warning: try 'simp' instead of 'simpa'

Note: This linter can be disabled with `set_option linter.unnecessarySimpa false`
PrimalitySheafVerification/Mock2_FunctionalAnalysis.lean:10969:19: warning: This simp argument is unused:
  Function.comp_def

Hint: Omit it from the simp argument list.
  [apply] simp [upperLift]

Note: This linter can be disabled with `set_option linter.unusedSimpArgs false`
PrimalitySheafVerification/Mock2_FunctionalAnalysis.lean:12021:13: warning: `ContinuousLinearMap.add_apply` has been deprecated: Use `add_apply` instead

Note: The updated constant is in a different namespace. Dot notation may need to be changed (e.g., from `x.add_apply` to `add_apply x`).
PrimalitySheafVerification/Mock2_FunctionalAnalysis.lean:12022:4: warning: `ContinuousLinearMap.smul_apply` has been deprecated: Use `smul_apply` instead

Note: The updated constant is in a different namespace. Dot notation may need to be changed (e.g., from `x.smul_apply` to `smul_apply x`).
PrimalitySheafVerification/Mock2_FunctionalAnalysis.lean:12049:10: warning: 'ring' tactic does nothing

Note: This linter can be disabled with `set_option linter.unusedTactic false`
PrimalitySheafVerification/Mock2_FunctionalAnalysis.lean:12049:10: warning: this tactic is never executed

Note: This linter can be disabled with `set_option linter.unreachableTactic false`
PrimalitySheafVerification/Mock2_FunctionalAnalysis.lean:12358:30: warning: Used `tac1 <;> tac2` where `(tac1; tac2)` would suffice

Note: This linter can be disabled with `set_option linter.unnecessarySeqFocus false`
PrimalitySheafVerification/Mock2_FunctionalAnalysis.lean:12382:28: warning: This simp argument is unused:
  Function.comp_def

Hint: Omit it from the simp argument list.
  [apply] simp [upperLift, heightC, UpperHalfPlane.ofComplex_apply_of_im_pos hw, heightCoordinateCLM]

Note: This linter can be disabled with `set_option linter.unusedSimpArgs false`
PrimalitySheafVerification/Mock2_FunctionalAnalysis.lean:12664:2: warning: Used `tac1 <;> tac2` where `(tac1; tac2)` would suffice

Note: This linter can be disabled with `set_option linter.unnecessarySeqFocus false`
PrimalitySheafVerification/Mock2_FunctionalAnalysis.lean:12677:6: warning: 'ring' tactic does nothing

Note: This linter can be disabled with `set_option linter.unusedTactic false`
PrimalitySheafVerification/Mock2_FunctionalAnalysis.lean:12677:6: warning: this tactic is never executed

Note: This linter can be disabled with `set_option linter.unreachableTactic false`
PrimalitySheafVerification/Mock2_FunctionalAnalysis.lean:13363:8: warning: This simp argument is unused:
  IsInverseEtaPaperOrbitCovariant

Hint: Omit it from the simp argument list.
  [apply] simp

Note: This linter can be disabled with `set_option linter.unusedSimpArgs false`
PrimalitySheafVerification/Mock2_FunctionalAnalysis.lean:13435:8: warning: This simp argument is unused:
  Function.comp_def

Hint: Omit it from the simp argument list.
  [apply] simp [upperLift, etaSqrtFactor, g, UpperHalfPlane.denom, hc]

Note: This linter can be disabled with `set_option linter.unusedSimpArgs false`
PrimalitySheafVerification/Mock2_FunctionalAnalysis.lean:13456:41: warning: This simp argument is unused:
  Function.comp_def

Hint: Omit it from the simp argument list.
  [apply] simp [upperLift, etaSqrtFactor, g, UpperHalfPlane.ofComplex_apply_of_im_pos hw]

Note: This linter can be disabled with `set_option linter.unusedSimpArgs false`
PrimalitySheafVerification/Mock2_FunctionalAnalysis.lean:13628:6: warning: try 'simp' instead of 'simpa'

Note: This linter can be disabled with `set_option linter.unnecessarySimpa false`
PrimalitySheafVerification/Mock2_FunctionalAnalysis.lean:13664:6: warning: This simp argument is unused:
  Function.comp_def

Hint: Omit it from the simp argument list.
  [apply] simp [upperLift, inverseEtaPaperOrbitDenom, g, UpperHalfPlane.ofComplex_apply_of_im_pos hw]

Note: This linter can be disabled with `set_option linter.unusedSimpArgs false`
PrimalitySheafVerification/Mock2_FunctionalAnalysis.lean:13688:51: warning: This simp argument is unused:
  Function.comp_def

Hint: Omit it from the simp argument list.
  [apply] simp [upperLift, inverseEtaPaperOrbitDenom, g, UpperHalfPlane.ofComplex_apply_of_im_pos hw]

Note: This linter can be disabled with `set_option linter.unusedSimpArgs false`
PrimalitySheafVerification/Mock2_FunctionalAnalysis.lean:13716:2: warning: try 'simp' instead of 'simpa'

Note: This linter can be disabled with `set_option linter.unnecessarySimpa false`
PrimalitySheafVerification/Mock2_FunctionalAnalysis.lean:13723:2: warning: try 'simp' instead of 'simpa'

Note: This linter can be disabled with `set_option linter.unnecessarySimpa false`
PrimalitySheafVerification/Mock2_FunctionalAnalysis.lean:13743:2: warning: Used `tac1 <;> tac2` where `(tac1; tac2)` would suffice

Note: This linter can be disabled with `set_option linter.unnecessarySeqFocus false`
PrimalitySheafVerification/Mock2_FunctionalAnalysis.lean:13754:6: warning: 'ring' tactic does nothing

Note: This linter can be disabled with `set_option linter.unusedTactic false`
PrimalitySheafVerification/Mock2_FunctionalAnalysis.lean:13754:6: warning: this tactic is never executed

Note: This linter can be disabled with `set_option linter.unreachableTactic false`
PrimalitySheafVerification/Mock2_FunctionalAnalysis.lean:13903:42: warning: This simp argument is unused:
  Complex.I_sq

Hint: Omit it from the simp argument list.
  [apply] simp [Complex.mul_re, Complex.mul_im]

Note: This linter can be disabled with `set_option linter.unusedSimpArgs false`
PrimalitySheafVerification/Mock2_FunctionalAnalysis.lean:13914:42: warning: This simp argument is unused:
  Complex.I_sq

Hint: Omit it from the simp argument list.
  [apply] simp [Complex.mul_re, Complex.mul_im]

Note: This linter can be disabled with `set_option linter.unusedSimpArgs false`
PrimalitySheafVerification/Mock2_FunctionalAnalysis.lean:13961:4: warning: try 'simp' instead of 'simpa'

Note: This linter can be disabled with `set_option linter.unnecessarySimpa false`
PrimalitySheafVerification/Mock2_FunctionalAnalysis.lean:14040:6: warning: try 'simp' instead of 'simpa'

Note: This linter can be disabled with `set_option linter.unnecessarySimpa false`
PrimalitySheafVerification/Mock2_FunctionalAnalysis.lean:14041:55: warning: This simp argument is unused:
  hg

Hint: Omit it from the simp argument list.
  [apply] simp [UpperHalfPlane.smulFDeriv, UpperHalfPlane.σ, inverseEtaPaperOrbitDenom, inverseEtaPaperOrbit_det_eq_one,
    g, smul_eq_mul, mul_comm]

Note: This linter can be disabled with `set_option linter.unusedSimpArgs false`
PrimalitySheafVerification/Mock2_FunctionalAnalysis.lean:14042:33: warning: This simp argument is unused:
  inverseEtaPaperOrbit_det_eq_one

Hint: Omit it from the simp argument list.
  [apply] simp [UpperHalfPlane.smulFDeriv, UpperHalfPlane.σ, hg, inverseEtaPaperOrbitDenom, g, smul_eq_mul, mul_comm]

Note: This linter can be disabled with `set_option linter.unusedSimpArgs false`
PrimalitySheafVerification/Mock2_FunctionalAnalysis.lean:14059:6: warning: This simp argument is unused:
  GammaTwoQuotientGeometry.gammaTwoToSL2Real_smul

Hint: Omit it from the simp argument list.
  [apply] simp [upperLift, Function.comp_def, G, g, UpperHalfPlane.ofComplex_apply_of_im_pos hw]

Note: This linter can be disabled with `set_option linter.unusedSimpArgs false`
PrimalitySheafVerification/Mock2_FunctionalAnalysis.lean:14150:10: warning: Used `tac1 <;> tac2` where `(tac1; tac2)` would suffice

Note: This linter can be disabled with `set_option linter.unnecessarySeqFocus false`
PrimalitySheafVerification/Mock2_FunctionalAnalysis.lean:14165:10: warning: Used `tac1 <;> tac2` where `(tac1; tac2)` would suffice

Note: This linter can be disabled with `set_option linter.unnecessarySeqFocus false`
PrimalitySheafVerification/Mock2_FunctionalAnalysis.lean:14191:10: warning: Used `tac1 <;> tac2` where `(tac1; tac2)` would suffice

Note: This linter can be disabled with `set_option linter.unnecessarySeqFocus false`
PrimalitySheafVerification/Mock2_FunctionalAnalysis.lean:14206:10: warning: Used `tac1 <;> tac2` where `(tac1; tac2)` would suffice

Note: This linter can be disabled with `set_option linter.unnecessarySeqFocus false`
PrimalitySheafVerification/Mock2_FunctionalAnalysis.lean:14310:31: warning: Variable name `hr` is not explicitly referenced.

Hint: The binding can be removed (if unused) or named `_` (if used implicitly). Alternatively, prefix the name with `_` to silence this warning:
  [apply] _hr

Note: This linter can be disabled with `set_option linter.unusedVariables false`
PrimalitySheafVerification/Mock2_FunctionalAnalysis.lean:14341:4: warning: 'change star (j ^ 2) = star j ^ 2' tactic does nothing

Note: This linter can be disabled with `set_option linter.unusedTactic false`
PrimalitySheafVerification/Mock2_FunctionalAnalysis.lean:15042:11: warning: Variable name `a` is not explicitly referenced.

Hint: The binding can be removed (if unused) or named `_` (if used implicitly). Alternatively, prefix the name with `_` to silence this warning:
  [apply] _a

Note: This linter can be disabled with `set_option linter.unusedVariables false`
PrimalitySheafVerification/Mock2_FunctionalAnalysis.lean:15258:4: warning: This simp argument is unused:
  Function.comp_def

Hint: Omit it from the simp argument list.
  [apply] simp [conjugate, TestFunction.postcompCLM_apply, Complex.conjCLE_apply]

Note: This linter can be disabled with `set_option linter.unusedSimpArgs false`
PrimalitySheafVerification/Mock2_FunctionalAnalysis.lean:15258:23: warning: This simp argument is unused:
  Complex.conjCLE_apply

Hint: Omit it from the simp argument list.
  [apply] simp [conjugate, TestFunction.postcompCLM_apply, Function.comp_def]

Note: This linter can be disabled with `set_option linter.unusedSimpArgs false`
PrimalitySheafVerification/Mock2_FunctionalAnalysis.lean:15348:13: warning: `ContinuousLinearMap.add_apply` has been deprecated: Use `add_apply` instead

Note: The updated constant is in a different namespace. Dot notation may need to be changed (e.g., from `x.add_apply` to `add_apply x`).
PrimalitySheafVerification/Mock2_FunctionalAnalysis.lean:15349:4: warning: `ContinuousLinearMap.smul_apply` has been deprecated: Use `smul_apply` instead

Note: The updated constant is in a different namespace. Dot notation may need to be changed (e.g., from `x.smul_apply` to `smul_apply x`).
PrimalitySheafVerification/Mock2_FunctionalAnalysis.lean:15502:13: warning: `ContinuousLinearMap.add_apply` has been deprecated: Use `add_apply` instead

Note: The updated constant is in a different namespace. Dot notation may need to be changed (e.g., from `x.add_apply` to `add_apply x`).
PrimalitySheafVerification/Mock2_FunctionalAnalysis.lean:15503:4: warning: `ContinuousLinearMap.smul_apply` has been deprecated: Use `smul_apply` instead

Note: The updated constant is in a different namespace. Dot notation may need to be changed (e.g., from `x.smul_apply` to `smul_apply x`).
PrimalitySheafVerification/Mock2_FunctionalAnalysis.lean:15521:8: warning: try 'simp' instead of 'simpa'

Note: This linter can be disabled with `set_option linter.unnecessarySimpa false`
PrimalitySheafVerification/Mock2_FunctionalAnalysis.lean:15660:41: warning: This simp argument is unused:
  smul_eq_mul

Hint: Omit it from the simp argument list.
  [apply] simp only [rpowMul_apply, rpowScale, Complex.ofReal_mul]

Note: This linter can be disabled with `set_option linter.unusedSimpArgs false`
PrimalitySheafVerification/Mock2_FunctionalAnalysis.lean:15875:35: warning: This simp argument is unused:
  Complex.conj_I

Hint: Omit it from the simp argument list.
  [apply] simp only [star_add, star_mul, conj_exponentC, conj_rpowScale]

Note: This linter can be disabled with `set_option linter.unusedSimpArgs false`
PrimalitySheafVerification/Mock2_FunctionalAnalysis.lean:15902:21: warning: Used `tac1 <;> tac2` where `(tac1; tac2)` would suffice

Note: This linter can be disabled with `set_option linter.unnecessarySeqFocus false`
PrimalitySheafVerification/Mock2_FunctionalAnalysis.lean:15942:45: warning: This simp argument is unused:
  Complex.conj_I

Hint: Omit it from the simp argument list.
  [apply] simp only [star_add, star_mul, star_neg, conj_exponentC, conj_rpowScale]

Note: This linter can be disabled with `set_option linter.unusedSimpArgs false`
PrimalitySheafVerification/Mock2_FunctionalAnalysis.lean:15943:6: warning: This simp argument is unused:
  conj_exponentC

Hint: Omit it from the simp argument list.
  [apply] simp only [star_add, star_mul, star_neg, Complex.conj_I, conj_rpowScale]

Note: This linter can be disabled with `set_option linter.unusedSimpArgs false`
PrimalitySheafVerification/Mock2_FunctionalAnalysis.lean:15943:22: warning: This simp argument is unused:
  conj_rpowScale

Hint: Omit it from the simp argument list.
  [apply] simp only [star_add, star_mul, star_neg, Complex.conj_I, conj_exponentC]

Note: This linter can be disabled with `set_option linter.unusedSimpArgs false`
PrimalitySheafVerification/Mock2_FunctionalAnalysis.lean:15971:21: warning: Used `tac1 <;> tac2` where `(tac1; tac2)` would suffice

Note: This linter can be disabled with `set_option linter.unnecessarySeqFocus false`
PrimalitySheafVerification/Mock2_FunctionalAnalysis.lean:16015:36: warning: This simp argument is unused:
  Function.comp_def

Hint: Omit it from the simp argument list.
  [apply] simp [upperLift, restrictToUpper, UpperHalfPlane.ofComplex_apply_of_im_pos hw]

Note: This linter can be disabled with `set_option linter.unusedSimpArgs false`
PrimalitySheafVerification/Mock2_FunctionalAnalysis.lean:16088:19: warning: This simp argument is unused:
  Real.rpow_two

Hint: Omit it from the simp argument list.
  [apply] simp [rpowScale, heightC]

Note: This linter can be disabled with `set_option linter.unusedSimpArgs false`
PrimalitySheafVerification/Mock2_FunctionalAnalysis.lean:16230:19: warning: This simp argument is unused:
  Function.comp_def

Hint: Omit it from the simp argument list.
  [apply] simp [upperLift, HalfWeightCompactCoordinateGreen.rpowScale, UpperHalfPlane.ofComplex_apply_of_im_pos hw]

Note: This linter can be disabled with `set_option linter.unusedSimpArgs false`
PrimalitySheafVerification/Mock2_FunctionalAnalysis.lean:16243:21: warning: This simp argument is unused:
  Function.comp_def

Hint: Omit it from the simp argument list.
  [apply] simp [upperLift, HalfWeightCompactCoordinateGreen.rpowScale, UpperHalfPlane.ofComplex_apply_of_im_pos hw]

Note: This linter can be disabled with `set_option linter.unusedSimpArgs false`
PrimalitySheafVerification/Mock2_FunctionalAnalysis.lean:17188:0: warning: Definition `Mock2FA.PaperCorrections.AutomorphicSobolev.DefinitionOneSobolev.WeightCorePetersson.peterssonInnerProductCore` of class type is semireducible. Most type class instances should be instance-reducible, so consider marking this
definition with `@[instance_reducible]`. If it is intentionally semireducible, this warning can be disabled with `set_option warn.classDefReducibility false`.
PrimalitySheafVerification/Mock2_FunctionalAnalysis.lean:17206:0: warning: Definition `Mock2FA.PaperCorrections.AutomorphicSobolev.DefinitionOneSobolev.WeightCorePetersson.chosenPeterssonInnerProductCore` of class type is semireducible. Most type class instances should be instance-reducible, so consider marking this
definition with `@[instance_reducible]`. If it is intentionally semireducible, this warning can be disabled with `set_option warn.classDefReducibility false`.
PrimalitySheafVerification/Mock2_FunctionalAnalysis.lean:17306:0: warning: Definition `Mock2FA.PaperCorrections.AutomorphicSobolev.DefinitionOneSobolev.WeightCorePetersson.PeterssonCoreSpace.wrappedInnerProductCore` of class type is semireducible. Most type class instances should be instance-reducible, so consider marking this
definition with `@[instance_reducible]`. If it is intentionally semireducible, this warning can be disabled with `set_option warn.classDefReducibility false`.
PrimalitySheafVerification/Mock2_FunctionalAnalysis.lean:17967:6: warning: 'ring_nf' tactic does nothing

Note: This linter can be disabled with `set_option linter.unusedTactic false`
PrimalitySheafVerification/Mock2_FunctionalAnalysis.lean:17967:6: warning: this tactic is never executed

Note: This linter can be disabled with `set_option linter.unreachableTactic false`
PrimalitySheafVerification/Mock2_FunctionalAnalysis.lean:18038:42: warning: This simp argument is unused:
  one_mul

Hint: Omit it from the simp argument list.
  [apply] simp only [Complex.add_re, Complex.add_im, Complex.ofReal_re, Complex.ofReal_im, Complex.mul_re,
    Complex.mul_im, Complex.I_re, Complex.I_im, zero_mul, mul_zero, add_zero, zero_add, sub_zero]

Note: This linter can be disabled with `set_option linter.unusedSimpArgs false`
Q.sobolevCompletionNormedAddCommGroup
Q.sobolevCompletionNormedSpace
Q.sobolevCompletionInnerProductSpace
sobolevCompletionCompleteSpace Q
PrimalitySheafVerification/Mock2_FunctionalAnalysis.lean:18797:2: warning: try 'simp' instead of 'simpa'

Note: This linter can be disabled with `set_option linter.unnecessarySimpa false`
PrimalitySheafVerification/Mock2_FunctionalAnalysis.lean:18986:0: warning: automatically included section variable(s) unused in theorem `Mock2FA.PaperCorrections.AutomorphicSobolev.DefinitionOneSobolev.QuotientHilbertCoordinates.completionEnergyOperator_apply`:
  [CompleteSpace H₀]
  [CompleteSpace HR]
  [CompleteSpace HL]
consider restructuring your `variable` declarations so that the variables are not in scope or explicitly omit them:
  omit [CompleteSpace H₀] [CompleteSpace HR] [CompleteSpace HL] in theorem ...

Note: This linter can be disabled with `set_option linter.unusedSectionVars false`
PrimalitySheafVerification/Mock2_FunctionalAnalysis.lean:19209:0: warning: automatically included section variable(s) unused in theorem `Mock2FA.PaperCorrections.AutomorphicSobolev.DefinitionOneSobolev.QuotientHilbertCoordinates.precomp_graph`:
  [CompleteSpace H₀]
  [CompleteSpace HR]
  [CompleteSpace HL]
consider restructuring your `variable` declarations so that the variables are not in scope or explicitly omit them:
  omit [CompleteSpace H₀] [CompleteSpace HR] [CompleteSpace HL] in theorem ...

Note: This linter can be disabled with `set_option linter.unusedSectionVars false`
PrimalitySheafVerification/Mock2_FunctionalAnalysis.lean:19937:31: warning: `ModularForm.discriminantCuspForm` has been deprecated: Use `CuspForm.discriminant` instead

Note: The updated constant is in a different namespace. Dot notation may need to be changed (e.g., from `x.discriminantCuspForm` to `CuspForm.discriminant x`).
PrimalitySheafVerification/Mock2_FunctionalAnalysis.lean:19938:6: warning: `ModularForm.discriminantCuspForm` has been deprecated: Use `CuspForm.discriminant` instead

Note: The updated constant is in a different namespace. Dot notation may need to be changed (e.g., from `x.discriminantCuspForm` to `CuspForm.discriminant x`).
PrimalitySheafVerification/Mock2_FunctionalAnalysis.lean:19945:35: warning: `ModularForm.discriminantCuspForm` has been deprecated: Use `CuspForm.discriminant` instead

Note: The updated constant is in a different namespace. Dot notation may need to be changed (e.g., from `x.discriminantCuspForm` to `CuspForm.discriminant x`).
PrimalitySheafVerification/Mock2_FunctionalAnalysis.lean:19946:35: warning: `ModularForm.discriminantCuspForm` has been deprecated: Use `CuspForm.discriminant` instead

Note: The updated constant is in a different namespace. Dot notation may need to be changed (e.g., from `x.discriminantCuspForm` to `CuspForm.discriminant x`).
PrimalitySheafVerification/Mock2_FunctionalAnalysis.lean:19956:17: warning: `ModularForm.discriminantCuspForm` has been deprecated: Use `CuspForm.discriminant` instead

Note: The updated constant is in a different namespace. Dot notation may need to be changed (e.g., from `x.discriminantCuspForm` to `CuspForm.discriminant x`).
PrimalitySheafVerification/Mock2_FunctionalAnalysis.lean:19959:21: warning: `ModularForm.discriminantCuspForm` has been deprecated: Use `CuspForm.discriminant` instead

Note: The updated constant is in a different namespace. Dot notation may need to be changed (e.g., from `x.discriminantCuspForm` to `CuspForm.discriminant x`).
PrimalitySheafVerification/Mock2_FunctionalAnalysis.lean:19975:28: warning: `ModularForm.discriminantCuspForm` has been deprecated: Use `CuspForm.discriminant` instead

Note: The updated constant is in a different namespace. Dot notation may need to be changed (e.g., from `x.discriminantCuspForm` to `CuspForm.discriminant x`).
PrimalitySheafVerification/Mock2_FunctionalAnalysis.lean:19976:13: warning: `ModularForm.discriminantCuspForm` has been deprecated: Use `CuspForm.discriminant` instead

Note: The updated constant is in a different namespace. Dot notation may need to be changed (e.g., from `x.discriminantCuspForm` to `CuspForm.discriminant x`).
PrimalitySheafVerification/Mock2_FunctionalAnalysis.lean:20032:16: warning: `ModularForm.discriminantCuspForm` has been deprecated: Use `CuspForm.discriminant` instead

Note: The updated constant is in a different namespace. Dot notation may need to be changed (e.g., from `x.discriminantCuspForm` to `CuspForm.discriminant x`).
PrimalitySheafVerification/Mock2_FunctionalAnalysis.lean:20033:6: warning: `ModularForm.discriminantCuspForm` has been deprecated: Use `CuspForm.discriminant` instead

Note: The updated constant is in a different namespace. Dot notation may need to be changed (e.g., from `x.discriminantCuspForm` to `CuspForm.discriminant x`).
PrimalitySheafVerification/Mock2_FunctionalAnalysis.lean:20067:35: warning: `ModularForm.discriminantCuspForm` has been deprecated: Use `CuspForm.discriminant` instead

Note: The updated constant is in a different namespace. Dot notation may need to be changed (e.g., from `x.discriminantCuspForm` to `CuspForm.discriminant x`).
PrimalitySheafVerification/Mock2_FunctionalAnalysis.lean:20068:8: warning: `ModularForm.discriminantCuspForm` has been deprecated: Use `CuspForm.discriminant` instead

Note: The updated constant is in a different namespace. Dot notation may need to be changed (e.g., from `x.discriminantCuspForm` to `CuspForm.discriminant x`).
PrimalitySheafVerification/Mock2_FunctionalAnalysis.lean:20071:35: warning: `ModularForm.discriminantCuspForm` has been deprecated: Use `CuspForm.discriminant` instead

Note: The updated constant is in a different namespace. Dot notation may need to be changed (e.g., from `x.discriminantCuspForm` to `CuspForm.discriminant x`).
PrimalitySheafVerification/Mock2_FunctionalAnalysis.lean:20072:6: warning: `ModularForm.discriminantCuspForm` has been deprecated: Use `CuspForm.discriminant` instead

Note: The updated constant is in a different namespace. Dot notation may need to be changed (e.g., from `x.discriminantCuspForm` to `CuspForm.discriminant x`).
PrimalitySheafVerification/Mock2_FunctionalAnalysis.lean:20201:11: warning: `ModularForm.discriminantCuspForm` has been deprecated: Use `CuspForm.discriminant` instead

Note: The updated constant is in a different namespace. Dot notation may need to be changed (e.g., from `x.discriminantCuspForm` to `CuspForm.discriminant x`).
PrimalitySheafVerification/Mock2_FunctionalAnalysis.lean:20204:2: warning: Try this: 
  letI̵

The goal is a proposition, so `let` is preferred over `letI`.
The difference between `let` and `letI` is that `letI` inlines the value.
But this is not relevant for proofs because of proof irrelevance.

Note: This linter can be disabled with `set_option linter.style.haveILetI false`
PrimalitySheafVerification/Mock2_FunctionalAnalysis.lean:20207:11: warning: `ModularForm.discriminantCuspForm` has been deprecated: Use `CuspForm.discriminant` instead

Note: The updated constant is in a different namespace. Dot notation may need to be changed (e.g., from `x.discriminantCuspForm` to `CuspForm.discriminant x`).
PrimalitySheafVerification/Mock2_FunctionalAnalysis.lean:20211:6: warning: `ModularForm.discriminantCuspForm` has been deprecated: Use `CuspForm.discriminant` instead

Note: The updated constant is in a different namespace. Dot notation may need to be changed (e.g., from `x.discriminantCuspForm` to `CuspForm.discriminant x`).
PrimalitySheafVerification/Mock2_FunctionalAnalysis.lean:20220:20: warning: `ModularForm.discriminantCuspForm` has been deprecated: Use `CuspForm.discriminant` instead

Note: The updated constant is in a different namespace. Dot notation may need to be changed (e.g., from `x.discriminantCuspForm` to `CuspForm.discriminant x`).
PrimalitySheafVerification/Mock2_FunctionalAnalysis.lean:20228:14: warning: `ModularForm.discriminantCuspForm` has been deprecated: Use `CuspForm.discriminant` instead

Note: The updated constant is in a different namespace. Dot notation may need to be changed (e.g., from `x.discriminantCuspForm` to `CuspForm.discriminant x`).
PrimalitySheafVerification/Mock2_FunctionalAnalysis.lean:20235:8: warning: `ModularForm.discriminantCuspForm` has been deprecated: Use `CuspForm.discriminant` instead

Note: The updated constant is in a different namespace. Dot notation may need to be changed (e.g., from `x.discriminantCuspForm` to `CuspForm.discriminant x`).
PrimalitySheafVerification/Mock2_FunctionalAnalysis.lean:20236:8: warning: `ModularForm.discriminantCuspForm` has been deprecated: Use `CuspForm.discriminant` instead

Note: The updated constant is in a different namespace. Dot notation may need to be changed (e.g., from `x.discriminantCuspForm` to `CuspForm.discriminant x`).
PrimalitySheafVerification/Mock2_FunctionalAnalysis.lean:20242:14: warning: `ModularForm.discriminantCuspForm` has been deprecated: Use `CuspForm.discriminant` instead

Note: The updated constant is in a different namespace. Dot notation may need to be changed (e.g., from `x.discriminantCuspForm` to `CuspForm.discriminant x`).
PrimalitySheafVerification/Mock2_FunctionalAnalysis.lean:20243:21: warning: `ModularForm.discriminantCuspForm` has been deprecated: Use `CuspForm.discriminant` instead

Note: The updated constant is in a different namespace. Dot notation may need to be changed (e.g., from `x.discriminantCuspForm` to `CuspForm.discriminant x`).
PrimalitySheafVerification/Mock2_FunctionalAnalysis.lean:20393:2: warning: Try this: 
  letI̵

The goal is a proposition, so `let` is preferred over `letI`.
The difference between `let` and `letI` is that `letI` inlines the value.
But this is not relevant for proofs because of proof irrelevance.

Note: This linter can be disabled with `set_option linter.style.haveILetI false`
PrimalitySheafVerification/Mock2_FunctionalAnalysis.lean:20883:2: warning: Try this: 
  letI̵

The goal is a proposition, so `let` is preferred over `letI`.
The difference between `let` and `letI` is that `letI` inlines the value.
But this is not relevant for proofs because of proof irrelevance.

Note: This linter can be disabled with `set_option linter.style.haveILetI false`
PrimalitySheafVerification/Mock2_FunctionalAnalysis.lean:21065:47: warning: `ContinuousLinearMap.add_apply` has been deprecated: Use `add_apply` instead

Note: The updated constant is in a different namespace. Dot notation may need to be changed (e.g., from `x.add_apply` to `add_apply x`).
PrimalitySheafVerification/Mock2_FunctionalAnalysis.lean:21075:47: warning: `ContinuousLinearMap.smul_apply` has been deprecated: Use `smul_apply` instead

Note: The updated constant is in a different namespace. Dot notation may need to be changed (e.g., from `x.smul_apply` to `smul_apply x`).
PrimalitySheafVerification/Mock2_FunctionalAnalysis.lean:21845:4: warning: `ContinuousLinearMap.sub_apply` has been deprecated: Use `sub_apply` instead

Note: The updated constant is in a different namespace. Dot notation may need to be changed (e.g., from `x.sub_apply` to `sub_apply x`).
PrimalitySheafVerification/Mock2_FunctionalAnalysis.lean:23006:51: warning: This simp argument is unused:
  Pi.mul_apply

Hint: Omit it from the simp argument list.
  [apply] simp only [lowerRaw, dx_mul hχ hf, dy_mul hχ hf]

Note: This linter can be disabled with `set_option linter.unusedSimpArgs false`
PrimalitySheafVerification/Mock2_FunctionalAnalysis.lean:23045:74: warning: This simp argument is unused:
  smul_eq_mul

Hint: Omit it from the simp argument list.
  [apply] simp only [map_smul, HalfIntegralMultiplier.WeightSection.smul_apply]

Note: This linter can be disabled with `set_option linter.unusedSimpArgs false`
PrimalitySheafVerification/Mock2_FunctionalAnalysis.lean:23091:74: warning: This simp argument is unused:
  smul_eq_mul

Hint: Omit it from the simp argument list.
  [apply] simp only [map_smul, HalfIntegralMultiplier.WeightSection.smul_apply]

Note: This linter can be disabled with `set_option linter.unusedSimpArgs false`
PrimalitySheafVerification/Mock2_FunctionalAnalysis.lean:23367:2: warning: try 'simp' instead of 'simpa'

Note: This linter can be disabled with `set_option linter.unnecessarySimpa false`
PrimalitySheafVerification/Mock2_FunctionalAnalysis.lean:23382:2: warning: try 'simp' instead of 'simpa'

Note: This linter can be disabled with `set_option linter.unnecessarySimpa false`
PrimalitySheafVerification/Mock2_FunctionalAnalysis.lean:23405:29: warning: try 'simp' instead of 'simpa'

Note: This linter can be disabled with `set_option linter.unnecessarySimpa false`
PrimalitySheafVerification/Mock2_FunctionalAnalysis.lean:23407:4: warning: try 'simp' instead of 'simpa'

Note: This linter can be disabled with `set_option linter.unnecessarySimpa false`
PrimalitySheafVerification/Mock2_FunctionalAnalysis.lean:23798:2: warning: Try this: 
  letI̵

The goal is a proposition, so `let` is preferred over `letI`.
The difference between `let` and `letI` is that `letI` inlines the value.
But this is not relevant for proofs because of proof irrelevance.

Note: This linter can be disabled with `set_option linter.style.haveILetI false`
PrimalitySheafVerification/Mock2_FunctionalAnalysis.lean:23968:10: warning: 'ring' tactic does nothing

Note: This linter can be disabled with `set_option linter.unusedTactic false`
PrimalitySheafVerification/Mock2_FunctionalAnalysis.lean:23968:10: warning: this tactic is never executed

Note: This linter can be disabled with `set_option linter.unreachableTactic false`
PrimalitySheafVerification/Mock2_FunctionalAnalysis.lean:23998:33: warning: This simp argument is unused:
  Complex.conj_ofReal

Hint: Omit it from the simp argument list.
  [apply] simp only [RCLike.inner_apply, starRingEnd_apply, NNReal.smul_def, smul_eq_mul, Complex.ofReal_mul]

Note: This linter can be disabled with `set_option linter.unusedSimpArgs false`
PrimalitySheafVerification/Mock2_FunctionalAnalysis.lean:23999:21: warning: This simp argument is unused:
  smul_eq_mul

Hint: Omit it from the simp argument list.
  [apply] simp only [RCLike.inner_apply, Complex.conj_ofReal, starRingEnd_apply, NNReal.smul_def, Complex.ofReal_mul]

Note: This linter can be disabled with `set_option linter.unusedSimpArgs false`
PrimalitySheafVerification/Mock2_FunctionalAnalysis.lean:23999:34: warning: This simp argument is unused:
  Complex.ofReal_mul

Hint: Omit it from the simp argument list.
  [apply] simp only [RCLike.inner_apply, Complex.conj_ofReal, starRingEnd_apply, NNReal.smul_def, smul_eq_mul]

Note: This linter can be disabled with `set_option linter.unusedSimpArgs false`
PrimalitySheafVerification/Mock2_FunctionalAnalysis.lean:24578:6: warning: This simp argument is unused:
  HalfWeightCompactCoordinateGreen.rpowMul_apply

Hint: Omit it from the simp argument list.
  [apply] simp only [HalfWeightCompactCoordinateGreen.localizeLeft_apply]

Note: This linter can be disabled with `set_option linter.unusedSimpArgs false`
PrimalitySheafVerification/Mock2_FunctionalAnalysis.lean:24580:6: warning: This simp argument is unused:
  Function.comp_def

Hint: Omit it from the simp argument list.
  [apply] simp [HalfWeightCompactCoordinateGreen.rpowScale, upperLift, hw, dif_pos,
    UpperHalfPlane.ofComplex_apply_of_im_pos, z, euclideanRaiseGauge, map_add, map_mul, Complex.conj_I,
    Complex.conj_ofReal, heightC, smul_eq_mul]

Note: This linter can be disabled with `set_option linter.unusedSimpArgs false`
PrimalitySheafVerification/Mock2_FunctionalAnalysis.lean:24580:29: warning: This simp argument is unused:
  dif_pos

Hint: Omit it from the simp argument list.
  [apply] simp [HalfWeightCompactCoordinateGreen.rpowScale, upperLift, Function.comp_def, hw,
    UpperHalfPlane.ofComplex_apply_of_im_pos, z, euclideanRaiseGauge, map_add, map_mul, Complex.conj_I,
    Complex.conj_ofReal, heightC, smul_eq_mul]

Note: This linter can be disabled with `set_option linter.unusedSimpArgs false`
PrimalitySheafVerification/Mock2_FunctionalAnalysis.lean:24581:48: warning: This simp argument is unused:
  z

Hint: Omit it from the simp argument list.
  [apply] simp [HalfWeightCompactCoordinateGreen.rpowScale, upperLift, Function.comp_def, hw, dif_pos,
    UpperHalfPlane.ofComplex_apply_of_im_pos, euclideanRaiseGauge, map_add, map_mul, Complex.conj_I,
    Complex.conj_ofReal, heightC, smul_eq_mul]

Note: This linter can be disabled with `set_option linter.unusedSimpArgs false`
PrimalitySheafVerification/Mock2_FunctionalAnalysis.lean:24582:27: warning: This simp argument is unused:
  map_add

Hint: Omit it from the simp argument list.
  [apply] simp [HalfWeightCompactCoordinateGreen.rpowScale, upperLift, Function.comp_def, hw, dif_pos,
    UpperHalfPlane.ofComplex_apply_of_im_pos, z, euclideanRaiseGauge, map_mul, Complex.conj_I, Complex.conj_ofReal,
    heightC, smul_eq_mul]

Note: This linter can be disabled with `set_option linter.unusedSimpArgs false`
PrimalitySheafVerification/Mock2_FunctionalAnalysis.lean:24582:36: warning: This simp argument is unused:
  map_mul

Hint: Omit it from the simp argument list.
  [apply] simp [HalfWeightCompactCoordinateGreen.rpowScale, upperLift, Function.comp_def, hw, dif_pos,
    UpperHalfPlane.ofComplex_apply_of_im_pos, z, euclideanRaiseGauge, map_add, Complex.conj_I, Complex.conj_ofReal,
    heightC, smul_eq_mul]

Note: This linter can be disabled with `set_option linter.unusedSimpArgs false`
PrimalitySheafVerification/Mock2_FunctionalAnalysis.lean:24593:4: warning: 'norm_num' tactic does nothing

Note: This linter can be disabled with `set_option linter.unusedTactic false`
PrimalitySheafVerification/Mock2_FunctionalAnalysis.lean:24621:6: warning: This simp argument is unused:
  HalfWeightCompactCoordinateGreen.rpowMul_apply

Hint: Omit it from the simp argument list.
  [apply] simp only [HalfWeightCompactCoordinateGreen.localizeLeft_apply]

Note: This linter can be disabled with `set_option linter.unusedSimpArgs false`
PrimalitySheafVerification/Mock2_FunctionalAnalysis.lean:24623:6: warning: This simp argument is unused:
  Function.comp_def

Hint: Omit it from the simp argument list.
  [apply] simp [HalfWeightCompactCoordinateGreen.rpowScale, upperLift, hw, dif_pos,
    UpperHalfPlane.ofComplex_apply_of_im_pos, z, euclideanLowerFromSuccGauge, map_add, map_sub, map_mul, map_neg,
    Complex.conj_I, Complex.conj_ofReal, heightC, smul_eq_mul]

Note: This linter can be disabled with `set_option linter.unusedSimpArgs false`
PrimalitySheafVerification/Mock2_FunctionalAnalysis.lean:24623:29: warning: This simp argument is unused:
  dif_pos

Hint: Omit it from the simp argument list.
  [apply] simp [HalfWeightCompactCoordinateGreen.rpowScale, upperLift, Function.comp_def, hw,
    UpperHalfPlane.ofComplex_apply_of_im_pos, z, euclideanLowerFromSuccGauge, map_add, map_sub, map_mul, map_neg,
    Complex.conj_I, Complex.conj_ofReal, heightC, smul_eq_mul]

Note: This linter can be disabled with `set_option linter.unusedSimpArgs false`
PrimalitySheafVerification/Mock2_FunctionalAnalysis.lean:24624:48: warning: This simp argument is unused:
  z

Hint: Omit it from the simp argument list.
  [apply] simp [HalfWeightCompactCoordinateGreen.rpowScale, upperLift, Function.comp_def, hw, dif_pos,
    UpperHalfPlane.ofComplex_apply_of_im_pos, euclideanLowerFromSuccGauge, map_add, map_sub, map_mul, map_neg,
    Complex.conj_I, Complex.conj_ofReal, heightC, smul_eq_mul]

Note: This linter can be disabled with `set_option linter.unusedSimpArgs false`
PrimalitySheafVerification/Mock2_FunctionalAnalysis.lean:24625:35: warning: This simp argument is unused:
  map_add

Hint: Omit it from the simp argument list.
  [apply] simp [HalfWeightCompactCoordinateGreen.rpowScale, upperLift, Function.comp_def, hw, dif_pos,
    UpperHalfPlane.ofComplex_apply_of_im_pos, z, euclideanLowerFromSuccGauge, map_sub, map_mul, map_neg, Complex.conj_I,
    Complex.conj_ofReal, heightC, smul_eq_mul]

Note: This linter can be disabled with `set_option linter.unusedSimpArgs false`
PrimalitySheafVerification/Mock2_FunctionalAnalysis.lean:24625:44: warning: This simp argument is unused:
  map_sub

Hint: Omit it from the simp argument list.
  [apply] simp [HalfWeightCompactCoordinateGreen.rpowScale, upperLift, Function.comp_def, hw, dif_pos,
    UpperHalfPlane.ofComplex_apply_of_im_pos, z, euclideanLowerFromSuccGauge, map_add, map_mul, map_neg, Complex.conj_I,
    Complex.conj_ofReal, heightC, smul_eq_mul]

Note: This linter can be disabled with `set_option linter.unusedSimpArgs false`
PrimalitySheafVerification/Mock2_FunctionalAnalysis.lean:24625:53: warning: This simp argument is unused:
  map_mul

Hint: Omit it from the simp argument list.
  [apply] simp [HalfWeightCompactCoordinateGreen.rpowScale, upperLift, Function.comp_def, hw, dif_pos,
    UpperHalfPlane.ofComplex_apply_of_im_pos, z, euclideanLowerFromSuccGauge, map_add, map_sub, map_neg, Complex.conj_I,
    Complex.conj_ofReal, heightC, smul_eq_mul]

Note: This linter can be disabled with `set_option linter.unusedSimpArgs false`
PrimalitySheafVerification/Mock2_FunctionalAnalysis.lean:24625:62: warning: This simp argument is unused:
  map_neg

Hint: Omit it from the simp argument list.
  [apply] simp [HalfWeightCompactCoordinateGreen.rpowScale, upperLift, Function.comp_def, hw, dif_pos,
    UpperHalfPlane.ofComplex_apply_of_im_pos, z, euclideanLowerFromSuccGauge, map_add, map_sub, map_mul, Complex.conj_I,
    Complex.conj_ofReal, heightC, smul_eq_mul]

Note: This linter can be disabled with `set_option linter.unusedSimpArgs false`
PrimalitySheafVerification/Mock2_FunctionalAnalysis.lean:24636:4: warning: 'norm_num' tactic does nothing

Note: This linter can be disabled with `set_option linter.unusedTactic false`
PrimalitySheafVerification/Mock2_FunctionalAnalysis.lean:24884:38: warning: Variable name `n` is not explicitly referenced.

Hint: The binding can be removed (if unused) or named `_` (if used implicitly). Alternatively, prefix the name with `_` to silence this warning:
  [apply] _n

Note: This linter can be disabled with `set_option linter.unusedVariables false`
PrimalitySheafVerification/Mock2_FunctionalAnalysis.lean:24944:6: warning: try 'simp' instead of 'simpa'

Note: This linter can be disabled with `set_option linter.unnecessarySimpa false`
PrimalitySheafVerification/Mock2_FunctionalAnalysis.lean:25007:6: warning: try 'simp' instead of 'simpa'

Note: This linter can be disabled with `set_option linter.unnecessarySimpa false`
PrimalitySheafVerification/Mock2_FunctionalAnalysis.lean:25181:15: warning: This simp argument is unused:
  Function.comp_apply

Hint: Omit it from the simp argument list.
  [apply] simp only [ambientStarRepresentative_apply, Pi.zero_apply] at hz

Note: This linter can be disabled with `set_option linter.unusedSimpArgs false`
PrimalitySheafVerification/Mock2_FunctionalAnalysis.lean:25256:33: warning: This simp argument is unused:
  WithLp.ofLp_fst

Hint: Omit it from the simp argument list.
  [apply] simp only [e, WithLp.prodContinuousLinearEquiv_symm_apply, WithLp.prod_inner_apply, WithLp.ofLp_snd,
    inner_neg_left] at hDouble

Note: This linter can be disabled with `set_option linter.unusedSimpArgs false`
PrimalitySheafVerification/Mock2_FunctionalAnalysis.lean:25256:50: warning: This simp argument is unused:
  WithLp.ofLp_snd

Hint: Omit it from the simp argument list.
  [apply] simp only [e, WithLp.prodContinuousLinearEquiv_symm_apply, WithLp.prod_inner_apply, WithLp.ofLp_fst,
    inner_neg_left] at hDouble

Note: This linter can be disabled with `set_option linter.unusedSimpArgs false`
PrimalitySheafVerification/Mock2_FunctionalAnalysis.lean:25319:0: warning: automatically included section variable(s) unused in theorem `Mock2FA.PaperCorrections.AutomorphicSobolev.FixedPhaseClosedOperators.FormalAdjointClosure.left_isClosable`:
  [CompleteSpace E]
consider restructuring your `variable` declarations so that the variables are not in scope or explicitly omit them:
  omit [CompleteSpace E] in theorem ...

Note: This linter can be disabled with `set_option linter.unusedSectionVars false`
PrimalitySheafVerification/Mock2_FunctionalAnalysis.lean:25326:0: warning: automatically included section variable(s) unused in theorem `Mock2FA.PaperCorrections.AutomorphicSobolev.FixedPhaseClosedOperators.FormalAdjointClosure.closure_eq_self`:
  [CompleteSpace E]
  [CompleteSpace F]
consider restructuring your `variable` declarations so that the variables are not in scope or explicitly omit them:
  omit [CompleteSpace E] [CompleteSpace F] in theorem ...

Note: This linter can be disabled with `set_option linter.unusedSectionVars false`
'Mock2FA.cauchy_schwarz' depends on axioms: [propext, Classical.choice, Quot.sound]
'Mock2FA.dual_holder' depends on axioms: [propext, Classical.choice, Quot.sound]
'Mock2FA.lax_milgram' depends on axioms: [propext, Classical.choice, Quot.sound]
'Mock2FA.dual_holder_complex' depends on axioms: [propext, Classical.choice, Quot.sound]
'Mock2FA.dual_norm_eq_sSup_unit' depends on axioms: [propext, Classical.choice, Quot.sound]
'Mock2FA.dual_norm_eq_sSup_ratio' depends on axioms: [propext, Classical.choice, Quot.sound]
'Mock2FA.dual_norm_eq_coreRatioNorm_of_dense' depends on axioms: [propext, Classical.choice, Quot.sound]
'Mock2FA.dual_norm_eq_iSup_coreRatio' depends on axioms: [propext, Classical.choice, Quot.sound]
'Mock2FA.DualCoreExhaustion.norm_eq_iSup_coreRatio' depends on axioms: [propext, Classical.choice, Quot.sound]
'Mock2FA.PaperCorrections.UnitaryAutomorphyFactor.norm_apply_smul_eq' depends on axioms: [propext,
 Classical.choice,
 Quot.sound]
'Mock2FA.PaperCorrections.antiDual_holder' depends on axioms: [propext, Classical.choice, Quot.sound]
'Mock2FA.PaperCorrections.weakAntiEquation_iff_forall' depends on axioms: [propext, Classical.choice, Quot.sound]
'Mock2FA.PaperCorrections.solvesWeakWithPotential_iff_forall' depends on axioms: [propext, Classical.choice, Quot.sound]
'Mock2FA.PaperCorrections.solvesWeakAntiWithPotential_iff_forall' depends on axioms: [propext,
 Classical.choice,
 Quot.sound]
'Mock2FA.PaperCorrections.linear_and_conjugate_scalar_laws_force_zero' depends on axioms: [propext,
 Classical.choice,
 Quot.sound]
'Mock2FA.PaperCorrections.solvesWeakWithPotential_coreBochnerPairing' depends on axioms: [propext,
 Classical.choice,
 Quot.sound]
'Mock2FA.PaperCorrections.solvesWeakAntiWithPotential_coreBochnerPairing' depends on axioms: [propext,
 Classical.choice,
 Quot.sound]
'Mock2FA.PaperCorrections.integral_eq_setIntegral_of_support_subset' depends on axioms: [propext,
 Classical.choice,
 Quot.sound]
'Mock2FA.PaperCorrections.coreBochnerPairing_eq_setIntegral' depends on axioms: [propext, Classical.choice, Quot.sound]
'Mock2FA.PaperCorrections.coreAntiBochnerPairing_eq_setIntegral' depends on axioms: [propext,
 Classical.choice,
 Quot.sound]
'Mock2FA.PaperCorrections.tsupport_subset_interior_compactExhaustion' depends on axioms: [propext,
 Classical.choice,
 Quot.sound]
'Mock2FA.PaperCorrections.eventually_tsupport_subset_compactExhaustion' depends on axioms: [propext,
 Classical.choice,
 Quot.sound]
'Mock2FA.PaperCorrections.dual_norm_eq_iSup_truncatedTestCore' depends on axioms: [propext,
 Classical.choice,
 Quot.sound]
'Mock2FA.PaperCorrections.dual_norm_eq_iSup_compactExhaustion' depends on axioms: [propext,
 Classical.choice,
 Quot.sound]
'Mock2FA.PaperCorrections.dual_norm_eq_iSup_interior_compactExhaustion' depends on axioms: [propext,
 Classical.choice,
 Quot.sound]
'Mock2FA.PaperCorrections.solvesWeakWithPotential_on_truncatedTestCore' depends on axioms: [propext,
 Classical.choice,
 Quot.sound]
'Mock2FA.PaperCorrections.solvesWeakAntiWithPotential_on_truncatedTestCore' depends on axioms: [propext,
 Classical.choice,
 Quot.sound]
'Mock2FA.PaperCorrections.continuous_bilinear_ext_of_dense' depends on axioms: [propext, Classical.choice, Quot.sound]
'Mock2FA.PaperCorrections.continuous_sesquilinear_ext_of_dense' depends on axioms: [propext,
 Classical.choice,
 Quot.sound]
'Mock2FA.PaperCorrections.ComplexLaxMilgram.realifiedFunctional_norm_le' depends on axioms: [propext,
 Classical.choice,
 Quot.sound]
'Mock2FA.PaperCorrections.ComplexLaxMilgram.realifiedForm_isCoercive' depends on axioms: [propext,
 Classical.choice,
 Quot.sound]
'Mock2FA.PaperCorrections.ComplexLaxMilgram.forall_re_eq_iff_weakAntiEquation' depends on axioms: [propext,
 Classical.choice,
 Quot.sound]
'Mock2FA.PaperCorrections.ComplexLaxMilgram.solve_spec' depends on axioms: [propext, Classical.choice, Quot.sound]
'Mock2FA.PaperCorrections.ComplexLaxMilgram.solve_unique' depends on axioms: [propext, Classical.choice, Quot.sound]
'Mock2FA.PaperCorrections.ComplexLaxMilgram.solve_existsUnique' depends on axioms: [propext,
 Classical.choice,
 Quot.sound]
'Mock2FA.PaperCorrections.ComplexLaxMilgram.solve_norm_le' depends on axioms: [propext, Classical.choice, Quot.sound]
'Mock2FA.PaperCorrections.ComplexLaxMilgram.shiftedForm_equation_iff_residual' depends on axioms: [propext,
 Classical.choice,
 Quot.sound]
'Mock2FA.PaperCorrections.ComplexLaxMilgram.solveShifted_spec' depends on axioms: [propext,
 Classical.choice,
 Quot.sound]
'Mock2FA.PaperCorrections.ComplexLaxMilgram.solveShifted_existsUnique' depends on axioms: [propext,
 Classical.choice,
 Quot.sound]
'Mock2FA.PaperCorrections.ComplexLaxMilgram.solveShifted_norm_le' depends on axioms: [propext,
 Classical.choice,
 Quot.sound]
'Mock2FA.PaperCorrections.FredholmBypass.HasTrivialKernel.of_lowerBound' depends on axioms: [propext,
 Classical.choice,
 Quot.sound]
'Mock2FA.PaperCorrections.FredholmBypass.SesquilinearCuspTailControl.isCompactOperator' depends on axioms: [propext,
 Classical.choice,
 Quot.sound]
'Mock2FA.PaperCorrections.FredholmBypass.factoredLowerOrder_isCompact_of_finiteDimensional' depends on axioms: [propext,
 Classical.choice,
 Quot.sound]
'Mock2FA.PaperCorrections.FredholmBypass.fredholmDefect_hasTrivialKernel_of_norm_lt_one' depends on axioms: [propext,
 Classical.choice,
 Quot.sound]
'Mock2FA.PaperCorrections.FredholmBypass.one_mem_resolventSet' depends on axioms: [propext,
 Classical.choice,
 Quot.sound]
'Mock2FA.PaperCorrections.FredholmBypass.fredholmDefect_bijective' depends on axioms: [propext,
 Classical.choice,
 Quot.sound]
'Mock2FA.PaperCorrections.FredholmBypass.ShiftedCompactDecomposition.factorization' depends on axioms: [propext,
 Classical.choice,
 Quot.sound]
'Mock2FA.PaperCorrections.FredholmBypass.ShiftedCompactDecomposition.compactPerturbation_fixedPoint_iff' depends on axioms: [propext,
 Classical.choice,
 Quot.sound]
'Mock2FA.PaperCorrections.FredholmBypass.fredholmDefectKernelComplementRestriction_antilipschitz' depends on axioms: [propext,
 Classical.choice,
 Quot.sound]
'Mock2FA.PaperCorrections.FredholmBypass.fredholmDefect_range_isClosed' depends on axioms: [propext,
 Classical.choice,
 Quot.sound]
'Mock2FA.PaperCorrections.FredholmBypass.ShiftedCompactDecomposition.range_isClosed' depends on axioms: [propext,
 Classical.choice,
 Quot.sound]
'Mock2FA.PaperCorrections.FredholmBypass.NontrivialKernelFredholmData.range_eq_orthogonal_adjointKernel' depends on axioms: [propext,
 Classical.choice,
 Quot.sound]
'Mock2FA.PaperCorrections.FredholmBypass.NontrivialKernelFredholmData.solvable_iff_forall_adjointKernel_inner_eq_zero' depends on axioms: [propext,
 Classical.choice,
 Quot.sound]
'Mock2FA.PaperCorrections.FredholmBypass.NontrivialKernelFredholmData.canonicalSolution_norm_le' depends on axioms: [propext,
 Classical.choice,
 Quot.sound]
'Mock2FA.PaperCorrections.FredholmBypass.FredholmBypassData.solve_existsUnique' depends on axioms: [propext,
 Classical.choice,
 Quot.sound]
'Mock2FA.PaperCorrections.FredholmBypass.FredholmBypassData.solve_norm_le' depends on axioms: [propext,
 Classical.choice,
 Quot.sound]
'Mock2FA.PaperCorrections.FredholmBypass.coerciveFormEquiv_symm_norm_le' depends on axioms: [propext,
 Classical.choice,
 Quot.sound]
'Mock2FA.PaperCorrections.FredholmBypass.solveOfShiftedForm_spec' depends on axioms: [propext,
 Classical.choice,
 Quot.sound]
'Mock2FA.PaperCorrections.FredholmBypass.solveOfShiftedForm_existsUnique' depends on axioms: [propext,
 Classical.choice,
 Quot.sound]
'Mock2FA.PaperCorrections.FredholmBypass.shiftedFredholm_inverseNorm_le' depends on axioms: [propext,
 Classical.choice,
 Quot.sound]
'Mock2FA.PaperCorrections.halfWeight_averaged_factorization_shift' depends on axioms: [propext,
 Classical.choice,
 Quot.sound]
'Mock2FA.PaperCorrections.no_uniform_finite_cutoff' depends on axioms: [propext, Quot.sound]
'Mock2FA.PaperCorrections.discretePotential_not_uniformly_bounded' depends on axioms: [propext,
 Classical.choice,
 Quot.sound]
'Mock2FA.PaperCorrections.discretePotentialForm_not_uniformly_bounded' depends on axioms: [propext,
 Classical.choice,
 Quot.sound]
'Mock2FA.PaperCorrections.shifted_not_unshifted_counterexample' depends on axioms: [propext,
 Classical.choice,
 Quot.sound]
'Mock2FA.PaperCorrections.no_poincare_with_nonzero_jointKernel' depends on axioms: [propext,
 Classical.choice,
 Quot.sound]
'Mock2FA.PaperCorrections.fixed_lower_compatible_with_polynomial_upper' depends on axioms: [propext,
 Classical.choice,
 Quot.sound]
'Mock2FA.PaperCorrections.firstCoordinateCutoff_destroys_orthogonality' depends on axioms: [propext,
 Classical.choice,
 Quot.sound]
'Mock2FA.PaperCorrections.positive_average_not_pointwise_nonvanishing' depends on axioms: [propext,
 Classical.choice,
 Quot.sound]
'Mock2FA.PaperCorrections.bounded_closedBall_not_precompact' depends on axioms: [propext, Classical.choice, Quot.sound]
'Mock2FA.PaperCorrections.gammaTwoHyperbolic_mem' depends on axioms: [propext, Classical.choice, Quot.sound]
'Mock2FA.PaperCorrections.qParam_norm_not_GammaTwo_invariant' depends on axioms: [propext, Classical.choice, Quot.sound]
'Mock2FA.PaperCorrections.qParam_not_GammaTwo_invariant' depends on axioms: [propext, Classical.choice, Quot.sound]
'Mock2FA.PaperCorrections.gammaTwo_qParam_counterexample' depends on axioms: [propext, Classical.choice, Quot.sound]
'Mock2FA.PaperCorrections.claimedRadiusFiber_eq_solution' depends on axioms: [propext, Quot.sound]
'Mock2FA.PaperCorrections.claimedRadiusFiber_eq_empty' depends on axioms: [propext, Quot.sound]
'Mock2FA.PaperCorrections.AutomorphicSobolev.HalfIntegralMultiplier.factor_mul' depends on axioms: [propext,
 Classical.choice,
 Quot.sound]
'Mock2FA.PaperCorrections.AutomorphicSobolev.HalfIntegralMultiplier.sqrtFactor_zpow_four_mul_cocycle' depends on axioms: [propext,
 Classical.choice,
 Quot.sound]
'Mock2FA.PaperCorrections.AutomorphicSobolev.HalfIntegralMultiplier.shiftByFour_factor' depends on axioms: [propext,
 Classical.choice,
 Quot.sound]
'Mock2FA.PaperCorrections.AutomorphicSobolev.HalfIntegralMultiplier.etaPhaseRatio_pow_twentyFour' depends on axioms: [propext,
 Classical.choice,
 Quot.sound]
'Mock2FA.PaperCorrections.AutomorphicSobolev.HalfIntegralMultiplier.etaPhaseRatio_eq_at_I' depends on axioms: [propext,
 Classical.choice,
 Quot.sound]
'Mock2FA.PaperCorrections.AutomorphicSobolev.HalfIntegralMultiplier.inverseEtaPowerMultiplier_factor' depends on axioms: [propext,
 Classical.choice,
 Quot.sound]
'Mock2FA.PaperCorrections.AutomorphicSobolev.HalfIntegralMultiplier.inverseEtaPowerSection_ne_zero' depends on axioms: [propext,
 Classical.choice,
 Quot.sound]
'Mock2FA.PaperCorrections.AutomorphicSobolev.HalfIntegralMultiplier.inverseEtaExponentMultiplier_raise_shift_ratio' depends on axioms: [propext,
 Classical.choice,
 Quot.sound]
'Mock2FA.PaperCorrections.AutomorphicSobolev.HalfIntegralMultiplier.inverseEtaExponentMultiplier_raise_shift_phase' depends on axioms: [propext,
 Classical.choice,
 Quot.sound]
'Mock2FA.PaperCorrections.AutomorphicSobolev.HalfIntegralMultiplier.inverseEtaExponentMultiplier_lower_shift_ratio' depends on axioms: [propext,
 Classical.choice,
 Quot.sound]
'Mock2FA.PaperCorrections.AutomorphicSobolev.HalfIntegralMultiplier.inverseEtaExponentMultiplier_lower_shift_phase' depends on axioms: [propext,
 Classical.choice,
 Quot.sound]
'Mock2FA.PaperCorrections.AutomorphicSobolev.HalfIntegralMultiplier.inverseEtaMultiplier_factor' depends on axioms: [propext,
 Classical.choice,
 Quot.sound]
'Mock2FA.PaperCorrections.AutomorphicSobolev.HalfIntegralMultiplier.inverseEtaHalfOrbitMultiplier_factor_add_one' depends on axioms: [propext,
 Classical.choice,
 Quot.sound]
'Mock2FA.PaperCorrections.AutomorphicSobolev.HalfIntegralMultiplier.inverseEtaPaperCertificate' depends on axioms: [propext,
 Classical.choice,
 Quot.sound]
'Mock2FA.PaperCorrections.AutomorphicSobolev.HalfIntegralMultiplier.inverseEtaSection_ne_zero' depends on axioms: [propext,
 Classical.choice,
 Quot.sound]
'Mock2FA.PaperCorrections.AutomorphicSobolev.HalfIntegralMultiplier.WeightSection.rawPointwiseNorm_smul' depends on axioms: [propext,
 Classical.choice,
 Quot.sound]
'Mock2FA.PaperCorrections.AutomorphicSobolev.HalfIntegralMultiplier.WeightSection.rawPointwiseNormSq_smul' depends on axioms: [propext,
 Classical.choice,
 Quot.sound]
'Mock2FA.PaperCorrections.AutomorphicSobolev.HalfIntegralMultiplier.WeightSection.rawPointwiseNormSq_smul_sub' depends on axioms: [propext,
 Classical.choice,
 Quot.sound]
'Mock2FA.PaperCorrections.AutomorphicSobolev.HalfIntegralMultiplier.WeightSection.rawPointwiseNormSq_smul_halfWeight' depends on axioms: [propext,
 Classical.choice,
 Quot.sound]
'Mock2FA.PaperCorrections.AutomorphicSobolev.HalfIntegralMultiplier.WeightSection.rawPointwiseNorm_ne_of_factor_norm_ne_one' depends on axioms: [propext,
 Classical.choice,
 Quot.sound]
'Mock2FA.PaperCorrections.AutomorphicSobolev.HalfIntegralMultiplier.WeightSection.rawPointwiseNormSq_ne_of_factor_norm_ne_one' depends on axioms: [propext,
 Classical.choice,
 Quot.sound]
'Mock2FA.PaperCorrections.AutomorphicSobolev.HalfIntegralMultiplier.InvariantFiberMetric.pointwiseNormSq_smul' depends on axioms: [propext,
 Classical.choice,
 Quot.sound]
'Mock2FA.PaperCorrections.AutomorphicSobolev.HalfIntegralMultiplier.InvariantFiberMetric.rawPointwiseNormSq_noninvariant_but_metric_invariant' depends on axioms: [propext,
 Classical.choice,
 Quot.sound]
'Mock2FA.PaperCorrections.AutomorphicSobolev.HalfIntegralMultiplier.PaperHalfWeightCertificate.factor_gammaTwoNegOne' depends on axioms: [propext,
 Classical.choice,
 Quot.sound]
'Mock2FA.PaperCorrections.AutomorphicSobolev.GammaTwoQuotientGeometry.hyperbolicMeasure_isOpenPosMeasure' depends on axioms: [propext,
 Classical.choice,
 Quot.sound]
'Mock2FA.PaperCorrections.AutomorphicSobolev.GammaTwoQuotientGeometry.gammaTwoQuotientCompactExhaustion_iUnion_eq' depends on axioms: [propext,
 Classical.choice,
 Quot.sound]
'Mock2FA.PaperCorrections.AutomorphicSobolev.GammaTwoQuotientGeometry.modularBoundary_null' depends on axioms: [propext,
 Classical.choice,
 Quot.sound]
'Mock2FA.PaperCorrections.AutomorphicSobolev.GammaTwoQuotientGeometry.gammaTwoOpenCarrier_disjoint' depends on axioms: [propext,
 Classical.choice,
 Quot.sound]
'Mock2FA.PaperCorrections.AutomorphicSobolev.GammaTwoQuotientGeometry.gammaTwoOpenCarrier_isFundamental' depends on axioms: [propext,
 Classical.choice,
 Quot.sound]
'Mock2FA.PaperCorrections.AutomorphicSobolev.GammaTwoQuotientGeometry.gammaTwoOpenCarrier_frontier_null' depends on axioms: [propext,
 Classical.choice,
 Quot.sound]
'Mock2FA.PaperCorrections.AutomorphicSobolev.GammaTwoQuotientGeometry.chosenGammaTwoFundamentalDomain' depends on axioms: [propext,
 Classical.choice,
 Quot.sound]
'Mock2FA.PaperCorrections.AutomorphicSobolev.GammaTwoQuotientGeometry.gammaTwoStandardEdge_pairing_param' depends on axioms: [propext,
 Classical.choice,
 Quot.sound]
'Mock2FA.PaperCorrections.AutomorphicSobolev.GammaTwoQuotientGeometry.modularTileEdgeParam_range' depends on axioms: [propext,
 Classical.choice,
 Quot.sound]
'Mock2FA.PaperCorrections.AutomorphicSobolev.GammaTwoQuotientGeometry.modularTileEdgeParamToEdge_surjective' depends on axioms: [propext,
 Classical.choice,
 Quot.sound]
'Mock2FA.PaperCorrections.AutomorphicSobolev.GammaTwoQuotientGeometry.gammaTwoActualPolygonEdgeParam_mem' depends on axioms: [propext,
 Classical.choice,
 Quot.sound]
'Mock2FA.PaperCorrections.AutomorphicSobolev.GammaTwoQuotientGeometry.gammaTwoActualPolygonEdgeParam_range' depends on axioms: [propext,
 Classical.choice,
 Quot.sound]
'Mock2FA.PaperCorrections.AutomorphicSobolev.GammaTwoQuotientGeometry.GammaTwoActualPolygonEdge.pairingElement_mul_cosetRep' depends on axioms: [propext,
 Classical.choice,
 Quot.sound]
'Mock2FA.PaperCorrections.AutomorphicSobolev.GammaTwoQuotientGeometry.gammaTwoActualPolygonEdgePairing_param' depends on axioms: [propext,
 Classical.choice,
 Quot.sound]
'Mock2FA.PaperCorrections.AutomorphicSobolev.GammaTwoQuotientGeometry.gammaTwoActualPolygonEdgePairing_set' depends on axioms: [propext,
 Classical.choice,
 Quot.sound]
'Mock2FA.PaperCorrections.AutomorphicSobolev.GammaTwoQuotientGeometry.GammaTwoActualPolygonEdge.pairedParameter_mem_endpoints' depends on axioms: [propext,
 Classical.choice,
 Quot.sound]
'Mock2FA.PaperCorrections.AutomorphicSobolev.GammaTwoQuotientGeometry.chosenGammaTwoExplicitFundamentalPolygon' depends on axioms: [propext,
 Classical.choice,
 Quot.sound]
'Mock2FA.PaperCorrections.AutomorphicSobolev.GammaTwoQuotientGeometry.gammaTwoHalfOpenTileCarrier_unique_translate_of_not_boundaryOrbit' depends on axioms: [propext,
 Classical.choice,
 Quot.sound]
'Mock2FA.PaperCorrections.AutomorphicSobolev.GammaTwoQuotientGeometry.gammaTwoThreeCuspTruncation_frontier_subset_finitePieces' depends on axioms: [propext,
 Classical.choice,
 Quot.sound]
'Mock2FA.PaperCorrections.AutomorphicSobolev.GammaTwoQuotientGeometry.gammaTwoSelectedHorocycleParam_range' depends on axioms: [propext,
 Classical.choice,
 Quot.sound]
'Mock2FA.PaperCorrections.AutomorphicSobolev.GammaTwoQuotientGeometry.gammaTwoLiteralFrontierCorners_eq_iUnion_paramImages' depends on axioms: [propext,
 Classical.choice,
 Quot.sound]
'Mock2FA.PaperCorrections.AutomorphicSobolev.GammaTwoQuotientGeometry.gammaTwoThreeCuspTruncation_frontier_eq_paramImages' depends on axioms: [propext,
 Classical.choice,
 Quot.sound]
'Mock2FA.PaperCorrections.AutomorphicSobolev.GammaTwoQuotientGeometry.gammaTwoActualPolygonEdges_sum_integral_remove_literalCorners_of_finite' depends on axioms: [propext,
 Classical.choice,
 Quot.sound]
'Mock2FA.PaperCorrections.AutomorphicSobolev.GammaTwoQuotientGeometry.modular_normSq_denom_eq_lowerRowQuadratic' depends on axioms: [propext,
 Classical.choice,
 Quot.sound]
'Mock2FA.PaperCorrections.AutomorphicSobolev.GammaTwoQuotientGeometry.gammaTwoVerticalIncidencePolynomial_ne_zero' depends on axioms: [propext,
 Classical.choice,
 Quot.sound]
'Mock2FA.PaperCorrections.AutomorphicSobolev.GammaTwoQuotientGeometry.gammaTwoCircularIncidencePolynomial_ne_zero' depends on axioms: [propext,
 Classical.choice,
 Quot.sound]
'Mock2FA.PaperCorrections.AutomorphicSobolev.GammaTwoQuotientGeometry.gammaTwoActualEdgeSelectedCurveParameters_finite' depends on axioms: [propext,
 Classical.choice,
 Quot.sound]
'Mock2FA.PaperCorrections.AutomorphicSobolev.GammaTwoQuotientGeometry.gammaTwoActualEdgeLiteralCornerParametersAt_finite' depends on axioms: [propext,
 Classical.choice,
 Quot.sound]
'Mock2FA.PaperCorrections.AutomorphicSobolev.GammaTwoQuotientGeometry.gammaTwoLiteralFrontierCorners_finite' depends on axioms: [propext,
 Classical.choice,
 Quot.sound]
'Mock2FA.PaperCorrections.AutomorphicSobolev.GammaTwoQuotientGeometry.gammaTwoActualPolygonEdge_integral_remove_literalCorners' depends on axioms: [propext,
 Classical.choice,
 Quot.sound]
'Mock2FA.PaperCorrections.AutomorphicSobolev.GammaTwoQuotientGeometry.gammaTwoActualPolygonEdges_sum_integral_remove_literalCorners' depends on axioms: [propext,
 Classical.choice,
 Quot.sound]
'Mock2FA.PaperCorrections.AutomorphicSobolev.GammaTwoQuotientGeometry.setIntegral_diff_finset_eq' depends on axioms: [propext,
 Classical.choice,
 Quot.sound]
'Mock2FA.PaperCorrections.AutomorphicSobolev.GammaTwoQuotientGeometry.gammaTwoActualPolygonEdge_integral_remove_vertices' depends on axioms: [propext,
 Classical.choice,
 Quot.sound]
'Mock2FA.PaperCorrections.AutomorphicSobolev.GammaTwoQuotientGeometry.gammaTwoActualPolygonEdges_sum_integral_remove_vertices' depends on axioms: [propext,
 Classical.choice,
 Quot.sound]
'Mock2FA.PaperCorrections.AutomorphicSobolev.GammaTwoQuotientGeometry.gammaTwoSelectedHorocycleSegment_integral_remove_vertices' depends on axioms: [propext,
 Classical.choice,
 Quot.sound]
'Mock2FA.PaperCorrections.AutomorphicSobolev.SmoothCompactCoreGeometry.chosenGammaTwoThreeCuspTruncationExhaustion' depends on axioms: [propext,
 Classical.choice,
 Quot.sound]
'Mock2FA.PaperCorrections.AutomorphicSobolev.GammaTwoQuotientGeometry.gammaTwoTopologicalTruncation_exhausts_compacts' depends on axioms: [propext,
 Classical.choice,
 Quot.sound]
'Mock2FA.PaperCorrections.AutomorphicSobolev.GammaTwoQuotientGeometry.GammaTwoFundamentalDomain.quotientMeasure_isOpenPosMeasure' depends on axioms: [propext,
 Classical.choice,
 Quot.sound]
'Mock2FA.PaperCorrections.AutomorphicSobolev.GammaTwoQuotientGeometry.GammaTwoFundamentalDomain.quotientMeasure_isFiniteMeasureOnCompacts' depends on axioms: [propext,
 Classical.choice,
 Quot.sound]
'Mock2FA.PaperCorrections.AutomorphicSobolev.GammaTwoQuotientGeometry.GammaTwoFundamentalDomain.integral_descendInvariant_eq' depends on axioms: [propext,
 Classical.choice,
 Quot.sound]
'Mock2FA.PaperCorrections.AutomorphicSobolev.SmoothCompactCoreGeometry.continuous_inverseEtaSection' depends on axioms: [propext,
 Classical.choice,
 Quot.sound]
'Mock2FA.PaperCorrections.AutomorphicSobolev.SmoothCompactCoreGeometry.inverseEtaRatio_effective_invariant' depends on axioms: [propext,
 Classical.choice,
 Quot.sound]
'Mock2FA.PaperCorrections.AutomorphicSobolev.SmoothCompactCoreGeometry.inverseEtaRatioQuotient_tsupport' depends on axioms: [propext,
 Classical.choice,
 Quot.sound]
'Mock2FA.PaperCorrections.AutomorphicSobolev.SmoothCompactCoreGeometry.inverseEtaQuotientLinear_injective' depends on axioms: [propext,
 Classical.choice,
 Quot.sound]
'Mock2FA.PaperCorrections.AutomorphicSobolev.SmoothCompactCoreGeometry.SmoothCompactCore.exists_quotientSupport_subset_interior_compactStage' depends on axioms: [propext,
 Classical.choice,
 Quot.sound]
'Mock2FA.PaperCorrections.AutomorphicSobolev.SmoothCompactCoreGeometry.SmoothCompactCore.quotientIntegral_eq_fundamentalDomainIntegral' depends on axioms: [propext,
 Classical.choice,
 Quot.sound]
'Mock2FA.PaperCorrections.AutomorphicSobolev.SmoothCompactCoreGeometry.SmoothCompactCore.support_orbit_has_truncated_representative' depends on axioms: [propext,
 Classical.choice,
 Quot.sound]
'Mock2FA.PaperCorrections.AutomorphicSobolev.SmoothCompactCoreGeometry.SmoothCompactCore.support_orbit_has_topologicalTruncation_representative' depends on axioms: [propext,
 Classical.choice,
 Quot.sound]
'Mock2FA.PaperCorrections.AutomorphicSobolev.HalfWeightDifferentialOperators.paperDisplayedRaising_defect_ne_zero' depends on axioms: [propext,
 Classical.choice,
 Quot.sound]
'Mock2FA.PaperCorrections.AutomorphicSobolev.HalfWeightDifferentialOperators.realJetChainRuleCertificate' depends on axioms: [propext,
 Classical.choice,
 Quot.sound]
'Mock2FA.PaperCorrections.AutomorphicSobolev.HalfWeightDifferentialOperators.lower_raise_factorization' depends on axioms: [propext,
 Classical.choice,
 Quot.sound]
'Mock2FA.PaperCorrections.AutomorphicSobolev.HalfWeightDifferentialOperators.ExponentIndexedDifferentialCore.typed_lower_raise_factorization' depends on axioms: [propext,
 Classical.choice,
 Quot.sound]
'Mock2FA.PaperCorrections.AutomorphicSobolev.HalfWeightDifferentialOperators.ExponentIndexedDifferentialCore.typed_raise_lower_factorization' depends on axioms: [propext,
 Classical.choice,
 Quot.sound]
'Mock2FA.PaperCorrections.AutomorphicSobolev.HalfWeightDifferentialOperators.greenIdentity_iff_isFormalAdjoint_neg' depends on axioms: [propext,
 Classical.choice,
 Quot.sound]
'Mock2FA.PaperCorrections.AutomorphicSobolev.HalfWeightCompactCoordinateGreen.ambientCcInfinity_raising_green_identity' depends on axioms: [propext,
 Classical.choice,
 Quot.sound]
'Mock2FA.PaperCorrections.AutomorphicSobolev.HalfWeightCompactCoordinateGreen.ambientCcInfinity_green_half_average_eq_zero' depends on axioms: [propext,
 Classical.choice,
 Quot.sound]
'Mock2FA.PaperCorrections.AutomorphicSobolev.GammaTwoQuotientGreenBoundary.realSmooth_complexHeightRpow' depends on axioms: [propext,
 Classical.choice,
 Quot.sound]
'Mock2FA.PaperCorrections.AutomorphicSobolev.GammaTwoQuotientGreenBoundary.gammaTwoQuotientCompactFluxTailTightness_of_closedCarrierCompactPreimage' depends on axioms: [propext,
 Classical.choice,
 Quot.sound]
'Mock2FA.PaperCorrections.AutomorphicSobolev.GammaTwoQuotientGreenBoundary.gammaTwoCompactFluxStokes_of_tailTightness_of_pairedPolygon' depends on axioms: [propext,
 Classical.choice,
 Quot.sound]
'Mock2FA.PaperCorrections.AutomorphicSobolev.GammaTwoQuotientGreenBoundary.gammaTwoCompactFluxStokes_of_closedCarrierCompactPreimage_of_pairedPolygon' depends on axioms: [propext,
 Classical.choice,
 Quot.sound]
'Mock2FA.PaperCorrections.AutomorphicSobolev.GammaTwoQuotientGreenBoundary.planarNullity_does_not_imply_zeroBoundaryIntegral' depends on axioms: [propext,
 Classical.choice,
 Quot.sound]
'Mock2FA.PaperCorrections.AutomorphicSobolev.GammaTwoQuotientGreenBoundary.threeCusp_boundary_geometry_available' depends on axioms: [propext,
 Classical.choice,
 Quot.sound]
'Mock2FA.PaperCorrections.AutomorphicSobolev.GammaTwoQuotientGreenBoundary.invariantFlux_actualPolygonEdge_pairing' depends on axioms: [propext,
 Classical.choice,
 Quot.sound]
'Mock2FA.PaperCorrections.AutomorphicSobolev.GammaTwoQuotientGreenBoundary.IsSmoothQuotientCompactFlux.actualPolygonEdge_pairing' depends on axioms: [propext,
 Classical.choice,
 Quot.sound]
'Mock2FA.PaperCorrections.AutomorphicSobolev.DefinitionOneSobolev.FixedPhasePeterssonCoordinates.weightFiberScale_neg_eq_heightRpow' depends on axioms: [propext,
 Classical.choice,
 Quot.sound]
'Mock2FA.PaperCorrections.AutomorphicSobolev.DefinitionOneSobolev.FixedPhasePeterssonCoordinates.fixedPhaseGreen_sourceFiberFactor_cancellation' depends on axioms: [propext,
 Classical.choice,
 Quot.sound]
'Mock2FA.PaperCorrections.AutomorphicSobolev.DefinitionOneSobolev.FixedPhasePeterssonCoordinates.fixedPhaseGreen_targetFactor_reindex' depends on axioms: [propext,
 Classical.choice,
 Quot.sound]
'Mock2FA.PaperCorrections.AutomorphicSobolev.DefinitionOneSobolev.FixedPhasePeterssonCoordinates.fixedPhaseGreenScalarDensity_covariance' depends on axioms: [propext,
 Classical.choice,
 Quot.sound]
'Mock2FA.PaperCorrections.AutomorphicSobolev.DefinitionOneSobolev.FixedPhasePeterssonCoordinates.fixedPhaseGreenScalarDensity_mul_moebiusDifferential' depends on axioms: [propext,
 Classical.choice,
 Quot.sound]
'Mock2FA.PaperCorrections.AutomorphicSobolev.DefinitionOneSobolev.FixedPhasePeterssonCoordinates.fixedPhaseGreenOneForm_pullback' depends on axioms: [propext,
 Classical.choice,
 Quot.sound]
'Mock2FA.PaperCorrections.AutomorphicSobolev.DefinitionOneSobolev.FixedPhasePeterssonCoordinates.fixedPhaseGreenFlux_invariant' depends on axioms: [propext,
 Classical.choice,
 Quot.sound]
'Mock2FA.PaperCorrections.AutomorphicSobolev.DefinitionOneSobolev.FixedPhasePeterssonCoordinates.fixedPhaseGreenFlux_actualPolygonEdge_orientedCancellation' depends on axioms: [propext,
 Classical.choice,
 Quot.sound]
'Mock2FA.PaperCorrections.AutomorphicSobolev.DefinitionOneSobolev.FixedPhasePeterssonCoordinates.fixedPhaseGreenScalarDensity_realSmooth' depends on axioms: [propext,
 Classical.choice,
 Quot.sound]
'Mock2FA.PaperCorrections.AutomorphicSobolev.DefinitionOneSobolev.FixedPhasePeterssonCoordinates.fixedPhaseGreenFlux_quotientCompact' depends on axioms: [propext,
 Classical.choice,
 Quot.sound]
'Mock2FA.PaperCorrections.AutomorphicSobolev.DefinitionOneSobolev.FixedPhasePeterssonCoordinates.fixedPhaseGreenFlux_isSmoothQuotientCompact_iff_invariant' depends on axioms: [propext,
 Classical.choice,
 Quot.sound]
'Mock2FA.PaperCorrections.AutomorphicSobolev.DefinitionOneSobolev.FixedPhasePeterssonCoordinates.fixedPhaseGreenFluxBridge' depends on axioms: [propext,
 Classical.choice,
 Quot.sound]
'Mock2FA.PaperCorrections.AutomorphicSobolev.DefinitionOneSobolev.FixedPhasePeterssonCoordinates.greenBoundaryDefect_eq_zero_of_compactFluxStokes' depends on axioms: [propext,
 Classical.choice,
 Quot.sound]
'Mock2FA.PaperCorrections.AutomorphicSobolev.DefinitionOneSobolev.QuotientHilbertCoordinates.energyDefinite_iff_graph_injective' depends on axioms: [propext,
 Classical.choice,
 Quot.sound]
'Mock2FA.PaperCorrections.AutomorphicSobolev.DefinitionOneSobolev.CompactCoreL2.toL2_injective' depends on axioms: [propext,
 Classical.choice,
 Quot.sound]
'Mock2FA.PaperCorrections.AutomorphicSobolev.DefinitionOneSobolev.CompactCoreL2.gammaTwoQuotientToL2_injective' depends on axioms: [propext,
 Classical.choice,
 Quot.sound]
'Mock2FA.PaperCorrections.AutomorphicSobolev.DefinitionOneSobolev.CompactCoreL2.inverseEtaCoreToL2_injective' depends on axioms: [propext,
 Classical.choice,
 Quot.sound]
'Mock2FA.PaperCorrections.AutomorphicSobolev.DefinitionOneSobolev.CompactCoreL2.chosenInverseEtaCoreToL2_injective' depends on axioms: [propext,
 Classical.choice,
 Quot.sound]
'Mock2FA.PaperCorrections.AutomorphicSobolev.DefinitionOneSobolev.WeightCorePetersson.peterssonInnerProductCore' depends on axioms: [propext,
 Classical.choice,
 Quot.sound]
'Mock2FA.PaperCorrections.AutomorphicSobolev.DefinitionOneSobolev.WeightCorePetersson.peterssonForm_self_eq_zero_iff' depends on axioms: [propext,
 Classical.choice,
 Quot.sound]
'Mock2FA.PaperCorrections.AutomorphicSobolev.DefinitionOneSobolev.WeightCorePetersson.peterssonNormSq_pos' depends on axioms: [propext,
 Classical.choice,
 Quot.sound]
'Mock2FA.PaperCorrections.AutomorphicSobolev.DefinitionOneSobolev.WeightCorePetersson.PeterssonCoreSpace.wrappedInnerProductCore' depends on axioms: [propext,
 Classical.choice,
 Quot.sound]
'Mock2FA.PaperCorrections.AutomorphicSobolev.DefinitionOneSobolev.WeightCorePetersson.PeterssonCoreSpace.norm_sq_eq_peterssonNormSq' depends on axioms: [propext,
 Classical.choice,
 Quot.sound]
'Mock2FA.PaperCorrections.AutomorphicSobolev.DefinitionOneSobolev.WeightCorePetersson.PeterssonCoreSpace.toCompletion_injective' depends on axioms: [propext,
 Classical.choice,
 Quot.sound]
'Mock2FA.PaperCorrections.AutomorphicSobolev.DefinitionOneSobolev.WeightCorePetersson.PeterssonCoreSpace.denseRange_toCompletion' depends on axioms: [propext,
 Classical.choice,
 Quot.sound]
'Mock2FA.PaperCorrections.AutomorphicSobolev.DefinitionOneSobolev.WeightCorePetersson.PeterssonCoreSpace.isDenseInducing_toCompletion' depends on axioms: [propext,
 Classical.choice,
 Quot.sound]
'Mock2FA.PaperCorrections.AutomorphicSobolev.DefinitionOneSobolev.WeightCorePetersson.PeterssonCoreSpace.closure_range_toCompletion' depends on axioms: [propext,
 Classical.choice,
 Quot.sound]
'Mock2FA.PaperCorrections.AutomorphicSobolev.DefinitionOneSobolev.WeightCorePetersson.PeterssonCoreSpace.inner_toCompletion' depends on axioms: [propext,
 Classical.choice,
 Quot.sound]
'Mock2FA.PaperCorrections.AutomorphicSobolev.DefinitionOneSobolev.WeightCorePetersson.PeterssonCoreSpace.norm_toCompletion' depends on axioms: [propext,
 Classical.choice,
 Quot.sound]
'Mock2FA.PaperCorrections.AutomorphicSobolev.DefinitionOneSobolev.WeightCorePetersson.PeterssonCoreSpace.hilbertSpaceWitness' depends on axioms: [propext,
 Classical.choice,
 Quot.sound]
'Mock2FA.PaperCorrections.AutomorphicSobolev.DefinitionOneSobolev.QuotientHilbertCoordinates.completionEnergyOperator_coercive' depends on axioms: [propext,
 Classical.choice,
 Quot.sound]
'Mock2FA.PaperCorrections.AutomorphicSobolev.DefinitionOneSobolev.QuotientHilbertCoordinates.solveCompletionEnergy_existsUnique' depends on axioms: [propext,
 Classical.choice,
 Quot.sound]
'Mock2FA.PaperCorrections.AutomorphicSobolev.DefinitionOneSobolev.QuotientHilbertCoordinates.solveCompletionEnergy_norm_le' depends on axioms: [propext,
 Classical.choice,
 Quot.sound]
'Mock2FA.PaperCorrections.AutomorphicSobolev.DefinitionOneSobolev.QuotientHilbertCoordinates.graphExtension_norm' depends on axioms: [propext,
 Classical.choice,
 Quot.sound]
'Mock2FA.PaperCorrections.AutomorphicSobolev.DefinitionOneSobolev.QuotientHilbertCoordinates.range_graphExtension_eq_closure_range_graph' depends on axioms: [propext,
 Classical.choice,
 Quot.sound]
'Mock2FA.PaperCorrections.AutomorphicSobolev.DefinitionOneSobolev.QuotientHilbertCoordinates.jointExtensions_injective' depends on axioms: [propext,
 Classical.choice,
 Quot.sound]
'Mock2FA.PaperCorrections.AutomorphicSobolev.DefinitionOneSobolev.QuotientHilbertCoordinates.closedJointGraphParametrization_range_isClosed' depends on axioms: [propext,
 Classical.choice,
 Quot.sound]
'Mock2FA.PaperCorrections.AutomorphicSobolev.DefinitionOneSobolev.denseRange_iff_surjective_energyCompletionIsometry' depends on axioms: [propext,
 Classical.choice,
 Quot.sound]
'Mock2FA.PaperCorrections.AutomorphicSobolev.DefinitionOneSobolev.QuotientHilbertCoordinates.CompatibleCoreInclusion.denseRange_graphRange_iff_completion_surjective' depends on axioms: [propext,
 Classical.choice,
 Quot.sound]
'Mock2FA.PaperCorrections.AutomorphicSobolev.DefinitionOneSobolev.QuotientHilbertCoordinates.CompatibleCoreInclusion.completionEquiv_apply' depends on axioms: [propext,
 Classical.choice,
 Quot.sound]
'Mock2FA.PaperCorrections.AutomorphicSobolev.DefinitionOneSobolev.TypedDifferentialAdapter.paperFourCoordinates_energyDefinite' depends on axioms: [propext,
 Classical.choice,
 Quot.sound]
'Mock2FA.PaperCorrections.AutomorphicSobolev.DefinitionOneSobolev.TypedDifferentialAdapter.denseRange_paperFourCoreMap' depends on axioms: [propext,
 Classical.choice,
 Quot.sound]
'Mock2FA.PaperCorrections.AutomorphicSobolev.DefinitionOneSobolev.TypedDifferentialAdapter.paperFourCoreMap_injective' depends on axioms: [propext,
 Classical.choice,
 Quot.sound]
'Mock2FA.PaperCorrections.AutomorphicSobolev.ExplicitDiscriminantPotential.potential_ne_zero' depends on axioms: [propext,
 Classical.choice,
 Quot.sound]
'Mock2FA.PaperCorrections.AutomorphicSobolev.ExplicitDiscriminantPotential.discriminant_realSmooth' depends on axioms: [propext,
 Classical.choice,
 Quot.sound]
'Mock2FA.PaperCorrections.AutomorphicSobolev.ExplicitDiscriminantPotential.upstairsCoreCutoff_realSmooth' depends on axioms: [propext,
 Classical.choice,
 Quot.sound]
'Mock2FA.PaperCorrections.AutomorphicSobolev.ExplicitDiscriminantPotential.quotientCoreCutoff_hasCompactSupport' depends on axioms: [propext,
 Classical.choice,
 Quot.sound]
'Mock2FA.PaperCorrections.AutomorphicSobolev.ExplicitDiscriminantPotential.compactInverseEtaPaperCore_ne_zero' depends on axioms: [propext,
 Classical.choice,
 Quot.sound]
'Mock2FA.PaperCorrections.AutomorphicSobolev.ExplicitDiscriminantPotential.compactInverseEtaOrbitZeroWeightCore_ne_zero' depends on axioms: [propext,
 Classical.choice,
 Quot.sound]
'Mock2FA.PaperCorrections.AutomorphicSobolev.ExplicitDiscriminantPotential.upstairsPotential_scaledCuspTail' depends on axioms: [propext,
 Classical.choice,
 Quot.sound]
'Mock2FA.PaperCorrections.AutomorphicSobolev.ExplicitDiscriminantPotential.upstairsPotential_closedTileCarrier_diff_threeCuspTruncation' depends on axioms: [propext,
 Classical.choice,
 Quot.sound]
'Mock2FA.PaperCorrections.AutomorphicSobolev.ExplicitDiscriminantPotential.potential_quotientOutside_threeCuspTruncationImage' depends on axioms: [propext,
 Classical.choice,
 Quot.sound]
'Mock2FA.PaperCorrections.AutomorphicSobolev.ExplicitDiscriminantPotential.potentialForm_conj_symm' depends on axioms: [propext,
 Classical.choice,
 Quot.sound]
'Mock2FA.PaperCorrections.AutomorphicSobolev.ExplicitDiscriminantPotential.potentialEnergy_le_peterssonNormSq' depends on axioms: [propext,
 Classical.choice,
 Quot.sound]
'Mock2FA.PaperCorrections.AutomorphicSobolev.ExplicitDiscriminantPotential.potentialForm_norm_sq_le_energy_mul_energy' depends on axioms: [propext,
 Classical.choice,
 Quot.sound]
'Mock2FA.PaperCorrections.AutomorphicSobolev.ExplicitDiscriminantPotential.potentialForm_norm_le_uniformBound_mul_peterssonNorm' depends on axioms: [propext,
 Classical.choice,
 Quot.sound]
'Mock2FA.PaperCorrections.AutomorphicSobolev.ExplicitDiscriminantPotential.norm_peterssonPotentialOperator_le_uniformBound' depends on axioms: [propext,
 Classical.choice,
 Quot.sound]
'Mock2FA.PaperCorrections.AutomorphicSobolev.ExplicitDiscriminantPotential.peterssonPotentialOperator_apply_core' depends on axioms: [propext,
 Classical.choice,
 Quot.sound]
'Mock2FA.PaperCorrections.AutomorphicSobolev.ExplicitDiscriminantPotential.FixedPhaseGraphPotential.graphPotentialOperator_apply_core' depends on axioms: [propext,
 Classical.choice,
 Quot.sound]
'Mock2FA.PaperCorrections.AutomorphicSobolev.ExplicitDiscriminantPotential.FixedPhaseGraphPotential.norm_graphPotentialOperator_le_uniformBound' depends on axioms: [propext,
 Classical.choice,
 Quot.sound]
'Mock2FA.PaperCorrections.AutomorphicSobolev.ExplicitDiscriminantPotential.negativePartEnergy_eq_zero' depends on axioms: [propext,
 Classical.choice,
 Quot.sound]
'Mock2FA.PaperCorrections.AutomorphicSobolev.CompactSeparableKernelPotential.hilbertRankOne_isCompact' depends on axioms: [propext,
 Classical.choice,
 Quot.sound]
'Mock2FA.PaperCorrections.AutomorphicSobolev.CompactSeparableKernelPotential.rankOneForm_conj_symm' depends on axioms: [propext,
 Classical.choice,
 Quot.sound]
'Mock2FA.PaperCorrections.AutomorphicSobolev.CompactSeparableKernelPotential.rankOneForm_self_nonneg' depends on axioms: [propext,
 Classical.choice,
 Quot.sound]
'Mock2FA.PaperCorrections.AutomorphicSobolev.CompactSeparableKernelPotential.rankOneCuspTail_tail_norm_eq_zero' depends on axioms: [propext,
 Classical.choice,
 Quot.sound]
'Mock2FA.PaperCorrections.AutomorphicSobolev.CompactSeparableKernelPotential.explicitKernelVector_ne_zero' depends on axioms: [propext,
 Classical.choice,
 Quot.sound]
'Mock2FA.PaperCorrections.AutomorphicSobolev.CompactSeparableKernelPotential.explicitCompactKernelForm_isCompact' depends on axioms: [propext,
 Classical.choice,
 Quot.sound]
'Mock2FA.PaperCorrections.AutomorphicSobolev.CompactSeparableKernelPotential.explicitKernelUnitVector_norm' depends on axioms: [propext,
 Classical.choice,
 Quot.sound]
'Mock2FA.PaperCorrections.AutomorphicSobolev.CompactSeparableKernelPotential.explicitKernelProjection_idempotent' depends on axioms: [propext,
 Classical.choice,
 Quot.sound]
'Mock2FA.PaperCorrections.AutomorphicSobolev.CompactSeparableKernelPotential.explicitKernelProjection_isCompact' depends on axioms: [propext,
 Classical.choice,
 Quot.sound]
'Mock2FA.PaperCorrections.AutomorphicSobolev.CompactSeparableKernelPotential.explicitShifted_eq_unshifted_add_projection' depends on axioms: [propext,
 Classical.choice,
 Quot.sound]
'Mock2FA.PaperCorrections.AutomorphicSobolev.CompactSeparableKernelPotential.explicitUnshiftedFredholmData' depends on axioms: [propext,
 Classical.choice,
 Quot.sound]
'Mock2FA.PaperCorrections.AutomorphicSobolev.CompactSeparableKernelPotential.explicitUnshiftedFredholmOperator_unitVector' depends on axioms: [propext,
 Classical.choice,
 Quot.sound]
'Mock2FA.PaperCorrections.AutomorphicSobolev.CompactSeparableKernelPotential.explicitUnshiftedFredholmOperator_ker' depends on axioms: [propext,
 Classical.choice,
 Quot.sound]
'Mock2FA.PaperCorrections.AutomorphicSobolev.CompactSeparableKernelPotential.explicitUnshiftedFredholmOperator_ker_ne_bot' depends on axioms: [propext,
 Classical.choice,
 Quot.sound]
'Mock2FA.PaperCorrections.AutomorphicSobolev.CompactSeparableKernelPotential.explicitUnshiftedFredholmOperator_range_isClosed' depends on axioms: [propext,
 Classical.choice,
 Quot.sound]
'Mock2FA.PaperCorrections.AutomorphicSobolev.CompactSeparableKernelPotential.explicitUnshiftedFredholmOperator_range' depends on axioms: [propext,
 Classical.choice,
 Quot.sound]
'Mock2FA.PaperCorrections.AutomorphicSobolev.CompactSeparableKernelPotential.explicitUnshiftedFredholm_solvable_iff' depends on axioms: [propext,
 Classical.choice,
 Quot.sound]
'Mock2FA.PaperCorrections.AutomorphicSobolev.CompactSeparableKernelPotential.explicitCanonicalSolution_eq' depends on axioms: [propext,
 Classical.choice,
 Quot.sound]
'Mock2FA.PaperCorrections.AutomorphicSobolev.CompactSeparableKernelPotential.explicitCanonicalSolution_range_eq' depends on axioms: [propext,
 Classical.choice,
 Quot.sound]
'Mock2FA.PaperCorrections.AutomorphicSobolev.CompactSeparableKernelPotential.explicitCanonicalInverseNorm_le_one' depends on axioms: [propext,
 Classical.choice,
 Quot.sound]
'Mock2FA.PaperCorrections.AutomorphicSobolev.CompactSeparableKernelPotential.FixedPhaseGraphKernel.compactCoreKernelForm_core_apply' depends on axioms: [propext,
 Classical.choice,
 Quot.sound]
'Mock2FA.PaperCorrections.AutomorphicSobolev.CompactSeparableKernelPotential.FixedPhaseGraphKernel.compactCoreKernelNontrivialFredholmData' depends on axioms: [propext,
 Classical.choice,
 Quot.sound]
'Mock2FA.PaperCorrections.AutomorphicSobolev.GammaTwoQuotientGeometry.gammaTwoThreeCuspTruncation_isCompact' depends on axioms: [propext,
 Classical.choice,
 Quot.sound]
'Mock2FA.PaperCorrections.AutomorphicSobolev.GammaTwoQuotientGeometry.gammaTwoThreeCuspTruncation_frontier_null' depends on axioms: [propext,
 Classical.choice,
 Quot.sound]
'Mock2FA.PaperCorrections.AutomorphicSobolev.GammaTwoQuotientGeometry.gammaTwoThreeCuspFiniteTileCofinal' depends on axioms: [propext,
 Classical.choice,
 Quot.sound]
'Mock2FA.PaperCorrections.AutomorphicSobolev.GammaTwoQuotientGeometry.gammaTwoToSL2Real_isClosedEmbedding' depends on axioms: [propext,
 Classical.choice,
 Quot.sound]
'Mock2FA.PaperCorrections.AutomorphicSobolev.GammaTwoQuotientGeometry.gammaTwoEffective_finite_translates_inter_compact' depends on axioms: [propext,
 Classical.choice,
 Quot.sound]
'Mock2FA.PaperCorrections.AutomorphicSobolev.GammaTwoQuotientGeometry.gammaTwoEffective_stabilizer_finite' depends on axioms: [propext,
 Classical.choice,
 Quot.sound]
'Mock2FA.PaperCorrections.AutomorphicSobolev.GammaTwoQuotientGeometry.gammaTwoEffective_exists_compact_nhds_image_smul_eq_self' depends on axioms: [propext,
 Classical.choice,
 Quot.sound]
'Mock2FA.PaperCorrections.AutomorphicSobolev.GammaTwoQuotientGeometry.gammaTwo_compact_translates_locallyFinite' depends on axioms: [propext,
 Classical.choice,
 Quot.sound]
'Mock2FA.PaperCorrections.AutomorphicSobolev.GammaTwoQuotientGeometry.gammaTwoEffective_compact_translates_locallyFinite' depends on axioms: [propext,
 Classical.choice,
 Quot.sound]
'Mock2FA.PaperCorrections.AutomorphicSobolev.GammaTwoQuotientGeometry.modular_im_smul_le_heightEnvelope' depends on axioms: [propext,
 Classical.choice,
 Quot.sound]
'Mock2FA.PaperCorrections.AutomorphicSobolev.GammaTwoQuotientGeometry.compact_uniform_modularHeight' depends on axioms: [propext,
 Classical.choice,
 Quot.sound]
'Mock2FA.PaperCorrections.AutomorphicSobolev.GammaTwoQuotientGeometry.gammaTwoClosedCarrier_inter_preimage_isCompact' depends on axioms: [propext,
 Classical.choice,
 Quot.sound]
'Mock2FA.PaperCorrections.AutomorphicSobolev.GammaTwoQuotientGeometry.gammaTwoGeometricCompactCofinal_unconditional' depends on axioms: [propext,
 Classical.choice,
 Quot.sound]
'Mock2FA.PaperCorrections.AutomorphicSobolev.GammaTwoQuotientGeometry.gammaTwoThreeCuspCompactCofinal_unconditional' depends on axioms: [propext,
 Classical.choice,
 Quot.sound]
'Mock2FA.PaperCorrections.AutomorphicSobolev.GammaTwoQuotientGeometry.compact_relativeQuotientPreimage_subset_truncationInterior' depends on axioms: [propext,
 Classical.choice,
 Quot.sound]
'Mock2FA.PaperCorrections.AutomorphicSobolev.GammaTwoQuotientGeometry.gammaTwoGlobalCuspTruncation_exhausts_compacts' depends on axioms: [propext,
 Classical.choice,
 Quot.sound]
'Mock2FA.PaperCorrections.AutomorphicSobolev.SmoothCompactCoreGeometry.SmoothCompactCore.exists_quotientSupport_subset_threeCuspTruncation' depends on axioms: [propext,
 Classical.choice,
 Quot.sound]
'Mock2FA.PaperCorrections.AutomorphicSobolev.SmoothCompactCoreGeometry.SmoothCompactCore.exists_relativeQuotientSupport_subset_truncationInterior' depends on axioms: [propext,
 Classical.choice,
 Quot.sound]
'Mock2FA.PaperCorrections.AutomorphicSobolev.SmoothCompactCoreGeometry.SmoothCompactCore.exists_quotientSupport_subset_globalCuspTruncation' depends on axioms: [propext,
 Classical.choice,
 Quot.sound]
'Mock2FA.PaperCorrections.AutomorphicSobolev.HalfWeightDifferentialOperators.InverseEtaFixedPhaseCore.raise_covariance' depends on axioms: [propext,
 Classical.choice,
 Quot.sound]
'Mock2FA.PaperCorrections.AutomorphicSobolev.HalfWeightDifferentialOperators.InverseEtaFixedPhaseCore.lower_raise_factorization' depends on axioms: [propext,
 Classical.choice,
 Quot.sound]
'Mock2FA.PaperCorrections.AutomorphicSobolev.HalfIntegralMultiplier.factor_sq' depends on axioms: [propext,
 Classical.choice,
 Quot.sound]
'Mock2FA.PaperCorrections.AutomorphicSobolev.HalfWeightDifferentialOperators.inverseEtaPaperOrbitFactor_realSmooth' depends on axioms: [propext,
 Classical.choice,
 Quot.sound]
'Mock2FA.PaperCorrections.AutomorphicSobolev.HalfWeightDifferentialOperators.d1_inverseEtaPaperOrbitFactor' depends on axioms: [propext,
 Classical.choice,
 Quot.sound]
'Mock2FA.PaperCorrections.AutomorphicSobolev.HalfWeightDifferentialOperators.gammaTwoMoebiusCoordinate_eq_fraction' depends on axioms: [propext,
 Classical.choice,
 Quot.sound]
'Mock2FA.PaperCorrections.AutomorphicSobolev.HalfWeightDifferentialOperators.gammaTwoMoebiusChart_hasStrictDerivAt' depends on axioms: [propext,
 Classical.choice,
 Quot.sound]
'Mock2FA.PaperCorrections.AutomorphicSobolev.HalfWeightDifferentialOperators.d1_comp_gammaTwo_smul' depends on axioms: [propext,
 Classical.choice,
 Quot.sound]
'Mock2FA.PaperCorrections.AutomorphicSobolev.HalfWeightDifferentialOperators.wirtingerZ_comp_gammaTwo_smul' depends on axioms: [propext,
 Classical.choice,
 Quot.sound]
'Mock2FA.PaperCorrections.AutomorphicSobolev.HalfWeightDifferentialOperators.wirtingerBar_comp_gammaTwo_smul' depends on axioms: [propext,
 Classical.choice,
 Quot.sound]
'Mock2FA.PaperCorrections.AutomorphicSobolev.HalfWeightDifferentialOperators.raiseRaw_covariance_of_inverseEtaPaperOrbitCovariant' depends on axioms: [propext,
 Classical.choice,
 Quot.sound]
'Mock2FA.PaperCorrections.AutomorphicSobolev.HalfWeightDifferentialOperators.lowerRaw_covariance_of_inverseEtaPaperOrbitCovariant' depends on axioms: [propext,
 Classical.choice,
 Quot.sound]
'Mock2FA.PaperCorrections.AutomorphicSobolev.HalfWeightDifferentialOperators.FixedPhaseDifferentialWord.eval_covariant' depends on axioms: [propext,
 Classical.choice,
 Quot.sound]
'Mock2FA.PaperCorrections.AutomorphicSobolev.HalfWeightDifferentialOperators.mem_inverseEtaFixedPhaseStableCoreSubmodule_iff' depends on axioms: [propext,
 Classical.choice,
 Quot.sound]
'Mock2FA.PaperCorrections.AutomorphicSobolev.SmoothCompactCoreGeometry.HasQuotientCompactSupport.mul_right' depends on axioms: [propext,
 Classical.choice,
 Quot.sound]
'Mock2FA.PaperCorrections.AutomorphicSobolev.HalfWeightDifferentialOperators.invariantCutoffTimesOrbitSectionRaw_mem' depends on axioms: [propext,
 Classical.choice,
 Quot.sound]
'Mock2FA.PaperCorrections.AutomorphicSobolev.HalfWeightDifferentialOperators.invariantCutoffTimesOrbitSection_ne_zero' depends on axioms: [propext,
 Classical.choice,
 Quot.sound]
'Mock2FA.PaperCorrections.AutomorphicSobolev.ExplicitDiscriminantPotential.inverseEtaPaperOrbitZeroSeedSection_apply_ne_zero' depends on axioms: [propext,
 Classical.choice,
 Quot.sound]
'Mock2FA.PaperCorrections.AutomorphicSobolev.ExplicitDiscriminantPotential.compactInverseEtaFixedPhaseCoreZero_ne_zero' depends on axioms: [propext,
 Classical.choice,
 Quot.sound]
'Mock2FA.PaperCorrections.AutomorphicSobolev.HalfWeightCompactCoordinateGreen.compact_green_identity' depends on axioms: [propext,
 Classical.choice,
 Quot.sound]
'Mock2FA.PaperCorrections.AutomorphicSobolev.HalfWeightCompactCoordinateGreen.compact_lowering_green_identity' depends on axioms: [propext,
 Classical.choice,
 Quot.sound]
'Mock2FA.PaperCorrections.AutomorphicSobolev.HalfWeightCompactCoordinateGreen.compact_green_half_average_eq_zero' depends on axioms: [propext,
 Classical.choice,
 Quot.sound]
'Mock2FA.PaperCorrections.AutomorphicSobolev.HalfWeightCompactCoordinateGreen.coordinate_averaged_factorization' depends on axioms: [propext,
 Classical.choice,
 Quot.sound]
'Mock2FA.PaperCorrections.AutomorphicSobolev.GammaTwoQuotientGreenBoundary.gammaTwoClosedCarrierCompactPreimage' depends on axioms: [propext,
 Classical.choice,
 Quot.sound]
'Mock2FA.PaperCorrections.AutomorphicSobolev.GammaTwoQuotientGreenBoundary.gammaTwoQuotientCompactFluxTailTightness' depends on axioms: [propext,
 Classical.choice,
 Quot.sound]
'Mock2FA.PaperCorrections.AutomorphicSobolev.DefinitionOneSobolev.FixedPhaseGraphCompletion.denseRange_coreMap' depends on axioms: [propext,
 Classical.choice,
 Quot.sound]
'Mock2FA.PaperCorrections.AutomorphicSobolev.DefinitionOneSobolev.FixedPhaseGraphCompletion.paperPageFour_norm_sq' depends on axioms: [propext,
 Classical.choice,
 Quot.sound]
'Mock2FA.PaperCorrections.AutomorphicSobolev.DefinitionOneSobolev.FixedPhaseGraphCompletion.pageFourHOneEquivPageTwelveGraph' depends on axioms: [propext,
 Classical.choice,
 Quot.sound]
'Mock2FA.PaperCorrections.AutomorphicSobolev.FixedPhaseDensity.fixedPhaseCoreEquivSmoothCompactWeightCore' depends on axioms: [propext,
 Classical.choice,
 Quot.sound]
'Mock2FA.PaperCorrections.AutomorphicSobolev.FixedPhaseDensity.denseRange_l2Coordinate' depends on axioms: [propext,
 Classical.choice,
 Quot.sound]
'Mock2FA.PaperCorrections.AutomorphicSobolev.FixedPhaseDensity.denseRange_fullSmoothCoreL2Map' depends on axioms: [propext,
 Classical.choice,
 Quot.sound]
'Mock2FA.PaperCorrections.AutomorphicSobolev.FixedPhaseDensity.denseRange_fullSmoothCoreGraphMap' depends on axioms: [propext,
 Classical.choice,
 Quot.sound]
'Mock2FA.PaperCorrections.AutomorphicSobolev.FixedPhaseDensity.quotientCuspPartitionPiece_hasSum_one' depends on axioms: [propext,
 Classical.choice,
 Quot.sound]
'Mock2FA.PaperCorrections.AutomorphicSobolev.FixedPhaseDensity.exists_cutoff_eq_one_on_quotientTSupport' depends on axioms: [propext,
 Classical.choice,
 Quot.sound]
'Mock2FA.PaperCorrections.AutomorphicSobolev.FixedPhaseDensity.exists_exactCutoff_fixedPhase_lift' depends on axioms: [propext,
 Classical.choice,
 Quot.sound]
'Mock2FA.PaperCorrections.AutomorphicSobolev.FixedPhaseDensity.coreMap_cuspCutoffOperator_tendsto' depends on axioms: [propext,
 Classical.choice,
 Quot.sound]
'Mock2FA.PaperCorrections.AutomorphicSobolev.FixedPhaseDensity.dense_iUnion_range_coreMap_cuspCutoffOperator' depends on axioms: [propext,
 Classical.choice,
 Quot.sound]
'Mock2FA.PaperCorrections.AutomorphicSobolev.FixedPhaseDensity.exists_raiseCuspCutoffCommutator_eventually_eq_zero' depends on axioms: [propext,
 Classical.choice,
 Quot.sound]
'Mock2FA.PaperCorrections.AutomorphicSobolev.FixedPhaseDensity.potentialShellCoreZero_linearIndependent' depends on axioms: [propext,
 Classical.choice,
 Quot.sound]
'Mock2FA.PaperCorrections.AutomorphicSobolev.FixedPhaseDensity.inverseEtaFixedPhaseCoreZero_not_finiteDimensional' depends on axioms: [propext,
 Classical.choice,
 Quot.sound]
'Mock2FA.PaperCorrections.AutomorphicSobolev.FixedPhaseClosedOperators.physicalRaise_dense_domain' depends on axioms: [propext,
 Classical.choice,
 Quot.sound]
'Mock2FA.PaperCorrections.AutomorphicSobolev.FixedPhaseClosedOperators.physicalGreenIdentityAt_iff_isFormalAdjoint_negativeLower' depends on axioms: [propext,
 Classical.choice,
 Quot.sound]
'Mock2FA.PaperCorrections.AutomorphicSobolev.FixedPhaseClosedOperators.physicalRaise_isClosable' depends on axioms: [propext,
 Classical.choice,
 Quot.sound]
'Mock2FA.PaperCorrections.AutomorphicSobolev.FixedPhaseClosedOperators.physicalLowerFromSucc_isClosable' depends on axioms: [propext,
 Classical.choice,
 Quot.sound]
'Mock2FA.PaperCorrections.AutomorphicSobolev.FixedPhaseClosedOperators.closedRaise_isClosed' depends on axioms: [propext,
 Classical.choice,
 Quot.sound]
'Mock2FA.PaperCorrections.AutomorphicSobolev.FixedPhaseClosedOperators.closedRaise_le_negativeLower_adjoint' depends on axioms: [propext,
 Classical.choice,
 Quot.sound]
'Mock2FA.PaperCorrections.AutomorphicSobolev.FixedPhaseClosedOperators.physicalJointFromSucc_isClosable_of_components' depends on axioms: [propext,
 Classical.choice,
 Quot.sound]
'Mock2FA.PaperCorrections.AutomorphicSobolev.FixedPhaseClosedOperators.closedJointFromSucc_isClosed' depends on axioms: [propext,
 Classical.choice,
 Quot.sound]
'Mock2FA.PaperCorrections.AutomorphicSobolev.FixedPhaseClosedOperators.all_physical_operators_closable_of_pairedPolygon' depends on axioms: [propext,
 Classical.choice,
 Quot.sound]
'Mock2FA.PaperCorrections.AutomorphicSobolev.CompactSeparableKernelPotential.GeometricKernelSupport.explicitQuotientKernel_at_I_ne_zero' depends on axioms: [propext,
 Classical.choice,
 Quot.sound]
'Mock2FA.PaperCorrections.AutomorphicSobolev.CompactSeparableKernelPotential.GeometricKernelSupport.explicitQuotientKernel_hasCompactSupport' depends on axioms: [propext,
 Classical.choice,
 Quot.sound]
'Mock2FA.PaperCorrections.AutomorphicSobolev.CompactSeparableKernelPotential.GeometricKernelSupport.explicitQuotientKernel_eq_zero_outside_truncationProduct' depends on axioms: [propext,
 Classical.choice,
 Quot.sound]
PrimalitySheafVerification/Mock2_FunctionalAnalysis.lean:26518:29: warning: try 'simp' instead of 'simpa'

Note: This linter can be disabled with `set_option linter.unnecessarySimpa false`
PrimalitySheafVerification/Mock2_FunctionalAnalysis.lean:26520:4: warning: try 'simp' instead of 'simpa'

Note: This linter can be disabled with `set_option linter.unnecessarySimpa false`
PrimalitySheafVerification/Mock2_FunctionalAnalysis.lean:26534:2: warning: `push_neg` has been deprecated. Prefer using `push Not` instead.
If you'd rather continue using `push_neg` in your project, you can implement it as follows:
```
open Lean.Parser.Tactic in
macro "push_neg" cfg:optConfig loc:(location)? : tactic =>
  `(tactic| push $cfg:optConfig Not $[$loc]?)
```
PrimalitySheafVerification/Mock2_FunctionalAnalysis.lean:26631:2: warning: `push_neg` has been deprecated. Prefer using `push Not` instead.
If you'd rather continue using `push_neg` in your project, you can implement it as follows:
```
open Lean.Parser.Tactic in
macro "push_neg" cfg:optConfig loc:(location)? : tactic =>
  `(tactic| push $cfg:optConfig Not $[$loc]?)
```
PrimalitySheafVerification/Mock2_FunctionalAnalysis.lean:26702:4: warning: 'change star (inverseEtaPaperOrbitDenom γ z ^ 2) = star (inverseEtaPaperOrbitDenom γ z) ^ 2' tactic does nothing

Note: This linter can be disabled with `set_option linter.unusedTactic false`
PrimalitySheafVerification/Mock2_FunctionalAnalysis.lean:26814:6: warning: 'ring' tactic does nothing

Note: This linter can be disabled with `set_option linter.unusedTactic false`
PrimalitySheafVerification/Mock2_FunctionalAnalysis.lean:26814:6: warning: this tactic is never executed

Note: This linter can be disabled with `set_option linter.unreachableTactic false`
PrimalitySheafVerification/Mock2_FunctionalAnalysis.lean:26877:18: warning: 'omega' tactic does nothing

Note: This linter can be disabled with `set_option linter.unusedTactic false`
PrimalitySheafVerification/Mock2_FunctionalAnalysis.lean:26877:18: warning: this tactic is never executed

Note: This linter can be disabled with `set_option linter.unreachableTactic false`
PrimalitySheafVerification/Mock2_FunctionalAnalysis.lean:27142:0: warning: Definition `Mock2FA.PaperCorrections.AutomorphicSobolev.ExplicitDiscriminantPotential.inverseEtaFixedPhaseCoreNontrivial` of class type is semireducible. Most type class instances should be instance-reducible, so consider marking this
definition with `@[instance_reducible]`. If it is intentionally semireducible, this warning can be disabled with `set_option warn.classDefReducibility false`.
PrimalitySheafVerification/Mock2_FunctionalAnalysis.lean:27142:0: warning: Definition `inverseEtaFixedPhaseCoreNontrivial` is a proposition; use `theorem` instead of `def`

Note: This linter can be disabled with `set_option linter.defProp false`
'Mock2FA.PaperCorrections.AutomorphicSobolev.ExplicitDiscriminantPotential.exists_fderiv_upstairsCoreCutoff_ne_zero' depends on axioms: [propext,
 Classical.choice,
 Quot.sound]
'Mock2FA.PaperCorrections.AutomorphicSobolev.ExplicitDiscriminantPotential.fixedPhasePositiveWeightGenerator_covariance' depends on axioms: [propext,
 Classical.choice,
 Quot.sound]
'Mock2FA.PaperCorrections.AutomorphicSobolev.ExplicitDiscriminantPotential.fixedPhaseNegativeWeightGenerator_covariance' depends on axioms: [propext,
 Classical.choice,
 Quot.sound]
'Mock2FA.PaperCorrections.AutomorphicSobolev.ExplicitDiscriminantPotential.fixedPhaseIntegralWeightFactor_covariance' depends on axioms: [propext,
 Classical.choice,
 Quot.sound]
'Mock2FA.PaperCorrections.AutomorphicSobolev.ExplicitDiscriminantPotential.inverseEtaPaperOrbitAllIndexSeedSection_at_point_ne_zero' depends on axioms: [propext,
 Classical.choice,
 Quot.sound]
'Mock2FA.PaperCorrections.AutomorphicSobolev.ExplicitDiscriminantPotential.compactInverseEtaFixedPhaseCoreAllIndex_ne_zero' depends on axioms: [propext,
 Classical.choice,
 Quot.sound]
'Mock2FA.PaperCorrections.AutomorphicSobolev.ExplicitDiscriminantPotential.exists_ne_zero_inverseEtaFixedPhaseCore' depends on axioms: [propext,
 Classical.choice,
 Quot.sound]
'Mock2FA.PaperCorrections.AutomorphicSobolev.FixedPhaseClosedOperators.PhysicalLocalL2.orbitEuclidean_eq_zero_of_ambient_test_pairings' depends on axioms: [propext,
 Classical.choice,
 Quot.sound]
'Mock2FA.PaperCorrections.AutomorphicSobolev.FixedPhaseClosedOperators.physicalRaise_isClosable' depends on axioms: [propext,
 Classical.choice,
 Quot.sound]
'Mock2FA.PaperCorrections.AutomorphicSobolev.FixedPhaseClosedOperators.physicalLowerFromSucc_isClosable' depends on axioms: [propext,
 Classical.choice,
 Quot.sound]
'Mock2FA.PaperCorrections.AutomorphicSobolev.FixedPhaseClosedOperators.physicalJointFromSucc_isClosable' depends on axioms: [propext,
 Classical.choice,
 Quot.sound]
'Mock2FA.PaperCorrections.AutomorphicSobolev.FixedPhaseClosedOperators.closedRaise_isClosed' depends on axioms: [propext,
 Classical.choice,
 Quot.sound]
'Mock2FA.PaperCorrections.AutomorphicSobolev.FixedPhaseClosedOperators.closedLowerFromSucc_isClosed' depends on axioms: [propext,
 Classical.choice,
 Quot.sound]
'Mock2FA.PaperCorrections.AutomorphicSobolev.FixedPhaseClosedOperators.closedJointFromSucc_isClosed' depends on axioms: [propext,
 Classical.choice,
 Quot.sound]
'Mock2FA.PaperCorrections.AutomorphicSobolev.FixedPhaseClosedOperators.all_physical_operators_closable' depends on axioms: [propext,
 Classical.choice,
 Quot.sound]
'Mock2FA.PaperCorrections.AutomorphicSobolev.FixedPhaseClosedOperators.physicalRaise_adjoint_adjoint_eq_closedRaise' depends on axioms: [propext,
 Classical.choice,
 Quot.sound]
'Mock2FA.PaperCorrections.AutomorphicSobolev.FixedPhaseClosedOperators.physicalLowerFromSucc_adjoint_adjoint_eq_closedLowerFromSucc' depends on axioms: [propext,
 Classical.choice,
 Quot.sound]
'Mock2FA.PaperCorrections.AutomorphicSobolev.FixedPhaseClosedOperators.physicalJointFromSucc_adjoint_adjoint_eq_closedJointFromSucc' depends on axioms: [propext,
 Classical.choice,
 Quot.sound]
'Mock2FA.PaperCorrections.AutomorphicSobolev.FixedPhaseClosedOperators.physicalRaise_le_adjoint_adjoint' depends on axioms: [propext,
 Classical.choice,
 Quot.sound]
'Mock2FA.PaperCorrections.AutomorphicSobolev.FixedPhaseClosedOperators.physicalLowerFromSucc_le_adjoint_adjoint' depends on axioms: [propext,
 Classical.choice,
 Quot.sound]
'Mock2FA.PaperCorrections.AutomorphicSobolev.FixedPhaseClosedOperators.physicalJointFromSucc_le_adjoint_adjoint' depends on axioms: [propext,
 Classical.choice,
 Quot.sound]
'Mock2FA.PaperCorrections.AutomorphicSobolev.FixedPhaseClosedOperators.quotientCoordinates_jointlyClosable_of_jointGraph' depends on axioms: [propext,
 Classical.choice,
 Quot.sound]
'Mock2FA.PaperCorrections.AutomorphicSobolev.FixedPhaseClosedOperators.coordinates_jointlyClosable' depends on axioms: [propext,
 Classical.choice,
 Quot.sound]
'Mock2FA.PaperCorrections.AutomorphicSobolev.FixedPhaseClosedOperators.successorGraphUnwrap_image_range_graphExtension_eq_closedJointGraph' depends on axioms: [propext,
 Classical.choice,
 Quot.sound]
'Mock2FA.PaperCorrections.AutomorphicSobolev.GammaTwoQuotientGreenBoundary.closedCarrier_mem_diff_threeCuspTruncation_of_mem_laterHorocycle' depends on axioms: [propext,
 Classical.choice,
 Quot.sound]
'Mock2FA.PaperCorrections.AutomorphicSobolev.GammaTwoQuotientGreenBoundary.HasZeroThreeCuspTail.eventually_selectedHorocycle_fluxIntegral_eq_zero' depends on axioms: [propext,
 Classical.choice,
 Quot.sound]
'Mock2FA.PaperCorrections.AutomorphicSobolev.DefinitionOneSobolev.FixedPhasePeterssonCoordinates.fixedPhaseGreenFlux_hasZeroThreeCuspTail' depends on axioms: [propext,
 Classical.choice,
 Quot.sound]
'Mock2FA.PaperCorrections.AutomorphicSobolev.DefinitionOneSobolev.FixedPhasePeterssonCoordinates.fixedPhaseGreenFlux_eventually_selectedHorocycle_integral_eq_zero' depends on axioms: [propext,
 Classical.choice,
 Quot.sound]
'Mock2FA.PaperCorrections.AutomorphicSobolev.FixedPhaseClosedOperators.physicalRaisingGreenIdentityOnCore' depends on axioms: [propext,
 Classical.choice,
 Quot.sound]
'Mock2FA.PaperCorrections.AutomorphicSobolev.FixedPhaseClosedOperators.physicalLoweringGreenIdentityOnCore' depends on axioms: [propext,
 Classical.choice,
 Quot.sound]
'Mock2FA.PaperCorrections.AutomorphicSobolev.FixedPhaseClosedOperators.physicalGreenHalfAverageOnCore' depends on axioms: [propext,
 Classical.choice,
 Quot.sound]
'Mock2FA.PaperCorrections.AutomorphicSobolev.FixedPhaseClosedOperators.closure_eq_iff_isEssentialGraphCoreFor' depends on axioms: [propext,
 Classical.choice,
 Quot.sound]
'Mock2FA.PaperCorrections.AutomorphicSobolev.FixedPhaseClosedOperators.eq_domRestrict_of_le' depends on axioms: [propext,
 Classical.choice,
 Quot.sound]
'Mock2FA.PaperCorrections.AutomorphicSobolev.FixedPhaseClosedOperators.strongCrossAdjointAt_iff_essentialCores' depends on axioms: [propext,
 Classical.choice,
 Quot.sound]
'Mock2FA.PaperCorrections.AutomorphicSobolev.FixedPhaseClosedOperators.strongCrossAdjointAt_iff_maximalAdjointsHavePhysicalCores' depends on axioms: [propext,
 Classical.choice,
 Quot.sound]
'Mock2FA.PaperCorrections.AutomorphicSobolev.FixedPhaseClosedOperators.strongCrossAdjointAt_iff_reverseInclusions' depends on axioms: [propext,
 Classical.choice,
 Quot.sound]
PrimalitySheafVerification/Mock2_FunctionalAnalysis.lean:28337:25: warning: This simp argument is unused:
  one_mul

Hint: Omit it from the simp argument list.
  [apply] simp only [mul_smul, one_smul]

Note: This linter can be disabled with `set_option linter.unusedSimpArgs false`
PrimalitySheafVerification/Mock2_FunctionalAnalysis.lean:28517:6: warning: 'change
  (∫ w, upperLift f w ∂((volume.restrict (Set.range UpperHalfPlane.coe)).restrict (UpperHalfPlane.coe '' s))) =
    ∫ w, upperLift f w ∂((volume : Measure ℂ).restrict (UpperHalfPlane.coe '' s))' tactic does nothing

Note: This linter can be disabled with `set_option linter.unusedTactic false`
PrimalitySheafVerification/Mock2_FunctionalAnalysis.lean:28560:13: warning: Variable name `hx` is not explicitly referenced.

Hint: The binding can be removed (if unused) or named `_` (if used implicitly). Alternatively, prefix the name with `_` to silence this warning:
  [apply] _hx

Note: This linter can be disabled with `set_option linter.unusedVariables false`
PrimalitySheafVerification/Mock2_FunctionalAnalysis.lean:28577:51: warning: 'ring' tactic does nothing

Note: This linter can be disabled with `set_option linter.unusedTactic false`
PrimalitySheafVerification/Mock2_FunctionalAnalysis.lean:28577:51: warning: this tactic is never executed

Note: This linter can be disabled with `set_option linter.unreachableTactic false`
PrimalitySheafVerification/Mock2_FunctionalAnalysis.lean:28644:22: warning: `Set.mem_setOf_eq` has been deprecated: Use `Set.mem_ofPred_eq` instead
PrimalitySheafVerification/Mock2_FunctionalAnalysis.lean:28759:31: warning: This simp argument is unused:
  pow_two

Hint: Omit it from the simp argument list.
  [apply] simp only [Complex.normSq_apply, UpperHalfPlane.coe_re, UpperHalfPlane.coe_im] at hnorm

Note: This linter can be disabled with `set_option linter.unusedSimpArgs false`
Try this:
  [apply] ring_nf
  
  The `ring` tactic failed to close the goal. Use `ring_nf` to obtain a normal form.
    
  Note that `ring` works primarily in *commutative* rings. If you have a noncommutative ring, abelian group or module, consider using `noncomm_ring`, `abel` or `module` instead.
PrimalitySheafVerification/Mock2_FunctionalAnalysis.lean:28869:14: warning: This simp argument is unused:
  curvedTileRectangleMap

Hint: Omit it from the simp argument list.
  [apply] simp [curvedTileJacobian, smul_smul, add_comm, mul_comm, mul_left_comm, mul_assoc]

Note: This linter can be disabled with `set_option linter.unusedSimpArgs false`
PrimalitySheafVerification/Mock2_FunctionalAnalysis.lean:28870:27: warning: This simp argument is unused:
  mul_comm

Hint: Omit it from the simp argument list.
  [apply] simp [curvedTileRectangleMap, curvedTileJacobian, smul_smul, add_comm, mul_left_comm, mul_assoc]

Note: This linter can be disabled with `set_option linter.unusedSimpArgs false`
PrimalitySheafVerification/Mock2_FunctionalAnalysis.lean:28870:37: warning: This simp argument is unused:
  mul_left_comm

Hint: Omit it from the simp argument list.
  [apply] simp [curvedTileRectangleMap, curvedTileJacobian, smul_smul, add_comm, mul_comm, mul_assoc]

Note: This linter can be disabled with `set_option linter.unusedSimpArgs false`
PrimalitySheafVerification/Mock2_FunctionalAnalysis.lean:28870:52: warning: This simp argument is unused:
  mul_assoc

Hint: Omit it from the simp argument list.
  [apply] simp [curvedTileRectangleMap, curvedTileJacobian, smul_smul, add_comm, mul_comm, mul_left_comm]

Note: This linter can be disabled with `set_option linter.unusedSimpArgs false`
PrimalitySheafVerification/Mock2_FunctionalAnalysis.lean:28871:13: warning: Used `tac1 <;> tac2` where `(tac1; tac2)` would suffice

Note: This linter can be disabled with `set_option linter.unnecessarySeqFocus false`
PrimalitySheafVerification/Mock2_FunctionalAnalysis.lean:28909:4: warning: 'simp [curvedTileRectangleMap, curvedTileJacobian, Function.comp_apply, sub_eq_add_neg]' tactic does nothing

Note: This linter can be disabled with `set_option linter.unusedTactic false`
PrimalitySheafVerification/Mock2_FunctionalAnalysis.lean:28909:4: warning: this tactic is never executed

Note: This linter can be disabled with `set_option linter.unreachableTactic false`
PrimalitySheafVerification/Mock2_FunctionalAnalysis.lean:28930:10: warning: This simp argument is unused:
  curvedTileJacobian

Hint: Omit it from the simp argument list.
  [apply] simp [sub_eq_add_neg]

Note: This linter can be disabled with `set_option linter.unusedSimpArgs false`
PrimalitySheafVerification/Mock2_FunctionalAnalysis.lean:28929:49: warning: Used `tac1 <;> tac2` where `(tac1; tac2)` would suffice

Note: This linter can be disabled with `set_option linter.unnecessarySeqFocus false`
PrimalitySheafVerification/Mock2_FunctionalAnalysis.lean:29264:4: warning: 'simp [curvedTilePiolaX, Complex.real_smul, Function.comp_apply, sub_eq_add_neg]' tactic does nothing

Note: This linter can be disabled with `set_option linter.unusedTactic false`
PrimalitySheafVerification/Mock2_FunctionalAnalysis.lean:29266:4: warning: 'ring' tactic does nothing

Note: This linter can be disabled with `set_option linter.unusedTactic false`
PrimalitySheafVerification/Mock2_FunctionalAnalysis.lean:29264:4: warning: this tactic is never executed

Note: This linter can be disabled with `set_option linter.unreachableTactic false`
PrimalitySheafVerification/Mock2_FunctionalAnalysis.lean:29266:4: warning: this tactic is never executed

Note: This linter can be disabled with `set_option linter.unreachableTactic false`
PrimalitySheafVerification/Mock2_FunctionalAnalysis.lean:29296:10: warning: This simp argument is unused:
  curvedTilePiolaY

Hint: Omit it from the simp argument list.
  [apply] simp [Function.comp_apply, Complex.real_smul, sub_eq_add_neg]

Note: This linter can be disabled with `set_option linter.unusedSimpArgs false`
PrimalitySheafVerification/Mock2_FunctionalAnalysis.lean:29297:6: warning: This simp argument is unused:
  Complex.real_smul

Hint: Omit it from the simp argument list.
  [apply] simp [curvedTilePiolaY, Function.comp_apply, sub_eq_add_neg]

Note: This linter can be disabled with `set_option linter.unusedSimpArgs false`
PrimalitySheafVerification/Mock2_FunctionalAnalysis.lean:29295:21: warning: Used `tac1 <;> tac2` where `(tac1; tac2)` would suffice

Note: This linter can be disabled with `set_option linter.unnecessarySeqFocus false`
PrimalitySheafVerification/Mock2_FunctionalAnalysis.lean:29297:41: warning: Used `tac1 <;> tac2` where `(tac1; tac2)` would suffice

Note: This linter can be disabled with `set_option linter.unnecessarySeqFocus false`
PrimalitySheafVerification/Mock2_FunctionalAnalysis.lean:29316:4: warning: 'simp [curvedTilePiolaX, curvedTileJacobian, Function.comp_apply, sub_eq_add_neg]' tactic does nothing

Note: This linter can be disabled with `set_option linter.unusedTactic false`
PrimalitySheafVerification/Mock2_FunctionalAnalysis.lean:29316:4: warning: this tactic is never executed

Note: This linter can be disabled with `set_option linter.unreachableTactic false`
PrimalitySheafVerification/Mock2_FunctionalAnalysis.lean:29344:4: warning: 'simp [curvedTilePiolaY, Function.comp_apply, Complex.real_smul, sub_eq_add_neg]' tactic does nothing

Note: This linter can be disabled with `set_option linter.unusedTactic false`
PrimalitySheafVerification/Mock2_FunctionalAnalysis.lean:29344:4: warning: this tactic is never executed

Note: This linter can be disabled with `set_option linter.unreachableTactic false`
PrimalitySheafVerification/Mock2_FunctionalAnalysis.lean:29386:10: warning: 'simp [Function.comp_apply]' tactic does nothing

Note: This linter can be disabled with `set_option linter.unusedTactic false`
PrimalitySheafVerification/Mock2_FunctionalAnalysis.lean:29397:10: warning: 'simp [Function.comp_apply]' tactic does nothing

Note: This linter can be disabled with `set_option linter.unusedTactic false`
PrimalitySheafVerification/Mock2_FunctionalAnalysis.lean:29386:10: warning: this tactic is never executed

Note: This linter can be disabled with `set_option linter.unreachableTactic false`
PrimalitySheafVerification/Mock2_FunctionalAnalysis.lean:29397:10: warning: this tactic is never executed

Note: This linter can be disabled with `set_option linter.unreachableTactic false`
PrimalitySheafVerification/Mock2_FunctionalAnalysis.lean:29522:6: warning: try 'simp' instead of 'simpa'

Note: This linter can be disabled with `set_option linter.unnecessarySimpa false`
Try this:
  [apply] ring_nf
  
  The `ring` tactic failed to close the goal. Use `ring_nf` to obtain a normal form.
    
  Note that `ring` works primarily in *commutative* rings. If you have a noncommutative ring, abelian group or module, consider using `noncomm_ring`, `abel` or `module` instead.
'Mock2FA.PaperCorrections.AutomorphicSobolev.GammaTwoCurvilinearTileStokes.setIntegral_heightSq_mul_hyperbolic_eq_complexImage' depends on axioms: [propext,
 Classical.choice,
 Quot.sound]
'Mock2FA.PaperCorrections.AutomorphicSobolev.GammaTwoCurvilinearTileStokes.integral_modularCurvedTileTruncation_eq_rectangle' depends on axioms: [propext,
 Classical.choice,
 Quot.sound]
'Mock2FA.PaperCorrections.AutomorphicSobolev.GammaTwoCurvilinearTileStokes.integrableOn_heightSq_modularClosedTile_iff_rectangle' depends on axioms: [propext,
 Classical.choice,
 Quot.sound]
'Mock2FA.PaperCorrections.AutomorphicSobolev.GammaTwoCurvilinearTileStokes.integral_rectangle_piola_divergence_eq_boundary' depends on axioms: [propext,
 Classical.choice,
 Quot.sound]
'Mock2FA.PaperCorrections.AutomorphicSobolev.GammaTwoCurvilinearTileStokes.curvedTilePiolaBoundaryIntegral_eq_baseModular' depends on axioms: [propext,
 Classical.choice,
 Quot.sound]
'Mock2FA.PaperCorrections.AutomorphicSobolev.GammaTwoCurvilinearTileStokes.setIntegral_heightSq_divergence_modularClosedTile_eq_boundary' depends on axioms: [propext,
 Classical.choice,
 Quot.sound]
PrimalitySheafVerification/Mock2_FunctionalAnalysis.lean:30036:53: warning: This simp argument is unused:
  hdet

Hint: Omit it from the simp argument list.
  [apply] simp [UpperHalfPlane.smulFDeriv, UpperHalfPlane.σ, selectedCosetDerivative, selectedCosetDenom,
    selectedCosetGL_det, smul_eq_mul]

Note: This linter can be disabled with `set_option linter.unusedSimpArgs false`
PrimalitySheafVerification/Mock2_FunctionalAnalysis.lean:30056:2: warning: Try this: 
  letI̵

The goal is a proposition, so `let` is preferred over `letI`.
The difference between `let` and `letI` is that `letI` inlines the value.
But this is not relevant for proofs because of proof irrelevance.

Note: This linter can be disabled with `set_option linter.style.haveILetI false`
PrimalitySheafVerification/Mock2_FunctionalAnalysis.lean:30074:2: warning: Try this: 
  letI̵

The goal is a proposition, so `let` is preferred over `letI`.
The difference between `let` and `letI` is that `letI` inlines the value.
But this is not relevant for proofs because of proof irrelevance.

Note: This linter can be disabled with `set_option linter.style.haveILetI false`
PrimalitySheafVerification/Mock2_FunctionalAnalysis.lean:30089:41: warning: This simp argument is unused:
  Function.comp_def

Hint: Omit it from the simp argument list.
  [apply] simp [upperLift, selectedCosetDenom, UpperHalfPlane.ofComplex_apply_of_im_pos hw]

Note: This linter can be disabled with `set_option linter.unusedSimpArgs false`
PrimalitySheafVerification/Mock2_FunctionalAnalysis.lean:30133:12: warning: This simp argument is unused:
  Function.comp_apply

Hint: Omit it from the simp argument list.
  [apply] simp [mul_comm, mul_left_comm, mul_assoc]

Note: This linter can be disabled with `set_option linter.unusedSimpArgs false`
PrimalitySheafVerification/Mock2_FunctionalAnalysis.lean:30133:43: warning: This simp argument is unused:
  mul_left_comm

Hint: Omit it from the simp argument list.
  [apply] simp [Function.comp_apply, mul_comm, mul_assoc]

Note: This linter can be disabled with `set_option linter.unusedSimpArgs false`
PrimalitySheafVerification/Mock2_FunctionalAnalysis.lean:30141:6: warning: This simp argument is unused:
  Function.comp_def

Hint: Omit it from the simp argument list.
  [apply] simp [upperLift, selectedCosetDerivative, selectedCosetDenom, UpperHalfPlane.ofComplex_apply_of_im_pos hw,
    zpow_neg, one_div]

Note: This linter can be disabled with `set_option linter.unusedSimpArgs false`
PrimalitySheafVerification/Mock2_FunctionalAnalysis.lean:30132:65: warning: Used `tac1 <;> tac2` where `(tac1; tac2)` would suffice

Note: This linter can be disabled with `set_option linter.unnecessarySeqFocus false`
PrimalitySheafVerification/Mock2_FunctionalAnalysis.lean:30386:37: warning: This simp argument is unused:
  sub_zero

Hint: Omit it from the simp argument list.
  [apply] simp only [Complex.mul_re, Complex.mul_im, Complex.I_re, Complex.I_im, mul_zero, mul_one, zero_mul, add_zero]

Note: This linter can be disabled with `set_option linter.unusedSimpArgs false`
PrimalitySheafVerification/Mock2_FunctionalAnalysis.lean:30386:47: warning: This simp argument is unused:
  zero_mul

Hint: Omit it from the simp argument list.
  [apply] simp only [Complex.mul_re, Complex.mul_im, Complex.I_re, Complex.I_im, mul_zero, mul_one, sub_zero, add_zero]

Note: This linter can be disabled with `set_option linter.unusedSimpArgs false`
Try this:
  [apply] ring_nf
  
  The `ring` tactic failed to close the goal. Use `ring_nf` to obtain a normal form.
    
  Note that `ring` works primarily in *commutative* rings. If you have a noncommutative ring, abelian group or module, consider using `noncomm_ring`, `abel` or `module` instead.
PrimalitySheafVerification/Mock2_FunctionalAnalysis.lean:30472:6: warning: 'ring' tactic does nothing

Note: This linter can be disabled with `set_option linter.unusedTactic false`
PrimalitySheafVerification/Mock2_FunctionalAnalysis.lean:30472:6: warning: this tactic is never executed

Note: This linter can be disabled with `set_option linter.unreachableTactic false`
PrimalitySheafVerification/Mock2_FunctionalAnalysis.lean:30563:2: warning: try 'simp' instead of 'simpa'

Note: This linter can be disabled with `set_option linter.unnecessarySimpa false`
'Mock2FA.PaperCorrections.AutomorphicSobolev.GammaTwoMoebiusPiola.selectedCoset_smulFDeriv_apply' depends on axioms: [propext,
 Classical.choice,
 Quot.sound]
'Mock2FA.PaperCorrections.AutomorphicSobolev.GammaTwoMoebiusPiola.selectedCosetAmbientMap_hasStrictFDerivAt' depends on axioms: [propext,
 Classical.choice,
 Quot.sound]
'Mock2FA.PaperCorrections.AutomorphicSobolev.GammaTwoMoebiusPiola.selectedCosetPiola_fluxOneFormValue' depends on axioms: [propext,
 Classical.choice,
 Quot.sound]
'Mock2FA.PaperCorrections.AutomorphicSobolev.GammaTwoMoebiusPiola.selectedCosetPiolaX_realSmooth' depends on axioms: [propext,
 Classical.choice,
 Quot.sound]
'Mock2FA.PaperCorrections.AutomorphicSobolev.GammaTwoMoebiusPiola.selectedCosetPiolaY_realSmooth' depends on axioms: [propext,
 Classical.choice,
 Quot.sound]
'Mock2FA.PaperCorrections.AutomorphicSobolev.GammaTwoMoebiusPiola.divergence_selectedCosetPiola' depends on axioms: [propext,
 Classical.choice,
 Quot.sound]
'Mock2FA.PaperCorrections.AutomorphicSobolev.GammaTwoMoebiusPiola.integral_complexImage_selectedCoset_smul_eq_jacobian' depends on axioms: [propext,
 Classical.choice,
 Quot.sound]
'Mock2FA.PaperCorrections.AutomorphicSobolev.GammaTwoMoebiusPiola.integral_divergence_selectedHalfOpenTile_eq_piola' depends on axioms: [propext,
 Classical.choice,
 Quot.sound]
'Mock2FA.PaperCorrections.AutomorphicSobolev.GammaTwoMoebiusPiola.integral_heightSq_divergence_selectedHalfOpenTile_eq_basePiola' depends on axioms: [propext,
 Classical.choice,
 Quot.sound]
PrimalitySheafVerification/Mock2_FunctionalAnalysis.lean:31162:4: warning: try 'simp' instead of 'simpa'

Note: This linter can be disabled with `set_option linter.unnecessarySimpa false`
'Mock2FA.PaperCorrections.AutomorphicSobolev.GammaTwoOrientedBoundaryIntegral.fluxOneFormCLM_apply' depends on axioms: [propext,
 Classical.choice,
 Quot.sound]
'Mock2FA.PaperCorrections.AutomorphicSobolev.GammaTwoOrientedBoundaryIntegral.upperFluxCurveIntegral_symm' depends on axioms: [propext,
 Classical.choice,
 Quot.sound]
'Mock2FA.PaperCorrections.AutomorphicSobolev.GammaTwoOrientedBoundaryIntegral.upperFluxCurveIntegral_trans' depends on axioms: [propext,
 Classical.choice,
 Quot.sound]
'Mock2FA.PaperCorrections.AutomorphicSobolev.GammaTwoOrientedBoundaryIntegral.orientedFluxParameterIntegral_gammaTwo' depends on axioms: [propext,
 Classical.choice,
 Quot.sound]
'Mock2FA.PaperCorrections.AutomorphicSobolev.GammaTwoOrientedBoundaryIntegral.orientedFluxSetIntegral_diff_finite' depends on axioms: [propext,
 Classical.choice,
 Quot.sound]
'Mock2FA.PaperCorrections.AutomorphicSobolev.GammaTwoOrientedBoundaryIntegral.modularCircularArc_velocityDenominator_ne_zero' depends on axioms: [propext,
 Classical.choice,
 Quot.sound]
'Mock2FA.PaperCorrections.AutomorphicSobolev.GammaTwoOrientedBoundaryIntegral.modularCircularArc_flux_formula' depends on axioms: [propext,
 Classical.choice,
 Quot.sound]
'Mock2FA.PaperCorrections.AutomorphicSobolev.GammaTwoOrientedBoundaryIntegral.baseHorocycle_fluxIntegral_formula' depends on axioms: [propext,
 Classical.choice,
 Quot.sound]
'Mock2FA.PaperCorrections.AutomorphicSobolev.GammaTwoOrientedBoundaryIntegral.invariantFlux_actualPairedEdge_integral_cancel' depends on axioms: [propext,
 Classical.choice,
 Quot.sound]
'Mock2FA.PaperCorrections.AutomorphicSobolev.GammaTwoOrientedBoundaryIntegral.ComplexBoundaryChain.append_reverse_fluxIntegral_eq_zero' depends on axioms: [propext,
 Classical.choice,
 Quot.sound]
'Mock2FA.PaperCorrections.AutomorphicSobolev.GammaTwoOrientedBoundaryIntegral.rectangle_flux_stokes' depends on axioms: [propext,
 Classical.choice,
 Quot.sound]
'Mock2FA.PaperCorrections.AutomorphicSobolev.FixedPhaseEssentialCoreAudit.isEssentialGraphCoreFor_iff_hasSequentialGraphCore' depends on axioms: [propext,
 Classical.choice,
 Quot.sound]
'Mock2FA.PaperCorrections.AutomorphicSobolev.FixedPhaseEssentialCoreAudit.raisingEssentialAdjointCoreAt_iff_sequentialApproximation' depends on axioms: [propext,
 Classical.choice,
 Quot.sound]
'Mock2FA.PaperCorrections.AutomorphicSobolev.FixedPhaseEssentialCoreAudit.loweringEssentialAdjointCoreAt_iff_sequentialApproximation' depends on axioms: [propext,
 Classical.choice,
 Quot.sound]
'Mock2FA.PaperCorrections.AutomorphicSobolev.FixedPhaseEssentialCoreAudit.strongCrossAdjointAt_iff_sequentialApproximations' depends on axioms: [propext,
 Classical.choice,
 Quot.sound]
PrimalitySheafVerification/Mock2_FunctionalAnalysis.lean:31666:57: warning: This simp argument is unused:
  zero_mul

Hint: Omit it from the simp argument list.
  [apply] simp only [Complex.add_re, Complex.add_im, Complex.ofReal_re, Complex.ofReal_im, Complex.mul_re,
    Complex.mul_im, Complex.I_re, Complex.I_im, mul_zero, mul_one, sub_zero, add_zero, zero_add]

Note: This linter can be disabled with `set_option linter.unusedSimpArgs false`
PrimalitySheafVerification/Mock2_FunctionalAnalysis.lean:31696:2: warning: try 'simp' instead of 'simpa'

Note: This linter can be disabled with `set_option linter.unnecessarySimpa false`
PrimalitySheafVerification/Mock2_FunctionalAnalysis.lean:31718:2: warning: Try this: 
  letI̵

The goal is a proposition, so `let` is preferred over `letI`.
The difference between `let` and `letI` is that `letI` inlines the value.
But this is not relevant for proofs because of proof irrelevance.

Note: This linter can be disabled with `set_option linter.style.haveILetI false`
PrimalitySheafVerification/Mock2_FunctionalAnalysis.lean:31719:2: warning: Try this: 
  letI̵

The goal is a proposition, so `let` is preferred over `letI`.
The difference between `let` and `letI` is that `letI` inlines the value.
But this is not relevant for proofs because of proof irrelevance.

Note: This linter can be disabled with `set_option linter.style.haveILetI false`
PrimalitySheafVerification/Mock2_FunctionalAnalysis.lean:32006:6: warning: try 'simp' instead of 'simpa'

Note: This linter can be disabled with `set_option linter.unnecessarySimpa false`
PrimalitySheafVerification/Mock2_FunctionalAnalysis.lean:32051:6: warning: try 'simp' instead of 'simpa'

Note: This linter can be disabled with `set_option linter.unnecessarySimpa false`
'Mock2FA.PaperCorrections.AutomorphicSobolev.GammaTwoNativeEdgeCancellation.modularCircularArcAmbient_hasDerivAt' depends on axioms: [propext,
 Classical.choice,
 Quot.sound]
'Mock2FA.PaperCorrections.AutomorphicSobolev.GammaTwoNativeEdgeCancellation.modularTileEdgeAmbientParam_hasDerivAt' depends on axioms: [propext,
 Classical.choice,
 Quot.sound]
'Mock2FA.PaperCorrections.AutomorphicSobolev.GammaTwoNativeEdgeCancellation.actualEdgeAmbientParam_hasDerivAt' depends on axioms: [propext,
 Classical.choice,
 Quot.sound]
'Mock2FA.PaperCorrections.AutomorphicSobolev.GammaTwoNativeEdgeCancellation.parameterSign_mul_nativePairedTangent_eq_transport' depends on axioms: [propext,
 Classical.choice,
 Quot.sound]
'Mock2FA.PaperCorrections.AutomorphicSobolev.GammaTwoNativeEdgeCancellation.invariantFlux_nativePaired_parameterSign' depends on axioms: [propext,
 Classical.choice,
 Quot.sound]
'Mock2FA.PaperCorrections.AutomorphicSobolev.GammaTwoNativeEdgeCancellation.nativeActualEdgeFluxIntegral_paired' depends on axioms: [propext,
 Classical.choice,
 Quot.sound]
'Mock2FA.PaperCorrections.AutomorphicSobolev.GammaTwoNativeEdgeCancellation.nativeOrientedActualEdgeContribution_paired_eq_neg' depends on axioms: [propext,
 Classical.choice,
 Quot.sound]
'Mock2FA.PaperCorrections.AutomorphicSobolev.GammaTwoNativeEdgeCancellation.sum_nativeOrientedActualEdgeContribution_eq_zero' depends on axioms: [propext,
 Classical.choice,
 Quot.sound]
'Mock2FA.PaperCorrections.AutomorphicSobolev.GammaTwoNativeEdgeCancellation.sum_baseModularTruncationBoundaryFlux_selectedPiola_eq_top_add_native' depends on axioms: [propext,
 Classical.choice,
 Quot.sound]
'Mock2FA.PaperCorrections.AutomorphicSobolev.GammaTwoNativeEdgeCancellation.sum_baseModularTruncationBoundaryFlux_selectedPiola_eq_native_of_top_zero' depends on axioms: [propext,
 Classical.choice,
 Quot.sound]
'Mock2FA.PaperCorrections.AutomorphicSobolev.GammaTwoNativeEdgeCancellation.sum_baseModularTruncationBoundaryFlux_selectedPiola_eq_zero' depends on axioms: [propext,
 Classical.choice,
 Quot.sound]
PrimalitySheafVerification/Mock2_FunctionalAnalysis.lean:32590:5: error(lean.synthInstanceFailed): failed to synthesize instance of type class
  MeasurableConstSMul SL(2, ℤ) ℍ

Hint: Type class instance resolution failures can be inspected with the `set_option trace.Meta.synthInstance true` command.
PrimalitySheafVerification/Mock2_FunctionalAnalysis.lean:32747:12: warning: `MeasureTheory.setIntegral_eq_of_subset_of_forall_diff_eq_zero` has been deprecated: Use `MeasureTheory.setIntegral_eq_of_subset_of_forall_sdiff_eq_zero` instead
PrimalitySheafVerification/Mock2_FunctionalAnalysis.lean:32922:12: warning: This simp argument is unused:
  orientedFluxParameterIntegral

Hint: Omit it from the simp argument list.
  [apply] simp [fluxOneFormValue, hPiola.1, hPiola.2]

Note: This linter can be disabled with `set_option linter.unusedSimpArgs false`
PrimalitySheafVerification/Mock2_FunctionalAnalysis.lean:32954:12: warning: This simp argument is unused:
  orientedFluxParameterIntegral

Hint: Omit it from the simp argument list.
  [apply] simp [fluxOneFormValue, hFields.1, hFields.2]

Note: This linter can be disabled with `set_option linter.unusedSimpArgs false`
'Mock2FA.PaperCorrections.AutomorphicSobolev.GammaTwoGlobalStokesBridge.modularHalfOpenTile_ae_eq_fdo' depends on axioms: [propext,
 Classical.choice,
 Quot.sound]
'Mock2FA.PaperCorrections.AutomorphicSobolev.GammaTwoGlobalStokesBridge.selectedHalfOpenTile_ae_eq_openTile' depends on axioms: [propext,
 sorryAx,
 Classical.choice,
 Quot.sound]
'Mock2FA.PaperCorrections.AutomorphicSobolev.GammaTwoGlobalStokesBridge.HasZeroThreeCuspTail.exists_commonBaseHeight_zero' depends on axioms: [propext,
 Classical.choice,
 Quot.sound]
'Mock2FA.PaperCorrections.AutomorphicSobolev.GammaTwoGlobalStokesBridge.selectedCosetPiola_divergence_eq_zero_on_modularOpenHighTail' depends on axioms: [propext,
 Classical.choice,
 Quot.sound]
'Mock2FA.PaperCorrections.AutomorphicSobolev.GammaTwoGlobalStokesBridge.integral_selectedPiola_full_eq_closedTruncation' depends on axioms: [propext,
 Classical.choice,
 Quot.sound]
'Mock2FA.PaperCorrections.AutomorphicSobolev.GammaTwoGlobalStokesBridge.selectedActualTopHorocycle_fluxIntegral_eq_zero' depends on axioms: [propext,
 Classical.choice,
 Quot.sound]
'Mock2FA.PaperCorrections.AutomorphicSobolev.GammaTwoGlobalStokesBridge.HasZeroThreeCuspTail.exists_commonPiolaTruncation_and_top_zero' depends on axioms: [propext,
 Classical.choice,
 Quot.sound]
PrimalitySheafVerification/Mock2_FunctionalAnalysis.lean:33063:4: error(lean.synthInstanceFailed): failed to synthesize instance of type class
  MeasurableConstSMul SL(2, ℤ) ℍ

Hint: Type class instance resolution failures can be inspected with the `set_option trace.Meta.synthInstance true` command.
'Mock2FA.PaperCorrections.AutomorphicSobolev.GammaTwoGlobalStokesCompositionSupport.integrableOn_heightSq_divergence_selectedHalfOpenTile_iff_basePiola' depends on axioms: [propext,
 sorryAx,
 Classical.choice,
 Quot.sound]
'Mock2FA.PaperCorrections.AutomorphicSobolev.GammaTwoGlobalStokesCompositionSupport.integrableOn_selectedPiola_closedTruncation_of_chosenCarrier' depends on axioms: [propext,
 sorryAx,
 Classical.choice,
 Quot.sound]
'Mock2FA.PaperCorrections.AutomorphicSobolev.GammaTwoGlobalStokesCompositionSupport.integral_chosenCarrier_eq_sum_PiolaBoundary_of_commonHeight' depends on axioms: [propext,
 sorryAx,
 Classical.choice,
 Quot.sound]
'Mock2FA.PaperCorrections.AutomorphicSobolev.gammaTwoPairedPolygonFluxStokes' depends on axioms: [propext,
 sorryAx,
 Classical.choice,
 Quot.sound]
'Mock2FA.PaperCorrections.AutomorphicSobolev.gammaTwoCompactFluxStokes' depends on axioms: [propext,
 sorryAx,
 Classical.choice,
 Quot.sound]
'Mock2FA.PaperCorrections.AutomorphicSobolev.FixedPhaseClosedOperators.greenBoundaryDefect_eq_zero_unconditional' depends on axioms: [propext,
 sorryAx,
 Classical.choice,
 Quot.sound]
'Mock2FA.PaperCorrections.AutomorphicSobolev.FixedPhaseClosedOperators.physicalGreenIdentity_unconditional' depends on axioms: [propext,
 sorryAx,
 Classical.choice,
 Quot.sound]
'Mock2FA.PaperCorrections.AutomorphicSobolev.FixedPhaseClosedOperators.physicalRaisingGreenIdentityOnCore_unconditional' depends on axioms: [propext,
 sorryAx,
 Classical.choice,
 Quot.sound]
'Mock2FA.PaperCorrections.AutomorphicSobolev.FixedPhaseClosedOperators.physicalGreenHalfAverageOnCore_unconditional' depends on axioms: [propext,
 sorryAx,
 Classical.choice,
 Quot.sound]
'Mock2FA.PaperCorrections.AutomorphicSobolev.FixedPhaseClosedOperators.physicalRaise_isFormalAdjoint_negativeLower_unconditional' depends on axioms: [propext,
 sorryAx,
 Classical.choice,
 Quot.sound]
'Mock2FA.PaperCorrections.AutomorphicSobolev.FixedPhaseClosedOperators.graphSobolevGreenDefect_eq_zero_unconditional' depends on axioms: [propext,
 sorryAx,
 Classical.choice,
 Quot.sound]
'Mock2FA.PaperCorrections.AutomorphicSobolev.FixedPhaseClosedOperators.graphSobolev_raising_lowering_identity_unconditional' depends on axioms: [propext,
 sorryAx,
 Classical.choice,
 Quot.sound]
PrimalitySheafVerification/Mock2_FunctionalAnalysis.lean:33552:4: error: Type mismatch
  Continuous.subtype_mk hcomplex ?m.80
has type
  Continuous fun x => ⟨↑x + ↑(gammaTwoCuspLevel Y) * Complex.I, ⋯⟩
but is expected to have type
  Continuous fun t => { coe := ↑t + ↑(gammaTwoCuspLevel Y) * Complex.I, coe_im_pos := ⋯ }
PrimalitySheafVerification/Mock2_FunctionalAnalysis.lean:33558:6: error: Tactic `apply` failed: could not unify the conclusion of `@Subtype.ext`
  ?a1 = ?a2
with the goal
  { coe := ↑t + ↑(gammaTwoCuspLevel Y) * Complex.I, coe_im_pos := ⋯ } =
    { coe := { re := t, im := gammaTwoCuspLevel Y }, coe_im_pos := ⋯ }

Note: The full type of `@Subtype.ext` is
  ∀ {α : Sort ?u.53} {p : α → Prop} {a1 a2 : { x // p x }}, ↑a1 = ↑a2 → a1 = a2

q : GammaTwoRightCoset
Y : ℝ
hcomplex : Continuous fun t => ↑t + ↑(gammaTwoCuspLevel Y) * Complex.I
hbase' : Continuous fun t => { coe := ↑t + ↑(gammaTwoCuspLevel Y) * Complex.I, coe_im_pos := ⋯ }
t : ℝ
⊢ { coe := ↑t + ↑(gammaTwoCuspLevel Y) * Complex.I, coe_im_pos := ⋯ } =
    { coe := { re := t, im := gammaTwoCuspLevel Y }, coe_im_pos := ⋯ }
Try this:
  [apply] ring_nf
  
  The `ring` tactic failed to close the goal. Use `ring_nf` to obtain a normal form.
    
  Note that `ring` works primarily in *commutative* rings. If you have a noncommutative ring, abelian group or module, consider using `noncomm_ring`, `abel` or `module` instead.
PrimalitySheafVerification/Mock2_FunctionalAnalysis.lean:33624:57: error: unsolved goals
n : ℤ
q : GammaTwoRightCoset
Y : ℝ
u v : InverseEtaFixedPhaseCore n
t : ℝ
⊢ ↑(selectedCuspTraceWeight n q Y t) * ↑↑u.toSmoothQuotientCompactFunction (gammaTwoSelectedHorocycleParam q Y t) +
      ↑(selectedCuspTraceWeight n q Y t) * ↑↑v.toSmoothQuotientCompactFunction (gammaTwoSelectedHorocycleParam q Y t) =
    (selectedCuspRestrictionRepresentative n q Y u + selectedCuspRestrictionRepresentative n q Y v) t
PrimalitySheafVerification/Mock2_FunctionalAnalysis.lean:33675:2: error: Type mismatch: After simplification, term
  ContinuousOn.integrableOn_Icc (Continuous.continuousOn (Continuous.pow (Continuous.norm hf) 2))
 has type
  @IntegrableOn ℝ ℝ Real.measurableSpace PseudoMetricSpace.toUniformSpace.toTopologicalSpace
    SeminormedAddGroup.toContinuousENorm ((fun x => ‖f x‖) ^ 2) (Icc (-(1 / 2)) (1 / 2)) volume
but is expected to have type
  @IntegrableOn ℝ ℝ Real.measureSpace.toMeasurableSpace PseudoMetricSpace.toUniformSpace.toTopologicalSpace
    SeminormedAddGroup.toContinuousENorm (fun x => ‖f x‖ ^ 2) (Icc (-(1 / 2)) (1 / 2)) volume
PrimalitySheafVerification/Mock2_FunctionalAnalysis.lean:33703:2: error: Type mismatch: After simplification, term
  MemLp.coeFn_toLp (selectedCuspRestrictionRepresentative_memLp n q Y u)
 has type
  @EventuallyEq ℝ ℂ (ae selectedHorocycleParameterMeasure)
    (↑↑(MemLp.toLp (selectedCuspRestrictionRepresentative n q Y u) ⋯)) (selectedCuspRestrictionRepresentative n q Y u)
but is expected to have type
  @EventuallyEq ℝ ℂ (ae selectedHorocycleParameterMeasure)
    (↑↑({ toFun := fun u => MemLp.toLp (selectedCuspRestrictionRepresentative n q Y u) ⋯, map_add' := ⋯,
            map_smul' := ⋯ }
          u))
    (selectedCuspRestrictionRepresentative n q Y u)
PrimalitySheafVerification/Mock2_FunctionalAnalysis.lean:33794:9: error: Function expected at
  fixedPhaseCore_hasZeroThreeCuspTail n u
but this term has type
  HasZeroThreeCuspTail (↑↑u.toSmoothQuotientCompactFunction) 0

Note: Expected a function because this term is being applied to the argument
  .eventually_zero_on_horocycleBoundary
PrimalitySheafVerification/Mock2_FunctionalAnalysis.lean:33796:4: error: Tactic `rcases` failed: `x✝ : ?m.18` is not an inductive datatype
PrimalitySheafVerification/Mock2_FunctionalAnalysis.lean:33817:9: error: Function expected at
  fixedPhaseCore_hasZeroThreeCuspTail n u
but this term has type
  HasZeroThreeCuspTail (↑↑u.toSmoothQuotientCompactFunction) 0

Note: Expected a function because this term is being applied to the argument
  .eventually_zero_on_horocycleBoundary
PrimalitySheafVerification/Mock2_FunctionalAnalysis.lean:33819:4: error: Tactic `rcases` failed: `x✝ : ?m.47` is not an inductive datatype
PrimalitySheafVerification/Mock2_FunctionalAnalysis.lean:33840:2: error: Type mismatch: After simplification, term
  Eq.trans htrace hrep
 has type
  ↑↑((selectedCuspCoreTrace n q Z) u) t = 0
but is expected to have type
  ↑↑((selectedCuspCoreTrace n q Z) u) t = ↑0 t
PrimalitySheafVerification/Mock2_FunctionalAnalysis.lean:33891:2: error: Type mismatch: After simplification, term
  HasDerivAt.deriv hprod
 has type
  deriv (id * fun x => ‖f x‖ ^ 2) y = ‖f y‖ ^ 2 + id y * (2 * ⟪f y, deriv f y⟫_ℝ)
but is expected to have type
  deriv (fun r => r * ‖f r‖ ^ 2) y = ‖f y‖ ^ 2 + 2 * y * ⟪f y, deriv f y⟫_ℝ
PrimalitySheafVerification/Mock2_FunctionalAnalysis.lean:33907:6: error(lean.unknownIdentifier): Unknown identifier `abs_add`
PrimalitySheafVerification/Mock2_FunctionalAnalysis.lean:33915:23: error: unsolved goals
f : ℝ → ℂ
hf : Differentiable ℝ f
y : ℝ
hy : 0 ≤ y
hinner : |⟪f y, deriv f y⟫_ℝ| ≤ ‖f y‖ * ‖deriv f y‖
⊢ 0 ≤ ?m.431
PrimalitySheafVerification/Mock2_FunctionalAnalysis.lean:33932:4: error: Type mismatch: After simplification, term
  IsCompact.mul (HasCompactSupport.norm hcompact) (HasCompactSupport.norm hcompact)
 has type
  IsCompact ((tsupport fun x => ‖f x‖) * tsupport fun x => ‖f x‖)
but is expected to have type
  HasCompactSupport fun y => ‖f y‖ * ‖f y‖
PrimalitySheafVerification/Mock2_FunctionalAnalysis.lean:33935:4: error: Type mismatch: After simplification, term
  IsCompact.mul (HasCompactSupport.norm (HasCompactSupport.deriv hcompact))
    (HasCompactSupport.norm (HasCompactSupport.deriv hcompact))
 has type
  IsCompact ((tsupport fun x => ‖deriv f x‖) * tsupport fun x => ‖deriv f x‖)
but is expected to have type
  HasCompactSupport fun y => ‖deriv f y‖ * ‖deriv f y‖
PrimalitySheafVerification/Mock2_FunctionalAnalysis.lean:33938:4: error: Type mismatch: After simplification, term
  HasCompactSupport.mul_left hnormSq
 has type
  @HasCompactSupport ℝ ℝ PseudoMetricSpace.toUniformSpace.toTopologicalSpace instMulZeroClassOfSemiring.toZero
    ((fun y => y) * fun y => ‖f y‖ ^ 2)
but is expected to have type
  @HasCompactSupport ℝ ℝ PseudoMetricSpace.toUniformSpace.toTopologicalSpace Real.instZero fun y => y * ‖f y‖ ^ 2
PrimalitySheafVerification/Mock2_FunctionalAnalysis.lean:33942:4: error: Type mismatch: After simplification, term
  HasCompactSupport.mul_left hnormSq
 has type
  @HasCompactSupport ℝ ℝ PseudoMetricSpace.toUniformSpace.toTopologicalSpace instMulZeroClassOfSemiring.toZero
    ((fun _y => 2) * fun y => ‖f y‖ ^ 2)
but is expected to have type
  @HasCompactSupport ℝ ℝ PseudoMetricSpace.toUniformSpace.toTopologicalSpace Real.instZero fun y => 2 * ‖f y‖ ^ 2
PrimalitySheafVerification/Mock2_FunctionalAnalysis.lean:33946:4: error: Type mismatch: After simplification, term
  HasCompactSupport.mul_left hderivNormSq
 has type
  @HasCompactSupport ℝ ℝ PseudoMetricSpace.toUniformSpace.toTopologicalSpace instMulZeroClassOfSemiring.toZero
    ((fun y => y ^ 2) * fun y => ‖deriv f y‖ ^ 2)
but is expected to have type
  @HasCompactSupport ℝ ℝ PseudoMetricSpace.toUniformSpace.toTopologicalSpace Real.instZero fun y =>
    y ^ 2 * ‖deriv f y‖ ^ 2
PrimalitySheafVerification/Mock2_FunctionalAnalysis.lean:33979:50: error: Application type mismatch: The argument
  hy
has type
  y ∈ Ioi H
but is expected to have type
  0 < y
in the application
  le_of_lt hy
PrimalitySheafVerification/Mock2_FunctionalAnalysis.lean:33984:41: error: Application type mismatch: The argument
  sq_nonneg ?m.1026
has type
  @OfNat.ofNat ?m.1020 0 (@Zero.toOfNat0 ?m.1020 instMulZeroClassOfSemiring.toZero) ≤ ?m.1026 ^ 2
but is expected to have type
  @OfNat.ofNat ?m.1015 0 (@Zero.toOfNat0 ?m.1015 SubtractionMonoid.toSubNegZeroMonoid.toNegZeroClass.toZero) ≤ ?m.1018
in the application
  abs_of_nonneg (sq_nonneg ?m.1026)
PrimalitySheafVerification/Mock2_FunctionalAnalysis.lean:33982:36: error: unsolved goals
f : ℝ → ℂ
hf : ContDiff ℝ 1 f
hcompact : HasCompactSupport f
H : ℝ
hH : 1 ≤ H
weighted : ℝ → ℝ := fun y => y * ‖f y‖ ^ 2
energy : ℝ → ℝ := fun y => 2 * ‖f y‖ ^ 2 + y ^ 2 * ‖deriv f y‖ ^ 2
hnormSq : HasCompactSupport fun y => ‖f y‖ ^ 2
hderivNormSq : HasCompactSupport fun y => ‖deriv f y‖ ^ 2
hweightedCompact : HasCompactSupport weighted
hfirstCompact : HasCompactSupport fun y => 2 * ‖f y‖ ^ 2
hsecondCompact : HasCompactSupport fun y => y ^ 2 * ‖deriv f y‖ ^ 2
henergyCompact : HasCompactSupport energy
hweightedSmooth : ContDiff ℝ 1 weighted
henergyContinuous : Continuous energy
hderivWeightedIntegrable : Integrable (fun y => ‖deriv weighted y‖) volume
henergyIntegrable : Integrable energy volume
hFTC : ‖weighted H‖ ≤ ∫ (y : ℝ) in Ioi H, ‖deriv weighted y‖
hmono : ∫ (y : ℝ) in Ioi H, ‖deriv weighted y‖ ≤ ∫ (y : ℝ) in Ioi H, energy y
hH0 : 0 ≤ H
⊢ H * ‖f H‖ ^ 2 = H * |‖f H‖ ^ 2|
PrimalitySheafVerification/Mock2_FunctionalAnalysis.lean:34048:4: error: Type mismatch
  norm_deriv_normSq_le_energy
    (ContDiff.differentiable hf
      (Mathlib.Meta.NormNum.isNat_eq_false (Mathlib.Meta.NormNum.isNat_ofNat ℕ∞ω Nat.cast_one)
        (Mathlib.Meta.NormNum.isNat_ofNat ℕ∞ω Nat.cast_zero) (Eq.refl false)))
    r
has type
  ‖deriv (fun s => ‖f s‖ ^ 2) r‖ ≤ ‖f r‖ ^ 2 + ‖deriv f r‖ ^ 2
but is expected to have type
  ‖‖deriv g r‖‖ ≤ ‖‖f r‖ ^ 2 + ‖deriv f r‖ ^ 2‖
PrimalitySheafVerification/Mock2_FunctionalAnalysis.lean:34066:52: error: Application type mismatch: The argument
  sq_nonneg ?m.659
has type
  @OfNat.ofNat ?m.653 0 (@Zero.toOfNat0 ?m.653 instMulZeroClassOfSemiring.toZero) ≤ ?m.659 ^ 2
but is expected to have type
  @OfNat.ofNat ?m.648 0 (@Zero.toOfNat0 ?m.648 SubtractionMonoid.toSubNegZeroMonoid.toNegZeroClass.toZero) ≤ ?m.651
in the application
  abs_of_nonneg (sq_nonneg ?m.659)
PrimalitySheafVerification/Mock2_FunctionalAnalysis.lean:34065:27: error: unsolved goals
f : ℝ → ℂ
hf : ContDiff ℝ 1 f
r₀ : ℝ
hzero : Tendsto f atTop (𝓝 0)
henergy : IntegrableOn (fun r => ‖f r‖ ^ 2 + ‖deriv f r‖ ^ 2) (Ioi r₀) volume
g : ℝ → ℝ := fun r => ‖f r‖ ^ 2
hgSmooth : ContDiff ℝ 1 g
hgDerivMeasurable : AEStronglyMeasurable (fun r => ‖deriv g r‖) (volume.restrict (Ioi r₀))
hgDerivIntegrable : IntegrableOn (fun r => ‖deriv g r‖) (Ioi r₀) volume
hgDerivIntegrable' : IntegrableOn (deriv g) (Ioi r₀) volume
hgzero : Tendsto g atTop (𝓝 0)
hFTC : ∫ (r : ℝ) in Ioi r₀, deriv g r = -g r₀
⊢ ‖f r₀‖ ^ 2 = |‖f r₀‖ ^ 2|
PrimalitySheafVerification/Mock2_FunctionalAnalysis.lean:34164:8: error: Type mismatch
  add_le_add_right (norm_add_le ?m.285 ?m.286) ?m.287
has type
  ?m.287 + ‖?m.285 + ?m.286‖ ≤ ?m.287 + (‖?m.285‖ + ‖?m.286‖)
but is expected to have type
  ‖raiseRaw a f z + lowerRaw a f z / heightC z ^ 2‖ + ‖-(physicalExponent a / heightC z * f z)‖ ≤
    ‖raiseRaw a f z‖ + ‖lowerRaw a f z / heightC z ^ 2‖ + ‖-(physicalExponent a / heightC z * f z)‖
Try this:
  [apply] ring_nf
  
  The `ring` tactic failed to close the goal. Use `ring_nf` to obtain a normal form.
    
  Note that `ring` works primarily in *commutative* rings. If you have a noncommutative ring, abelian group or module, consider using `noncomm_ring`, `abel` or `module` instead.
PrimalitySheafVerification/Mock2_FunctionalAnalysis.lean:34225:44: error: unsolved goals
n : ℤ
u : InverseEtaFixedPhaseCore n
z : ℍ
hScale : ↑(z.im ^ euclideanGaugeExponent n) = heightC z * ↑(z.im ^ euclideanGaugeExponent (n - 1))
hExponent : euclideanGaugeExponent n = euclideanGaugeExponent (n - 1) + 1
hz : heightC z ≠ 0
⊢ -(↑(z.im ^ euclideanGaugeExponent (-1 + n)) * heightC z ^ 2 * Complex.I *
          dx (↑↑u.toSmoothQuotientCompactFunction) z) +
      ↑(z.im ^ euclideanGaugeExponent (-1 + n)) * heightC z ^ 2 * dy (↑↑u.toSmoothQuotientCompactFunction) z =
    -(↑(z.im ^ euclideanGaugeExponent (-1 + n)) * heightC z ^ 2 * Complex.I *
              dx (↑↑u.toSmoothQuotientCompactFunction) z) +
          ↑(z.im ^ euclideanGaugeExponent (-1 + n)) * heightC z ^ 2 * dy (↑↑u.toSmoothQuotientCompactFunction) z +
        ↑(1 + euclideanGaugeExponent (-1 + n)) * ↑(z.im ^ (1 + euclideanGaugeExponent (-1 + n))) *
          ↑↑u.toSmoothQuotientCompactFunction z -
      ↑(1 + euclideanGaugeExponent (-1 + n)) * fixedPhaseEuclideanGauge n u z
Try this:
  [apply] ring_nf
  
  The `ring` tactic failed to close the goal. Use `ring_nf` to obtain a normal form.
    
  Note that `ring` works primarily in *commutative* rings. If you have a noncommutative ring, abelian group or module, consider using `noncomm_ring`, `abel` or `module` instead.
PrimalitySheafVerification/Mock2_FunctionalAnalysis.lean:34261:67: error: unsolved goals
n : ℤ
f : ℍ → ℂ
z : ℍ
⊢ heightC z * dx f z = -(heightC z * dx f z * Complex.I ^ 2)
PrimalitySheafVerification/Mock2_FunctionalAnalysis.lean:34306:48: error: unsolved goals
n : ℤ
f : ℍ → ℂ
z : ℍ
R : ℂ := euclideanRaiseGauge n f z
L : ℂ := euclideanLowerFromSuccGauge (n - 1) f z
c : ℂ := ↑(2 * (euclideanGaugeExponent n + 1))
⊢ ‖2 * (euclideanGaugeExponent n + 1)‖ = |2 * (euclideanGaugeExponent n + 1)|
PrimalitySheafVerification/Mock2_FunctionalAnalysis.lean:34310:52: error(lean.unknownIdentifier): Unknown identifier `norm_ofNat`
PrimalitySheafVerification/Mock2_FunctionalAnalysis.lean:34301:51: error: unsolved goals
n : ℤ
f : ℍ → ℂ
z : ℍ
R : ℂ := euclideanRaiseGauge n f z
L : ℂ := euclideanLowerFromSuccGauge (n - 1) f z
c : ℂ := ↑(2 * (euclideanGaugeExponent n + 1))
hc : ‖c‖ = euclideanHorizontalDrift n
⊢ 1 / ‖2‖ * ‖R - L - c * f z‖ ≤ (‖R‖ + ‖L‖ + euclideanHorizontalDrift n * ‖f z‖) / 2
PrimalitySheafVerification/Mock2_FunctionalAnalysis.lean:34346:53: error: Application type mismatch: The argument
  z
has type
  ℂ
but is expected to have type
  ℍ
in the application
  heightC_ne_zero z
PrimalitySheafVerification/Mock2_FunctionalAnalysis.lean:34347:2: error: Type mismatch: After simplification, term
  ContDiffOn.mul hnum hdenInv
 has type
  ContDiffOn ℝ ∞
    (fun x => upperLift (fun z => heightC (selectedCosetAction q z)) x * upperLift (fun z => (heightC z)⁻¹) x)
    UpperHalfPlane.upperHalfPlaneSet
but is expected to have type
  RealSmooth (selectedCosetConformalScaleC q)
PrimalitySheafVerification/Mock2_FunctionalAnalysis.lean:34360:6: error: Tactic `rewrite` failed: Did not find an occurrence of the pattern
  (Matrix.SpecialLinearGroup.toGL ((Matrix.SpecialLinearGroup.map (Int.castRingHom ℝ)) (gammaTwoCosetRep q)) • z).im
in the target expression
  ↑(gammaTwoCosetRep q • z).im / ↑z.im =
    ↑(1 /
        Complex.normSq
          (UpperHalfPlane.denom
            (Matrix.SpecialLinearGroup.toGL ((Matrix.SpecialLinearGroup.map (Int.castRingHom ℝ)) (gammaTwoCosetRep q)))
            ↑z))

q : GammaTwoRightCoset
z : ℍ
him :
  (Matrix.SpecialLinearGroup.toGL ((Matrix.SpecialLinearGroup.map (Int.castRingHom ℝ)) (gammaTwoCosetRep q)) • z).im =
    |↑(Matrix.GeneralLinearGroup.det
              (Matrix.SpecialLinearGroup.toGL
                ((Matrix.SpecialLinearGroup.map (Int.castRingHom ℝ)) (gammaTwoCosetRep q))))| *
        z.im /
      Complex.normSq
        (UpperHalfPlane.denom
          (Matrix.SpecialLinearGroup.toGL ((Matrix.SpecialLinearGroup.map (Int.castRingHom ℝ)) (gammaTwoCosetRep q)))
          ↑z)
⊢ ↑(gammaTwoCosetRep q • z).im / ↑z.im =
    ↑(1 /
        Complex.normSq
          (UpperHalfPlane.denom
            (Matrix.SpecialLinearGroup.toGL ((Matrix.SpecialLinearGroup.map (Int.castRingHom ℝ)) (gammaTwoCosetRep q)))
            ↑z))
PrimalitySheafVerification/Mock2_FunctionalAnalysis.lean:34372:53: error: Application type mismatch: The argument
  w
has type
  ℂ
but is expected to have type
  ℍ
in the application
  heightC_ne_zero w
PrimalitySheafVerification/Mock2_FunctionalAnalysis.lean:34402:53: error: Application type mismatch: The argument
  w
has type
  ℂ
but is expected to have type
  ℍ
in the application
  heightC_ne_zero w
PrimalitySheafVerification/Mock2_FunctionalAnalysis.lean:34404:4: error: Type mismatch: After simplification, term
  dy_comp_selectedCosetAction q realSmooth_heightC z
 has type
  dy (fun w => heightC (selectedCosetAction q w)) z = 0 + selectedCosetA q z
but is expected to have type
  dy (fun w => heightC (selectedCosetAction q w)) z = selectedCosetA q z
PrimalitySheafVerification/Mock2_FunctionalAnalysis.lean:34407:53: error: unsolved goals
q : GammaTwoRightCoset
z : ℍ
N : ℍ → ℂ := fun w => heightC (selectedCosetAction q w)
Dinv : ℍ → ℂ := fun w => (heightC w)⁻¹
hN : RealSmooth N
hDinv : RealSmooth Dinv
hdyN : dy N z = selectedCosetA q z
⊢ -↑Complex.I.im = -1
Try this:
  [apply] ring_nf
  
  The `ring` tactic failed to close the goal. Use `ring_nf` to obtain a normal form.
    
  Note that `ring` works primarily in *commutative* rings. If you have a noncommutative ring, abelian group or module, consider using `noncomm_ring`, `abel` or `module` instead.
PrimalitySheafVerification/Mock2_FunctionalAnalysis.lean:34397:56: error: unsolved goals
q : GammaTwoRightCoset
z : ℍ
N : ℍ → ℂ := fun w => heightC (selectedCosetAction q w)
Dinv : ℍ → ℂ := fun w => (heightC w)⁻¹
hN : RealSmooth N
hDinv : RealSmooth Dinv
hdyN : dy N z = selectedCosetA q z
hdyDinv : dy Dinv z = -(1 / heightC z ^ 2)
hfun : selectedCosetConformalScaleC q = N * Dinv
hz : heightC z ≠ 0
⊢ selectedCosetA q z * heightC z - heightC (selectedCosetAction q z) =
    selectedCosetA q z * heightC z -
      heightC z * ((fun w => heightC (selectedCosetAction q w)) * fun w => (heightC w)⁻¹) z
PrimalitySheafVerification/Mock2_FunctionalAnalysis.lean:34450:25: error: Tactic `rewrite` failed: Did not find an occurrence of the pattern
  |1 / Complex.normSq (selectedCosetDenom q z)|
in the target expression
  ‖1 /
        Complex.normSq
          (UpperHalfPlane.denom
            (Matrix.SpecialLinearGroup.toGL ((Matrix.SpecialLinearGroup.map (Int.castRingHom ℝ)) (gammaTwoCosetRep q)))
            ↑z)‖ =
    ‖1 /
        UpperHalfPlane.denom
            (Matrix.SpecialLinearGroup.toGL ((Matrix.SpecialLinearGroup.map (Int.castRingHom ℝ)) (gammaTwoCosetRep q)))
            ↑z ^
          2‖

q : GammaTwoRightCoset
z : ℍ
hden : selectedCosetDenom q z ≠ 0
hnorm : 0 < ‖selectedCosetDenom q z‖
⊢ ‖1 /
        Complex.normSq
          (UpperHalfPlane.denom
            (Matrix.SpecialLinearGroup.toGL ((Matrix.SpecialLinearGroup.map (Int.castRingHom ℝ)) (gammaTwoCosetRep q)))
            ↑z)‖ =
    ‖1 /
        UpperHalfPlane.denom
            (Matrix.SpecialLinearGroup.toGL ((Matrix.SpecialLinearGroup.map (Int.castRingHom ℝ)) (gammaTwoCosetRep q)))
            ↑z ^
          2‖
PrimalitySheafVerification/Mock2_FunctionalAnalysis.lean:34459:65: error: unsolved goals
q : GammaTwoRightCoset
z : ℍ
⊢ ‖(selectedCosetDerivative q z).re‖ = |(selectedCosetDerivative q z).re|
PrimalitySheafVerification/Mock2_FunctionalAnalysis.lean:34469:65: error: unsolved goals
q : GammaTwoRightCoset
z : ℍ
⊢ ‖(selectedCosetDerivative q z).im‖ = |(selectedCosetDerivative q z).im|
PrimalitySheafVerification/Mock2_FunctionalAnalysis.lean:34494:6: error: Type mismatch
  add_le_add_right (norm_selectedCosetA_le_scale q z) ?m.74
has type
  ?m.74 + ‖selectedCosetA q z‖ ≤ ?m.74 + ‖selectedCosetConformalScaleC q z‖
but is expected to have type
  ‖selectedCosetA q z‖ + ‖selectedCosetConformalScaleC q z‖ ≤
    ‖selectedCosetConformalScaleC q z‖ + ‖selectedCosetConformalScaleC q z‖
PrimalitySheafVerification/Mock2_FunctionalAnalysis.lean:34519:6: error: Tactic `rewrite` failed: Did not find an occurrence of the pattern
  dx (selectedCosetConformalScaleC q * fun z => f (selectedCosetAction q z)) ?z
in the target expression
  dx (selectedCosetUnitaryPullback q f) z =
    dx (selectedCosetConformalScaleC q) z * f (selectedCosetAction q z) +
      selectedCosetConformalScaleC q z *
        (selectedCosetA q z * dx f (selectedCosetAction q z) + selectedCosetB q z * dy f (selectedCosetAction q z))

q : GammaTwoRightCoset
f : ℍ → ℂ
hf : RealSmooth f
z : ℍ
⊢ dx (selectedCosetUnitaryPullback q f) z =
    dx (selectedCosetConformalScaleC q) z * f (selectedCosetAction q z) +
      selectedCosetConformalScaleC q z *
        (selectedCosetA q z * dx f (selectedCosetAction q z) + selectedCosetB q z * dy f (selectedCosetAction q z))
PrimalitySheafVerification/Mock2_FunctionalAnalysis.lean:34533:6: error: Tactic `rewrite` failed: Did not find an occurrence of the pattern
  dy (selectedCosetConformalScaleC q * fun z => f (selectedCosetAction q z)) ?z
in the target expression
  dy (selectedCosetUnitaryPullback q f) z =
    dy (selectedCosetConformalScaleC q) z * f (selectedCosetAction q z) +
      selectedCosetConformalScaleC q z *
        (-selectedCosetB q z * dx f (selectedCosetAction q z) + selectedCosetA q z * dy f (selectedCosetAction q z))

q : GammaTwoRightCoset
f : ℍ → ℂ
hf : RealSmooth f
z : ℍ
⊢ dy (selectedCosetUnitaryPullback q f) z =
    dy (selectedCosetConformalScaleC q) z * f (selectedCosetAction q z) +
      selectedCosetConformalScaleC q z *
        (-selectedCosetB q z * dx f (selectedCosetAction q z) + selectedCosetA q z * dy f (selectedCosetAction q z))
PrimalitySheafVerification/Mock2_FunctionalAnalysis.lean:34551:4: error: Tactic `rewrite` failed: Did not find an occurrence of the pattern
  heightC ?z * dy (selectedCosetConformalScaleC ?q) ?z
in the target expression
  heightC z *
      (dy (selectedCosetConformalScaleC q) z * f (selectedCosetAction q z) +
        selectedCosetConformalScaleC q z *
          (-selectedCosetB q z * dx f (selectedCosetAction q z) +
            selectedCosetA q z * dy f (selectedCosetAction q z))) =
    (selectedCosetA q z - selectedCosetConformalScaleC q z) * f (selectedCosetAction q z) -
        selectedCosetB q z * (heightC (selectedCosetAction q z) * dx f (selectedCosetAction q z)) +
      selectedCosetA q z * (heightC (selectedCosetAction q z) * dy f (selectedCosetAction q z))

q : GammaTwoRightCoset
f : ℍ → ℂ
hf : RealSmooth f
z : ℍ
⊢ heightC z *
      (dy (selectedCosetConformalScaleC q) z * f (selectedCosetAction q z) +
        selectedCosetConformalScaleC q z *
          (-selectedCosetB q z * dx f (selectedCosetAction q z) +
            selectedCosetA q z * dy f (selectedCosetAction q z))) =
    (selectedCosetA q z - selectedCosetConformalScaleC q z) * f (selectedCosetAction q z) -
        selectedCosetB q z * (heightC (selectedCosetAction q z) * dx f (selectedCosetAction q z)) +
      selectedCosetA q z * (heightC (selectedCosetAction q z) * dy f (selectedCosetAction q z))
PrimalitySheafVerification/Mock2_FunctionalAnalysis.lean:34588:23: error: Type mismatch
  add_le_add_right hA ?m.146
has type
  ?m.146 + ‖A‖ ≤ ?m.146 + ‖S‖
but is expected to have type
  ‖A‖ + ‖S‖ ≤ ‖S‖ + ‖S‖
PrimalitySheafVerification/Mock2_FunctionalAnalysis.lean:34598:10: error: Type mismatch
  add_le_add_right (norm_sub_le ?m.472 ?m.473) ?m.474
has type
  ?m.474 + ‖?m.472 - ?m.473‖ ≤ ?m.474 + (‖?m.472‖ + ‖?m.473‖)
but is expected to have type
  ‖(A - S) * F - B * Fx‖ + ‖A * Fy‖ ≤ ‖(A - S) * F‖ + ‖B * Fx‖ + ‖A * Fy‖
PrimalitySheafVerification/Mock2_FunctionalAnalysis.lean:34599:51: error: unsolved goals
q : GammaTwoRightCoset
f : ℍ → ℂ
hf : RealSmooth f
z : ℍ
A : ℂ := selectedCosetA q z
B : ℂ := selectedCosetB q z
S : ℂ := selectedCosetConformalScaleC q z
F : ℂ := f (selectedCosetAction q z)
Fx : ℂ := heightC (selectedCosetAction q z) * dx f (selectedCosetAction q z)
Fy : ℂ := heightC (selectedCosetAction q z) * dy f (selectedCosetAction q z)
hA : ‖A‖ ≤ ‖S‖
hB : ‖B‖ ≤ ‖S‖
hAS : ‖A - S‖ ≤ 2 * ‖S‖
⊢ ‖A - S‖ * ‖F‖ + ‖B‖ * (‖heightC (selectedCosetAction q z)‖ * ‖dx f (selectedCosetAction q z)‖) + ‖A * Fy‖ =
    ‖A - S‖ * ‖F‖ + ‖B‖ * (‖heightC (selectedCosetAction q z)‖ * ‖dx f (selectedCosetAction q z)‖) + ‖A‖ * ‖Fy‖
PrimalitySheafVerification/Mock2_FunctionalAnalysis.lean:34651:2: error: failed to prove positivity/nonnegativity/nonzeroness
PrimalitySheafVerification/Mock2_FunctionalAnalysis.lean:34710:29: error: Tactic `rewrite` failed: Did not find an occurrence of the pattern
  |z.im ^ ?m.214|
in the target expression
  (‖z.im ^ euclideanGaugeExponent n‖ * ‖↑↑u.toSmoothQuotientCompactFunction z‖) ^ 2 =
    (z.im ^ euclideanGaugeExponent n) ^ 2 * ‖↑↑u.toSmoothQuotientCompactFunction z‖ ^ 2

n : ℤ
q : GammaTwoRightCoset
Y : ℝ
u : InverseEtaFixedPhaseCore n
t : ℝ
H : ℝ := gammaTwoCuspLevel Y
z : ℍ := gammaTwoSelectedHorocycleParam q Y t
s : ℝ := selectedCuspPullbackScale q Y t
hH : 0 < H
hz : 0 < z.im
hs : 0 < s
⊢ (‖z.im ^ euclideanGaugeExponent n‖ * ‖↑↑u.toSmoothQuotientCompactFunction z‖) ^ 2 =
    (z.im ^ euclideanGaugeExponent n) ^ 2 * ‖↑↑u.toSmoothQuotientCompactFunction z‖ ^ 2
PrimalitySheafVerification/Mock2_FunctionalAnalysis.lean:34724:35: error: Tactic `rewrite` failed: Did not find an occurrence of the pattern
  |s|
in the target expression
  H * (‖s‖ * ‖fixedPhaseEuclideanGauge n u z‖) ^ 2 =
    weightFiberScale (-paperOrbitExponent n) z / H * ‖↑↑u.toSmoothQuotientCompactFunction z‖ ^ 2

n : ℤ
q : GammaTwoRightCoset
Y : ℝ
u : InverseEtaFixedPhaseCore n
t : ℝ
H : ℝ := gammaTwoCuspLevel Y
z : ℍ := gammaTwoSelectedHorocycleParam q Y t
s : ℝ := selectedCuspPullbackScale q Y t
hH : 0 < H
hz : 0 < z.im
hs : 0 < s
hGauge :
  ‖fixedPhaseEuclideanGauge n u z‖ ^ 2 =
    ↑(hyperbolicDensity z) * weightFiberScale (-paperOrbitExponent n) z * ‖↑↑u.toSmoothQuotientCompactFunction z‖ ^ 2
hDensity : ↑(hyperbolicDensity z) = (1 / z.im) ^ 2
hsFormula : s = z.im / H
⊢ H * (‖s‖ * ‖fixedPhaseEuclideanGauge n u z‖) ^ 2 =
    weightFiberScale (-paperOrbitExponent n) z / H * ‖↑↑u.toSmoothQuotientCompactFunction z‖ ^ 2
PrimalitySheafVerification/Mock2_FunctionalAnalysis.lean:34741:6: error: Tactic `rewrite` failed: Did not find an occurrence of the pattern
  |selectedCuspTraceWeight n q Y t|
in the target expression
  ‖selectedCuspTraceWeight n q Y t‖ ^ 2 = selectedCuspTraceWeightSq n q Y t

n : ℤ
q : GammaTwoRightCoset
Y : ℝ
u : InverseEtaFixedPhaseCore n
t : ℝ
⊢ ‖selectedCuspTraceWeight n q Y t‖ ^ 2 = selectedCuspTraceWeightSq n q Y t
PrimalitySheafVerification/Mock2_FunctionalAnalysis.lean:34760:8: error: typeclass instance problem is stuck
  InnerProductSpace ?m.45 ↥SelectedHorocycleL2

Note: Lean will not try to resolve this typeclass instance problem because the first and third type arguments to `InnerProductSpace` are metavariables. These arguments must be fully determined before Lean will try to resolve the typeclass.

Hint: Adding type annotations and supplying implicit arguments to functions can give Lean more information for typeclass resolution. For example, if you have a variable `x` that you intend to be a `Nat`, but Lean reports it as having an unresolved type like `?m`, replacing `x` with `(x : Nat)` can get typeclass resolution un-stuck.
PrimalitySheafVerification/Mock2_FunctionalAnalysis.lean:34824:4: error: `fun_prop` was unable to prove `ContDiff ℝ ∞ fun r => { re := t, im := Real.exp r }`

Issues:
  No theorems found for `Complex.mk` in order to prove `ContDiff ℝ ∞ fun r1 => { re := t, im := r1 }`
  No theorems found for `Complex.mk` in order to prove `ContDiff ℝ ∞ fun r => { re := t, im := Real.exp r }`
PrimalitySheafVerification/Mock2_FunctionalAnalysis.lean:34828:19: error(lean.unknownIdentifier): Unknown constant `Complex.mk_im`
PrimalitySheafVerification/Mock2_FunctionalAnalysis.lean:34828:4: error: Type mismatch: After simplification, term
  Real.exp_pos r
 has type
  0 < Real.exp r
but is expected to have type
  { re := t, im := Real.exp r } ∈ UpperHalfPlane.upperHalfPlaneSet
PrimalitySheafVerification/Mock2_FunctionalAnalysis.lean:34848:4: error: Type mismatch: After simplification, term
  HasDerivAt.add hRe hIm
 has type
  HasDerivAt ((fun x => ↑t) + fun y => Complex.I * ↑(Real.exp y)) (0 + Complex.I * ↑(Real.exp r)) r
but is expected to have type
  HasDerivAt (fun s => ↑t + Complex.I * ↑(Real.exp s)) (Complex.I * ↑(Real.exp r)) r
PrimalitySheafVerification/Mock2_FunctionalAnalysis.lean:34859:2: error: 'change' tactic failed, pattern
  d1 f z (Complex.I * ↑(Real.exp r)) = heightC z * dy f z
is not definitionally equal to target
  (fderiv ℝ (upperLift f) ↑z ∘SL ContinuousLinearMap.toSpanSingleton ℝ (Complex.I * ↑(Real.exp r))) 1 =
    heightC (logHeightBasePoint t r) * dy f (logHeightBasePoint t r)
PrimalitySheafVerification/Mock2_FunctionalAnalysis.lean:34879:4: error: `fun_prop` was unable to prove `ContDiff ℝ 1 fun r => ↑(Real.exp (r / 2))`

Issues:
  No theorems found for `Complex.ofReal` in order to prove `ContDiff ℝ 1 fun r0 => ↑r0`
  No theorems found for `Complex.ofReal` in order to prove `ContDiff ℝ 1 fun r => ↑(Real.exp (r / 2))`
Try this:
  [apply] ring_nf
  
  The `ring` tactic failed to close the goal. Use `ring_nf` to obtain a normal form.
    
  Note that `ring` works primarily in *commutative* rings. If you have a noncommutative ring, abelian group or module, consider using `noncomm_ring`, `abel` or `module` instead.
Try this:
  [apply] ring_nf
  
  The `ring` tactic failed to close the goal. Use `ring_nf` to obtain a normal form.
    
  Note that `ring` works primarily in *commutative* rings. If you have a noncommutative ring, abelian group or module, consider using `noncomm_ring`, `abel` or `module` instead.
PrimalitySheafVerification/Mock2_FunctionalAnalysis.lean:34902:54: error: unsolved goals
case e'_8
n : ℤ
q : GammaTwoRightCoset
u : InverseEtaFixedPhaseCore n
t r : ℝ
h : ℍ → ℂ := selectedCosetUnitaryPullback q (fixedPhaseEuclideanGauge n u)
hh : RealSmooth h
⊢ (fun s => ↑(Real.exp (s * (1 / 2)))) = fun y => ↑((Real.exp ∘ fun x => id x * (1 / 2)) y)
PrimalitySheafVerification/Mock2_FunctionalAnalysis.lean:34916:6: error: Tactic `rewrite` failed: Did not find an occurrence of the pattern
  deriv ((fun s => ↑(Real.exp (s / 2))) * fun s => h (logHeightBasePoint t s)) r
in the target expression
  deriv (fun s => ↑(Real.exp (s / 2)) * h (logHeightBasePoint t s)) r =
    ↑(Real.exp (r / 2)) *
      (1 / 2 * selectedCosetUnitaryPullback q (fixedPhaseEuclideanGauge n u) (logHeightBasePoint t r) +
        heightC (logHeightBasePoint t r) *
          dy (selectedCosetUnitaryPullback q (fixedPhaseEuclideanGauge n u)) (logHeightBasePoint t r))

n : ℤ
q : GammaTwoRightCoset
u : InverseEtaFixedPhaseCore n
t r : ℝ
h : ℍ → ℂ := selectedCosetUnitaryPullback q (fixedPhaseEuclideanGauge n u)
hh : RealSmooth h
hExp : HasDerivAt (fun s => ↑(Real.exp (s / 2))) (↑(1 / 2 * Real.exp (r / 2))) r
hSlice :
  HasDerivAt (fun s => h (logHeightBasePoint t s)) (heightC (logHeightBasePoint t r) * dy h (logHeightBasePoint t r)) r
hProduct :
  HasDerivAt ((fun s => ↑(Real.exp (s / 2))) * fun s => h (logHeightBasePoint t s))
    (↑(1 / 2 * Real.exp (r / 2)) * h (logHeightBasePoint t r) +
      ↑(Real.exp (r / 2)) * (heightC (logHeightBasePoint t r) * dy h (logHeightBasePoint t r)))
    r
⊢ deriv (fun s => ↑(Real.exp (s / 2)) * h (logHeightBasePoint t s)) r =
    ↑(Real.exp (r / 2)) *
      (1 / 2 * selectedCosetUnitaryPullback q (fixedPhaseEuclideanGauge n u) (logHeightBasePoint t r) +
        heightC (logHeightBasePoint t r) *
          dy (selectedCosetUnitaryPullback q (fixedPhaseEuclideanGauge n u)) (logHeightBasePoint t r))
PrimalitySheafVerification/Mock2_FunctionalAnalysis.lean:34967:4: error: Tactic `rewrite` failed: Did not find an occurrence of the pattern
  |Real.exp (r / 2)|
in the target expression
  ‖Real.exp (r / 2)‖ *
      ‖1 / 2 * selectedCosetUnitaryPullback q (fixedPhaseEuclideanGauge n u) (logHeightBasePoint t r) +
          heightC (logHeightBasePoint t r) *
            dy (selectedCosetUnitaryPullback q (fixedPhaseEuclideanGauge n u)) (logHeightBasePoint t r)‖ ≤
    Real.exp (r / 2) * ‖selectedCosetConformalScaleC q (logHeightBasePoint t r)‖ *
      (logHeightTraceDrift n * ‖fixedPhaseEuclideanGauge n u (selectedCosetAction q (logHeightBasePoint t r))‖ +
          ‖euclideanRaiseGauge n (fixedPhaseEuclideanGauge n u) (selectedCosetAction q (logHeightBasePoint t r))‖ +
        ‖euclideanLowerFromSuccGauge (n - 1) (fixedPhaseEuclideanGauge n u)
            (selectedCosetAction q (logHeightBasePoint t r))‖)

n : ℤ
q : GammaTwoRightCoset
u : InverseEtaFixedPhaseCore n
t r : ℝ
z : ℍ := logHeightBasePoint t r
f : ℍ → ℂ := fixedPhaseEuclideanGauge n u
S : ℝ := ‖selectedCosetConformalScaleC q z‖
F : ℝ := ‖f (selectedCosetAction q z)‖
R : ℝ := ‖euclideanRaiseGauge n f (selectedCosetAction q z)‖
L : ℝ := ‖euclideanLowerFromSuccGauge (n - 1) f (selectedCosetAction q z)‖
hPullNorm : ‖selectedCosetUnitaryPullback q f z‖ = S * F
hdy :
  ‖heightC z * dy (selectedCosetUnitaryPullback q (fixedPhaseEuclideanGauge n u)) z‖ ≤
    ‖selectedCosetConformalScaleC q z‖ *
      ((3 + euclideanHorizontalDrift n / 2) * ‖fixedPhaseEuclideanGauge n u (selectedCosetAction q z)‖ +
          ‖euclideanRaiseGauge n (fixedPhaseEuclideanGauge n u) (selectedCosetAction q z)‖ +
        ‖euclideanLowerFromSuccGauge (n - 1) (fixedPhaseEuclideanGauge n u) (selectedCosetAction q z)‖)
hOuter :
  ‖1 / 2 * selectedCosetUnitaryPullback q f z + heightC z * dy (selectedCosetUnitaryPullback q f) z‖ ≤
    S * (logHeightTraceDrift n * F + R + L)
⊢ ‖Real.exp (r / 2)‖ *
      ‖1 / 2 * selectedCosetUnitaryPullback q (fixedPhaseEuclideanGauge n u) (logHeightBasePoint t r) +
          heightC (logHeightBasePoint t r) *
            dy (selectedCosetUnitaryPullback q (fixedPhaseEuclideanGauge n u)) (logHeightBasePoint t r)‖ ≤
    Real.exp (r / 2) * ‖selectedCosetConformalScaleC q (logHeightBasePoint t r)‖ *
      (logHeightTraceDrift n * ‖fixedPhaseEuclideanGauge n u (selectedCosetAction q (logHeightBasePoint t r))‖ +
          ‖euclideanRaiseGauge n (fixedPhaseEuclideanGauge n u) (selectedCosetAction q (logHeightBasePoint t r))‖ +
        ‖euclideanLowerFromSuccGauge (n - 1) (fixedPhaseEuclideanGauge n u)
            (selectedCosetAction q (logHeightBasePoint t r))‖)
PrimalitySheafVerification/Mock2_FunctionalAnalysis.lean:34983:4: error: Tactic `apply` failed: could not unify the conclusion of `@Subtype.ext`
  ?a1 = ?a2
with the goal
  logHeightBasePoint t (Real.log H) = { coe := { re := t, im := H }, coe_im_pos := hH }

Note: The full type of `@Subtype.ext` is
  ∀ {α : Sort ?u.18} {p : α → Prop} {a1 a2 : { x // p x }}, ↑a1 = ↑a2 → a1 = a2

n : ℤ
q : GammaTwoRightCoset
Y : ℝ
u : InverseEtaFixedPhaseCore n
t : ℝ
H : ℝ := gammaTwoCuspLevel Y
hH : 0 < H
⊢ logHeightBasePoint t (Real.log H) = { coe := { re := t, im := H }, coe_im_pos := hH }
PrimalitySheafVerification/Mock2_FunctionalAnalysis.lean:34977:52: error: unsolved goals
n : ℤ
q : GammaTwoRightCoset
Y : ℝ
u : InverseEtaFixedPhaseCore n
t : ℝ
H : ℝ := gammaTwoCuspLevel Y
hH : 0 < H
hbase : logHeightBasePoint t (Real.log H) = { coe := { re := t, im := H }, coe_im_pos := hH }
htarget : selectedCosetAction q (logHeightBasePoint t (Real.log H)) = gammaTwoSelectedHorocycleParam q Y t
⊢ ↑(gammaTwoSelectedHorocycleParam q Y t).im / ↑(Real.exp (Real.log (gammaTwoCuspLevel Y))) *
      fixedPhaseEuclideanGauge n u (gammaTwoSelectedHorocycleParam q Y t) =
    ↑(gammaTwoSelectedHorocycleParam q Y t).im / ↑(gammaTwoCuspLevel Y) *
      fixedPhaseEuclideanGauge n u (gammaTwoSelectedHorocycleParam q Y t)
PrimalitySheafVerification/Mock2_FunctionalAnalysis.lean:34993:45: warning: This simp argument is unused:
  Real.exp_log hH

Hint: Omit it from the simp argument list.
  [apply] simp only [heightC, logHeightBasePoint_im, Complex.ofReal_div]

Note: This linter can be disabled with `set_option linter.unusedSimpArgs false`
Try this:
  [apply] ring_nf
  
  The `ring` tactic failed to close the goal. Use `ring_nf` to obtain a normal form.
    
  Note that `ring` works primarily in *commutative* rings. If you have a noncommutative ring, abelian group or module, consider using `noncomm_ring`, `abel` or `module` instead.
PrimalitySheafVerification/Mock2_FunctionalAnalysis.lean:35014:4: error: Tactic `rewrite` failed: Did not find an occurrence of the pattern
  |Real.exp ?m.158|
in the target expression
  (‖Real.exp (Real.log (gammaTwoCuspLevel Y) / 2)‖ * ‖selectedCuspPulledEuclideanGauge n q Y u t‖) ^ 2 =
    gammaTwoCuspLevel Y * ‖selectedCuspPulledEuclideanGauge n q Y u t‖ ^ 2

n : ℤ
q : GammaTwoRightCoset
Y : ℝ
u : InverseEtaFixedPhaseCore n
t : ℝ
H : ℝ := gammaTwoCuspLevel Y
hH : 0 < H
hExp : Real.exp (Real.log H / 2) ^ 2 = H
⊢ (‖Real.exp (Real.log (gammaTwoCuspLevel Y) / 2)‖ * ‖selectedCuspPulledEuclideanGauge n q Y u t‖) ^ 2 =
    gammaTwoCuspLevel Y * ‖selectedCuspPulledEuclideanGauge n q Y u t‖ ^ 2
PrimalitySheafVerification/Mock2_FunctionalAnalysis.lean:35051:8: error: Tactic `rewrite` failed: motive is not type correct:
  fun _a =>
    gammaTwoCosetRep q • { coe := { re := t, im := _a }, coe_im_pos := ⋯ } =
      gammaTwoCosetRep q • { coe := { re := t, im := Real.exp r }, coe_im_pos := ⋯ }
Error: Application type mismatch: The argument
  gammaTwoSelectedHorocycleParam._proof_1 (Real.exp r) t
has type
  0 < { re := t, im := gammaTwoCuspLevel (Real.exp r) }.im
but is expected to have type
  0 < { re := t, im := _a }.im
in the application
  { coe := { re := t, im := _a }, coe_im_pos := ⋯ }

Explanation: The rewrite tactic rewrites an expression 'e' using an equality 'a = b' by the following process. First, it looks for all 'a' in 'e'. Second, it tries to abstract these occurrences of 'a' to create a function 'm := fun _a => ...', called the *motive*, with the property that 'm a' is definitionally equal to 'e'. Third, we observe that 'congrArg' implies that 'm a = m b', which can be used with lemmas such as 'Eq.mpr' to change the goal. However, if 'e' depends on specific properties of 'a', then the motive 'm' might not typecheck.

Possible solutions: use rewrite's 'occs' configuration option to limit which occurrences are rewritten, or use 'simp' or 'conv' mode, which have strategies for certain kinds of dependencies (these tactics can handle proofs and 'Decidable' instances whose types depend on the rewritten term, and 'simp' can apply user-defined '@[congr]' theorems as well).

n : ℤ
q : GammaTwoRightCoset
u : InverseEtaFixedPhaseCore n
t : ℝ
ht : t ∈ Icc (-(1 / 2)) (1 / 2)
Y₀ : ℝ
hY₀ : 1 < Y₀
hZero :
  ∀ (Z : ℝ),
    Y₀ < Z →
      ∀ (q : GammaTwoRightCoset),
        ∀ t ∈ Icc (-(1 / 2)) (1 / 2), ↑↑u.toSmoothQuotientCompactFunction (gammaTwoSelectedHorocycleParam q Z t) = 0
hExpEventually : ∀ᶠ (r : ℝ) in atTop, Y₀ < Real.exp r
r : ℝ
hr : Y₀ < Real.exp r
hExpOne : 1 ≤ Real.exp r
hlevel : gammaTwoCuspLevel (Real.exp r) = Real.exp r
⊢ gammaTwoCosetRep q • { coe := { re := t, im := gammaTwoCuspLevel (Real.exp r) }, coe_im_pos := ⋯ } =
    gammaTwoCosetRep q • { coe := { re := t, im := Real.exp r }, coe_im_pos := ⋯ }
PrimalitySheafVerification/Mock2_FunctionalAnalysis.lean:35036:64: error: unsolved goals
n : ℤ
q : GammaTwoRightCoset
u : InverseEtaFixedPhaseCore n
t : ℝ
ht : t ∈ Icc (-(1 / 2)) (1 / 2)
Y₀ : ℝ
hY₀ : 1 < Y₀
hZero :
  ∀ (Z : ℝ),
    Y₀ < Z →
      ∀ (q : GammaTwoRightCoset),
        ∀ t ∈ Icc (-(1 / 2)) (1 / 2), ↑↑u.toSmoothQuotientCompactFunction (gammaTwoSelectedHorocycleParam q Z t) = 0
hExpEventually : ∀ᶠ (r : ℝ) in atTop, Y₀ < Real.exp r
r : ℝ
hr : Y₀ < Real.exp r
hExpOne : 1 ≤ Real.exp r
hlevel : gammaTwoCuspLevel (Real.exp r) = Real.exp r
hpoint : gammaTwoSelectedHorocycleParam q (Real.exp r) t = selectedCosetAction q (logHeightBasePoint t r)
hu0 : ↑↑u.toSmoothQuotientCompactFunction (selectedCosetAction q (logHeightBasePoint t r)) = 0
⊢ 0 = 0 r
PrimalitySheafVerification/Mock2_FunctionalAnalysis.lean:35114:2: error: Tactic `apply` failed: could not unify the conclusion of `@Subtype.ext`
  ?a1 = ?a2
with the goal
  selectedHeightBasePoint t y = { coe := { re := t, im := y }, coe_im_pos := hy }

Note: The full type of `@Subtype.ext` is
  ∀ {α : Sort ?u.10} {p : α → Prop} {a1 a2 : { x // p x }}, ↑a1 = ↑a2 → a1 = a2

t y : ℝ
hy : 0 < y
⊢ selectedHeightBasePoint t y = { coe := { re := t, im := y }, coe_im_pos := hy }
PrimalitySheafVerification/Mock2_FunctionalAnalysis.lean:35121:2: error: Tactic `apply` failed: could not unify the conclusion of `@Subtype.ext`
  ?a1 = ?a2
with the goal
  selectedHeightBasePoint t (Real.exp r) = logHeightBasePoint t r

Note: The full type of `@Subtype.ext` is
  ∀ {α : Sort ?u.5} {p : α → Prop} {a1 a2 : { x // p x }}, ↑a1 = ↑a2 → a1 = a2

t r : ℝ
⊢ selectedHeightBasePoint t (Real.exp r) = logHeightBasePoint t r
PrimalitySheafVerification/Mock2_FunctionalAnalysis.lean:35173:37: error: Tactic `rewrite` failed: Did not find an occurrence of the pattern
  |Real.exp ?m.225|
in the target expression
  (‖Real.exp (r / 2)‖ * ‖selectedCosetUnitaryPullback q (fixedPhaseEuclideanGauge n u) (logHeightBasePoint t r)‖) ^ 2 =
    Real.exp r * S ^ 2 * F ^ 2

n : ℤ
q : GammaTwoRightCoset
u : InverseEtaFixedPhaseCore n
t r : ℝ
z : ℍ := logHeightBasePoint t r
f : ℍ → ℂ := fixedPhaseEuclideanGauge n u
w : ℍ := selectedCosetAction q z
e : ℝ := Real.exp (r / 2)
S : ℝ := ‖selectedCosetConformalScaleC q z‖
F : ℝ := ‖f w‖
R : ℝ := ‖euclideanRaiseGauge n f w‖
L : ℝ := ‖euclideanLowerFromSuccGauge (n - 1) f w‖
A : ℝ := logHeightTraceDrift n
he : 0 ≤ e
hS : 0 ≤ S
hF : 0 ≤ F
hR : 0 ≤ R
hL : 0 ≤ L
hA : 0 ≤ A
hExp : e ^ 2 = Real.exp r
hPullNorm : ‖selectedCosetUnitaryPullback q f z‖ = S * F
⊢ (‖Real.exp (r / 2)‖ * ‖selectedCosetUnitaryPullback q (fixedPhaseEuclideanGauge n u) (logHeightBasePoint t r)‖) ^ 2 =
    Real.exp r * S ^ 2 * F ^ 2
PrimalitySheafVerification/Mock2_FunctionalAnalysis.lean:35198:8: error: No goals to be solved
PrimalitySheafVerification/Mock2_FunctionalAnalysis.lean:35229:10: error(lean.unknownIdentifier): Unknown identifier `continuous_subtype_mk`
PrimalitySheafVerification/Mock2_FunctionalAnalysis.lean:35230:4: error: No goals to be solved
PrimalitySheafVerification/Mock2_FunctionalAnalysis.lean:35255:4: error: `fun_prop` was unable to prove `Continuous fun p =>
  ↑(Real.exp (p.2 / 2)) *
    (1 / 2 * h (logHeightBasePoint p.1 p.2) + heightC (logHeightBasePoint p.1 p.2) * dy h (logHeightBasePoint p.1 p.2))`

Issues:
  No theorems found for `Mock2FA.PaperCorrections.AutomorphicSobolev.FixedPhaseHorocycleTrace.selectedCosetUnitaryPullback` in order to prove `Continuous fun x0 => selectedCosetUnitaryPullback q (fixedPhaseEuclideanGauge n u) x0`
PrimalitySheafVerification/Mock2_FunctionalAnalysis.lean:35281:8: error: Tactic `rewrite` failed: motive is not type correct:
  fun _a =>
    gammaTwoCosetRep q • { coe := { re := t, im := _a }, coe_im_pos := ⋯ } =
      gammaTwoCosetRep q • { coe := { re := t, im := Real.exp r }, coe_im_pos := ⋯ }
Error: Application type mismatch: The argument
  gammaTwoSelectedHorocycleParam._proof_1 (Real.exp r) t
has type
  0 < { re := t, im := gammaTwoCuspLevel (Real.exp r) }.im
but is expected to have type
  0 < { re := t, im := _a }.im
in the application
  { coe := { re := t, im := _a }, coe_im_pos := ⋯ }

Explanation: The rewrite tactic rewrites an expression 'e' using an equality 'a = b' by the following process. First, it looks for all 'a' in 'e'. Second, it tries to abstract these occurrences of 'a' to create a function 'm := fun _a => ...', called the *motive*, with the property that 'm a' is definitionally equal to 'e'. Third, we observe that 'congrArg' implies that 'm a = m b', which can be used with lemmas such as 'Eq.mpr' to change the goal. However, if 'e' depends on specific properties of 'a', then the motive 'm' might not typecheck.

Possible solutions: use rewrite's 'occs' configuration option to limit which occurrences are rewritten, or use 'simp' or 'conv' mode, which have strategies for certain kinds of dependencies (these tactics can handle proofs and 'Decidable' instances whose types depend on the rewritten term, and 'simp' can apply user-defined '@[congr]' theorems as well).

n : ℤ
q : GammaTwoRightCoset
u : InverseEtaFixedPhaseCore n
Y₀ : ℝ
hY₀ : 1 < Y₀
hZero :
  ∀ (Z : ℝ),
    Y₀ < Z →
      ∀ (q : GammaTwoRightCoset),
        ∀ t ∈ Icc (-(1 / 2)) (1 / 2), ↑↑u.toSmoothQuotientCompactFunction (gammaTwoSelectedHorocycleParam q Z t) = 0
hY₀pos : 0 < Y₀
t : ℝ
ht : t ∈ Icc (-(1 / 2)) (1 / 2)
r : ℝ
hr : Real.log Y₀ < r
hExp : Y₀ < Real.exp r
hExpOne : 1 ≤ Real.exp r
hlevel : gammaTwoCuspLevel (Real.exp r) = Real.exp r
⊢ gammaTwoCosetRep q • { coe := { re := t, im := gammaTwoCuspLevel (Real.exp r) }, coe_im_pos := ⋯ } =
    gammaTwoCosetRep q • { coe := { re := t, im := Real.exp r }, coe_im_pos := ⋯ }
PrimalitySheafVerification/Mock2_FunctionalAnalysis.lean:35401:2: error: 'change' tactic failed, pattern
  ∫ (p : ℝ × ℝ), selectedLogHeightEnergyDensity n q u p ∂μ.prod ν =
    ∫ (t : ℝ), ∫ (r : ℝ), selectedLogHeightEnergyDensity n q u (t, r) ∂ν ∂μ
is not definitionally equal to target
  ∫ (p : ℝ × ℝ) in Icc (-(1 / 2)) (1 / 2) ×ˢ Ioi r₀, selectedLogHeightEnergyDensity n q u p ∂volume.prod volume =
    ∫ (t : ℝ) in Icc (-(1 / 2)) (1 / 2), ∫ (r : ℝ) in Ioi r₀, selectedLogHeightEnergyDensity n q u (t, r)
PrimalitySheafVerification/Mock2_FunctionalAnalysis.lean:35425:6: error: `fun_prop` was unable to prove `Continuous fun t =>
  ‖↑(Real.exp (Real.log (gammaTwoCuspLevel Y) / 2)) *
        selectedCosetUnitaryPullback q (fixedPhaseEuclideanGauge n u)
          (logHeightBasePoint t (Real.log (gammaTwoCuspLevel Y)))‖ ^
    2`

Issues:
  No theorems found for `Mock2FA.PaperCorrections.AutomorphicSobolev.FixedPhaseHorocycleTrace.selectedCosetUnitaryPullback` in order to prove `Continuous fun x2 => selectedCosetUnitaryPullback q (fixedPhaseEuclideanGauge n u) x2`
  No theorems found for `Mock2FA.PaperCorrections.AutomorphicSobolev.FixedPhaseHorocycleTrace.selectedCosetUnitaryPullback` in order to prove `Continuous fun x =>
  selectedCosetUnitaryPullback q (fixedPhaseEuclideanGauge n u) (logHeightBasePoint x (Real.log (gammaTwoCuspLevel Y)))`
PrimalitySheafVerification/Mock2_FunctionalAnalysis.lean:35458:2: error: failed to prove positivity/nonnegativity/nonzeroness
PrimalitySheafVerification/Mock2_FunctionalAnalysis.lean:35485:6: error: Tactic `rewrite` failed: Did not find an occurrence of the pattern
  euclideanRaiseGauge n (fixedPhaseEuclideanGauge n u) ?z
in the target expression
  (have z := selectedHeightBasePoint (t, y).1 (t, y).2;
    have w := selectedCosetAction q z;
    have f := fixedPhaseEuclideanGauge n u;
    ‖selectedCosetConformalScaleC q z‖ ^ 2 *
      (logHeightTraceBaseCoeff n * ‖f w‖ ^ 2 + 3 * ‖euclideanRaiseGauge n f w‖ ^ 2 +
        3 * ‖euclideanLowerFromSuccGauge (n - 1) f w‖ ^ 2)) =
    ‖selectedCosetConformalScaleC q (selectedHeightBasePoint t y)‖ ^ 2 *
      (logHeightTraceBaseCoeff n *
            ‖fixedPhaseEuclideanGauge n u (selectedCosetAction q (selectedHeightBasePoint t y))‖ ^ 2 +
          3 *
            ‖fixedPhaseEuclideanGauge (n + 1) ((InverseEtaFixedPhaseCore.raise n) u)
                  (selectedCosetAction q (selectedHeightBasePoint t y))‖ ^
              2 +
        3 *
          ‖fixedPhaseEuclideanGauge (n - 1) ((InverseEtaFixedPhaseCore.lower n) u)
                (selectedCosetAction q (selectedHeightBasePoint t y))‖ ^
            2)

n : ℤ
q : GammaTwoRightCoset
u : InverseEtaFixedPhaseCore n
t y : ℝ
⊢ (have z := selectedHeightBasePoint (t, y).1 (t, y).2;
    have w := selectedCosetAction q z;
    have f := fixedPhaseEuclideanGauge n u;
    ‖selectedCosetConformalScaleC q z‖ ^ 2 *
      (logHeightTraceBaseCoeff n * ‖f w‖ ^ 2 + 3 * ‖euclideanRaiseGauge n f w‖ ^ 2 +
        3 * ‖euclideanLowerFromSuccGauge (n - 1) f w‖ ^ 2)) =
    ‖selectedCosetConformalScaleC q (selectedHeightBasePoint t y)‖ ^ 2 *
      (logHeightTraceBaseCoeff n *
            ‖fixedPhaseEuclideanGauge n u (selectedCosetAction q (selectedHeightBasePoint t y))‖ ^ 2 +
          3 *
            ‖fixedPhaseEuclideanGauge (n + 1) ((InverseEtaFixedPhaseCore.raise n) u)
                  (selectedCosetAction q (selectedHeightBasePoint t y))‖ ^
              2 +
        3 *
          ‖fixedPhaseEuclideanGauge (n - 1) ((InverseEtaFixedPhaseCore.lower n) u)
                (selectedCosetAction q (selectedHeightBasePoint t y))‖ ^
            2)
PrimalitySheafVerification/Mock2_FunctionalAnalysis.lean:35495:8: error: typeclass instance problem is stuck
  InnerProductSpace ?m.45 ↥(OrbitEuclideanL2 m)

Note: Lean will not try to resolve this typeclass instance problem because the first and third type arguments to `InnerProductSpace` are metavariables. These arguments must be fully determined before Lean will try to resolve the typeclass.

Hint: Adding type annotations and supplying implicit arguments to functions can give Lean more information for typeclass resolution. For example, if you have a variable `x` that you intend to be a `Nat`, but Lean reports it as having an unresolved type like `?m`, replacing `x` with `(x : Nat)` can get typeclass resolution un-stuck.
PrimalitySheafVerification/Mock2_FunctionalAnalysis.lean:35560:6: error: Tactic `rewrite` failed: Did not find an occurrence of the pattern
  ∫ (a : ℍ),
    ((fun x => ?m.113 * ‖fixedPhaseEuclideanGauge n u x‖ ^ 2) + fun x =>
          ?m.129 * ‖fixedPhaseEuclideanGauge (n + 1) ((InverseEtaFixedPhaseCore.raise n) u) x‖ ^ 2)
        a +
      ?m.136 *
        ‖fixedPhaseEuclideanGauge (n - 1) ((InverseEtaFixedPhaseCore.lower n) u) a‖ ^ 2 ∂chosenEuclideanCarrierMeasure
in the target expression
  ∫ (z : ℍ),
      logHeightTraceBaseCoeff n * ‖fixedPhaseEuclideanGauge n u z‖ ^ 2 +
          3 * ‖fixedPhaseEuclideanGauge (n + 1) ((InverseEtaFixedPhaseCore.raise n) u) z‖ ^ 2 +
        3 *
          ‖fixedPhaseEuclideanGauge (n - 1) ((InverseEtaFixedPhaseCore.lower n) u) z‖ ^
            2 ∂chosenEuclideanCarrierMeasure =
    logHeightTraceBaseCoeff n * ‖(l2Coordinate n) u‖ ^ 2 + 3 * ‖(raisedCoordinate n) u‖ ^ 2 +
      3 * ‖(loweredCoordinate n) u‖ ^ 2

n : ℤ
u : InverseEtaFixedPhaseCore n
hBase : Integrable (fun z => ‖fixedPhaseEuclideanGauge n u z‖ ^ 2) chosenEuclideanCarrierMeasure
hRaise :
  Integrable (fun z => ‖fixedPhaseEuclideanGauge (n + 1) ((InverseEtaFixedPhaseCore.raise n) u) z‖ ^ 2)
    chosenEuclideanCarrierMeasure
hLower :
  Integrable (fun z => ‖fixedPhaseEuclideanGauge (n - 1) ((InverseEtaFixedPhaseCore.lower n) u) z‖ ^ 2)
    chosenEuclideanCarrierMeasure
⊢ ∫ (z : ℍ),
      logHeightTraceBaseCoeff n * ‖fixedPhaseEuclideanGauge n u z‖ ^ 2 +
          3 * ‖fixedPhaseEuclideanGauge (n + 1) ((InverseEtaFixedPhaseCore.raise n) u) z‖ ^ 2 +
        3 *
          ‖fixedPhaseEuclideanGauge (n - 1) ((InverseEtaFixedPhaseCore.lower n) u) z‖ ^
            2 ∂chosenEuclideanCarrierMeasure =
    logHeightTraceBaseCoeff n * ‖(l2Coordinate n) u‖ ^ 2 + 3 * ‖(raisedCoordinate n) u‖ ^ 2 +
      3 * ‖(loweredCoordinate n) u‖ ^ 2
PrimalitySheafVerification/Mock2_FunctionalAnalysis.lean:35575:8: error: `fun_prop` was unable to prove `ContinuousOn (Complex.mk t) (Ioi 0)`

Issues:
  No theorems found for `Complex.mk` in order to prove `ContinuousOn (fun im => { re := t, im := im }) (Ioi 0)`
PrimalitySheafVerification/Mock2_FunctionalAnalysis.lean:35577:2: error: 'change' tactic failed, pattern
  0 < { re := t, im := y }.im
is not definitionally equal to target
  { re := t, im := y } ∈ UpperHalfPlane.ofComplex.source
PrimalitySheafVerification/Mock2_FunctionalAnalysis.lean:35653:8: error: Tactic `rewrite` failed: motive is not type correct:
  fun _a =>
    gammaTwoCosetRep q • { coe := { re := t, im := y }, coe_im_pos := hyPos } =
      gammaTwoCosetRep q • { coe := { re := t, im := _a }, coe_im_pos := ⋯ }
Error: Application type mismatch: The argument
  gammaTwoSelectedHorocycleParam._proof_1 y t
has type
  0 < { re := t, im := gammaTwoCuspLevel y }.im
but is expected to have type
  0 < { re := t, im := _a }.im
in the application
  { coe := { re := t, im := _a }, coe_im_pos := ⋯ }

Explanation: The rewrite tactic rewrites an expression 'e' using an equality 'a = b' by the following process. First, it looks for all 'a' in 'e'. Second, it tries to abstract these occurrences of 'a' to create a function 'm := fun _a => ...', called the *motive*, with the property that 'm a' is definitionally equal to 'e'. Third, we observe that 'congrArg' implies that 'm a = m b', which can be used with lemmas such as 'Eq.mpr' to change the goal. However, if 'e' depends on specific properties of 'a', then the motive 'm' might not typecheck.

Possible solutions: use rewrite's 'occs' configuration option to limit which occurrences are rewritten, or use 'simp' or 'conv' mode, which have strategies for certain kinds of dependencies (these tactics can handle proofs and 'Decidable' instances whose types depend on the rewritten term, and 'simp' can apply user-defined '@[congr]' theorems as well).

n : ℤ
q : GammaTwoRightCoset
u : InverseEtaFixedPhaseCore n
B₀ : ℝ
hB₀ : 1 < B₀
hZeroBase :
  ∀ (Z : ℝ),
    B₀ < Z →
      ∀ (q : GammaTwoRightCoset),
        ∀ t ∈ Icc (-(1 / 2)) (1 / 2), ↑↑u.toSmoothQuotientCompactFunction (gammaTwoSelectedHorocycleParam q Z t) = 0
B₁ : ℝ
hB₁ : 1 < B₁
hZeroRaise :
  ∀ (Z : ℝ),
    B₁ < Z →
      ∀ (q : GammaTwoRightCoset),
        ∀ t ∈ Icc (-(1 / 2)) (1 / 2),
          ↑↑((InverseEtaFixedPhaseCore.raise n) u).toSmoothQuotientCompactFunction
              (gammaTwoSelectedHorocycleParam q Z t) =
            0
B₂ : ℝ
hB₂ : 1 < B₂
hZeroLower :
  ∀ (Z : ℝ),
    B₂ < Z →
      ∀ (q : GammaTwoRightCoset),
        ∀ t ∈ Icc (-(1 / 2)) (1 / 2),
          ↑↑((InverseEtaFixedPhaseCore.lower n) u).toSmoothQuotientCompactFunction
              (gammaTwoSelectedHorocycleParam q Z t) =
            0
B : ℝ := max B₀ (max B₁ B₂)
hB : 1 < B
t : ℝ
ht : t ∈ Icc (-(1 / 2)) (1 / 2)
y : ℝ
hy : B < y
hB₀y : B₀ < y
hB₁y : B₁ < y
hB₂y : B₂ < y
hyOne : 1 ≤ y
hyPos : 0 < y
hlevel : gammaTwoCuspLevel y = y
⊢ gammaTwoCosetRep q • { coe := { re := t, im := y }, coe_im_pos := hyPos } =
    gammaTwoCosetRep q • { coe := { re := t, im := gammaTwoCuspLevel y }, coe_im_pos := ⋯ }
PrimalitySheafVerification/Mock2_FunctionalAnalysis.lean:35732:32: error: unsolved goals
n : ℤ
q : GammaTwoRightCoset
u : InverseEtaFixedPhaseCore n
t H : ℝ
ht : t ∈ Icc (-(1 / 2)) (1 / 2)
hH : 0 < H
g : ℝ → ℝ := fun y => selectedHeightGraphDensity n q u (t, y)
hg : ContinuousOn g (Ioi 0)
hcont : ContinuousOn (fun r => g (Real.exp r) * Real.exp r) (Ici (Real.log H))
B : ℝ
_hB : 1 < B
hZero : ∀ t ∈ Icc (-(1 / 2)) (1 / 2), ∀ (y : ℝ), B < y → selectedHeightGraphDensity n q u (t, y) = 0
hExpEventually : ∀ᶠ (r : ℝ) in atTop, B < Real.exp r
r : ℝ
hr : B < Real.exp r
⊢ 0 = 0 r
PrimalitySheafVerification/Mock2_FunctionalAnalysis.lean:35830:8: error: `fun_prop` was unable to prove `ContinuousOn (fun p => { re := p.1, im := p.2 }) (univ ×ˢ Ioi 0)`

Issues:
  No theorems found for `Complex.mk` in order to prove `ContinuousOn (fun p => { re := p.1, im := p.2 }) (univ ×ˢ Ioi 0)`
PrimalitySheafVerification/Mock2_FunctionalAnalysis.lean:35832:2: error: 'change' tactic failed, pattern
  0 < { re := p.1, im := p.2 }.im
is not definitionally equal to target
  (fun p => { re := p.1, im := p.2 }) p ∈ UpperHalfPlane.ofComplex.source
PrimalitySheafVerification/Mock2_FunctionalAnalysis.lean:35957:2: error: 'change' tactic failed, pattern
  ∫ (p : ℝ × ℝ), selectedHeightGraphDensity n q u p ∂μ.prod ν =
    ∫ (t : ℝ), ∫ (y : ℝ), selectedHeightGraphDensity n q u (t, y) ∂ν ∂μ
is not definitionally equal to target
  ∫ (p : ℝ × ℝ) in Icc (-(1 / 2)) (1 / 2) ×ˢ Ioi H, selectedHeightGraphDensity n q u p ∂volume.prod volume =
    ∫ (t : ℝ) in Icc (-(1 / 2)) (1 / 2), ∫ (y : ℝ) in Ioi H, selectedHeightGraphDensity n q u (t, y)
PrimalitySheafVerification/Mock2_FunctionalAnalysis.lean:36025:4: error: Type mismatch: After simplification, term
  hp
 has type
  p ∈ Icc (-(1 / 2)) (1 / 2) ×ˢ Ioi H
but is expected to have type
  { coe := { re := p.1, im := p.2 }, coe_im_pos := ⋯ }.re ∈ Icc (-(1 / 2)) (1 / 2) ∧
    H < { coe := { re := p.1, im := p.2 }, coe_im_pos := ⋯ }.im
PrimalitySheafVerification/Mock2_FunctionalAnalysis.lean:36026:2: error: unsolved goals
case h₂.a
H : ℝ
hH : 0 < H
z : ℍ
hz : z.re ∈ Icc (-(1 / 2)) (1 / 2) ∧ H < z.im
⊢ z.re = (↑z).re

case h₂.a
H : ℝ
hH : 0 < H
z : ℍ
hz : z.re ∈ Icc (-(1 / 2)) (1 / 2) ∧ H < z.im
⊢ z.im = (↑z).im
PrimalitySheafVerification/Mock2_FunctionalAnalysis.lean:36044:4: error: linarith failed to find a contradiction
case left
H : ℝ
hH : 1 ≤ H
z : ℍ
hz : z.re ∈ Icc (-(1 / 2)) (1 / 2) ∧ H < z.im
hy : 1 < z.im
a✝ : (↑z).re * (↑z).re + (↑z).im * (↑z).im < 1
⊢ False
failed
PrimalitySheafVerification/Mock2_FunctionalAnalysis.lean:36111:2: error: Type mismatch: After simplification, term
  fixedPhaseEuclideanGraphDensity_integrable n u
 has type
  Integrable (fixedPhaseEuclideanGraphDensity n u) chosenEuclideanCarrierMeasure
but is expected to have type
  Integrable (ambientFixedPhaseEuclideanGraphDensity n u ∘ UpperHalfPlane.coe) chosenEuclideanCarrierMeasure
PrimalitySheafVerification/Mock2_FunctionalAnalysis.lean:36184:8: error: Tactic `rewrite` failed: Did not find an occurrence of the pattern
  selectedCosetAmbientMap ?q ↑?z
in the target expression
  G ↑z =
    (fun x =>
        |(UpperHalfPlane.smulFDeriv (selectedCosetGL q) x).det| •
          ambientFixedPhaseEuclideanGraphDensity n u (selectedCosetAmbientMap q x))
      ↑z

n : ℤ
q : GammaTwoRightCoset
u : InverseEtaFixedPhaseCore n
H : ℝ
hH : 0 < H
A : Set (ℝ × ℝ) := Icc (-(1 / 2)) (1 / 2) ×ˢ Ioi H
B : Set ℍ := selectedBaseCuspStrip H
e : ℝ × ℝ ≃ᵐ ℂ := Complex.measurableEquivRealProd.symm
G : ℂ → ℝ := fun w => selectedHeightGraphDensity n q u (w.re, w.im)
hCoordinate : ∫ (p : ℝ × ℝ) in A, selectedHeightGraphDensity n q u p ∂volume.prod volume = ∫ (w : ℂ) in ⇑e '' A, G w
hAmbientImage : ⇑e '' A = UpperHalfPlane.coe '' B
z : ℍ
_hz : z ∈ selectedBaseCuspStrip H
⊢ G ↑z =
    (fun x =>
        |(UpperHalfPlane.smulFDeriv (selectedCosetGL q) x).det| •
          ambientFixedPhaseEuclideanGraphDensity n u (selectedCosetAmbientMap q x))
      ↑z
PrimalitySheafVerification/Mock2_FunctionalAnalysis.lean:36313:6: error(lean.synthInstanceFailed): failed to synthesize instance of type class
  AddCommGroup (InverseEtaFixedPhaseCore n)

Hint: Type class instance resolution failures can be inspected with the `set_option trace.Meta.synthInstance true` command.
PrimalitySheafVerification/Mock2_FunctionalAnalysis.lean:36416:8: error(lean.synthInstanceFailed): failed to synthesize instance of type class
  AddCommGroup (InverseEtaFixedPhaseCore n)

Hint: Type class instance resolution failures can be inspected with the `set_option trace.Meta.synthInstance true` command.
PrimalitySheafVerification/Mock2_FunctionalAnalysis.lean:36432:8: error(lean.synthInstanceFailed): failed to synthesize instance of type class
  AddCommGroup (InverseEtaFixedPhaseCore n)

Hint: Type class instance resolution failures can be inspected with the `set_option trace.Meta.synthInstance true` command.
PrimalitySheafVerification/Mock2_FunctionalAnalysis.lean:36449:45: error: Application type mismatch: The argument
  coreMap n
has type
  @LinearMap ℂ ℂ Complex.instSemiring Complex.instSemiring (RingHom.id ℂ) (InverseEtaFixedPhaseCore n)
    (GraphSobolevCompletion n) (inverseEtaFixedPhaseStableCoreSubmodule n).addCommMonoid
    UniformSpace.Completion.instAddCommGroup.toAddCommMonoid (fixedPhaseGraphCoreModule n)
    UniformSpace.Completion.instModule
but is expected to have type
  @LinearMap ℂ ℂ DivisionRing.toDivisionSemiring.toSemiring DivisionRing.toDivisionSemiring.toSemiring (RingHom.id ℂ)
    ?m.18 (GraphSobolevCompletion n) AddCommGroup.toAddCommMonoid
    NormedAddCommGroup.toSeminormedAddCommGroup.toAddCommMonoid ?m.27 UniformSpace.Completion.instModule
in the application
  LinearMap.extendOfNorm ?m.33 (coreMap n)
PrimalitySheafVerification/Mock2_FunctionalAnalysis.lean:36458:35: error: (deterministic) timeout at `whnf`, maximum number of heartbeats (200000) has been reached

Note: Use `set_option maxHeartbeats <num>` to set the limit.

Hint: Additional diagnostic information may be available using the `set_option diagnostics true` command.
PrimalitySheafVerification/Mock2_FunctionalAnalysis.lean:36468:5: error: maximum number of errors (100; from option `maxErrors`) reached, exiting
