PrimalitySheafVerification/Mock2_FunctionalAnalysis.lean:210:0: warning: 
'Mathlib.Analysis.Normed.Operator.FredholmAlternative' has been deprecated: please replace this import by

import Mathlib.Analysis.Normed.Operator.Compact.FredholmAlternative
PrimalitySheafVerification/Mock2_FunctionalAnalysis.lean:731:2: warning: try 'simp' instead of 'simpa'

Note: This linter can be disabled with `set_option linter.unnecessarySimpa false`
PrimalitySheafVerification/Mock2_FunctionalAnalysis.lean:972:0: warning: automatically included section variable(s) unused in theorem `Mock2FA.PaperCorrections.linearTestIntegrand_add`:
  [MeasurableSpace X]
  [TopologicalSpace X]
consider restructuring your `variable` declarations so that the variables are not in scope or explicitly omit them:
  omit [MeasurableSpace X] [TopologicalSpace X] in theorem ...

Note: This linter can be disabled with `set_option linter.unusedSectionVars false`
PrimalitySheafVerification/Mock2_FunctionalAnalysis.lean:980:0: warning: automatically included section variable(s) unused in theorem `Mock2FA.PaperCorrections.linearTestIntegrand_smul`:
  [MeasurableSpace X]
  [TopologicalSpace X]
consider restructuring your `variable` declarations so that the variables are not in scope or explicitly omit them:
  omit [MeasurableSpace X] [TopologicalSpace X] in theorem ...

Note: This linter can be disabled with `set_option linter.unusedSectionVars false`
PrimalitySheafVerification/Mock2_FunctionalAnalysis.lean:989:0: warning: automatically included section variable(s) unused in theorem `Mock2FA.PaperCorrections.linearTestIntegrand_density_add`:
  [MeasurableSpace X]
  [TopologicalSpace X]
consider restructuring your `variable` declarations so that the variables are not in scope or explicitly omit them:
  omit [MeasurableSpace X] [TopologicalSpace X] in theorem ...

Note: This linter can be disabled with `set_option linter.unusedSectionVars false`
PrimalitySheafVerification/Mock2_FunctionalAnalysis.lean:997:0: warning: automatically included section variable(s) unused in theorem `Mock2FA.PaperCorrections.antiTestIntegrand_add`:
  [MeasurableSpace X]
  [TopologicalSpace X]
consider restructuring your `variable` declarations so that the variables are not in scope or explicitly omit them:
  omit [MeasurableSpace X] [TopologicalSpace X] in theorem ...

Note: This linter can be disabled with `set_option linter.unusedSectionVars false`
PrimalitySheafVerification/Mock2_FunctionalAnalysis.lean:1005:0: warning: automatically included section variable(s) unused in theorem `Mock2FA.PaperCorrections.antiTestIntegrand_smul`:
  [MeasurableSpace X]
  [TopologicalSpace X]
consider restructuring your `variable` declarations so that the variables are not in scope or explicitly omit them:
  omit [MeasurableSpace X] [TopologicalSpace X] in theorem ...

Note: This linter can be disabled with `set_option linter.unusedSectionVars false`
PrimalitySheafVerification/Mock2_FunctionalAnalysis.lean:1015:0: warning: automatically included section variable(s) unused in theorem `Mock2FA.PaperCorrections.antiTestIntegrand_density_add`:
  [MeasurableSpace X]
  [TopologicalSpace X]
consider restructuring your `variable` declarations so that the variables are not in scope or explicitly omit them:
  omit [MeasurableSpace X] [TopologicalSpace X] in theorem ...

Note: This linter can be disabled with `set_option linter.unusedSectionVars false`
PrimalitySheafVerification/Mock2_FunctionalAnalysis.lean:1190:0: warning: automatically included section variable(s) unused in theorem `Mock2FA.PaperCorrections.integral_eq_setIntegral_of_support_subset`:
  [TopologicalSpace X]
consider restructuring your `variable` declarations so that the variables are not in scope or explicitly omit them:
  omit [TopologicalSpace X] in theorem ...

Note: This linter can be disabled with `set_option linter.unusedSectionVars false`
PrimalitySheafVerification/Mock2_FunctionalAnalysis.lean:1198:0: warning: automatically included section variable(s) unused in theorem `Mock2FA.PaperCorrections.support_linearTestIntegrand_subset_test`:
  [MeasurableSpace X]
  [TopologicalSpace X]
consider restructuring your `variable` declarations so that the variables are not in scope or explicitly omit them:
  omit [MeasurableSpace X] [TopologicalSpace X] in theorem ...

Note: This linter can be disabled with `set_option linter.unusedSectionVars false`
PrimalitySheafVerification/Mock2_FunctionalAnalysis.lean:1207:0: warning: automatically included section variable(s) unused in theorem `Mock2FA.PaperCorrections.support_antiTestIntegrand_subset_test`:
  [MeasurableSpace X]
  [TopologicalSpace X]
consider restructuring your `variable` declarations so that the variables are not in scope or explicitly omit them:
  omit [MeasurableSpace X] [TopologicalSpace X] in theorem ...

Note: This linter can be disabled with `set_option linter.unusedSectionVars false`
PrimalitySheafVerification/Mock2_FunctionalAnalysis.lean:1278:0: warning: automatically included section variable(s) unused in theorem `Mock2FA.PaperCorrections.tsupport_subset_interior_compactExhaustion`:
  [MeasurableSpace X]
consider restructuring your `variable` declarations so that the variables are not in scope or explicitly omit them:
  omit [MeasurableSpace X] in theorem ...

Note: This linter can be disabled with `set_option linter.unusedSectionVars false`
PrimalitySheafVerification/Mock2_FunctionalAnalysis.lean:1292:0: warning: automatically included section variable(s) unused in theorem `Mock2FA.PaperCorrections.eventually_tsupport_subset_compactExhaustion`:
  [MeasurableSpace X]
consider restructuring your `variable` declarations so that the variables are not in scope or explicitly omit them:
  omit [MeasurableSpace X] in theorem ...

Note: This linter can be disabled with `set_option linter.unusedSectionVars false`
PrimalitySheafVerification/Mock2_FunctionalAnalysis.lean:1354:0: warning: automatically included section variable(s) unused in theorem `Mock2FA.PaperCorrections.mem_truncatedTestCore`:
  [MeasurableSpace X]
consider restructuring your `variable` declarations so that the variables are not in scope or explicitly omit them:
  omit [MeasurableSpace X] in theorem ...

Note: This linter can be disabled with `set_option linter.unusedSectionVars false`
PrimalitySheafVerification/Mock2_FunctionalAnalysis.lean:1360:0: warning: automatically included section variable(s) unused in theorem `Mock2FA.PaperCorrections.truncatedTestCore_subset_core`:
  [MeasurableSpace X]
consider restructuring your `variable` declarations so that the variables are not in scope or explicitly omit them:
  omit [MeasurableSpace X] in theorem ...

Note: This linter can be disabled with `set_option linter.unusedSectionVars false`
PrimalitySheafVerification/Mock2_FunctionalAnalysis.lean:1365:0: warning: automatically included section variable(s) unused in theorem `Mock2FA.PaperCorrections.truncatedTestCore_mono`:
  [MeasurableSpace X]
consider restructuring your `variable` declarations so that the variables are not in scope or explicitly omit them:
  omit [MeasurableSpace X] in theorem ...

Note: This linter can be disabled with `set_option linter.unusedSectionVars false`
PrimalitySheafVerification/Mock2_FunctionalAnalysis.lean:1372:0: warning: automatically included section variable(s) unused in theorem `Mock2FA.PaperCorrections.iUnion_truncatedTestCore_eq`:
  [MeasurableSpace X]
consider restructuring your `variable` declarations so that the variables are not in scope or explicitly omit them:
  omit [MeasurableSpace X] in theorem ...

Note: This linter can be disabled with `set_option linter.unusedSectionVars false`
PrimalitySheafVerification/Mock2_FunctionalAnalysis.lean:1409:0: warning: automatically included section variable(s) unused in theorem `Mock2FA.PaperCorrections.compactExhaustion_covers_compactlySupported_tests`:
  [MeasurableSpace X]
consider restructuring your `variable` declarations so that the variables are not in scope or explicitly omit them:
  omit [MeasurableSpace X] in theorem ...

Note: This linter can be disabled with `set_option linter.unusedSectionVars false`
PrimalitySheafVerification/Mock2_FunctionalAnalysis.lean:1839:2: warning: Try this: 
  letI̵

The goal is a proposition, so `let` is preferred over `letI`.
The difference between `let` and `letI` is that `letI` inlines the value.
But this is not relevant for proofs because of proof irrelevance.

Note: This linter can be disabled with `set_option linter.style.haveILetI false`
PrimalitySheafVerification/Mock2_FunctionalAnalysis.lean:1840:2: warning: Try this: 
  letI̵

The goal is a proposition, so `let` is preferred over `letI`.
The difference between `let` and `letI` is that `letI` inlines the value.
But this is not relevant for proofs because of proof irrelevance.

Note: This linter can be disabled with `set_option linter.style.haveILetI false`
PrimalitySheafVerification/Mock2_FunctionalAnalysis.lean:1872:2: warning: Try this: 
  letI̵

The goal is a proposition, so `let` is preferred over `letI`.
The difference between `let` and `letI` is that `letI` inlines the value.
But this is not relevant for proofs because of proof irrelevance.

Note: This linter can be disabled with `set_option linter.style.haveILetI false`
PrimalitySheafVerification/Mock2_FunctionalAnalysis.lean:1873:2: warning: Try this: 
  letI̵

The goal is a proposition, so `let` is preferred over `letI`.
The difference between `let` and `letI` is that `letI` inlines the value.
But this is not relevant for proofs because of proof irrelevance.

Note: This linter can be disabled with `set_option linter.style.haveILetI false`
PrimalitySheafVerification/Mock2_FunctionalAnalysis.lean:2703:0: warning: automatically included section variable(s) unused in theorem `Mock2FA.PaperCorrections.FredholmBypass.FredholmBypassData.compactPerturbation_isCompact`:
  [CompleteSpace V]
consider restructuring your `variable` declarations so that the variables are not in scope or explicitly omit them:
  omit [CompleteSpace V] in theorem ...

Note: This linter can be disabled with `set_option linter.unusedSectionVars false`
PrimalitySheafVerification/Mock2_FunctionalAnalysis.lean:2708:0: warning: automatically included section variable(s) unused in theorem `Mock2FA.PaperCorrections.FredholmBypass.FredholmBypassData.normalized_hasTrivialKernel`:
  [CompleteSpace V]
consider restructuring your `variable` declarations so that the variables are not in scope or explicitly omit them:
  omit [CompleteSpace V] in theorem ...

Note: This linter can be disabled with `set_option linter.unusedSectionVars false`
PrimalitySheafVerification/Mock2_FunctionalAnalysis.lean:3098:0: warning: automatically included section variable(s) unused in theorem `Mock2FA.PaperCorrections.FredholmBypass.fredholmDefectKernelComplementRestriction_apply`:
  [CompleteSpace X]
consider restructuring your `variable` declarations so that the variables are not in scope or explicitly omit them:
  omit [CompleteSpace X] in theorem ...

Note: This linter can be disabled with `set_option linter.unusedSectionVars false`
PrimalitySheafVerification/Mock2_FunctionalAnalysis.lean:3106:0: warning: automatically included section variable(s) unused in theorem `Mock2FA.PaperCorrections.FredholmBypass.fredholmDefectKernelComplementRestriction_injective`:
  [CompleteSpace X]
consider restructuring your `variable` declarations so that the variables are not in scope or explicitly omit them:
  omit [CompleteSpace X] in theorem ...

Note: This linter can be disabled with `set_option linter.unusedSectionVars false`
PrimalitySheafVerification/Mock2_FunctionalAnalysis.lean:3127:0: warning: automatically included section variable(s) unused in theorem `Mock2FA.PaperCorrections.FredholmBypass.fredholmDefectKernelComplementRestriction_antilipschitz`:
  [CompleteSpace X]
consider restructuring your `variable` declarations so that the variables are not in scope or explicitly omit them:
  omit [CompleteSpace X] in theorem ...

Note: This linter can be disabled with `set_option linter.unusedSectionVars false`
PrimalitySheafVerification/Mock2_FunctionalAnalysis.lean:3263:0: warning: automatically included section variable(s) unused in theorem `Mock2FA.PaperCorrections.FredholmBypass.ShiftedCompactDecomposition.range_isClosed`:
  [CompleteSpace W]
consider restructuring your `variable` declarations so that the variables are not in scope or explicitly omit them:
  omit [CompleteSpace W] in theorem ...

Note: This linter can be disabled with `set_option linter.unusedSectionVars false`
PrimalitySheafVerification/Mock2_FunctionalAnalysis.lean:3299:47: warning: Variable name `d` is not explicitly referenced.

Hint: The binding can be removed (if unused) or named `_` (if used implicitly). Alternatively, prefix the name with `_` to silence this warning:
  [apply] _d

Note: This linter can be disabled with `set_option linter.unusedVariables false`
PrimalitySheafVerification/Mock2_FunctionalAnalysis.lean:3305:0: warning: automatically included section variable(s) unused in theorem `Mock2FA.PaperCorrections.FredholmBypass.NontrivialKernelFredholmData.kernelComplementRestriction_apply`:
  [CompleteSpace V]
  [CompleteSpace W]
consider restructuring your `variable` declarations so that the variables are not in scope or explicitly omit them:
  omit [CompleteSpace V] [CompleteSpace W] in theorem ...

Note: This linter can be disabled with `set_option linter.unusedSectionVars false`
PrimalitySheafVerification/Mock2_FunctionalAnalysis.lean:3312:0: warning: automatically included section variable(s) unused in theorem `Mock2FA.PaperCorrections.FredholmBypass.NontrivialKernelFredholmData.kernelComplementRestriction_injective`:
  [CompleteSpace V]
  [CompleteSpace W]
consider restructuring your `variable` declarations so that the variables are not in scope or explicitly omit them:
  omit [CompleteSpace V] [CompleteSpace W] in theorem ...

Note: This linter can be disabled with `set_option linter.unusedSectionVars false`
PrimalitySheafVerification/Mock2_FunctionalAnalysis.lean:3330:0: warning: automatically included section variable(s) unused in theorem `Mock2FA.PaperCorrections.FredholmBypass.NontrivialKernelFredholmData.kernelComplementRestriction_surjective`:
  [CompleteSpace W]
consider restructuring your `variable` declarations so that the variables are not in scope or explicitly omit them:
  omit [CompleteSpace W] in theorem ...

Note: This linter can be disabled with `set_option linter.unusedSectionVars false`
PrimalitySheafVerification/Mock2_FunctionalAnalysis.lean:3427:5: warning: Variable name `d` is not explicitly referenced.

Hint: The binding can be removed (if unused) or named `_` (if used implicitly). Alternatively, prefix the name with `_` to silence this warning:
  [apply] _d

Note: This linter can be disabled with `set_option linter.unusedVariables false`
PrimalitySheafVerification/Mock2_FunctionalAnalysis.lean:3481:0: warning: automatically included section variable(s) unused in theorem `Mock2FA.PaperCorrections.FredholmBypass.NontrivialKernelFredholmData.compactPerturbation_isCompact`:
  [CompleteSpace V]
  [CompleteSpace W]
consider restructuring your `variable` declarations so that the variables are not in scope or explicitly omit them:
  omit [CompleteSpace V] [CompleteSpace W] in theorem ...

Note: This linter can be disabled with `set_option linter.unusedSectionVars false`
PrimalitySheafVerification/Mock2_FunctionalAnalysis.lean:3488:0: warning: automatically included section variable(s) unused in theorem `Mock2FA.PaperCorrections.FredholmBypass.NontrivialKernelFredholmData.factorization`:
  [CompleteSpace V]
  [CompleteSpace W]
consider restructuring your `variable` declarations so that the variables are not in scope or explicitly omit them:
  omit [CompleteSpace V] [CompleteSpace W] in theorem ...

Note: This linter can be disabled with `set_option linter.unusedSectionVars false`
PrimalitySheafVerification/Mock2_FunctionalAnalysis.lean:4293:2: warning: try 'simp' instead of 'simpa'

Note: This linter can be disabled with `set_option linter.unnecessarySimpa false`
PrimalitySheafVerification/Mock2_FunctionalAnalysis.lean:4296:19: warning: 'norm_num' tactic does nothing

Note: This linter can be disabled with `set_option linter.unusedTactic false`
PrimalitySheafVerification/Mock2_FunctionalAnalysis.lean:4296:19: warning: this tactic is never executed

Note: This linter can be disabled with `set_option linter.unreachableTactic false`
PrimalitySheafVerification/Mock2_FunctionalAnalysis.lean:4420:2: warning: try 'simp' instead of 'simpa'

Note: This linter can be disabled with `set_option linter.unnecessarySimpa false`
PrimalitySheafVerification/Mock2_FunctionalAnalysis.lean:4488:6: warning: 'ring' tactic does nothing

Note: This linter can be disabled with `set_option linter.unusedTactic false`
PrimalitySheafVerification/Mock2_FunctionalAnalysis.lean:4488:6: warning: this tactic is never executed

Note: This linter can be disabled with `set_option linter.unreachableTactic false`
PrimalitySheafVerification/Mock2_FunctionalAnalysis.lean:4537:4: warning: try 'simp' instead of 'simpa'

Note: This linter can be disabled with `set_option linter.unnecessarySimpa false`
PrimalitySheafVerification/Mock2_FunctionalAnalysis.lean:4589:2: warning: try 'simp' instead of 'simpa'

Note: This linter can be disabled with `set_option linter.unnecessarySimpa false`
PrimalitySheafVerification/Mock2_FunctionalAnalysis.lean:4672:43: warning: This simp argument is unused:
  zpow_neg_one

Hint: Omit it from the simp argument list.
  [apply] simp [weightFiberScale, halfWeightScale]

Note: This linter can be disabled with `set_option linter.unusedSimpArgs false`
PrimalitySheafVerification/Mock2_FunctionalAnalysis.lean:5284:6: warning: 'ring' tactic does nothing

Note: This linter can be disabled with `set_option linter.unusedTactic false`
PrimalitySheafVerification/Mock2_FunctionalAnalysis.lean:5284:6: warning: this tactic is never executed

Note: This linter can be disabled with `set_option linter.unreachableTactic false`
PrimalitySheafVerification/Mock2_FunctionalAnalysis.lean:5632:2: warning: Try this: 
  letI̵

The goal is a proposition, so `let` is preferred over `letI`.
The difference between `let` and `letI` is that `letI` inlines the value.
But this is not relevant for proofs because of proof irrelevance.

Note: This linter can be disabled with `set_option linter.style.haveILetI false`
PrimalitySheafVerification/Mock2_FunctionalAnalysis.lean:5689:15: warning: `Set.preimage_setOf_eq` has been deprecated: Use `Set.preimage_ofPred_eq` instead
PrimalitySheafVerification/Mock2_FunctionalAnalysis.lean:5782:4: warning: try 'simp' instead of 'simpa'

Note: This linter can be disabled with `set_option linter.unnecessarySimpa false`
PrimalitySheafVerification/Mock2_FunctionalAnalysis.lean:5944:6: warning: try 'simp' instead of 'simpa'

Note: This linter can be disabled with `set_option linter.unnecessarySimpa false`
PrimalitySheafVerification/Mock2_FunctionalAnalysis.lean:6011:12: warning: This simp argument is unused:
  mul_assoc

Hint: Omit it from the simp argument list.
  [apply] simp

Note: This linter can be disabled with `set_option linter.unusedSimpArgs false`
PrimalitySheafVerification/Mock2_FunctionalAnalysis.lean:6084:12: warning: This simp argument is unused:
  mul_assoc

Hint: Omit it from the simp argument list.
  [apply] simp

Note: This linter can be disabled with `set_option linter.unusedSimpArgs false`
PrimalitySheafVerification/Mock2_FunctionalAnalysis.lean:6158:10: warning: `Set.mem_diff` has been deprecated: Use `Set.mem_sdiff` instead
PrimalitySheafVerification/Mock2_FunctionalAnalysis.lean:6554:4: warning: Try `simp at hback` instead of `simpa using hback`

Note: This linter can be disabled with `set_option linter.unnecessarySimpa false`
PrimalitySheafVerification/Mock2_FunctionalAnalysis.lean:6778:39: warning: `Set.mem_diff` has been deprecated: Use `Set.mem_sdiff` instead
PrimalitySheafVerification/Mock2_FunctionalAnalysis.lean:6990:42: warning: This simp argument is unused:
  Complex.ofReal_re

Hint: Omit it from the simp argument list.
  [apply] simp only [gammaTwoStandardEdgeParam, gammaTwoLeftCircleCenter, UpperHalfPlane.coe_mk, Complex.normSq_apply,
    Complex.sub_re, Complex.sub_im, Complex.neg_re, Complex.neg_im, Complex.ofReal_im, sub_zero, neg_neg]

Note: This linter can be disabled with `set_option linter.unusedSimpArgs false`
PrimalitySheafVerification/Mock2_FunctionalAnalysis.lean:6991:26: warning: This simp argument is unused:
  Complex.ofReal_im

Hint: Omit it from the simp argument list.
  [apply] simp only [gammaTwoStandardEdgeParam, gammaTwoLeftCircleCenter, UpperHalfPlane.coe_mk, Complex.normSq_apply,
    Complex.sub_re, Complex.sub_im, Complex.neg_re, Complex.ofReal_re, Complex.neg_im, sub_zero, neg_neg]

Note: This linter can be disabled with `set_option linter.unusedSimpArgs false`
PrimalitySheafVerification/Mock2_FunctionalAnalysis.lean:6991:45: warning: This simp argument is unused:
  sub_zero

Hint: Omit it from the simp argument list.
  [apply] simp only [gammaTwoStandardEdgeParam, gammaTwoLeftCircleCenter, UpperHalfPlane.coe_mk, Complex.normSq_apply,
    Complex.sub_re, Complex.sub_im, Complex.neg_re, Complex.ofReal_re, Complex.neg_im, Complex.ofReal_im, neg_neg]

Note: This linter can be disabled with `set_option linter.unusedSimpArgs false`
PrimalitySheafVerification/Mock2_FunctionalAnalysis.lean:6991:55: warning: This simp argument is unused:
  neg_neg

Hint: Omit it from the simp argument list.
  [apply] simp only [gammaTwoStandardEdgeParam, gammaTwoLeftCircleCenter, UpperHalfPlane.coe_mk, Complex.normSq_apply,
    Complex.sub_re, Complex.sub_im, Complex.neg_re, Complex.ofReal_re, Complex.neg_im, Complex.ofReal_im, sub_zero]

Note: This linter can be disabled with `set_option linter.unusedSimpArgs false`
PrimalitySheafVerification/Mock2_FunctionalAnalysis.lean:7014:26: warning: This simp argument is unused:
  Complex.ofReal_re

Hint: Omit it from the simp argument list.
  [apply] simp only [gammaTwoStandardEdgeParam, gammaTwoRightCircleCenter, UpperHalfPlane.coe_mk, Complex.normSq_apply,
    Complex.sub_re, Complex.sub_im, Complex.ofReal_im, sub_zero]

Note: This linter can be disabled with `set_option linter.unusedSimpArgs false`
PrimalitySheafVerification/Mock2_FunctionalAnalysis.lean:7014:45: warning: This simp argument is unused:
  Complex.ofReal_im

Hint: Omit it from the simp argument list.
  [apply] simp only [gammaTwoStandardEdgeParam, gammaTwoRightCircleCenter, UpperHalfPlane.coe_mk, Complex.normSq_apply,
    Complex.sub_re, Complex.sub_im, Complex.ofReal_re, sub_zero]

Note: This linter can be disabled with `set_option linter.unusedSimpArgs false`
PrimalitySheafVerification/Mock2_FunctionalAnalysis.lean:7014:64: warning: This simp argument is unused:
  sub_zero

Hint: Omit it from the simp argument list.
  [apply] simp only [gammaTwoStandardEdgeParam, gammaTwoRightCircleCenter, UpperHalfPlane.coe_mk, Complex.normSq_apply,
    Complex.sub_re, Complex.sub_im, Complex.ofReal_re, Complex.ofReal_im]

Note: This linter can be disabled with `set_option linter.unusedSimpArgs false`
PrimalitySheafVerification/Mock2_FunctionalAnalysis.lean:7074:6: warning: This simp argument is unused:
  Complex.ofReal_re

Hint: Omit it from the simp argument list.
  [apply] simp only [gammaTwoStandardEdgeParam, UpperHalfPlane.coe_mk, Complex.mul_re, Complex.mul_im, Complex.add_re,
    Complex.add_im, Complex.ofReal_im, Complex.one_re, Complex.one_im, zero_mul, mul_zero, add_zero]

Note: This linter can be disabled with `set_option linter.unusedSimpArgs false`
PrimalitySheafVerification/Mock2_FunctionalAnalysis.lean:7074:25: warning: This simp argument is unused:
  Complex.ofReal_im

Hint: Omit it from the simp argument list.
  [apply] simp only [gammaTwoStandardEdgeParam, UpperHalfPlane.coe_mk, Complex.mul_re, Complex.mul_im, Complex.add_re,
    Complex.add_im, Complex.ofReal_re, Complex.one_re, Complex.one_im, zero_mul, mul_zero, add_zero]

Note: This linter can be disabled with `set_option linter.unusedSimpArgs false`
PrimalitySheafVerification/Mock2_FunctionalAnalysis.lean:7075:22: warning: This simp argument is unused:
  zero_mul

Hint: Omit it from the simp argument list.
  [apply] simp only [gammaTwoStandardEdgeParam, UpperHalfPlane.coe_mk, Complex.mul_re, Complex.mul_im, Complex.add_re,
    Complex.add_im, Complex.ofReal_re, Complex.ofReal_im, Complex.one_re, Complex.one_im, mul_zero, add_zero]

Note: This linter can be disabled with `set_option linter.unusedSimpArgs false`
PrimalitySheafVerification/Mock2_FunctionalAnalysis.lean:7075:32: warning: This simp argument is unused:
  mul_zero

Hint: Omit it from the simp argument list.
  [apply] simp only [gammaTwoStandardEdgeParam, UpperHalfPlane.coe_mk, Complex.mul_re, Complex.mul_im, Complex.add_re,
    Complex.add_im, Complex.ofReal_re, Complex.ofReal_im, Complex.one_re, Complex.one_im, zero_mul, add_zero]

Note: This linter can be disabled with `set_option linter.unusedSimpArgs false`
PrimalitySheafVerification/Mock2_FunctionalAnalysis.lean:7081:6: warning: This simp argument is unused:
  Complex.ofReal_re

Hint: Omit it from the simp argument list.
  [apply] simp only [gammaTwoStandardEdgeParam, UpperHalfPlane.coe_mk, Complex.mul_re, Complex.mul_im, Complex.add_re,
    Complex.add_im, Complex.ofReal_im, Complex.one_re, Complex.one_im, zero_mul, mul_zero, add_zero]

Note: This linter can be disabled with `set_option linter.unusedSimpArgs false`
PrimalitySheafVerification/Mock2_FunctionalAnalysis.lean:7081:25: warning: This simp argument is unused:
  Complex.ofReal_im

Hint: Omit it from the simp argument list.
  [apply] simp only [gammaTwoStandardEdgeParam, UpperHalfPlane.coe_mk, Complex.mul_re, Complex.mul_im, Complex.add_re,
    Complex.add_im, Complex.ofReal_re, Complex.one_re, Complex.one_im, zero_mul, mul_zero, add_zero]

Note: This linter can be disabled with `set_option linter.unusedSimpArgs false`
PrimalitySheafVerification/Mock2_FunctionalAnalysis.lean:7082:22: warning: This simp argument is unused:
  zero_mul

Hint: Omit it from the simp argument list.
  [apply] simp only [gammaTwoStandardEdgeParam, UpperHalfPlane.coe_mk, Complex.mul_re, Complex.mul_im, Complex.add_re,
    Complex.add_im, Complex.ofReal_re, Complex.ofReal_im, Complex.one_re, Complex.one_im, mul_zero, add_zero]

Note: This linter can be disabled with `set_option linter.unusedSimpArgs false`
PrimalitySheafVerification/Mock2_FunctionalAnalysis.lean:7082:32: warning: This simp argument is unused:
  mul_zero

Hint: Omit it from the simp argument list.
  [apply] simp only [gammaTwoStandardEdgeParam, UpperHalfPlane.coe_mk, Complex.mul_re, Complex.mul_im, Complex.add_re,
    Complex.add_im, Complex.ofReal_re, Complex.ofReal_im, Complex.one_re, Complex.one_im, zero_mul, add_zero]

Note: This linter can be disabled with `set_option linter.unusedSimpArgs false`
PrimalitySheafVerification/Mock2_FunctionalAnalysis.lean:7883:14: warning: This simp argument is unused:
  GammaTwoModularTileEdge.pairingMatrix

Hint: Omit it from the simp argument list.
  [apply] simp [GammaTwoModularTileEdge.paired, GammaTwoModularTileEdge.pairedParameter, modularTileEdgeParam,
    modularCircularArcParam, hnormSq, hden]

Note: This linter can be disabled with `set_option linter.unusedSimpArgs false`
PrimalitySheafVerification/Mock2_FunctionalAnalysis.lean:7884:10: warning: This simp argument is unused:
  GammaTwoModularTileEdge.paired

Hint: Omit it from the simp argument list.
  [apply] simp [GammaTwoModularTileEdge.pairingMatrix, GammaTwoModularTileEdge.pairedParameter, modularTileEdgeParam,
    modularCircularArcParam, hnormSq, hden]

Note: This linter can be disabled with `set_option linter.unusedSimpArgs false`
PrimalitySheafVerification/Mock2_FunctionalAnalysis.lean:7885:10: warning: This simp argument is unused:
  GammaTwoModularTileEdge.pairedParameter

Hint: Omit it from the simp argument list.
  [apply] simp [GammaTwoModularTileEdge.pairingMatrix, GammaTwoModularTileEdge.paired, modularTileEdgeParam,
    modularCircularArcParam, hnormSq, hden]

Note: This linter can be disabled with `set_option linter.unusedSimpArgs false`
PrimalitySheafVerification/Mock2_FunctionalAnalysis.lean:7886:10: warning: This simp argument is unused:
  modularTileEdgeParam

Hint: Omit it from the simp argument list.
  [apply] simp [GammaTwoModularTileEdge.pairingMatrix, GammaTwoModularTileEdge.paired,
    GammaTwoModularTileEdge.pairedParameter, modularCircularArcParam, hnormSq, hden]

Note: This linter can be disabled with `set_option linter.unusedSimpArgs false`
PrimalitySheafVerification/Mock2_FunctionalAnalysis.lean:7886:57: warning: This simp argument is unused:
  hnormSq

Hint: Omit it from the simp argument list.
  [apply] simp [GammaTwoModularTileEdge.pairingMatrix, GammaTwoModularTileEdge.paired,
    GammaTwoModularTileEdge.pairedParameter, modularTileEdgeParam, modularCircularArcParam, hden]

Note: This linter can be disabled with `set_option linter.unusedSimpArgs false`
PrimalitySheafVerification/Mock2_FunctionalAnalysis.lean:7888:14: warning: This simp argument is unused:
  GammaTwoModularTileEdge.pairingMatrix

Hint: Omit it from the simp argument list.
  [apply] simp [GammaTwoModularTileEdge.paired, GammaTwoModularTileEdge.pairedParameter, modularTileEdgeParam,
    modularCircularArcParam, hnormSq, hden]

Note: This linter can be disabled with `set_option linter.unusedSimpArgs false`
PrimalitySheafVerification/Mock2_FunctionalAnalysis.lean:7889:10: warning: This simp argument is unused:
  GammaTwoModularTileEdge.paired

Hint: Omit it from the simp argument list.
  [apply] simp [GammaTwoModularTileEdge.pairingMatrix, GammaTwoModularTileEdge.pairedParameter, modularTileEdgeParam,
    modularCircularArcParam, hnormSq, hden]

Note: This linter can be disabled with `set_option linter.unusedSimpArgs false`
PrimalitySheafVerification/Mock2_FunctionalAnalysis.lean:7890:10: warning: This simp argument is unused:
  GammaTwoModularTileEdge.pairedParameter

Hint: Omit it from the simp argument list.
  [apply] simp [GammaTwoModularTileEdge.pairingMatrix, GammaTwoModularTileEdge.paired, modularTileEdgeParam,
    modularCircularArcParam, hnormSq, hden]

Note: This linter can be disabled with `set_option linter.unusedSimpArgs false`
PrimalitySheafVerification/Mock2_FunctionalAnalysis.lean:7891:10: warning: This simp argument is unused:
  modularTileEdgeParam

Hint: Omit it from the simp argument list.
  [apply] simp [GammaTwoModularTileEdge.pairingMatrix, GammaTwoModularTileEdge.paired,
    GammaTwoModularTileEdge.pairedParameter, modularCircularArcParam, hnormSq, hden]

Note: This linter can be disabled with `set_option linter.unusedSimpArgs false`
PrimalitySheafVerification/Mock2_FunctionalAnalysis.lean:7891:57: warning: This simp argument is unused:
  hnormSq

Hint: Omit it from the simp argument list.
  [apply] simp [GammaTwoModularTileEdge.pairingMatrix, GammaTwoModularTileEdge.paired,
    GammaTwoModularTileEdge.pairedParameter, modularTileEdgeParam, modularCircularArcParam, hden]

Note: This linter can be disabled with `set_option linter.unusedSimpArgs false`
PrimalitySheafVerification/Mock2_FunctionalAnalysis.lean:8371:12: warning: This simp argument is unused:
  mul_assoc

Hint: Omit it from the simp argument list.
  [apply] simp

Note: This linter can be disabled with `set_option linter.unusedSimpArgs false`
PrimalitySheafVerification/Mock2_FunctionalAnalysis.lean:8519:8: warning: `continuous_finset_sum` has been deprecated: Use `continuous_finsetSum` instead
PrimalitySheafVerification/Mock2_FunctionalAnalysis.lean:8893:8: warning: `continuous_finset_sum` has been deprecated: Use `continuous_finsetSum` instead
PrimalitySheafVerification/Mock2_FunctionalAnalysis.lean:9027:15: warning: `Set.preimage_setOf_eq` has been deprecated: Use `Set.preimage_ofPred_eq` instead
PrimalitySheafVerification/Mock2_FunctionalAnalysis.lean:9360:10: warning: `Set.diff_subset` has been deprecated: Use `Set.sdiff_subset` instead
PrimalitySheafVerification/Mock2_FunctionalAnalysis.lean:9955:10: warning: `Set.diff_subset` has been deprecated: Use `Set.sdiff_subset` instead
PrimalitySheafVerification/Mock2_FunctionalAnalysis.lean:10093:27: warning: Used `tac1 <;> tac2` where `(tac1; tac2)` would suffice

Note: This linter can be disabled with `set_option linter.unnecessarySeqFocus false`
PrimalitySheafVerification/Mock2_FunctionalAnalysis.lean:10385:8: warning: `Polynomial.finite_setOf_isRoot` has been deprecated: Use `Polynomial.finite_setOfPred_isRoot` instead
PrimalitySheafVerification/Mock2_FunctionalAnalysis.lean:10402:8: warning: `Polynomial.finite_setOf_isRoot` has been deprecated: Use `Polynomial.finite_setOfPred_isRoot` instead
PrimalitySheafVerification/Mock2_FunctionalAnalysis.lean:10419:8: warning: `Polynomial.finite_setOf_isRoot` has been deprecated: Use `Polynomial.finite_setOfPred_isRoot` instead
PrimalitySheafVerification/Mock2_FunctionalAnalysis.lean:10780:6: warning: try 'simp' instead of 'simpa'

Note: This linter can be disabled with `set_option linter.unnecessarySimpa false`
PrimalitySheafVerification/Mock2_FunctionalAnalysis.lean:10789:2: warning: try 'simp' instead of 'simpa'

Note: This linter can be disabled with `set_option linter.unnecessarySimpa false`
PrimalitySheafVerification/Mock2_FunctionalAnalysis.lean:10969:19: warning: This simp argument is unused:
  Function.comp_def

Hint: Omit it from the simp argument list.
  [apply] simp [upperLift]

Note: This linter can be disabled with `set_option linter.unusedSimpArgs false`
PrimalitySheafVerification/Mock2_FunctionalAnalysis.lean:12021:13: warning: `ContinuousLinearMap.add_apply` has been deprecated: Use `add_apply` instead

Note: The updated constant is in a different namespace. Dot notation may need to be changed (e.g., from `x.add_apply` to `add_apply x`).
PrimalitySheafVerification/Mock2_FunctionalAnalysis.lean:12022:4: warning: `ContinuousLinearMap.smul_apply` has been deprecated: Use `smul_apply` instead

Note: The updated constant is in a different namespace. Dot notation may need to be changed (e.g., from `x.smul_apply` to `smul_apply x`).
PrimalitySheafVerification/Mock2_FunctionalAnalysis.lean:12049:10: warning: 'ring' tactic does nothing

Note: This linter can be disabled with `set_option linter.unusedTactic false`
PrimalitySheafVerification/Mock2_FunctionalAnalysis.lean:12049:10: warning: this tactic is never executed

Note: This linter can be disabled with `set_option linter.unreachableTactic false`
PrimalitySheafVerification/Mock2_FunctionalAnalysis.lean:12358:30: warning: Used `tac1 <;> tac2` where `(tac1; tac2)` would suffice

Note: This linter can be disabled with `set_option linter.unnecessarySeqFocus false`
PrimalitySheafVerification/Mock2_FunctionalAnalysis.lean:12382:28: warning: This simp argument is unused:
  Function.comp_def

Hint: Omit it from the simp argument list.
  [apply] simp [upperLift, heightC, UpperHalfPlane.ofComplex_apply_of_im_pos hw, heightCoordinateCLM]

Note: This linter can be disabled with `set_option linter.unusedSimpArgs false`
PrimalitySheafVerification/Mock2_FunctionalAnalysis.lean:12664:2: warning: Used `tac1 <;> tac2` where `(tac1; tac2)` would suffice

Note: This linter can be disabled with `set_option linter.unnecessarySeqFocus false`
PrimalitySheafVerification/Mock2_FunctionalAnalysis.lean:12677:6: warning: 'ring' tactic does nothing

Note: This linter can be disabled with `set_option linter.unusedTactic false`
PrimalitySheafVerification/Mock2_FunctionalAnalysis.lean:12677:6: warning: this tactic is never executed

Note: This linter can be disabled with `set_option linter.unreachableTactic false`
PrimalitySheafVerification/Mock2_FunctionalAnalysis.lean:13363:8: warning: This simp argument is unused:
  IsInverseEtaPaperOrbitCovariant

Hint: Omit it from the simp argument list.
  [apply] simp

Note: This linter can be disabled with `set_option linter.unusedSimpArgs false`
PrimalitySheafVerification/Mock2_FunctionalAnalysis.lean:13435:8: warning: This simp argument is unused:
  Function.comp_def

Hint: Omit it from the simp argument list.
  [apply] simp [upperLift, etaSqrtFactor, g, UpperHalfPlane.denom, hc]

Note: This linter can be disabled with `set_option linter.unusedSimpArgs false`
PrimalitySheafVerification/Mock2_FunctionalAnalysis.lean:13456:41: warning: This simp argument is unused:
  Function.comp_def

Hint: Omit it from the simp argument list.
  [apply] simp [upperLift, etaSqrtFactor, g, UpperHalfPlane.ofComplex_apply_of_im_pos hw]

Note: This linter can be disabled with `set_option linter.unusedSimpArgs false`
PrimalitySheafVerification/Mock2_FunctionalAnalysis.lean:13628:6: warning: try 'simp' instead of 'simpa'

Note: This linter can be disabled with `set_option linter.unnecessarySimpa false`
PrimalitySheafVerification/Mock2_FunctionalAnalysis.lean:13664:6: warning: This simp argument is unused:
  Function.comp_def

Hint: Omit it from the simp argument list.
  [apply] simp [upperLift, inverseEtaPaperOrbitDenom, g, UpperHalfPlane.ofComplex_apply_of_im_pos hw]

Note: This linter can be disabled with `set_option linter.unusedSimpArgs false`
PrimalitySheafVerification/Mock2_FunctionalAnalysis.lean:13688:51: warning: This simp argument is unused:
  Function.comp_def

Hint: Omit it from the simp argument list.
  [apply] simp [upperLift, inverseEtaPaperOrbitDenom, g, UpperHalfPlane.ofComplex_apply_of_im_pos hw]

Note: This linter can be disabled with `set_option linter.unusedSimpArgs false`
PrimalitySheafVerification/Mock2_FunctionalAnalysis.lean:13716:2: warning: try 'simp' instead of 'simpa'

Note: This linter can be disabled with `set_option linter.unnecessarySimpa false`
PrimalitySheafVerification/Mock2_FunctionalAnalysis.lean:13723:2: warning: try 'simp' instead of 'simpa'

Note: This linter can be disabled with `set_option linter.unnecessarySimpa false`
PrimalitySheafVerification/Mock2_FunctionalAnalysis.lean:13743:2: warning: Used `tac1 <;> tac2` where `(tac1; tac2)` would suffice

Note: This linter can be disabled with `set_option linter.unnecessarySeqFocus false`
PrimalitySheafVerification/Mock2_FunctionalAnalysis.lean:13754:6: warning: 'ring' tactic does nothing

Note: This linter can be disabled with `set_option linter.unusedTactic false`
PrimalitySheafVerification/Mock2_FunctionalAnalysis.lean:13754:6: warning: this tactic is never executed

Note: This linter can be disabled with `set_option linter.unreachableTactic false`
PrimalitySheafVerification/Mock2_FunctionalAnalysis.lean:13903:42: warning: This simp argument is unused:
  Complex.I_sq

Hint: Omit it from the simp argument list.
  [apply] simp [Complex.mul_re, Complex.mul_im]

Note: This linter can be disabled with `set_option linter.unusedSimpArgs false`
PrimalitySheafVerification/Mock2_FunctionalAnalysis.lean:13914:42: warning: This simp argument is unused:
  Complex.I_sq

Hint: Omit it from the simp argument list.
  [apply] simp [Complex.mul_re, Complex.mul_im]

Note: This linter can be disabled with `set_option linter.unusedSimpArgs false`
PrimalitySheafVerification/Mock2_FunctionalAnalysis.lean:13961:4: warning: try 'simp' instead of 'simpa'

Note: This linter can be disabled with `set_option linter.unnecessarySimpa false`
PrimalitySheafVerification/Mock2_FunctionalAnalysis.lean:14040:6: warning: try 'simp' instead of 'simpa'

Note: This linter can be disabled with `set_option linter.unnecessarySimpa false`
PrimalitySheafVerification/Mock2_FunctionalAnalysis.lean:14041:55: warning: This simp argument is unused:
  hg

Hint: Omit it from the simp argument list.
  [apply] simp [UpperHalfPlane.smulFDeriv, UpperHalfPlane.σ, inverseEtaPaperOrbitDenom, inverseEtaPaperOrbit_det_eq_one,
    g, smul_eq_mul, mul_comm]

Note: This linter can be disabled with `set_option linter.unusedSimpArgs false`
PrimalitySheafVerification/Mock2_FunctionalAnalysis.lean:14042:33: warning: This simp argument is unused:
  inverseEtaPaperOrbit_det_eq_one

Hint: Omit it from the simp argument list.
  [apply] simp [UpperHalfPlane.smulFDeriv, UpperHalfPlane.σ, hg, inverseEtaPaperOrbitDenom, g, smul_eq_mul, mul_comm]

Note: This linter can be disabled with `set_option linter.unusedSimpArgs false`
PrimalitySheafVerification/Mock2_FunctionalAnalysis.lean:14059:6: warning: This simp argument is unused:
  GammaTwoQuotientGeometry.gammaTwoToSL2Real_smul

Hint: Omit it from the simp argument list.
  [apply] simp [upperLift, Function.comp_def, G, g, UpperHalfPlane.ofComplex_apply_of_im_pos hw]

Note: This linter can be disabled with `set_option linter.unusedSimpArgs false`
PrimalitySheafVerification/Mock2_FunctionalAnalysis.lean:14150:10: warning: Used `tac1 <;> tac2` where `(tac1; tac2)` would suffice

Note: This linter can be disabled with `set_option linter.unnecessarySeqFocus false`
PrimalitySheafVerification/Mock2_FunctionalAnalysis.lean:14165:10: warning: Used `tac1 <;> tac2` where `(tac1; tac2)` would suffice

Note: This linter can be disabled with `set_option linter.unnecessarySeqFocus false`
PrimalitySheafVerification/Mock2_FunctionalAnalysis.lean:14191:10: warning: Used `tac1 <;> tac2` where `(tac1; tac2)` would suffice

Note: This linter can be disabled with `set_option linter.unnecessarySeqFocus false`
PrimalitySheafVerification/Mock2_FunctionalAnalysis.lean:14206:10: warning: Used `tac1 <;> tac2` where `(tac1; tac2)` would suffice

Note: This linter can be disabled with `set_option linter.unnecessarySeqFocus false`
PrimalitySheafVerification/Mock2_FunctionalAnalysis.lean:14310:31: warning: Variable name `hr` is not explicitly referenced.

Hint: The binding can be removed (if unused) or named `_` (if used implicitly). Alternatively, prefix the name with `_` to silence this warning:
  [apply] _hr

Note: This linter can be disabled with `set_option linter.unusedVariables false`
PrimalitySheafVerification/Mock2_FunctionalAnalysis.lean:14341:4: warning: 'change star (j ^ 2) = star j ^ 2' tactic does nothing

Note: This linter can be disabled with `set_option linter.unusedTactic false`
PrimalitySheafVerification/Mock2_FunctionalAnalysis.lean:15042:11: warning: Variable name `a` is not explicitly referenced.

Hint: The binding can be removed (if unused) or named `_` (if used implicitly). Alternatively, prefix the name with `_` to silence this warning:
  [apply] _a

Note: This linter can be disabled with `set_option linter.unusedVariables false`
PrimalitySheafVerification/Mock2_FunctionalAnalysis.lean:15258:4: warning: This simp argument is unused:
  Function.comp_def

Hint: Omit it from the simp argument list.
  [apply] simp [conjugate, TestFunction.postcompCLM_apply, Complex.conjCLE_apply]

Note: This linter can be disabled with `set_option linter.unusedSimpArgs false`
PrimalitySheafVerification/Mock2_FunctionalAnalysis.lean:15258:23: warning: This simp argument is unused:
  Complex.conjCLE_apply

Hint: Omit it from the simp argument list.
  [apply] simp [conjugate, TestFunction.postcompCLM_apply, Function.comp_def]

Note: This linter can be disabled with `set_option linter.unusedSimpArgs false`
PrimalitySheafVerification/Mock2_FunctionalAnalysis.lean:15348:13: warning: `ContinuousLinearMap.add_apply` has been deprecated: Use `add_apply` instead

Note: The updated constant is in a different namespace. Dot notation may need to be changed (e.g., from `x.add_apply` to `add_apply x`).
PrimalitySheafVerification/Mock2_FunctionalAnalysis.lean:15349:4: warning: `ContinuousLinearMap.smul_apply` has been deprecated: Use `smul_apply` instead

Note: The updated constant is in a different namespace. Dot notation may need to be changed (e.g., from `x.smul_apply` to `smul_apply x`).
PrimalitySheafVerification/Mock2_FunctionalAnalysis.lean:15502:13: warning: `ContinuousLinearMap.add_apply` has been deprecated: Use `add_apply` instead

Note: The updated constant is in a different namespace. Dot notation may need to be changed (e.g., from `x.add_apply` to `add_apply x`).
PrimalitySheafVerification/Mock2_FunctionalAnalysis.lean:15503:4: warning: `ContinuousLinearMap.smul_apply` has been deprecated: Use `smul_apply` instead

Note: The updated constant is in a different namespace. Dot notation may need to be changed (e.g., from `x.smul_apply` to `smul_apply x`).
PrimalitySheafVerification/Mock2_FunctionalAnalysis.lean:15521:8: warning: try 'simp' instead of 'simpa'

Note: This linter can be disabled with `set_option linter.unnecessarySimpa false`
PrimalitySheafVerification/Mock2_FunctionalAnalysis.lean:15660:41: warning: This simp argument is unused:
  smul_eq_mul

Hint: Omit it from the simp argument list.
  [apply] simp only [rpowMul_apply, rpowScale, Complex.ofReal_mul]

Note: This linter can be disabled with `set_option linter.unusedSimpArgs false`
PrimalitySheafVerification/Mock2_FunctionalAnalysis.lean:15875:35: warning: This simp argument is unused:
  Complex.conj_I

Hint: Omit it from the simp argument list.
  [apply] simp only [star_add, star_mul, conj_exponentC, conj_rpowScale]

Note: This linter can be disabled with `set_option linter.unusedSimpArgs false`
PrimalitySheafVerification/Mock2_FunctionalAnalysis.lean:15902:21: warning: Used `tac1 <;> tac2` where `(tac1; tac2)` would suffice

Note: This linter can be disabled with `set_option linter.unnecessarySeqFocus false`
PrimalitySheafVerification/Mock2_FunctionalAnalysis.lean:15942:45: warning: This simp argument is unused:
  Complex.conj_I

Hint: Omit it from the simp argument list.
  [apply] simp only [star_add, star_mul, star_neg, conj_exponentC, conj_rpowScale]

Note: This linter can be disabled with `set_option linter.unusedSimpArgs false`
PrimalitySheafVerification/Mock2_FunctionalAnalysis.lean:15943:6: warning: This simp argument is unused:
  conj_exponentC

Hint: Omit it from the simp argument list.
  [apply] simp only [star_add, star_mul, star_neg, Complex.conj_I, conj_rpowScale]

Note: This linter can be disabled with `set_option linter.unusedSimpArgs false`
PrimalitySheafVerification/Mock2_FunctionalAnalysis.lean:15943:22: warning: This simp argument is unused:
  conj_rpowScale

Hint: Omit it from the simp argument list.
  [apply] simp only [star_add, star_mul, star_neg, Complex.conj_I, conj_exponentC]

Note: This linter can be disabled with `set_option linter.unusedSimpArgs false`
PrimalitySheafVerification/Mock2_FunctionalAnalysis.lean:15971:21: warning: Used `tac1 <;> tac2` where `(tac1; tac2)` would suffice

Note: This linter can be disabled with `set_option linter.unnecessarySeqFocus false`
PrimalitySheafVerification/Mock2_FunctionalAnalysis.lean:16015:36: warning: This simp argument is unused:
  Function.comp_def

Hint: Omit it from the simp argument list.
  [apply] simp [upperLift, restrictToUpper, UpperHalfPlane.ofComplex_apply_of_im_pos hw]

Note: This linter can be disabled with `set_option linter.unusedSimpArgs false`
PrimalitySheafVerification/Mock2_FunctionalAnalysis.lean:16088:19: warning: This simp argument is unused:
  Real.rpow_two

Hint: Omit it from the simp argument list.
  [apply] simp [rpowScale, heightC]

Note: This linter can be disabled with `set_option linter.unusedSimpArgs false`
PrimalitySheafVerification/Mock2_FunctionalAnalysis.lean:16230:19: warning: This simp argument is unused:
  Function.comp_def

Hint: Omit it from the simp argument list.
  [apply] simp [upperLift, HalfWeightCompactCoordinateGreen.rpowScale, UpperHalfPlane.ofComplex_apply_of_im_pos hw]

Note: This linter can be disabled with `set_option linter.unusedSimpArgs false`
PrimalitySheafVerification/Mock2_FunctionalAnalysis.lean:16243:21: warning: This simp argument is unused:
  Function.comp_def

Hint: Omit it from the simp argument list.
  [apply] simp [upperLift, HalfWeightCompactCoordinateGreen.rpowScale, UpperHalfPlane.ofComplex_apply_of_im_pos hw]

Note: This linter can be disabled with `set_option linter.unusedSimpArgs false`
PrimalitySheafVerification/Mock2_FunctionalAnalysis.lean:17188:0: warning: Definition `Mock2FA.PaperCorrections.AutomorphicSobolev.DefinitionOneSobolev.WeightCorePetersson.peterssonInnerProductCore` of class type is semireducible. Most type class instances should be instance-reducible, so consider marking this
definition with `@[instance_reducible]`. If it is intentionally semireducible, this warning can be disabled with `set_option warn.classDefReducibility false`.
PrimalitySheafVerification/Mock2_FunctionalAnalysis.lean:17206:0: warning: Definition `Mock2FA.PaperCorrections.AutomorphicSobolev.DefinitionOneSobolev.WeightCorePetersson.chosenPeterssonInnerProductCore` of class type is semireducible. Most type class instances should be instance-reducible, so consider marking this
definition with `@[instance_reducible]`. If it is intentionally semireducible, this warning can be disabled with `set_option warn.classDefReducibility false`.
PrimalitySheafVerification/Mock2_FunctionalAnalysis.lean:17306:0: warning: Definition `Mock2FA.PaperCorrections.AutomorphicSobolev.DefinitionOneSobolev.WeightCorePetersson.PeterssonCoreSpace.wrappedInnerProductCore` of class type is semireducible. Most type class instances should be instance-reducible, so consider marking this
definition with `@[instance_reducible]`. If it is intentionally semireducible, this warning can be disabled with `set_option warn.classDefReducibility false`.
PrimalitySheafVerification/Mock2_FunctionalAnalysis.lean:17967:6: warning: 'ring_nf' tactic does nothing

Note: This linter can be disabled with `set_option linter.unusedTactic false`
PrimalitySheafVerification/Mock2_FunctionalAnalysis.lean:17967:6: warning: this tactic is never executed

Note: This linter can be disabled with `set_option linter.unreachableTactic false`
PrimalitySheafVerification/Mock2_FunctionalAnalysis.lean:18038:42: warning: This simp argument is unused:
  one_mul

Hint: Omit it from the simp argument list.
  [apply] simp only [Complex.add_re, Complex.add_im, Complex.ofReal_re, Complex.ofReal_im, Complex.mul_re,
    Complex.mul_im, Complex.I_re, Complex.I_im, zero_mul, mul_zero, add_zero, zero_add, sub_zero]

Note: This linter can be disabled with `set_option linter.unusedSimpArgs false`
Q.sobolevCompletionNormedAddCommGroup
Q.sobolevCompletionNormedSpace
Q.sobolevCompletionInnerProductSpace
sobolevCompletionCompleteSpace Q
PrimalitySheafVerification/Mock2_FunctionalAnalysis.lean:18797:2: warning: try 'simp' instead of 'simpa'

Note: This linter can be disabled with `set_option linter.unnecessarySimpa false`
PrimalitySheafVerification/Mock2_FunctionalAnalysis.lean:18986:0: warning: automatically included section variable(s) unused in theorem `Mock2FA.PaperCorrections.AutomorphicSobolev.DefinitionOneSobolev.QuotientHilbertCoordinates.completionEnergyOperator_apply`:
  [CompleteSpace H₀]
  [CompleteSpace HR]
  [CompleteSpace HL]
consider restructuring your `variable` declarations so that the variables are not in scope or explicitly omit them:
  omit [CompleteSpace H₀] [CompleteSpace HR] [CompleteSpace HL] in theorem ...

Note: This linter can be disabled with `set_option linter.unusedSectionVars false`
PrimalitySheafVerification/Mock2_FunctionalAnalysis.lean:19209:0: warning: automatically included section variable(s) unused in theorem `Mock2FA.PaperCorrections.AutomorphicSobolev.DefinitionOneSobolev.QuotientHilbertCoordinates.precomp_graph`:
  [CompleteSpace H₀]
  [CompleteSpace HR]
  [CompleteSpace HL]
consider restructuring your `variable` declarations so that the variables are not in scope or explicitly omit them:
  omit [CompleteSpace H₀] [CompleteSpace HR] [CompleteSpace HL] in theorem ...

Note: This linter can be disabled with `set_option linter.unusedSectionVars false`
PrimalitySheafVerification/Mock2_FunctionalAnalysis.lean:19937:31: warning: `ModularForm.discriminantCuspForm` has been deprecated: Use `CuspForm.discriminant` instead

Note: The updated constant is in a different namespace. Dot notation may need to be changed (e.g., from `x.discriminantCuspForm` to `CuspForm.discriminant x`).
PrimalitySheafVerification/Mock2_FunctionalAnalysis.lean:19938:6: warning: `ModularForm.discriminantCuspForm` has been deprecated: Use `CuspForm.discriminant` instead

Note: The updated constant is in a different namespace. Dot notation may need to be changed (e.g., from `x.discriminantCuspForm` to `CuspForm.discriminant x`).
PrimalitySheafVerification/Mock2_FunctionalAnalysis.lean:19945:35: warning: `ModularForm.discriminantCuspForm` has been deprecated: Use `CuspForm.discriminant` instead

Note: The updated constant is in a different namespace. Dot notation may need to be changed (e.g., from `x.discriminantCuspForm` to `CuspForm.discriminant x`).
PrimalitySheafVerification/Mock2_FunctionalAnalysis.lean:19946:35: warning: `ModularForm.discriminantCuspForm` has been deprecated: Use `CuspForm.discriminant` instead

Note: The updated constant is in a different namespace. Dot notation may need to be changed (e.g., from `x.discriminantCuspForm` to `CuspForm.discriminant x`).
PrimalitySheafVerification/Mock2_FunctionalAnalysis.lean:19956:17: warning: `ModularForm.discriminantCuspForm` has been deprecated: Use `CuspForm.discriminant` instead

Note: The updated constant is in a different namespace. Dot notation may need to be changed (e.g., from `x.discriminantCuspForm` to `CuspForm.discriminant x`).
PrimalitySheafVerification/Mock2_FunctionalAnalysis.lean:19959:21: warning: `ModularForm.discriminantCuspForm` has been deprecated: Use `CuspForm.discriminant` instead

Note: The updated constant is in a different namespace. Dot notation may need to be changed (e.g., from `x.discriminantCuspForm` to `CuspForm.discriminant x`).
PrimalitySheafVerification/Mock2_FunctionalAnalysis.lean:19975:28: warning: `ModularForm.discriminantCuspForm` has been deprecated: Use `CuspForm.discriminant` instead

Note: The updated constant is in a different namespace. Dot notation may need to be changed (e.g., from `x.discriminantCuspForm` to `CuspForm.discriminant x`).
PrimalitySheafVerification/Mock2_FunctionalAnalysis.lean:19976:13: warning: `ModularForm.discriminantCuspForm` has been deprecated: Use `CuspForm.discriminant` instead

Note: The updated constant is in a different namespace. Dot notation may need to be changed (e.g., from `x.discriminantCuspForm` to `CuspForm.discriminant x`).
PrimalitySheafVerification/Mock2_FunctionalAnalysis.lean:20032:16: warning: `ModularForm.discriminantCuspForm` has been deprecated: Use `CuspForm.discriminant` instead

Note: The updated constant is in a different namespace. Dot notation may need to be changed (e.g., from `x.discriminantCuspForm` to `CuspForm.discriminant x`).
PrimalitySheafVerification/Mock2_FunctionalAnalysis.lean:20033:6: warning: `ModularForm.discriminantCuspForm` has been deprecated: Use `CuspForm.discriminant` instead

Note: The updated constant is in a different namespace. Dot notation may need to be changed (e.g., from `x.discriminantCuspForm` to `CuspForm.discriminant x`).
PrimalitySheafVerification/Mock2_FunctionalAnalysis.lean:20067:35: warning: `ModularForm.discriminantCuspForm` has been deprecated: Use `CuspForm.discriminant` instead

Note: The updated constant is in a different namespace. Dot notation may need to be changed (e.g., from `x.discriminantCuspForm` to `CuspForm.discriminant x`).
PrimalitySheafVerification/Mock2_FunctionalAnalysis.lean:20068:8: warning: `ModularForm.discriminantCuspForm` has been deprecated: Use `CuspForm.discriminant` instead

Note: The updated constant is in a different namespace. Dot notation may need to be changed (e.g., from `x.discriminantCuspForm` to `CuspForm.discriminant x`).
PrimalitySheafVerification/Mock2_FunctionalAnalysis.lean:20071:35: warning: `ModularForm.discriminantCuspForm` has been deprecated: Use `CuspForm.discriminant` instead

Note: The updated constant is in a different namespace. Dot notation may need to be changed (e.g., from `x.discriminantCuspForm` to `CuspForm.discriminant x`).
PrimalitySheafVerification/Mock2_FunctionalAnalysis.lean:20072:6: warning: `ModularForm.discriminantCuspForm` has been deprecated: Use `CuspForm.discriminant` instead

Note: The updated constant is in a different namespace. Dot notation may need to be changed (e.g., from `x.discriminantCuspForm` to `CuspForm.discriminant x`).
PrimalitySheafVerification/Mock2_FunctionalAnalysis.lean:20201:11: warning: `ModularForm.discriminantCuspForm` has been deprecated: Use `CuspForm.discriminant` instead

Note: The updated constant is in a different namespace. Dot notation may need to be changed (e.g., from `x.discriminantCuspForm` to `CuspForm.discriminant x`).
PrimalitySheafVerification/Mock2_FunctionalAnalysis.lean:20204:2: warning: Try this: 
  letI̵

The goal is a proposition, so `let` is preferred over `letI`.
The difference between `let` and `letI` is that `letI` inlines the value.
But this is not relevant for proofs because of proof irrelevance.

Note: This linter can be disabled with `set_option linter.style.haveILetI false`
PrimalitySheafVerification/Mock2_FunctionalAnalysis.lean:20207:11: warning: `ModularForm.discriminantCuspForm` has been deprecated: Use `CuspForm.discriminant` instead

Note: The updated constant is in a different namespace. Dot notation may need to be changed (e.g., from `x.discriminantCuspForm` to `CuspForm.discriminant x`).
PrimalitySheafVerification/Mock2_FunctionalAnalysis.lean:20211:6: warning: `ModularForm.discriminantCuspForm` has been deprecated: Use `CuspForm.discriminant` instead

Note: The updated constant is in a different namespace. Dot notation may need to be changed (e.g., from `x.discriminantCuspForm` to `CuspForm.discriminant x`).
PrimalitySheafVerification/Mock2_FunctionalAnalysis.lean:20220:20: warning: `ModularForm.discriminantCuspForm` has been deprecated: Use `CuspForm.discriminant` instead

Note: The updated constant is in a different namespace. Dot notation may need to be changed (e.g., from `x.discriminantCuspForm` to `CuspForm.discriminant x`).
PrimalitySheafVerification/Mock2_FunctionalAnalysis.lean:20228:14: warning: `ModularForm.discriminantCuspForm` has been deprecated: Use `CuspForm.discriminant` instead

Note: The updated constant is in a different namespace. Dot notation may need to be changed (e.g., from `x.discriminantCuspForm` to `CuspForm.discriminant x`).
PrimalitySheafVerification/Mock2_FunctionalAnalysis.lean:20235:8: warning: `ModularForm.discriminantCuspForm` has been deprecated: Use `CuspForm.discriminant` instead

Note: The updated constant is in a different namespace. Dot notation may need to be changed (e.g., from `x.discriminantCuspForm` to `CuspForm.discriminant x`).
PrimalitySheafVerification/Mock2_FunctionalAnalysis.lean:20236:8: warning: `ModularForm.discriminantCuspForm` has been deprecated: Use `CuspForm.discriminant` instead

Note: The updated constant is in a different namespace. Dot notation may need to be changed (e.g., from `x.discriminantCuspForm` to `CuspForm.discriminant x`).
PrimalitySheafVerification/Mock2_FunctionalAnalysis.lean:20242:14: warning: `ModularForm.discriminantCuspForm` has been deprecated: Use `CuspForm.discriminant` instead

Note: The updated constant is in a different namespace. Dot notation may need to be changed (e.g., from `x.discriminantCuspForm` to `CuspForm.discriminant x`).
PrimalitySheafVerification/Mock2_FunctionalAnalysis.lean:20243:21: warning: `ModularForm.discriminantCuspForm` has been deprecated: Use `CuspForm.discriminant` instead

Note: The updated constant is in a different namespace. Dot notation may need to be changed (e.g., from `x.discriminantCuspForm` to `CuspForm.discriminant x`).
PrimalitySheafVerification/Mock2_FunctionalAnalysis.lean:20393:2: warning: Try this: 
  letI̵

The goal is a proposition, so `let` is preferred over `letI`.
The difference between `let` and `letI` is that `letI` inlines the value.
But this is not relevant for proofs because of proof irrelevance.

Note: This linter can be disabled with `set_option linter.style.haveILetI false`
PrimalitySheafVerification/Mock2_FunctionalAnalysis.lean:20883:2: warning: Try this: 
  letI̵

The goal is a proposition, so `let` is preferred over `letI`.
The difference between `let` and `letI` is that `letI` inlines the value.
But this is not relevant for proofs because of proof irrelevance.

Note: This linter can be disabled with `set_option linter.style.haveILetI false`
PrimalitySheafVerification/Mock2_FunctionalAnalysis.lean:21065:47: warning: `ContinuousLinearMap.add_apply` has been deprecated: Use `add_apply` instead

Note: The updated constant is in a different namespace. Dot notation may need to be changed (e.g., from `x.add_apply` to `add_apply x`).
PrimalitySheafVerification/Mock2_FunctionalAnalysis.lean:21075:47: warning: `ContinuousLinearMap.smul_apply` has been deprecated: Use `smul_apply` instead

Note: The updated constant is in a different namespace. Dot notation may need to be changed (e.g., from `x.smul_apply` to `smul_apply x`).
PrimalitySheafVerification/Mock2_FunctionalAnalysis.lean:21845:4: warning: `ContinuousLinearMap.sub_apply` has been deprecated: Use `sub_apply` instead

Note: The updated constant is in a different namespace. Dot notation may need to be changed (e.g., from `x.sub_apply` to `sub_apply x`).
PrimalitySheafVerification/Mock2_FunctionalAnalysis.lean:23006:51: warning: This simp argument is unused:
  Pi.mul_apply

Hint: Omit it from the simp argument list.
  [apply] simp only [lowerRaw, dx_mul hχ hf, dy_mul hχ hf]

Note: This linter can be disabled with `set_option linter.unusedSimpArgs false`
PrimalitySheafVerification/Mock2_FunctionalAnalysis.lean:23045:74: warning: This simp argument is unused:
  smul_eq_mul

Hint: Omit it from the simp argument list.
  [apply] simp only [map_smul, HalfIntegralMultiplier.WeightSection.smul_apply]

Note: This linter can be disabled with `set_option linter.unusedSimpArgs false`
PrimalitySheafVerification/Mock2_FunctionalAnalysis.lean:23091:74: warning: This simp argument is unused:
  smul_eq_mul

Hint: Omit it from the simp argument list.
  [apply] simp only [map_smul, HalfIntegralMultiplier.WeightSection.smul_apply]

Note: This linter can be disabled with `set_option linter.unusedSimpArgs false`
PrimalitySheafVerification/Mock2_FunctionalAnalysis.lean:23367:2: warning: try 'simp' instead of 'simpa'

Note: This linter can be disabled with `set_option linter.unnecessarySimpa false`
PrimalitySheafVerification/Mock2_FunctionalAnalysis.lean:23382:2: warning: try 'simp' instead of 'simpa'

Note: This linter can be disabled with `set_option linter.unnecessarySimpa false`
PrimalitySheafVerification/Mock2_FunctionalAnalysis.lean:23405:29: warning: try 'simp' instead of 'simpa'

Note: This linter can be disabled with `set_option linter.unnecessarySimpa false`
PrimalitySheafVerification/Mock2_FunctionalAnalysis.lean:23407:4: warning: try 'simp' instead of 'simpa'

Note: This linter can be disabled with `set_option linter.unnecessarySimpa false`
PrimalitySheafVerification/Mock2_FunctionalAnalysis.lean:23798:2: warning: Try this: 
  letI̵

The goal is a proposition, so `let` is preferred over `letI`.
The difference between `let` and `letI` is that `letI` inlines the value.
But this is not relevant for proofs because of proof irrelevance.

Note: This linter can be disabled with `set_option linter.style.haveILetI false`
PrimalitySheafVerification/Mock2_FunctionalAnalysis.lean:23968:10: warning: 'ring' tactic does nothing

Note: This linter can be disabled with `set_option linter.unusedTactic false`
PrimalitySheafVerification/Mock2_FunctionalAnalysis.lean:23968:10: warning: this tactic is never executed

Note: This linter can be disabled with `set_option linter.unreachableTactic false`
PrimalitySheafVerification/Mock2_FunctionalAnalysis.lean:23998:33: warning: This simp argument is unused:
  Complex.conj_ofReal

Hint: Omit it from the simp argument list.
  [apply] simp only [RCLike.inner_apply, starRingEnd_apply, NNReal.smul_def, smul_eq_mul, Complex.ofReal_mul]

Note: This linter can be disabled with `set_option linter.unusedSimpArgs false`
PrimalitySheafVerification/Mock2_FunctionalAnalysis.lean:23999:21: warning: This simp argument is unused:
  smul_eq_mul

Hint: Omit it from the simp argument list.
  [apply] simp only [RCLike.inner_apply, Complex.conj_ofReal, starRingEnd_apply, NNReal.smul_def, Complex.ofReal_mul]

Note: This linter can be disabled with `set_option linter.unusedSimpArgs false`
PrimalitySheafVerification/Mock2_FunctionalAnalysis.lean:23999:34: warning: This simp argument is unused:
  Complex.ofReal_mul

Hint: Omit it from the simp argument list.
  [apply] simp only [RCLike.inner_apply, Complex.conj_ofReal, starRingEnd_apply, NNReal.smul_def, smul_eq_mul]

Note: This linter can be disabled with `set_option linter.unusedSimpArgs false`
PrimalitySheafVerification/Mock2_FunctionalAnalysis.lean:24578:6: warning: This simp argument is unused:
  HalfWeightCompactCoordinateGreen.rpowMul_apply

Hint: Omit it from the simp argument list.
  [apply] simp only [HalfWeightCompactCoordinateGreen.localizeLeft_apply]

Note: This linter can be disabled with `set_option linter.unusedSimpArgs false`
PrimalitySheafVerification/Mock2_FunctionalAnalysis.lean:24580:6: warning: This simp argument is unused:
  Function.comp_def

Hint: Omit it from the simp argument list.
  [apply] simp [HalfWeightCompactCoordinateGreen.rpowScale, upperLift, hw, dif_pos,
    UpperHalfPlane.ofComplex_apply_of_im_pos, z, euclideanRaiseGauge, map_add, map_mul, Complex.conj_I,
    Complex.conj_ofReal, heightC, smul_eq_mul]

Note: This linter can be disabled with `set_option linter.unusedSimpArgs false`
PrimalitySheafVerification/Mock2_FunctionalAnalysis.lean:24580:29: warning: This simp argument is unused:
  dif_pos

Hint: Omit it from the simp argument list.
  [apply] simp [HalfWeightCompactCoordinateGreen.rpowScale, upperLift, Function.comp_def, hw,
    UpperHalfPlane.ofComplex_apply_of_im_pos, z, euclideanRaiseGauge, map_add, map_mul, Complex.conj_I,
    Complex.conj_ofReal, heightC, smul_eq_mul]

Note: This linter can be disabled with `set_option linter.unusedSimpArgs false`
PrimalitySheafVerification/Mock2_FunctionalAnalysis.lean:24581:48: warning: This simp argument is unused:
  z

Hint: Omit it from the simp argument list.
  [apply] simp [HalfWeightCompactCoordinateGreen.rpowScale, upperLift, Function.comp_def, hw, dif_pos,
    UpperHalfPlane.ofComplex_apply_of_im_pos, euclideanRaiseGauge, map_add, map_mul, Complex.conj_I,
    Complex.conj_ofReal, heightC, smul_eq_mul]

Note: This linter can be disabled with `set_option linter.unusedSimpArgs false`
PrimalitySheafVerification/Mock2_FunctionalAnalysis.lean:24582:27: warning: This simp argument is unused:
  map_add

Hint: Omit it from the simp argument list.
  [apply] simp [HalfWeightCompactCoordinateGreen.rpowScale, upperLift, Function.comp_def, hw, dif_pos,
    UpperHalfPlane.ofComplex_apply_of_im_pos, z, euclideanRaiseGauge, map_mul, Complex.conj_I, Complex.conj_ofReal,
    heightC, smul_eq_mul]

Note: This linter can be disabled with `set_option linter.unusedSimpArgs false`
PrimalitySheafVerification/Mock2_FunctionalAnalysis.lean:24582:36: warning: This simp argument is unused:
  map_mul

Hint: Omit it from the simp argument list.
  [apply] simp [HalfWeightCompactCoordinateGreen.rpowScale, upperLift, Function.comp_def, hw, dif_pos,
    UpperHalfPlane.ofComplex_apply_of_im_pos, z, euclideanRaiseGauge, map_add, Complex.conj_I, Complex.conj_ofReal,
    heightC, smul_eq_mul]

Note: This linter can be disabled with `set_option linter.unusedSimpArgs false`
PrimalitySheafVerification/Mock2_FunctionalAnalysis.lean:24593:4: warning: 'norm_num' tactic does nothing

Note: This linter can be disabled with `set_option linter.unusedTactic false`
PrimalitySheafVerification/Mock2_FunctionalAnalysis.lean:24621:6: warning: This simp argument is unused:
  HalfWeightCompactCoordinateGreen.rpowMul_apply

Hint: Omit it from the simp argument list.
  [apply] simp only [HalfWeightCompactCoordinateGreen.localizeLeft_apply]

Note: This linter can be disabled with `set_option linter.unusedSimpArgs false`
PrimalitySheafVerification/Mock2_FunctionalAnalysis.lean:24623:6: warning: This simp argument is unused:
  Function.comp_def

Hint: Omit it from the simp argument list.
  [apply] simp [HalfWeightCompactCoordinateGreen.rpowScale, upperLift, hw, dif_pos,
    UpperHalfPlane.ofComplex_apply_of_im_pos, z, euclideanLowerFromSuccGauge, map_add, map_sub, map_mul, map_neg,
    Complex.conj_I, Complex.conj_ofReal, heightC, smul_eq_mul]

Note: This linter can be disabled with `set_option linter.unusedSimpArgs false`
PrimalitySheafVerification/Mock2_FunctionalAnalysis.lean:24623:29: warning: This simp argument is unused:
  dif_pos

Hint: Omit it from the simp argument list.
  [apply] simp [HalfWeightCompactCoordinateGreen.rpowScale, upperLift, Function.comp_def, hw,
    UpperHalfPlane.ofComplex_apply_of_im_pos, z, euclideanLowerFromSuccGauge, map_add, map_sub, map_mul, map_neg,
    Complex.conj_I, Complex.conj_ofReal, heightC, smul_eq_mul]

Note: This linter can be disabled with `set_option linter.unusedSimpArgs false`
PrimalitySheafVerification/Mock2_FunctionalAnalysis.lean:24624:48: warning: This simp argument is unused:
  z

Hint: Omit it from the simp argument list.
  [apply] simp [HalfWeightCompactCoordinateGreen.rpowScale, upperLift, Function.comp_def, hw, dif_pos,
    UpperHalfPlane.ofComplex_apply_of_im_pos, euclideanLowerFromSuccGauge, map_add, map_sub, map_mul, map_neg,
    Complex.conj_I, Complex.conj_ofReal, heightC, smul_eq_mul]

Note: This linter can be disabled with `set_option linter.unusedSimpArgs false`
PrimalitySheafVerification/Mock2_FunctionalAnalysis.lean:24625:35: warning: This simp argument is unused:
  map_add

Hint: Omit it from the simp argument list.
  [apply] simp [HalfWeightCompactCoordinateGreen.rpowScale, upperLift, Function.comp_def, hw, dif_pos,
    UpperHalfPlane.ofComplex_apply_of_im_pos, z, euclideanLowerFromSuccGauge, map_sub, map_mul, map_neg, Complex.conj_I,
    Complex.conj_ofReal, heightC, smul_eq_mul]

Note: This linter can be disabled with `set_option linter.unusedSimpArgs false`
PrimalitySheafVerification/Mock2_FunctionalAnalysis.lean:24625:44: warning: This simp argument is unused:
  map_sub

Hint: Omit it from the simp argument list.
  [apply] simp [HalfWeightCompactCoordinateGreen.rpowScale, upperLift, Function.comp_def, hw, dif_pos,
    UpperHalfPlane.ofComplex_apply_of_im_pos, z, euclideanLowerFromSuccGauge, map_add, map_mul, map_neg, Complex.conj_I,
    Complex.conj_ofReal, heightC, smul_eq_mul]

Note: This linter can be disabled with `set_option linter.unusedSimpArgs false`
PrimalitySheafVerification/Mock2_FunctionalAnalysis.lean:24625:53: warning: This simp argument is unused:
  map_mul

Hint: Omit it from the simp argument list.
  [apply] simp [HalfWeightCompactCoordinateGreen.rpowScale, upperLift, Function.comp_def, hw, dif_pos,
    UpperHalfPlane.ofComplex_apply_of_im_pos, z, euclideanLowerFromSuccGauge, map_add, map_sub, map_neg, Complex.conj_I,
    Complex.conj_ofReal, heightC, smul_eq_mul]

Note: This linter can be disabled with `set_option linter.unusedSimpArgs false`
PrimalitySheafVerification/Mock2_FunctionalAnalysis.lean:24625:62: warning: This simp argument is unused:
  map_neg

Hint: Omit it from the simp argument list.
  [apply] simp [HalfWeightCompactCoordinateGreen.rpowScale, upperLift, Function.comp_def, hw, dif_pos,
    UpperHalfPlane.ofComplex_apply_of_im_pos, z, euclideanLowerFromSuccGauge, map_add, map_sub, map_mul, Complex.conj_I,
    Complex.conj_ofReal, heightC, smul_eq_mul]

Note: This linter can be disabled with `set_option linter.unusedSimpArgs false`
PrimalitySheafVerification/Mock2_FunctionalAnalysis.lean:24636:4: warning: 'norm_num' tactic does nothing

Note: This linter can be disabled with `set_option linter.unusedTactic false`
PrimalitySheafVerification/Mock2_FunctionalAnalysis.lean:24884:38: warning: Variable name `n` is not explicitly referenced.

Hint: The binding can be removed (if unused) or named `_` (if used implicitly). Alternatively, prefix the name with `_` to silence this warning:
  [apply] _n

Note: This linter can be disabled with `set_option linter.unusedVariables false`
PrimalitySheafVerification/Mock2_FunctionalAnalysis.lean:24944:6: warning: try 'simp' instead of 'simpa'

Note: This linter can be disabled with `set_option linter.unnecessarySimpa false`
PrimalitySheafVerification/Mock2_FunctionalAnalysis.lean:25007:6: warning: try 'simp' instead of 'simpa'

Note: This linter can be disabled with `set_option linter.unnecessarySimpa false`
PrimalitySheafVerification/Mock2_FunctionalAnalysis.lean:25181:15: warning: This simp argument is unused:
  Function.comp_apply

Hint: Omit it from the simp argument list.
  [apply] simp only [ambientStarRepresentative_apply, Pi.zero_apply] at hz

Note: This linter can be disabled with `set_option linter.unusedSimpArgs false`
PrimalitySheafVerification/Mock2_FunctionalAnalysis.lean:25256:33: warning: This simp argument is unused:
  WithLp.ofLp_fst

Hint: Omit it from the simp argument list.
  [apply] simp only [e, WithLp.prodContinuousLinearEquiv_symm_apply, WithLp.prod_inner_apply, WithLp.ofLp_snd,
    inner_neg_left] at hDouble

Note: This linter can be disabled with `set_option linter.unusedSimpArgs false`
PrimalitySheafVerification/Mock2_FunctionalAnalysis.lean:25256:50: warning: This simp argument is unused:
  WithLp.ofLp_snd

Hint: Omit it from the simp argument list.
  [apply] simp only [e, WithLp.prodContinuousLinearEquiv_symm_apply, WithLp.prod_inner_apply, WithLp.ofLp_fst,
    inner_neg_left] at hDouble

Note: This linter can be disabled with `set_option linter.unusedSimpArgs false`
PrimalitySheafVerification/Mock2_FunctionalAnalysis.lean:25319:0: warning: automatically included section variable(s) unused in theorem `Mock2FA.PaperCorrections.AutomorphicSobolev.FixedPhaseClosedOperators.FormalAdjointClosure.left_isClosable`:
  [CompleteSpace E]
consider restructuring your `variable` declarations so that the variables are not in scope or explicitly omit them:
  omit [CompleteSpace E] in theorem ...

Note: This linter can be disabled with `set_option linter.unusedSectionVars false`
PrimalitySheafVerification/Mock2_FunctionalAnalysis.lean:25326:0: warning: automatically included section variable(s) unused in theorem `Mock2FA.PaperCorrections.AutomorphicSobolev.FixedPhaseClosedOperators.FormalAdjointClosure.closure_eq_self`:
  [CompleteSpace E]
  [CompleteSpace F]
consider restructuring your `variable` declarations so that the variables are not in scope or explicitly omit them:
  omit [CompleteSpace E] [CompleteSpace F] in theorem ...

Note: This linter can be disabled with `set_option linter.unusedSectionVars false`
'Mock2FA.cauchy_schwarz' depends on axioms: [propext, Classical.choice, Quot.sound]
'Mock2FA.dual_holder' depends on axioms: [propext, Classical.choice, Quot.sound]
'Mock2FA.lax_milgram' depends on axioms: [propext, Classical.choice, Quot.sound]
'Mock2FA.dual_holder_complex' depends on axioms: [propext, Classical.choice, Quot.sound]
'Mock2FA.dual_norm_eq_sSup_unit' depends on axioms: [propext, Classical.choice, Quot.sound]
'Mock2FA.dual_norm_eq_sSup_ratio' depends on axioms: [propext, Classical.choice, Quot.sound]
'Mock2FA.dual_norm_eq_coreRatioNorm_of_dense' depends on axioms: [propext, Classical.choice, Quot.sound]
'Mock2FA.dual_norm_eq_iSup_coreRatio' depends on axioms: [propext, Classical.choice, Quot.sound]
'Mock2FA.DualCoreExhaustion.norm_eq_iSup_coreRatio' depends on axioms: [propext, Classical.choice, Quot.sound]
'Mock2FA.PaperCorrections.UnitaryAutomorphyFactor.norm_apply_smul_eq' depends on axioms: [propext,
 Classical.choice,
 Quot.sound]
'Mock2FA.PaperCorrections.antiDual_holder' depends on axioms: [propext, Classical.choice, Quot.sound]
'Mock2FA.PaperCorrections.weakAntiEquation_iff_forall' depends on axioms: [propext, Classical.choice, Quot.sound]
'Mock2FA.PaperCorrections.solvesWeakWithPotential_iff_forall' depends on axioms: [propext, Classical.choice, Quot.sound]
'Mock2FA.PaperCorrections.solvesWeakAntiWithPotential_iff_forall' depends on axioms: [propext,
 Classical.choice,
 Quot.sound]
'Mock2FA.PaperCorrections.linear_and_conjugate_scalar_laws_force_zero' depends on axioms: [propext,
 Classical.choice,
 Quot.sound]
'Mock2FA.PaperCorrections.solvesWeakWithPotential_coreBochnerPairing' depends on axioms: [propext,
 Classical.choice,
 Quot.sound]
'Mock2FA.PaperCorrections.solvesWeakAntiWithPotential_coreBochnerPairing' depends on axioms: [propext,
 Classical.choice,
 Quot.sound]
'Mock2FA.PaperCorrections.integral_eq_setIntegral_of_support_subset' depends on axioms: [propext,
 Classical.choice,
 Quot.sound]
'Mock2FA.PaperCorrections.coreBochnerPairing_eq_setIntegral' depends on axioms: [propext, Classical.choice, Quot.sound]
'Mock2FA.PaperCorrections.coreAntiBochnerPairing_eq_setIntegral' depends on axioms: [propext,
 Classical.choice,
 Quot.sound]
'Mock2FA.PaperCorrections.tsupport_subset_interior_compactExhaustion' depends on axioms: [propext,
 Classical.choice,
 Quot.sound]
'Mock2FA.PaperCorrections.eventually_tsupport_subset_compactExhaustion' depends on axioms: [propext,
 Classical.choice,
 Quot.sound]
'Mock2FA.PaperCorrections.dual_norm_eq_iSup_truncatedTestCore' depends on axioms: [propext,
 Classical.choice,
 Quot.sound]
'Mock2FA.PaperCorrections.dual_norm_eq_iSup_compactExhaustion' depends on axioms: [propext,
 Classical.choice,
 Quot.sound]
'Mock2FA.PaperCorrections.dual_norm_eq_iSup_interior_compactExhaustion' depends on axioms: [propext,
 Classical.choice,
 Quot.sound]
'Mock2FA.PaperCorrections.solvesWeakWithPotential_on_truncatedTestCore' depends on axioms: [propext,
 Classical.choice,
 Quot.sound]
'Mock2FA.PaperCorrections.solvesWeakAntiWithPotential_on_truncatedTestCore' depends on axioms: [propext,
 Classical.choice,
 Quot.sound]
'Mock2FA.PaperCorrections.continuous_bilinear_ext_of_dense' depends on axioms: [propext, Classical.choice, Quot.sound]
'Mock2FA.PaperCorrections.continuous_sesquilinear_ext_of_dense' depends on axioms: [propext,
 Classical.choice,
 Quot.sound]
'Mock2FA.PaperCorrections.ComplexLaxMilgram.realifiedFunctional_norm_le' depends on axioms: [propext,
 Classical.choice,
 Quot.sound]
'Mock2FA.PaperCorrections.ComplexLaxMilgram.realifiedForm_isCoercive' depends on axioms: [propext,
 Classical.choice,
 Quot.sound]
'Mock2FA.PaperCorrections.ComplexLaxMilgram.forall_re_eq_iff_weakAntiEquation' depends on axioms: [propext,
 Classical.choice,
 Quot.sound]
'Mock2FA.PaperCorrections.ComplexLaxMilgram.solve_spec' depends on axioms: [propext, Classical.choice, Quot.sound]
'Mock2FA.PaperCorrections.ComplexLaxMilgram.solve_unique' depends on axioms: [propext, Classical.choice, Quot.sound]
'Mock2FA.PaperCorrections.ComplexLaxMilgram.solve_existsUnique' depends on axioms: [propext,
 Classical.choice,
 Quot.sound]
'Mock2FA.PaperCorrections.ComplexLaxMilgram.solve_norm_le' depends on axioms: [propext, Classical.choice, Quot.sound]
'Mock2FA.PaperCorrections.ComplexLaxMilgram.shiftedForm_equation_iff_residual' depends on axioms: [propext,
 Classical.choice,
 Quot.sound]
'Mock2FA.PaperCorrections.ComplexLaxMilgram.solveShifted_spec' depends on axioms: [propext,
 Classical.choice,
 Quot.sound]
'Mock2FA.PaperCorrections.ComplexLaxMilgram.solveShifted_existsUnique' depends on axioms: [propext,
 Classical.choice,
 Quot.sound]
'Mock2FA.PaperCorrections.ComplexLaxMilgram.solveShifted_norm_le' depends on axioms: [propext,
 Classical.choice,
 Quot.sound]
'Mock2FA.PaperCorrections.FredholmBypass.HasTrivialKernel.of_lowerBound' depends on axioms: [propext,
 Classical.choice,
 Quot.sound]
'Mock2FA.PaperCorrections.FredholmBypass.SesquilinearCuspTailControl.isCompactOperator' depends on axioms: [propext,
 Classical.choice,
 Quot.sound]
'Mock2FA.PaperCorrections.FredholmBypass.factoredLowerOrder_isCompact_of_finiteDimensional' depends on axioms: [propext,
 Classical.choice,
 Quot.sound]
'Mock2FA.PaperCorrections.FredholmBypass.fredholmDefect_hasTrivialKernel_of_norm_lt_one' depends on axioms: [propext,
 Classical.choice,
 Quot.sound]
'Mock2FA.PaperCorrections.FredholmBypass.one_mem_resolventSet' depends on axioms: [propext,
 Classical.choice,
 Quot.sound]
'Mock2FA.PaperCorrections.FredholmBypass.fredholmDefect_bijective' depends on axioms: [propext,
 Classical.choice,
 Quot.sound]
'Mock2FA.PaperCorrections.FredholmBypass.ShiftedCompactDecomposition.factorization' depends on axioms: [propext,
 Classical.choice,
 Quot.sound]
'Mock2FA.PaperCorrections.FredholmBypass.ShiftedCompactDecomposition.compactPerturbation_fixedPoint_iff' depends on axioms: [propext,
 Classical.choice,
 Quot.sound]
'Mock2FA.PaperCorrections.FredholmBypass.fredholmDefectKernelComplementRestriction_antilipschitz' depends on axioms: [propext,
 Classical.choice,
 Quot.sound]
'Mock2FA.PaperCorrections.FredholmBypass.fredholmDefect_range_isClosed' depends on axioms: [propext,
 Classical.choice,
 Quot.sound]
'Mock2FA.PaperCorrections.FredholmBypass.ShiftedCompactDecomposition.range_isClosed' depends on axioms: [propext,
 Classical.choice,
 Quot.sound]
'Mock2FA.PaperCorrections.FredholmBypass.NontrivialKernelFredholmData.range_eq_orthogonal_adjointKernel' depends on axioms: [propext,
 Classical.choice,
 Quot.sound]
'Mock2FA.PaperCorrections.FredholmBypass.NontrivialKernelFredholmData.solvable_iff_forall_adjointKernel_inner_eq_zero' depends on axioms: [propext,
 Classical.choice,
 Quot.sound]
'Mock2FA.PaperCorrections.FredholmBypass.NontrivialKernelFredholmData.canonicalSolution_norm_le' depends on axioms: [propext,
 Classical.choice,
 Quot.sound]
'Mock2FA.PaperCorrections.FredholmBypass.FredholmBypassData.solve_existsUnique' depends on axioms: [propext,
 Classical.choice,
 Quot.sound]
'Mock2FA.PaperCorrections.FredholmBypass.FredholmBypassData.solve_norm_le' depends on axioms: [propext,
 Classical.choice,
 Quot.sound]
'Mock2FA.PaperCorrections.FredholmBypass.coerciveFormEquiv_symm_norm_le' depends on axioms: [propext,
 Classical.choice,
 Quot.sound]
'Mock2FA.PaperCorrections.FredholmBypass.solveOfShiftedForm_spec' depends on axioms: [propext,
 Classical.choice,
 Quot.sound]
'Mock2FA.PaperCorrections.FredholmBypass.solveOfShiftedForm_existsUnique' depends on axioms: [propext,
 Classical.choice,
 Quot.sound]
'Mock2FA.PaperCorrections.FredholmBypass.shiftedFredholm_inverseNorm_le' depends on axioms: [propext,
 Classical.choice,
 Quot.sound]
'Mock2FA.PaperCorrections.halfWeight_averaged_factorization_shift' depends on axioms: [propext,
 Classical.choice,
 Quot.sound]
'Mock2FA.PaperCorrections.no_uniform_finite_cutoff' depends on axioms: [propext, Quot.sound]
'Mock2FA.PaperCorrections.discretePotential_not_uniformly_bounded' depends on axioms: [propext,
 Classical.choice,
 Quot.sound]
'Mock2FA.PaperCorrections.discretePotentialForm_not_uniformly_bounded' depends on axioms: [propext,
 Classical.choice,
 Quot.sound]
'Mock2FA.PaperCorrections.shifted_not_unshifted_counterexample' depends on axioms: [propext,
 Classical.choice,
 Quot.sound]
'Mock2FA.PaperCorrections.no_poincare_with_nonzero_jointKernel' depends on axioms: [propext,
 Classical.choice,
 Quot.sound]
'Mock2FA.PaperCorrections.fixed_lower_compatible_with_polynomial_upper' depends on axioms: [propext,
 Classical.choice,
 Quot.sound]
'Mock2FA.PaperCorrections.firstCoordinateCutoff_destroys_orthogonality' depends on axioms: [propext,
 Classical.choice,
 Quot.sound]
'Mock2FA.PaperCorrections.positive_average_not_pointwise_nonvanishing' depends on axioms: [propext,
 Classical.choice,
 Quot.sound]
'Mock2FA.PaperCorrections.bounded_closedBall_not_precompact' depends on axioms: [propext, Classical.choice, Quot.sound]
'Mock2FA.PaperCorrections.gammaTwoHyperbolic_mem' depends on axioms: [propext, Classical.choice, Quot.sound]
'Mock2FA.PaperCorrections.qParam_norm_not_GammaTwo_invariant' depends on axioms: [propext, Classical.choice, Quot.sound]
'Mock2FA.PaperCorrections.qParam_not_GammaTwo_invariant' depends on axioms: [propext, Classical.choice, Quot.sound]
'Mock2FA.PaperCorrections.gammaTwo_qParam_counterexample' depends on axioms: [propext, Classical.choice, Quot.sound]
'Mock2FA.PaperCorrections.claimedRadiusFiber_eq_solution' depends on axioms: [propext, Quot.sound]
'Mock2FA.PaperCorrections.claimedRadiusFiber_eq_empty' depends on axioms: [propext, Quot.sound]
'Mock2FA.PaperCorrections.AutomorphicSobolev.HalfIntegralMultiplier.factor_mul' depends on axioms: [propext,
 Classical.choice,
 Quot.sound]
'Mock2FA.PaperCorrections.AutomorphicSobolev.HalfIntegralMultiplier.sqrtFactor_zpow_four_mul_cocycle' depends on axioms: [propext,
 Classical.choice,
 Quot.sound]
'Mock2FA.PaperCorrections.AutomorphicSobolev.HalfIntegralMultiplier.shiftByFour_factor' depends on axioms: [propext,
 Classical.choice,
 Quot.sound]
'Mock2FA.PaperCorrections.AutomorphicSobolev.HalfIntegralMultiplier.etaPhaseRatio_pow_twentyFour' depends on axioms: [propext,
 Classical.choice,
 Quot.sound]
'Mock2FA.PaperCorrections.AutomorphicSobolev.HalfIntegralMultiplier.etaPhaseRatio_eq_at_I' depends on axioms: [propext,
 Classical.choice,
 Quot.sound]
'Mock2FA.PaperCorrections.AutomorphicSobolev.HalfIntegralMultiplier.inverseEtaPowerMultiplier_factor' depends on axioms: [propext,
 Classical.choice,
 Quot.sound]
'Mock2FA.PaperCorrections.AutomorphicSobolev.HalfIntegralMultiplier.inverseEtaPowerSection_ne_zero' depends on axioms: [propext,
 Classical.choice,
 Quot.sound]
'Mock2FA.PaperCorrections.AutomorphicSobolev.HalfIntegralMultiplier.inverseEtaExponentMultiplier_raise_shift_ratio' depends on axioms: [propext,
 Classical.choice,
 Quot.sound]
'Mock2FA.PaperCorrections.AutomorphicSobolev.HalfIntegralMultiplier.inverseEtaExponentMultiplier_raise_shift_phase' depends on axioms: [propext,
 Classical.choice,
 Quot.sound]
'Mock2FA.PaperCorrections.AutomorphicSobolev.HalfIntegralMultiplier.inverseEtaExponentMultiplier_lower_shift_ratio' depends on axioms: [propext,
 Classical.choice,
 Quot.sound]
'Mock2FA.PaperCorrections.AutomorphicSobolev.HalfIntegralMultiplier.inverseEtaExponentMultiplier_lower_shift_phase' depends on axioms: [propext,
 Classical.choice,
 Quot.sound]
'Mock2FA.PaperCorrections.AutomorphicSobolev.HalfIntegralMultiplier.inverseEtaMultiplier_factor' depends on axioms: [propext,
 Classical.choice,
 Quot.sound]
'Mock2FA.PaperCorrections.AutomorphicSobolev.HalfIntegralMultiplier.inverseEtaHalfOrbitMultiplier_factor_add_one' depends on axioms: [propext,
 Classical.choice,
 Quot.sound]
'Mock2FA.PaperCorrections.AutomorphicSobolev.HalfIntegralMultiplier.inverseEtaPaperCertificate' depends on axioms: [propext,
 Classical.choice,
 Quot.sound]
'Mock2FA.PaperCorrections.AutomorphicSobolev.HalfIntegralMultiplier.inverseEtaSection_ne_zero' depends on axioms: [propext,
 Classical.choice,
 Quot.sound]
'Mock2FA.PaperCorrections.AutomorphicSobolev.HalfIntegralMultiplier.WeightSection.rawPointwiseNorm_smul' depends on axioms: [propext,
 Classical.choice,
 Quot.sound]
'Mock2FA.PaperCorrections.AutomorphicSobolev.HalfIntegralMultiplier.WeightSection.rawPointwiseNormSq_smul' depends on axioms: [propext,
 Classical.choice,
 Quot.sound]
'Mock2FA.PaperCorrections.AutomorphicSobolev.HalfIntegralMultiplier.WeightSection.rawPointwiseNormSq_smul_sub' depends on axioms: [propext,
 Classical.choice,
 Quot.sound]
'Mock2FA.PaperCorrections.AutomorphicSobolev.HalfIntegralMultiplier.WeightSection.rawPointwiseNormSq_smul_halfWeight' depends on axioms: [propext,
 Classical.choice,
 Quot.sound]
'Mock2FA.PaperCorrections.AutomorphicSobolev.HalfIntegralMultiplier.WeightSection.rawPointwiseNorm_ne_of_factor_norm_ne_one' depends on axioms: [propext,
 Classical.choice,
 Quot.sound]
'Mock2FA.PaperCorrections.AutomorphicSobolev.HalfIntegralMultiplier.WeightSection.rawPointwiseNormSq_ne_of_factor_norm_ne_one' depends on axioms: [propext,
 Classical.choice,
 Quot.sound]
'Mock2FA.PaperCorrections.AutomorphicSobolev.HalfIntegralMultiplier.InvariantFiberMetric.pointwiseNormSq_smul' depends on axioms: [propext,
 Classical.choice,
 Quot.sound]
'Mock2FA.PaperCorrections.AutomorphicSobolev.HalfIntegralMultiplier.InvariantFiberMetric.rawPointwiseNormSq_noninvariant_but_metric_invariant' depends on axioms: [propext,
 Classical.choice,
 Quot.sound]
'Mock2FA.PaperCorrections.AutomorphicSobolev.HalfIntegralMultiplier.PaperHalfWeightCertificate.factor_gammaTwoNegOne' depends on axioms: [propext,
 Classical.choice,
 Quot.sound]
'Mock2FA.PaperCorrections.AutomorphicSobolev.GammaTwoQuotientGeometry.hyperbolicMeasure_isOpenPosMeasure' depends on axioms: [propext,
 Classical.choice,
 Quot.sound]
'Mock2FA.PaperCorrections.AutomorphicSobolev.GammaTwoQuotientGeometry.gammaTwoQuotientCompactExhaustion_iUnion_eq' depends on axioms: [propext,
 Classical.choice,
 Quot.sound]
'Mock2FA.PaperCorrections.AutomorphicSobolev.GammaTwoQuotientGeometry.modularBoundary_null' depends on axioms: [propext,
 Classical.choice,
 Quot.sound]
'Mock2FA.PaperCorrections.AutomorphicSobolev.GammaTwoQuotientGeometry.gammaTwoOpenCarrier_disjoint' depends on axioms: [propext,
 Classical.choice,
 Quot.sound]
'Mock2FA.PaperCorrections.AutomorphicSobolev.GammaTwoQuotientGeometry.gammaTwoOpenCarrier_isFundamental' depends on axioms: [propext,
 Classical.choice,
 Quot.sound]
'Mock2FA.PaperCorrections.AutomorphicSobolev.GammaTwoQuotientGeometry.gammaTwoOpenCarrier_frontier_null' depends on axioms: [propext,
 Classical.choice,
 Quot.sound]
'Mock2FA.PaperCorrections.AutomorphicSobolev.GammaTwoQuotientGeometry.chosenGammaTwoFundamentalDomain' depends on axioms: [propext,
 Classical.choice,
 Quot.sound]
'Mock2FA.PaperCorrections.AutomorphicSobolev.GammaTwoQuotientGeometry.gammaTwoStandardEdge_pairing_param' depends on axioms: [propext,
 Classical.choice,
 Quot.sound]
'Mock2FA.PaperCorrections.AutomorphicSobolev.GammaTwoQuotientGeometry.modularTileEdgeParam_range' depends on axioms: [propext,
 Classical.choice,
 Quot.sound]
'Mock2FA.PaperCorrections.AutomorphicSobolev.GammaTwoQuotientGeometry.modularTileEdgeParamToEdge_surjective' depends on axioms: [propext,
 Classical.choice,
 Quot.sound]
'Mock2FA.PaperCorrections.AutomorphicSobolev.GammaTwoQuotientGeometry.gammaTwoActualPolygonEdgeParam_mem' depends on axioms: [propext,
 Classical.choice,
 Quot.sound]
'Mock2FA.PaperCorrections.AutomorphicSobolev.GammaTwoQuotientGeometry.gammaTwoActualPolygonEdgeParam_range' depends on axioms: [propext,
 Classical.choice,
 Quot.sound]
'Mock2FA.PaperCorrections.AutomorphicSobolev.GammaTwoQuotientGeometry.GammaTwoActualPolygonEdge.pairingElement_mul_cosetRep' depends on axioms: [propext,
 Classical.choice,
 Quot.sound]
'Mock2FA.PaperCorrections.AutomorphicSobolev.GammaTwoQuotientGeometry.gammaTwoActualPolygonEdgePairing_param' depends on axioms: [propext,
 Classical.choice,
 Quot.sound]
'Mock2FA.PaperCorrections.AutomorphicSobolev.GammaTwoQuotientGeometry.gammaTwoActualPolygonEdgePairing_set' depends on axioms: [propext,
 Classical.choice,
 Quot.sound]
'Mock2FA.PaperCorrections.AutomorphicSobolev.GammaTwoQuotientGeometry.GammaTwoActualPolygonEdge.pairedParameter_mem_endpoints' depends on axioms: [propext,
 Classical.choice,
 Quot.sound]
'Mock2FA.PaperCorrections.AutomorphicSobolev.GammaTwoQuotientGeometry.chosenGammaTwoExplicitFundamentalPolygon' depends on axioms: [propext,
 Classical.choice,
 Quot.sound]
'Mock2FA.PaperCorrections.AutomorphicSobolev.GammaTwoQuotientGeometry.gammaTwoHalfOpenTileCarrier_unique_translate_of_not_boundaryOrbit' depends on axioms: [propext,
 Classical.choice,
 Quot.sound]
'Mock2FA.PaperCorrections.AutomorphicSobolev.GammaTwoQuotientGeometry.gammaTwoThreeCuspTruncation_frontier_subset_finitePieces' depends on axioms: [propext,
 Classical.choice,
 Quot.sound]
'Mock2FA.PaperCorrections.AutomorphicSobolev.GammaTwoQuotientGeometry.gammaTwoSelectedHorocycleParam_range' depends on axioms: [propext,
 Classical.choice,
 Quot.sound]
'Mock2FA.PaperCorrections.AutomorphicSobolev.GammaTwoQuotientGeometry.gammaTwoLiteralFrontierCorners_eq_iUnion_paramImages' depends on axioms: [propext,
 Classical.choice,
 Quot.sound]
'Mock2FA.PaperCorrections.AutomorphicSobolev.GammaTwoQuotientGeometry.gammaTwoThreeCuspTruncation_frontier_eq_paramImages' depends on axioms: [propext,
 Classical.choice,
 Quot.sound]
'Mock2FA.PaperCorrections.AutomorphicSobolev.GammaTwoQuotientGeometry.gammaTwoActualPolygonEdges_sum_integral_remove_literalCorners_of_finite' depends on axioms: [propext,
 Classical.choice,
 Quot.sound]
'Mock2FA.PaperCorrections.AutomorphicSobolev.GammaTwoQuotientGeometry.modular_normSq_denom_eq_lowerRowQuadratic' depends on axioms: [propext,
 Classical.choice,
 Quot.sound]
'Mock2FA.PaperCorrections.AutomorphicSobolev.GammaTwoQuotientGeometry.gammaTwoVerticalIncidencePolynomial_ne_zero' depends on axioms: [propext,
 Classical.choice,
 Quot.sound]
'Mock2FA.PaperCorrections.AutomorphicSobolev.GammaTwoQuotientGeometry.gammaTwoCircularIncidencePolynomial_ne_zero' depends on axioms: [propext,
 Classical.choice,
 Quot.sound]
'Mock2FA.PaperCorrections.AutomorphicSobolev.GammaTwoQuotientGeometry.gammaTwoActualEdgeSelectedCurveParameters_finite' depends on axioms: [propext,
 Classical.choice,
 Quot.sound]
'Mock2FA.PaperCorrections.AutomorphicSobolev.GammaTwoQuotientGeometry.gammaTwoActualEdgeLiteralCornerParametersAt_finite' depends on axioms: [propext,
 Classical.choice,
 Quot.sound]
'Mock2FA.PaperCorrections.AutomorphicSobolev.GammaTwoQuotientGeometry.gammaTwoLiteralFrontierCorners_finite' depends on axioms: [propext,
 Classical.choice,
 Quot.sound]
'Mock2FA.PaperCorrections.AutomorphicSobolev.GammaTwoQuotientGeometry.gammaTwoActualPolygonEdge_integral_remove_literalCorners' depends on axioms: [propext,
 Classical.choice,
 Quot.sound]
'Mock2FA.PaperCorrections.AutomorphicSobolev.GammaTwoQuotientGeometry.gammaTwoActualPolygonEdges_sum_integral_remove_literalCorners' depends on axioms: [propext,
 Classical.choice,
 Quot.sound]
'Mock2FA.PaperCorrections.AutomorphicSobolev.GammaTwoQuotientGeometry.setIntegral_diff_finset_eq' depends on axioms: [propext,
 Classical.choice,
 Quot.sound]
'Mock2FA.PaperCorrections.AutomorphicSobolev.GammaTwoQuotientGeometry.gammaTwoActualPolygonEdge_integral_remove_vertices' depends on axioms: [propext,
 Classical.choice,
 Quot.sound]
'Mock2FA.PaperCorrections.AutomorphicSobolev.GammaTwoQuotientGeometry.gammaTwoActualPolygonEdges_sum_integral_remove_vertices' depends on axioms: [propext,
 Classical.choice,
 Quot.sound]
'Mock2FA.PaperCorrections.AutomorphicSobolev.GammaTwoQuotientGeometry.gammaTwoSelectedHorocycleSegment_integral_remove_vertices' depends on axioms: [propext,
 Classical.choice,
 Quot.sound]
'Mock2FA.PaperCorrections.AutomorphicSobolev.SmoothCompactCoreGeometry.chosenGammaTwoThreeCuspTruncationExhaustion' depends on axioms: [propext,
 Classical.choice,
 Quot.sound]
'Mock2FA.PaperCorrections.AutomorphicSobolev.GammaTwoQuotientGeometry.gammaTwoTopologicalTruncation_exhausts_compacts' depends on axioms: [propext,
 Classical.choice,
 Quot.sound]
'Mock2FA.PaperCorrections.AutomorphicSobolev.GammaTwoQuotientGeometry.GammaTwoFundamentalDomain.quotientMeasure_isOpenPosMeasure' depends on axioms: [propext,
 Classical.choice,
 Quot.sound]
'Mock2FA.PaperCorrections.AutomorphicSobolev.GammaTwoQuotientGeometry.GammaTwoFundamentalDomain.quotientMeasure_isFiniteMeasureOnCompacts' depends on axioms: [propext,
 Classical.choice,
 Quot.sound]
'Mock2FA.PaperCorrections.AutomorphicSobolev.GammaTwoQuotientGeometry.GammaTwoFundamentalDomain.integral_descendInvariant_eq' depends on axioms: [propext,
 Classical.choice,
 Quot.sound]
'Mock2FA.PaperCorrections.AutomorphicSobolev.SmoothCompactCoreGeometry.continuous_inverseEtaSection' depends on axioms: [propext,
 Classical.choice,
 Quot.sound]
'Mock2FA.PaperCorrections.AutomorphicSobolev.SmoothCompactCoreGeometry.inverseEtaRatio_effective_invariant' depends on axioms: [propext,
 Classical.choice,
 Quot.sound]
'Mock2FA.PaperCorrections.AutomorphicSobolev.SmoothCompactCoreGeometry.inverseEtaRatioQuotient_tsupport' depends on axioms: [propext,
 Classical.choice,
 Quot.sound]
'Mock2FA.PaperCorrections.AutomorphicSobolev.SmoothCompactCoreGeometry.inverseEtaQuotientLinear_injective' depends on axioms: [propext,
 Classical.choice,
 Quot.sound]
'Mock2FA.PaperCorrections.AutomorphicSobolev.SmoothCompactCoreGeometry.SmoothCompactCore.exists_quotientSupport_subset_interior_compactStage' depends on axioms: [propext,
 Classical.choice,
 Quot.sound]
'Mock2FA.PaperCorrections.AutomorphicSobolev.SmoothCompactCoreGeometry.SmoothCompactCore.quotientIntegral_eq_fundamentalDomainIntegral' depends on axioms: [propext,
 Classical.choice,
 Quot.sound]
'Mock2FA.PaperCorrections.AutomorphicSobolev.SmoothCompactCoreGeometry.SmoothCompactCore.support_orbit_has_truncated_representative' depends on axioms: [propext,
 Classical.choice,
 Quot.sound]
'Mock2FA.PaperCorrections.AutomorphicSobolev.SmoothCompactCoreGeometry.SmoothCompactCore.support_orbit_has_topologicalTruncation_representative' depends on axioms: [propext,
 Classical.choice,
 Quot.sound]
'Mock2FA.PaperCorrections.AutomorphicSobolev.HalfWeightDifferentialOperators.paperDisplayedRaising_defect_ne_zero' depends on axioms: [propext,
 Classical.choice,
 Quot.sound]
'Mock2FA.PaperCorrections.AutomorphicSobolev.HalfWeightDifferentialOperators.realJetChainRuleCertificate' depends on axioms: [propext,
 Classical.choice,
 Quot.sound]
'Mock2FA.PaperCorrections.AutomorphicSobolev.HalfWeightDifferentialOperators.lower_raise_factorization' depends on axioms: [propext,
 Classical.choice,
 Quot.sound]
'Mock2FA.PaperCorrections.AutomorphicSobolev.HalfWeightDifferentialOperators.ExponentIndexedDifferentialCore.typed_lower_raise_factorization' depends on axioms: [propext,
 Classical.choice,
 Quot.sound]
'Mock2FA.PaperCorrections.AutomorphicSobolev.HalfWeightDifferentialOperators.ExponentIndexedDifferentialCore.typed_raise_lower_factorization' depends on axioms: [propext,
 Classical.choice,
 Quot.sound]
'Mock2FA.PaperCorrections.AutomorphicSobolev.HalfWeightDifferentialOperators.greenIdentity_iff_isFormalAdjoint_neg' depends on axioms: [propext,
 Classical.choice,
 Quot.sound]
'Mock2FA.PaperCorrections.AutomorphicSobolev.HalfWeightCompactCoordinateGreen.ambientCcInfinity_raising_green_identity' depends on axioms: [propext,
 Classical.choice,
 Quot.sound]
'Mock2FA.PaperCorrections.AutomorphicSobolev.HalfWeightCompactCoordinateGreen.ambientCcInfinity_green_half_average_eq_zero' depends on axioms: [propext,
 Classical.choice,
 Quot.sound]
'Mock2FA.PaperCorrections.AutomorphicSobolev.GammaTwoQuotientGreenBoundary.realSmooth_complexHeightRpow' depends on axioms: [propext,
 Classical.choice,
 Quot.sound]
'Mock2FA.PaperCorrections.AutomorphicSobolev.GammaTwoQuotientGreenBoundary.gammaTwoQuotientCompactFluxTailTightness_of_closedCarrierCompactPreimage' depends on axioms: [propext,
 Classical.choice,
 Quot.sound]
'Mock2FA.PaperCorrections.AutomorphicSobolev.GammaTwoQuotientGreenBoundary.gammaTwoCompactFluxStokes_of_tailTightness_of_pairedPolygon' depends on axioms: [propext,
 Classical.choice,
 Quot.sound]
'Mock2FA.PaperCorrections.AutomorphicSobolev.GammaTwoQuotientGreenBoundary.gammaTwoCompactFluxStokes_of_closedCarrierCompactPreimage_of_pairedPolygon' depends on axioms: [propext,
 Classical.choice,
 Quot.sound]
'Mock2FA.PaperCorrections.AutomorphicSobolev.GammaTwoQuotientGreenBoundary.planarNullity_does_not_imply_zeroBoundaryIntegral' depends on axioms: [propext,
 Classical.choice,
 Quot.sound]
'Mock2FA.PaperCorrections.AutomorphicSobolev.GammaTwoQuotientGreenBoundary.threeCusp_boundary_geometry_available' depends on axioms: [propext,
 Classical.choice,
 Quot.sound]
'Mock2FA.PaperCorrections.AutomorphicSobolev.GammaTwoQuotientGreenBoundary.invariantFlux_actualPolygonEdge_pairing' depends on axioms: [propext,
 Classical.choice,
 Quot.sound]
'Mock2FA.PaperCorrections.AutomorphicSobolev.GammaTwoQuotientGreenBoundary.IsSmoothQuotientCompactFlux.actualPolygonEdge_pairing' depends on axioms: [propext,
 Classical.choice,
 Quot.sound]
'Mock2FA.PaperCorrections.AutomorphicSobolev.DefinitionOneSobolev.FixedPhasePeterssonCoordinates.weightFiberScale_neg_eq_heightRpow' depends on axioms: [propext,
 Classical.choice,
 Quot.sound]
'Mock2FA.PaperCorrections.AutomorphicSobolev.DefinitionOneSobolev.FixedPhasePeterssonCoordinates.fixedPhaseGreen_sourceFiberFactor_cancellation' depends on axioms: [propext,
 Classical.choice,
 Quot.sound]
'Mock2FA.PaperCorrections.AutomorphicSobolev.DefinitionOneSobolev.FixedPhasePeterssonCoordinates.fixedPhaseGreen_targetFactor_reindex' depends on axioms: [propext,
 Classical.choice,
 Quot.sound]
'Mock2FA.PaperCorrections.AutomorphicSobolev.DefinitionOneSobolev.FixedPhasePeterssonCoordinates.fixedPhaseGreenScalarDensity_covariance' depends on axioms: [propext,
 Classical.choice,
 Quot.sound]
'Mock2FA.PaperCorrections.AutomorphicSobolev.DefinitionOneSobolev.FixedPhasePeterssonCoordinates.fixedPhaseGreenScalarDensity_mul_moebiusDifferential' depends on axioms: [propext,
 Classical.choice,
 Quot.sound]
'Mock2FA.PaperCorrections.AutomorphicSobolev.DefinitionOneSobolev.FixedPhasePeterssonCoordinates.fixedPhaseGreenOneForm_pullback' depends on axioms: [propext,
 Classical.choice,
 Quot.sound]
'Mock2FA.PaperCorrections.AutomorphicSobolev.DefinitionOneSobolev.FixedPhasePeterssonCoordinates.fixedPhaseGreenFlux_invariant' depends on axioms: [propext,
 Classical.choice,
 Quot.sound]
'Mock2FA.PaperCorrections.AutomorphicSobolev.DefinitionOneSobolev.FixedPhasePeterssonCoordinates.fixedPhaseGreenFlux_actualPolygonEdge_orientedCancellation' depends on axioms: [propext,
 Classical.choice,
 Quot.sound]
'Mock2FA.PaperCorrections.AutomorphicSobolev.DefinitionOneSobolev.FixedPhasePeterssonCoordinates.fixedPhaseGreenScalarDensity_realSmooth' depends on axioms: [propext,
 Classical.choice,
 Quot.sound]
'Mock2FA.PaperCorrections.AutomorphicSobolev.DefinitionOneSobolev.FixedPhasePeterssonCoordinates.fixedPhaseGreenFlux_quotientCompact' depends on axioms: [propext,
 Classical.choice,
 Quot.sound]
'Mock2FA.PaperCorrections.AutomorphicSobolev.DefinitionOneSobolev.FixedPhasePeterssonCoordinates.fixedPhaseGreenFlux_isSmoothQuotientCompact_iff_invariant' depends on axioms: [propext,
 Classical.choice,
 Quot.sound]
'Mock2FA.PaperCorrections.AutomorphicSobolev.DefinitionOneSobolev.FixedPhasePeterssonCoordinates.fixedPhaseGreenFluxBridge' depends on axioms: [propext,
 Classical.choice,
 Quot.sound]
'Mock2FA.PaperCorrections.AutomorphicSobolev.DefinitionOneSobolev.FixedPhasePeterssonCoordinates.greenBoundaryDefect_eq_zero_of_compactFluxStokes' depends on axioms: [propext,
 Classical.choice,
 Quot.sound]
'Mock2FA.PaperCorrections.AutomorphicSobolev.DefinitionOneSobolev.QuotientHilbertCoordinates.energyDefinite_iff_graph_injective' depends on axioms: [propext,
 Classical.choice,
 Quot.sound]
'Mock2FA.PaperCorrections.AutomorphicSobolev.DefinitionOneSobolev.CompactCoreL2.toL2_injective' depends on axioms: [propext,
 Classical.choice,
 Quot.sound]
'Mock2FA.PaperCorrections.AutomorphicSobolev.DefinitionOneSobolev.CompactCoreL2.gammaTwoQuotientToL2_injective' depends on axioms: [propext,
 Classical.choice,
 Quot.sound]
'Mock2FA.PaperCorrections.AutomorphicSobolev.DefinitionOneSobolev.CompactCoreL2.inverseEtaCoreToL2_injective' depends on axioms: [propext,
 Classical.choice,
 Quot.sound]
'Mock2FA.PaperCorrections.AutomorphicSobolev.DefinitionOneSobolev.CompactCoreL2.chosenInverseEtaCoreToL2_injective' depends on axioms: [propext,
 Classical.choice,
 Quot.sound]
'Mock2FA.PaperCorrections.AutomorphicSobolev.DefinitionOneSobolev.WeightCorePetersson.peterssonInnerProductCore' depends on axioms: [propext,
 Classical.choice,
 Quot.sound]
'Mock2FA.PaperCorrections.AutomorphicSobolev.DefinitionOneSobolev.WeightCorePetersson.peterssonForm_self_eq_zero_iff' depends on axioms: [propext,
 Classical.choice,
 Quot.sound]
'Mock2FA.PaperCorrections.AutomorphicSobolev.DefinitionOneSobolev.WeightCorePetersson.peterssonNormSq_pos' depends on axioms: [propext,
 Classical.choice,
 Quot.sound]
'Mock2FA.PaperCorrections.AutomorphicSobolev.DefinitionOneSobolev.WeightCorePetersson.PeterssonCoreSpace.wrappedInnerProductCore' depends on axioms: [propext,
 Classical.choice,
 Quot.sound]
'Mock2FA.PaperCorrections.AutomorphicSobolev.DefinitionOneSobolev.WeightCorePetersson.PeterssonCoreSpace.norm_sq_eq_peterssonNormSq' depends on axioms: [propext,
 Classical.choice,
 Quot.sound]
'Mock2FA.PaperCorrections.AutomorphicSobolev.DefinitionOneSobolev.WeightCorePetersson.PeterssonCoreSpace.toCompletion_injective' depends on axioms: [propext,
 Classical.choice,
 Quot.sound]
'Mock2FA.PaperCorrections.AutomorphicSobolev.DefinitionOneSobolev.WeightCorePetersson.PeterssonCoreSpace.denseRange_toCompletion' depends on axioms: [propext,
 Classical.choice,
 Quot.sound]
'Mock2FA.PaperCorrections.AutomorphicSobolev.DefinitionOneSobolev.WeightCorePetersson.PeterssonCoreSpace.isDenseInducing_toCompletion' depends on axioms: [propext,
 Classical.choice,
 Quot.sound]
'Mock2FA.PaperCorrections.AutomorphicSobolev.DefinitionOneSobolev.WeightCorePetersson.PeterssonCoreSpace.closure_range_toCompletion' depends on axioms: [propext,
 Classical.choice,
 Quot.sound]
'Mock2FA.PaperCorrections.AutomorphicSobolev.DefinitionOneSobolev.WeightCorePetersson.PeterssonCoreSpace.inner_toCompletion' depends on axioms: [propext,
 Classical.choice,
 Quot.sound]
'Mock2FA.PaperCorrections.AutomorphicSobolev.DefinitionOneSobolev.WeightCorePetersson.PeterssonCoreSpace.norm_toCompletion' depends on axioms: [propext,
 Classical.choice,
 Quot.sound]
'Mock2FA.PaperCorrections.AutomorphicSobolev.DefinitionOneSobolev.WeightCorePetersson.PeterssonCoreSpace.hilbertSpaceWitness' depends on axioms: [propext,
 Classical.choice,
 Quot.sound]
'Mock2FA.PaperCorrections.AutomorphicSobolev.DefinitionOneSobolev.QuotientHilbertCoordinates.completionEnergyOperator_coercive' depends on axioms: [propext,
 Classical.choice,
 Quot.sound]
'Mock2FA.PaperCorrections.AutomorphicSobolev.DefinitionOneSobolev.QuotientHilbertCoordinates.solveCompletionEnergy_existsUnique' depends on axioms: [propext,
 Classical.choice,
 Quot.sound]
'Mock2FA.PaperCorrections.AutomorphicSobolev.DefinitionOneSobolev.QuotientHilbertCoordinates.solveCompletionEnergy_norm_le' depends on axioms: [propext,
 Classical.choice,
 Quot.sound]
'Mock2FA.PaperCorrections.AutomorphicSobolev.DefinitionOneSobolev.QuotientHilbertCoordinates.graphExtension_norm' depends on axioms: [propext,
 Classical.choice,
 Quot.sound]
'Mock2FA.PaperCorrections.AutomorphicSobolev.DefinitionOneSobolev.QuotientHilbertCoordinates.range_graphExtension_eq_closure_range_graph' depends on axioms: [propext,
 Classical.choice,
 Quot.sound]
'Mock2FA.PaperCorrections.AutomorphicSobolev.DefinitionOneSobolev.QuotientHilbertCoordinates.jointExtensions_injective' depends on axioms: [propext,
 Classical.choice,
 Quot.sound]
'Mock2FA.PaperCorrections.AutomorphicSobolev.DefinitionOneSobolev.QuotientHilbertCoordinates.closedJointGraphParametrization_range_isClosed' depends on axioms: [propext,
 Classical.choice,
 Quot.sound]
'Mock2FA.PaperCorrections.AutomorphicSobolev.DefinitionOneSobolev.denseRange_iff_surjective_energyCompletionIsometry' depends on axioms: [propext,
 Classical.choice,
 Quot.sound]
'Mock2FA.PaperCorrections.AutomorphicSobolev.DefinitionOneSobolev.QuotientHilbertCoordinates.CompatibleCoreInclusion.denseRange_graphRange_iff_completion_surjective' depends on axioms: [propext,
 Classical.choice,
 Quot.sound]
'Mock2FA.PaperCorrections.AutomorphicSobolev.DefinitionOneSobolev.QuotientHilbertCoordinates.CompatibleCoreInclusion.completionEquiv_apply' depends on axioms: [propext,
 Classical.choice,
 Quot.sound]
'Mock2FA.PaperCorrections.AutomorphicSobolev.DefinitionOneSobolev.TypedDifferentialAdapter.paperFourCoordinates_energyDefinite' depends on axioms: [propext,
 Classical.choice,
 Quot.sound]
'Mock2FA.PaperCorrections.AutomorphicSobolev.DefinitionOneSobolev.TypedDifferentialAdapter.denseRange_paperFourCoreMap' depends on axioms: [propext,
 Classical.choice,
 Quot.sound]
'Mock2FA.PaperCorrections.AutomorphicSobolev.DefinitionOneSobolev.TypedDifferentialAdapter.paperFourCoreMap_injective' depends on axioms: [propext,
 Classical.choice,
 Quot.sound]
'Mock2FA.PaperCorrections.AutomorphicSobolev.ExplicitDiscriminantPotential.potential_ne_zero' depends on axioms: [propext,
 Classical.choice,
 Quot.sound]
'Mock2FA.PaperCorrections.AutomorphicSobolev.ExplicitDiscriminantPotential.discriminant_realSmooth' depends on axioms: [propext,
 Classical.choice,
 Quot.sound]
'Mock2FA.PaperCorrections.AutomorphicSobolev.ExplicitDiscriminantPotential.upstairsCoreCutoff_realSmooth' depends on axioms: [propext,
 Classical.choice,
 Quot.sound]
'Mock2FA.PaperCorrections.AutomorphicSobolev.ExplicitDiscriminantPotential.quotientCoreCutoff_hasCompactSupport' depends on axioms: [propext,
 Classical.choice,
 Quot.sound]
'Mock2FA.PaperCorrections.AutomorphicSobolev.ExplicitDiscriminantPotential.compactInverseEtaPaperCore_ne_zero' depends on axioms: [propext,
 Classical.choice,
 Quot.sound]
'Mock2FA.PaperCorrections.AutomorphicSobolev.ExplicitDiscriminantPotential.compactInverseEtaOrbitZeroWeightCore_ne_zero' depends on axioms: [propext,
 Classical.choice,
 Quot.sound]
'Mock2FA.PaperCorrections.AutomorphicSobolev.ExplicitDiscriminantPotential.upstairsPotential_scaledCuspTail' depends on axioms: [propext,
 Classical.choice,
 Quot.sound]
'Mock2FA.PaperCorrections.AutomorphicSobolev.ExplicitDiscriminantPotential.upstairsPotential_closedTileCarrier_diff_threeCuspTruncation' depends on axioms: [propext,
 Classical.choice,
 Quot.sound]
'Mock2FA.PaperCorrections.AutomorphicSobolev.ExplicitDiscriminantPotential.potential_quotientOutside_threeCuspTruncationImage' depends on axioms: [propext,
 Classical.choice,
 Quot.sound]
'Mock2FA.PaperCorrections.AutomorphicSobolev.ExplicitDiscriminantPotential.potentialForm_conj_symm' depends on axioms: [propext,
 Classical.choice,
 Quot.sound]
'Mock2FA.PaperCorrections.AutomorphicSobolev.ExplicitDiscriminantPotential.potentialEnergy_le_peterssonNormSq' depends on axioms: [propext,
 Classical.choice,
 Quot.sound]
'Mock2FA.PaperCorrections.AutomorphicSobolev.ExplicitDiscriminantPotential.potentialForm_norm_sq_le_energy_mul_energy' depends on axioms: [propext,
 Classical.choice,
 Quot.sound]
'Mock2FA.PaperCorrections.AutomorphicSobolev.ExplicitDiscriminantPotential.potentialForm_norm_le_uniformBound_mul_peterssonNorm' depends on axioms: [propext,
 Classical.choice,
 Quot.sound]
'Mock2FA.PaperCorrections.AutomorphicSobolev.ExplicitDiscriminantPotential.norm_peterssonPotentialOperator_le_uniformBound' depends on axioms: [propext,
 Classical.choice,
 Quot.sound]
'Mock2FA.PaperCorrections.AutomorphicSobolev.ExplicitDiscriminantPotential.peterssonPotentialOperator_apply_core' depends on axioms: [propext,
 Classical.choice,
 Quot.sound]
'Mock2FA.PaperCorrections.AutomorphicSobolev.ExplicitDiscriminantPotential.FixedPhaseGraphPotential.graphPotentialOperator_apply_core' depends on axioms: [propext,
 Classical.choice,
 Quot.sound]
'Mock2FA.PaperCorrections.AutomorphicSobolev.ExplicitDiscriminantPotential.FixedPhaseGraphPotential.norm_graphPotentialOperator_le_uniformBound' depends on axioms: [propext,
 Classical.choice,
 Quot.sound]
'Mock2FA.PaperCorrections.AutomorphicSobolev.ExplicitDiscriminantPotential.negativePartEnergy_eq_zero' depends on axioms: [propext,
 Classical.choice,
 Quot.sound]
'Mock2FA.PaperCorrections.AutomorphicSobolev.CompactSeparableKernelPotential.hilbertRankOne_isCompact' depends on axioms: [propext,
 Classical.choice,
 Quot.sound]
'Mock2FA.PaperCorrections.AutomorphicSobolev.CompactSeparableKernelPotential.rankOneForm_conj_symm' depends on axioms: [propext,
 Classical.choice,
 Quot.sound]
'Mock2FA.PaperCorrections.AutomorphicSobolev.CompactSeparableKernelPotential.rankOneForm_self_nonneg' depends on axioms: [propext,
 Classical.choice,
 Quot.sound]
'Mock2FA.PaperCorrections.AutomorphicSobolev.CompactSeparableKernelPotential.rankOneCuspTail_tail_norm_eq_zero' depends on axioms: [propext,
 Classical.choice,
 Quot.sound]
'Mock2FA.PaperCorrections.AutomorphicSobolev.CompactSeparableKernelPotential.explicitKernelVector_ne_zero' depends on axioms: [propext,
 Classical.choice,
 Quot.sound]
'Mock2FA.PaperCorrections.AutomorphicSobolev.CompactSeparableKernelPotential.explicitCompactKernelForm_isCompact' depends on axioms: [propext,
 Classical.choice,
 Quot.sound]
'Mock2FA.PaperCorrections.AutomorphicSobolev.CompactSeparableKernelPotential.explicitKernelUnitVector_norm' depends on axioms: [propext,
 Classical.choice,
 Quot.sound]
'Mock2FA.PaperCorrections.AutomorphicSobolev.CompactSeparableKernelPotential.explicitKernelProjection_idempotent' depends on axioms: [propext,
 Classical.choice,
 Quot.sound]
'Mock2FA.PaperCorrections.AutomorphicSobolev.CompactSeparableKernelPotential.explicitKernelProjection_isCompact' depends on axioms: [propext,
 Classical.choice,
 Quot.sound]
'Mock2FA.PaperCorrections.AutomorphicSobolev.CompactSeparableKernelPotential.explicitShifted_eq_unshifted_add_projection' depends on axioms: [propext,
 Classical.choice,
 Quot.sound]
'Mock2FA.PaperCorrections.AutomorphicSobolev.CompactSeparableKernelPotential.explicitUnshiftedFredholmData' depends on axioms: [propext,
 Classical.choice,
 Quot.sound]
'Mock2FA.PaperCorrections.AutomorphicSobolev.CompactSeparableKernelPotential.explicitUnshiftedFredholmOperator_unitVector' depends on axioms: [propext,
 Classical.choice,
 Quot.sound]
'Mock2FA.PaperCorrections.AutomorphicSobolev.CompactSeparableKernelPotential.explicitUnshiftedFredholmOperator_ker' depends on axioms: [propext,
 Classical.choice,
 Quot.sound]
'Mock2FA.PaperCorrections.AutomorphicSobolev.CompactSeparableKernelPotential.explicitUnshiftedFredholmOperator_ker_ne_bot' depends on axioms: [propext,
 Classical.choice,
 Quot.sound]
'Mock2FA.PaperCorrections.AutomorphicSobolev.CompactSeparableKernelPotential.explicitUnshiftedFredholmOperator_range_isClosed' depends on axioms: [propext,
 Classical.choice,
 Quot.sound]
'Mock2FA.PaperCorrections.AutomorphicSobolev.CompactSeparableKernelPotential.explicitUnshiftedFredholmOperator_range' depends on axioms: [propext,
 Classical.choice,
 Quot.sound]
'Mock2FA.PaperCorrections.AutomorphicSobolev.CompactSeparableKernelPotential.explicitUnshiftedFredholm_solvable_iff' depends on axioms: [propext,
 Classical.choice,
 Quot.sound]
'Mock2FA.PaperCorrections.AutomorphicSobolev.CompactSeparableKernelPotential.explicitCanonicalSolution_eq' depends on axioms: [propext,
 Classical.choice,
 Quot.sound]
'Mock2FA.PaperCorrections.AutomorphicSobolev.CompactSeparableKernelPotential.explicitCanonicalSolution_range_eq' depends on axioms: [propext,
 Classical.choice,
 Quot.sound]
'Mock2FA.PaperCorrections.AutomorphicSobolev.CompactSeparableKernelPotential.explicitCanonicalInverseNorm_le_one' depends on axioms: [propext,
 Classical.choice,
 Quot.sound]
'Mock2FA.PaperCorrections.AutomorphicSobolev.CompactSeparableKernelPotential.FixedPhaseGraphKernel.compactCoreKernelForm_core_apply' depends on axioms: [propext,
 Classical.choice,
 Quot.sound]
'Mock2FA.PaperCorrections.AutomorphicSobolev.CompactSeparableKernelPotential.FixedPhaseGraphKernel.compactCoreKernelNontrivialFredholmData' depends on axioms: [propext,
 Classical.choice,
 Quot.sound]
'Mock2FA.PaperCorrections.AutomorphicSobolev.GammaTwoQuotientGeometry.gammaTwoThreeCuspTruncation_isCompact' depends on axioms: [propext,
 Classical.choice,
 Quot.sound]
'Mock2FA.PaperCorrections.AutomorphicSobolev.GammaTwoQuotientGeometry.gammaTwoThreeCuspTruncation_frontier_null' depends on axioms: [propext,
 Classical.choice,
 Quot.sound]
'Mock2FA.PaperCorrections.AutomorphicSobolev.GammaTwoQuotientGeometry.gammaTwoThreeCuspFiniteTileCofinal' depends on axioms: [propext,
 Classical.choice,
 Quot.sound]
'Mock2FA.PaperCorrections.AutomorphicSobolev.GammaTwoQuotientGeometry.gammaTwoToSL2Real_isClosedEmbedding' depends on axioms: [propext,
 Classical.choice,
 Quot.sound]
'Mock2FA.PaperCorrections.AutomorphicSobolev.GammaTwoQuotientGeometry.gammaTwoEffective_finite_translates_inter_compact' depends on axioms: [propext,
 Classical.choice,
 Quot.sound]
'Mock2FA.PaperCorrections.AutomorphicSobolev.GammaTwoQuotientGeometry.gammaTwoEffective_stabilizer_finite' depends on axioms: [propext,
 Classical.choice,
 Quot.sound]
'Mock2FA.PaperCorrections.AutomorphicSobolev.GammaTwoQuotientGeometry.gammaTwoEffective_exists_compact_nhds_image_smul_eq_self' depends on axioms: [propext,
 Classical.choice,
 Quot.sound]
'Mock2FA.PaperCorrections.AutomorphicSobolev.GammaTwoQuotientGeometry.gammaTwo_compact_translates_locallyFinite' depends on axioms: [propext,
 Classical.choice,
 Quot.sound]
'Mock2FA.PaperCorrections.AutomorphicSobolev.GammaTwoQuotientGeometry.gammaTwoEffective_compact_translates_locallyFinite' depends on axioms: [propext,
 Classical.choice,
 Quot.sound]
'Mock2FA.PaperCorrections.AutomorphicSobolev.GammaTwoQuotientGeometry.modular_im_smul_le_heightEnvelope' depends on axioms: [propext,
 Classical.choice,
 Quot.sound]
'Mock2FA.PaperCorrections.AutomorphicSobolev.GammaTwoQuotientGeometry.compact_uniform_modularHeight' depends on axioms: [propext,
 Classical.choice,
 Quot.sound]
'Mock2FA.PaperCorrections.AutomorphicSobolev.GammaTwoQuotientGeometry.gammaTwoClosedCarrier_inter_preimage_isCompact' depends on axioms: [propext,
 Classical.choice,
 Quot.sound]
'Mock2FA.PaperCorrections.AutomorphicSobolev.GammaTwoQuotientGeometry.gammaTwoGeometricCompactCofinal_unconditional' depends on axioms: [propext,
 Classical.choice,
 Quot.sound]
'Mock2FA.PaperCorrections.AutomorphicSobolev.GammaTwoQuotientGeometry.gammaTwoThreeCuspCompactCofinal_unconditional' depends on axioms: [propext,
 Classical.choice,
 Quot.sound]
'Mock2FA.PaperCorrections.AutomorphicSobolev.GammaTwoQuotientGeometry.compact_relativeQuotientPreimage_subset_truncationInterior' depends on axioms: [propext,
 Classical.choice,
 Quot.sound]
'Mock2FA.PaperCorrections.AutomorphicSobolev.GammaTwoQuotientGeometry.gammaTwoGlobalCuspTruncation_exhausts_compacts' depends on axioms: [propext,
 Classical.choice,
 Quot.sound]
'Mock2FA.PaperCorrections.AutomorphicSobolev.SmoothCompactCoreGeometry.SmoothCompactCore.exists_quotientSupport_subset_threeCuspTruncation' depends on axioms: [propext,
 Classical.choice,
 Quot.sound]
'Mock2FA.PaperCorrections.AutomorphicSobolev.SmoothCompactCoreGeometry.SmoothCompactCore.exists_relativeQuotientSupport_subset_truncationInterior' depends on axioms: [propext,
 Classical.choice,
 Quot.sound]
'Mock2FA.PaperCorrections.AutomorphicSobolev.SmoothCompactCoreGeometry.SmoothCompactCore.exists_quotientSupport_subset_globalCuspTruncation' depends on axioms: [propext,
 Classical.choice,
 Quot.sound]
'Mock2FA.PaperCorrections.AutomorphicSobolev.HalfWeightDifferentialOperators.InverseEtaFixedPhaseCore.raise_covariance' depends on axioms: [propext,
 Classical.choice,
 Quot.sound]
'Mock2FA.PaperCorrections.AutomorphicSobolev.HalfWeightDifferentialOperators.InverseEtaFixedPhaseCore.lower_raise_factorization' depends on axioms: [propext,
 Classical.choice,
 Quot.sound]
'Mock2FA.PaperCorrections.AutomorphicSobolev.HalfIntegralMultiplier.factor_sq' depends on axioms: [propext,
 Classical.choice,
 Quot.sound]
'Mock2FA.PaperCorrections.AutomorphicSobolev.HalfWeightDifferentialOperators.inverseEtaPaperOrbitFactor_realSmooth' depends on axioms: [propext,
 Classical.choice,
 Quot.sound]
'Mock2FA.PaperCorrections.AutomorphicSobolev.HalfWeightDifferentialOperators.d1_inverseEtaPaperOrbitFactor' depends on axioms: [propext,
 Classical.choice,
 Quot.sound]
'Mock2FA.PaperCorrections.AutomorphicSobolev.HalfWeightDifferentialOperators.gammaTwoMoebiusCoordinate_eq_fraction' depends on axioms: [propext,
 Classical.choice,
 Quot.sound]
'Mock2FA.PaperCorrections.AutomorphicSobolev.HalfWeightDifferentialOperators.gammaTwoMoebiusChart_hasStrictDerivAt' depends on axioms: [propext,
 Classical.choice,
 Quot.sound]
'Mock2FA.PaperCorrections.AutomorphicSobolev.HalfWeightDifferentialOperators.d1_comp_gammaTwo_smul' depends on axioms: [propext,
 Classical.choice,
 Quot.sound]
'Mock2FA.PaperCorrections.AutomorphicSobolev.HalfWeightDifferentialOperators.wirtingerZ_comp_gammaTwo_smul' depends on axioms: [propext,
 Classical.choice,
 Quot.sound]
'Mock2FA.PaperCorrections.AutomorphicSobolev.HalfWeightDifferentialOperators.wirtingerBar_comp_gammaTwo_smul' depends on axioms: [propext,
 Classical.choice,
 Quot.sound]
'Mock2FA.PaperCorrections.AutomorphicSobolev.HalfWeightDifferentialOperators.raiseRaw_covariance_of_inverseEtaPaperOrbitCovariant' depends on axioms: [propext,
 Classical.choice,
 Quot.sound]
'Mock2FA.PaperCorrections.AutomorphicSobolev.HalfWeightDifferentialOperators.lowerRaw_covariance_of_inverseEtaPaperOrbitCovariant' depends on axioms: [propext,
 Classical.choice,
 Quot.sound]
'Mock2FA.PaperCorrections.AutomorphicSobolev.HalfWeightDifferentialOperators.FixedPhaseDifferentialWord.eval_covariant' depends on axioms: [propext,
 Classical.choice,
 Quot.sound]
'Mock2FA.PaperCorrections.AutomorphicSobolev.HalfWeightDifferentialOperators.mem_inverseEtaFixedPhaseStableCoreSubmodule_iff' depends on axioms: [propext,
 Classical.choice,
 Quot.sound]
'Mock2FA.PaperCorrections.AutomorphicSobolev.SmoothCompactCoreGeometry.HasQuotientCompactSupport.mul_right' depends on axioms: [propext,
 Classical.choice,
 Quot.sound]
'Mock2FA.PaperCorrections.AutomorphicSobolev.HalfWeightDifferentialOperators.invariantCutoffTimesOrbitSectionRaw_mem' depends on axioms: [propext,
 Classical.choice,
 Quot.sound]
'Mock2FA.PaperCorrections.AutomorphicSobolev.HalfWeightDifferentialOperators.invariantCutoffTimesOrbitSection_ne_zero' depends on axioms: [propext,
 Classical.choice,
 Quot.sound]
'Mock2FA.PaperCorrections.AutomorphicSobolev.ExplicitDiscriminantPotential.inverseEtaPaperOrbitZeroSeedSection_apply_ne_zero' depends on axioms: [propext,
 Classical.choice,
 Quot.sound]
'Mock2FA.PaperCorrections.AutomorphicSobolev.ExplicitDiscriminantPotential.compactInverseEtaFixedPhaseCoreZero_ne_zero' depends on axioms: [propext,
 Classical.choice,
 Quot.sound]
'Mock2FA.PaperCorrections.AutomorphicSobolev.HalfWeightCompactCoordinateGreen.compact_green_identity' depends on axioms: [propext,
 Classical.choice,
 Quot.sound]
'Mock2FA.PaperCorrections.AutomorphicSobolev.HalfWeightCompactCoordinateGreen.compact_lowering_green_identity' depends on axioms: [propext,
 Classical.choice,
 Quot.sound]
'Mock2FA.PaperCorrections.AutomorphicSobolev.HalfWeightCompactCoordinateGreen.compact_green_half_average_eq_zero' depends on axioms: [propext,
 Classical.choice,
 Quot.sound]
'Mock2FA.PaperCorrections.AutomorphicSobolev.HalfWeightCompactCoordinateGreen.coordinate_averaged_factorization' depends on axioms: [propext,
 Classical.choice,
 Quot.sound]
'Mock2FA.PaperCorrections.AutomorphicSobolev.GammaTwoQuotientGreenBoundary.gammaTwoClosedCarrierCompactPreimage' depends on axioms: [propext,
 Classical.choice,
 Quot.sound]
'Mock2FA.PaperCorrections.AutomorphicSobolev.GammaTwoQuotientGreenBoundary.gammaTwoQuotientCompactFluxTailTightness' depends on axioms: [propext,
 Classical.choice,
 Quot.sound]
'Mock2FA.PaperCorrections.AutomorphicSobolev.DefinitionOneSobolev.FixedPhaseGraphCompletion.denseRange_coreMap' depends on axioms: [propext,
 Classical.choice,
 Quot.sound]
'Mock2FA.PaperCorrections.AutomorphicSobolev.DefinitionOneSobolev.FixedPhaseGraphCompletion.paperPageFour_norm_sq' depends on axioms: [propext,
 Classical.choice,
 Quot.sound]
'Mock2FA.PaperCorrections.AutomorphicSobolev.DefinitionOneSobolev.FixedPhaseGraphCompletion.pageFourHOneEquivPageTwelveGraph' depends on axioms: [propext,
 Classical.choice,
 Quot.sound]
'Mock2FA.PaperCorrections.AutomorphicSobolev.FixedPhaseDensity.fixedPhaseCoreEquivSmoothCompactWeightCore' depends on axioms: [propext,
 Classical.choice,
 Quot.sound]
'Mock2FA.PaperCorrections.AutomorphicSobolev.FixedPhaseDensity.denseRange_l2Coordinate' depends on axioms: [propext,
 Classical.choice,
 Quot.sound]
'Mock2FA.PaperCorrections.AutomorphicSobolev.FixedPhaseDensity.denseRange_fullSmoothCoreL2Map' depends on axioms: [propext,
 Classical.choice,
 Quot.sound]
'Mock2FA.PaperCorrections.AutomorphicSobolev.FixedPhaseDensity.denseRange_fullSmoothCoreGraphMap' depends on axioms: [propext,
 Classical.choice,
 Quot.sound]
'Mock2FA.PaperCorrections.AutomorphicSobolev.FixedPhaseDensity.quotientCuspPartitionPiece_hasSum_one' depends on axioms: [propext,
 Classical.choice,
 Quot.sound]
'Mock2FA.PaperCorrections.AutomorphicSobolev.FixedPhaseDensity.exists_cutoff_eq_one_on_quotientTSupport' depends on axioms: [propext,
 Classical.choice,
 Quot.sound]
'Mock2FA.PaperCorrections.AutomorphicSobolev.FixedPhaseDensity.exists_exactCutoff_fixedPhase_lift' depends on axioms: [propext,
 Classical.choice,
 Quot.sound]
'Mock2FA.PaperCorrections.AutomorphicSobolev.FixedPhaseDensity.coreMap_cuspCutoffOperator_tendsto' depends on axioms: [propext,
 Classical.choice,
 Quot.sound]
'Mock2FA.PaperCorrections.AutomorphicSobolev.FixedPhaseDensity.dense_iUnion_range_coreMap_cuspCutoffOperator' depends on axioms: [propext,
 Classical.choice,
 Quot.sound]
'Mock2FA.PaperCorrections.AutomorphicSobolev.FixedPhaseDensity.exists_raiseCuspCutoffCommutator_eventually_eq_zero' depends on axioms: [propext,
 Classical.choice,
 Quot.sound]
'Mock2FA.PaperCorrections.AutomorphicSobolev.FixedPhaseDensity.potentialShellCoreZero_linearIndependent' depends on axioms: [propext,
 Classical.choice,
 Quot.sound]
'Mock2FA.PaperCorrections.AutomorphicSobolev.FixedPhaseDensity.inverseEtaFixedPhaseCoreZero_not_finiteDimensional' depends on axioms: [propext,
 Classical.choice,
 Quot.sound]
'Mock2FA.PaperCorrections.AutomorphicSobolev.FixedPhaseClosedOperators.physicalRaise_dense_domain' depends on axioms: [propext,
 Classical.choice,
 Quot.sound]
'Mock2FA.PaperCorrections.AutomorphicSobolev.FixedPhaseClosedOperators.physicalGreenIdentityAt_iff_isFormalAdjoint_negativeLower' depends on axioms: [propext,
 Classical.choice,
 Quot.sound]
'Mock2FA.PaperCorrections.AutomorphicSobolev.FixedPhaseClosedOperators.physicalRaise_isClosable' depends on axioms: [propext,
 Classical.choice,
 Quot.sound]
'Mock2FA.PaperCorrections.AutomorphicSobolev.FixedPhaseClosedOperators.physicalLowerFromSucc_isClosable' depends on axioms: [propext,
 Classical.choice,
 Quot.sound]
'Mock2FA.PaperCorrections.AutomorphicSobolev.FixedPhaseClosedOperators.closedRaise_isClosed' depends on axioms: [propext,
 Classical.choice,
 Quot.sound]
'Mock2FA.PaperCorrections.AutomorphicSobolev.FixedPhaseClosedOperators.closedRaise_le_negativeLower_adjoint' depends on axioms: [propext,
 Classical.choice,
 Quot.sound]
'Mock2FA.PaperCorrections.AutomorphicSobolev.FixedPhaseClosedOperators.physicalJointFromSucc_isClosable_of_components' depends on axioms: [propext,
 Classical.choice,
 Quot.sound]
'Mock2FA.PaperCorrections.AutomorphicSobolev.FixedPhaseClosedOperators.closedJointFromSucc_isClosed' depends on axioms: [propext,
 Classical.choice,
 Quot.sound]
'Mock2FA.PaperCorrections.AutomorphicSobolev.FixedPhaseClosedOperators.all_physical_operators_closable_of_pairedPolygon' depends on axioms: [propext,
 Classical.choice,
 Quot.sound]
'Mock2FA.PaperCorrections.AutomorphicSobolev.CompactSeparableKernelPotential.GeometricKernelSupport.explicitQuotientKernel_at_I_ne_zero' depends on axioms: [propext,
 Classical.choice,
 Quot.sound]
'Mock2FA.PaperCorrections.AutomorphicSobolev.CompactSeparableKernelPotential.GeometricKernelSupport.explicitQuotientKernel_hasCompactSupport' depends on axioms: [propext,
 Classical.choice,
 Quot.sound]
'Mock2FA.PaperCorrections.AutomorphicSobolev.CompactSeparableKernelPotential.GeometricKernelSupport.explicitQuotientKernel_eq_zero_outside_truncationProduct' depends on axioms: [propext,
 Classical.choice,
 Quot.sound]
PrimalitySheafVerification/Mock2_FunctionalAnalysis.lean:26518:29: warning: try 'simp' instead of 'simpa'

Note: This linter can be disabled with `set_option linter.unnecessarySimpa false`
PrimalitySheafVerification/Mock2_FunctionalAnalysis.lean:26520:4: warning: try 'simp' instead of 'simpa'

Note: This linter can be disabled with `set_option linter.unnecessarySimpa false`
PrimalitySheafVerification/Mock2_FunctionalAnalysis.lean:26534:2: warning: `push_neg` has been deprecated. Prefer using `push Not` instead.
If you'd rather continue using `push_neg` in your project, you can implement it as follows:
```
open Lean.Parser.Tactic in
macro "push_neg" cfg:optConfig loc:(location)? : tactic =>
  `(tactic| push $cfg:optConfig Not $[$loc]?)
```
PrimalitySheafVerification/Mock2_FunctionalAnalysis.lean:26631:2: warning: `push_neg` has been deprecated. Prefer using `push Not` instead.
If you'd rather continue using `push_neg` in your project, you can implement it as follows:
```
open Lean.Parser.Tactic in
macro "push_neg" cfg:optConfig loc:(location)? : tactic =>
  `(tactic| push $cfg:optConfig Not $[$loc]?)
```
PrimalitySheafVerification/Mock2_FunctionalAnalysis.lean:26702:4: warning: 'change star (inverseEtaPaperOrbitDenom γ z ^ 2) = star (inverseEtaPaperOrbitDenom γ z) ^ 2' tactic does nothing

Note: This linter can be disabled with `set_option linter.unusedTactic false`
PrimalitySheafVerification/Mock2_FunctionalAnalysis.lean:26814:6: warning: 'ring' tactic does nothing

Note: This linter can be disabled with `set_option linter.unusedTactic false`
PrimalitySheafVerification/Mock2_FunctionalAnalysis.lean:26814:6: warning: this tactic is never executed

Note: This linter can be disabled with `set_option linter.unreachableTactic false`
PrimalitySheafVerification/Mock2_FunctionalAnalysis.lean:26877:18: warning: 'omega' tactic does nothing

Note: This linter can be disabled with `set_option linter.unusedTactic false`
PrimalitySheafVerification/Mock2_FunctionalAnalysis.lean:26877:18: warning: this tactic is never executed

Note: This linter can be disabled with `set_option linter.unreachableTactic false`
PrimalitySheafVerification/Mock2_FunctionalAnalysis.lean:27142:0: warning: Definition `Mock2FA.PaperCorrections.AutomorphicSobolev.ExplicitDiscriminantPotential.inverseEtaFixedPhaseCoreNontrivial` of class type is semireducible. Most type class instances should be instance-reducible, so consider marking this
definition with `@[instance_reducible]`. If it is intentionally semireducible, this warning can be disabled with `set_option warn.classDefReducibility false`.
PrimalitySheafVerification/Mock2_FunctionalAnalysis.lean:27142:0: warning: Definition `inverseEtaFixedPhaseCoreNontrivial` is a proposition; use `theorem` instead of `def`

Note: This linter can be disabled with `set_option linter.defProp false`
'Mock2FA.PaperCorrections.AutomorphicSobolev.ExplicitDiscriminantPotential.exists_fderiv_upstairsCoreCutoff_ne_zero' depends on axioms: [propext,
 Classical.choice,
 Quot.sound]
'Mock2FA.PaperCorrections.AutomorphicSobolev.ExplicitDiscriminantPotential.fixedPhasePositiveWeightGenerator_covariance' depends on axioms: [propext,
 Classical.choice,
 Quot.sound]
'Mock2FA.PaperCorrections.AutomorphicSobolev.ExplicitDiscriminantPotential.fixedPhaseNegativeWeightGenerator_covariance' depends on axioms: [propext,
 Classical.choice,
 Quot.sound]
'Mock2FA.PaperCorrections.AutomorphicSobolev.ExplicitDiscriminantPotential.fixedPhaseIntegralWeightFactor_covariance' depends on axioms: [propext,
 Classical.choice,
 Quot.sound]
'Mock2FA.PaperCorrections.AutomorphicSobolev.ExplicitDiscriminantPotential.inverseEtaPaperOrbitAllIndexSeedSection_at_point_ne_zero' depends on axioms: [propext,
 Classical.choice,
 Quot.sound]
'Mock2FA.PaperCorrections.AutomorphicSobolev.ExplicitDiscriminantPotential.compactInverseEtaFixedPhaseCoreAllIndex_ne_zero' depends on axioms: [propext,
 Classical.choice,
 Quot.sound]
'Mock2FA.PaperCorrections.AutomorphicSobolev.ExplicitDiscriminantPotential.exists_ne_zero_inverseEtaFixedPhaseCore' depends on axioms: [propext,
 Classical.choice,
 Quot.sound]
'Mock2FA.PaperCorrections.AutomorphicSobolev.FixedPhaseClosedOperators.PhysicalLocalL2.orbitEuclidean_eq_zero_of_ambient_test_pairings' depends on axioms: [propext,
 Classical.choice,
 Quot.sound]
'Mock2FA.PaperCorrections.AutomorphicSobolev.FixedPhaseClosedOperators.physicalRaise_isClosable' depends on axioms: [propext,
 Classical.choice,
 Quot.sound]
'Mock2FA.PaperCorrections.AutomorphicSobolev.FixedPhaseClosedOperators.physicalLowerFromSucc_isClosable' depends on axioms: [propext,
 Classical.choice,
 Quot.sound]
'Mock2FA.PaperCorrections.AutomorphicSobolev.FixedPhaseClosedOperators.physicalJointFromSucc_isClosable' depends on axioms: [propext,
 Classical.choice,
 Quot.sound]
'Mock2FA.PaperCorrections.AutomorphicSobolev.FixedPhaseClosedOperators.closedRaise_isClosed' depends on axioms: [propext,
 Classical.choice,
 Quot.sound]
'Mock2FA.PaperCorrections.AutomorphicSobolev.FixedPhaseClosedOperators.closedLowerFromSucc_isClosed' depends on axioms: [propext,
 Classical.choice,
 Quot.sound]
'Mock2FA.PaperCorrections.AutomorphicSobolev.FixedPhaseClosedOperators.closedJointFromSucc_isClosed' depends on axioms: [propext,
 Classical.choice,
 Quot.sound]
'Mock2FA.PaperCorrections.AutomorphicSobolev.FixedPhaseClosedOperators.all_physical_operators_closable' depends on axioms: [propext,
 Classical.choice,
 Quot.sound]
'Mock2FA.PaperCorrections.AutomorphicSobolev.FixedPhaseClosedOperators.physicalRaise_adjoint_adjoint_eq_closedRaise' depends on axioms: [propext,
 Classical.choice,
 Quot.sound]
'Mock2FA.PaperCorrections.AutomorphicSobolev.FixedPhaseClosedOperators.physicalLowerFromSucc_adjoint_adjoint_eq_closedLowerFromSucc' depends on axioms: [propext,
 Classical.choice,
 Quot.sound]
'Mock2FA.PaperCorrections.AutomorphicSobolev.FixedPhaseClosedOperators.physicalJointFromSucc_adjoint_adjoint_eq_closedJointFromSucc' depends on axioms: [propext,
 Classical.choice,
 Quot.sound]
'Mock2FA.PaperCorrections.AutomorphicSobolev.FixedPhaseClosedOperators.physicalRaise_le_adjoint_adjoint' depends on axioms: [propext,
 Classical.choice,
 Quot.sound]
'Mock2FA.PaperCorrections.AutomorphicSobolev.FixedPhaseClosedOperators.physicalLowerFromSucc_le_adjoint_adjoint' depends on axioms: [propext,
 Classical.choice,
 Quot.sound]
'Mock2FA.PaperCorrections.AutomorphicSobolev.FixedPhaseClosedOperators.physicalJointFromSucc_le_adjoint_adjoint' depends on axioms: [propext,
 Classical.choice,
 Quot.sound]
'Mock2FA.PaperCorrections.AutomorphicSobolev.FixedPhaseClosedOperators.quotientCoordinates_jointlyClosable_of_jointGraph' depends on axioms: [propext,
 Classical.choice,
 Quot.sound]
'Mock2FA.PaperCorrections.AutomorphicSobolev.FixedPhaseClosedOperators.coordinates_jointlyClosable' depends on axioms: [propext,
 Classical.choice,
 Quot.sound]
'Mock2FA.PaperCorrections.AutomorphicSobolev.FixedPhaseClosedOperators.successorGraphUnwrap_image_range_graphExtension_eq_closedJointGraph' depends on axioms: [propext,
 Classical.choice,
 Quot.sound]
'Mock2FA.PaperCorrections.AutomorphicSobolev.GammaTwoQuotientGreenBoundary.closedCarrier_mem_diff_threeCuspTruncation_of_mem_laterHorocycle' depends on axioms: [propext,
 Classical.choice,
 Quot.sound]
'Mock2FA.PaperCorrections.AutomorphicSobolev.GammaTwoQuotientGreenBoundary.HasZeroThreeCuspTail.eventually_selectedHorocycle_fluxIntegral_eq_zero' depends on axioms: [propext,
 Classical.choice,
 Quot.sound]
'Mock2FA.PaperCorrections.AutomorphicSobolev.DefinitionOneSobolev.FixedPhasePeterssonCoordinates.fixedPhaseGreenFlux_hasZeroThreeCuspTail' depends on axioms: [propext,
 Classical.choice,
 Quot.sound]
'Mock2FA.PaperCorrections.AutomorphicSobolev.DefinitionOneSobolev.FixedPhasePeterssonCoordinates.fixedPhaseGreenFlux_eventually_selectedHorocycle_integral_eq_zero' depends on axioms: [propext,
 Classical.choice,
 Quot.sound]
'Mock2FA.PaperCorrections.AutomorphicSobolev.FixedPhaseClosedOperators.physicalRaisingGreenIdentityOnCore' depends on axioms: [propext,
 Classical.choice,
 Quot.sound]
'Mock2FA.PaperCorrections.AutomorphicSobolev.FixedPhaseClosedOperators.physicalLoweringGreenIdentityOnCore' depends on axioms: [propext,
 Classical.choice,
 Quot.sound]
'Mock2FA.PaperCorrections.AutomorphicSobolev.FixedPhaseClosedOperators.physicalGreenHalfAverageOnCore' depends on axioms: [propext,
 Classical.choice,
 Quot.sound]
'Mock2FA.PaperCorrections.AutomorphicSobolev.FixedPhaseClosedOperators.closure_eq_iff_isEssentialGraphCoreFor' depends on axioms: [propext,
 Classical.choice,
 Quot.sound]
'Mock2FA.PaperCorrections.AutomorphicSobolev.FixedPhaseClosedOperators.eq_domRestrict_of_le' depends on axioms: [propext,
 Classical.choice,
 Quot.sound]
'Mock2FA.PaperCorrections.AutomorphicSobolev.FixedPhaseClosedOperators.strongCrossAdjointAt_iff_essentialCores' depends on axioms: [propext,
 Classical.choice,
 Quot.sound]
'Mock2FA.PaperCorrections.AutomorphicSobolev.FixedPhaseClosedOperators.strongCrossAdjointAt_iff_maximalAdjointsHavePhysicalCores' depends on axioms: [propext,
 Classical.choice,
 Quot.sound]
'Mock2FA.PaperCorrections.AutomorphicSobolev.FixedPhaseClosedOperators.strongCrossAdjointAt_iff_reverseInclusions' depends on axioms: [propext,
 Classical.choice,
 Quot.sound]
PrimalitySheafVerification/Mock2_FunctionalAnalysis.lean:28337:25: warning: This simp argument is unused:
  one_mul

Hint: Omit it from the simp argument list.
  [apply] simp only [mul_smul, one_smul]

Note: This linter can be disabled with `set_option linter.unusedSimpArgs false`
PrimalitySheafVerification/Mock2_FunctionalAnalysis.lean:28517:6: warning: 'change
  (∫ w, upperLift f w ∂((volume.restrict (Set.range UpperHalfPlane.coe)).restrict (UpperHalfPlane.coe '' s))) =
    ∫ w, upperLift f w ∂((volume : Measure ℂ).restrict (UpperHalfPlane.coe '' s))' tactic does nothing

Note: This linter can be disabled with `set_option linter.unusedTactic false`
PrimalitySheafVerification/Mock2_FunctionalAnalysis.lean:28560:13: warning: Variable name `hx` is not explicitly referenced.

Hint: The binding can be removed (if unused) or named `_` (if used implicitly). Alternatively, prefix the name with `_` to silence this warning:
  [apply] _hx

Note: This linter can be disabled with `set_option linter.unusedVariables false`
PrimalitySheafVerification/Mock2_FunctionalAnalysis.lean:28577:51: warning: 'ring' tactic does nothing

Note: This linter can be disabled with `set_option linter.unusedTactic false`
PrimalitySheafVerification/Mock2_FunctionalAnalysis.lean:28577:51: warning: this tactic is never executed

Note: This linter can be disabled with `set_option linter.unreachableTactic false`
PrimalitySheafVerification/Mock2_FunctionalAnalysis.lean:28644:22: warning: `Set.mem_setOf_eq` has been deprecated: Use `Set.mem_ofPred_eq` instead
PrimalitySheafVerification/Mock2_FunctionalAnalysis.lean:28759:31: warning: This simp argument is unused:
  pow_two

Hint: Omit it from the simp argument list.
  [apply] simp only [Complex.normSq_apply, UpperHalfPlane.coe_re, UpperHalfPlane.coe_im] at hnorm

Note: This linter can be disabled with `set_option linter.unusedSimpArgs false`
Try this:
  [apply] ring_nf
  
  The `ring` tactic failed to close the goal. Use `ring_nf` to obtain a normal form.
    
  Note that `ring` works primarily in *commutative* rings. If you have a noncommutative ring, abelian group or module, consider using `noncomm_ring`, `abel` or `module` instead.
PrimalitySheafVerification/Mock2_FunctionalAnalysis.lean:28869:14: warning: This simp argument is unused:
  curvedTileRectangleMap

Hint: Omit it from the simp argument list.
  [apply] simp [curvedTileJacobian, smul_smul, add_comm, mul_comm, mul_left_comm, mul_assoc]

Note: This linter can be disabled with `set_option linter.unusedSimpArgs false`
PrimalitySheafVerification/Mock2_FunctionalAnalysis.lean:28870:27: warning: This simp argument is unused:
  mul_comm

Hint: Omit it from the simp argument list.
  [apply] simp [curvedTileRectangleMap, curvedTileJacobian, smul_smul, add_comm, mul_left_comm, mul_assoc]

Note: This linter can be disabled with `set_option linter.unusedSimpArgs false`
PrimalitySheafVerification/Mock2_FunctionalAnalysis.lean:28870:37: warning: This simp argument is unused:
  mul_left_comm

Hint: Omit it from the simp argument list.
  [apply] simp [curvedTileRectangleMap, curvedTileJacobian, smul_smul, add_comm, mul_comm, mul_assoc]

Note: This linter can be disabled with `set_option linter.unusedSimpArgs false`
PrimalitySheafVerification/Mock2_FunctionalAnalysis.lean:28870:52: warning: This simp argument is unused:
  mul_assoc

Hint: Omit it from the simp argument list.
  [apply] simp [curvedTileRectangleMap, curvedTileJacobian, smul_smul, add_comm, mul_comm, mul_left_comm]

Note: This linter can be disabled with `set_option linter.unusedSimpArgs false`
PrimalitySheafVerification/Mock2_FunctionalAnalysis.lean:28871:13: warning: Used `tac1 <;> tac2` where `(tac1; tac2)` would suffice

Note: This linter can be disabled with `set_option linter.unnecessarySeqFocus false`
PrimalitySheafVerification/Mock2_FunctionalAnalysis.lean:28909:4: warning: 'simp [curvedTileRectangleMap, curvedTileJacobian, Function.comp_apply, sub_eq_add_neg]' tactic does nothing

Note: This linter can be disabled with `set_option linter.unusedTactic false`
PrimalitySheafVerification/Mock2_FunctionalAnalysis.lean:28909:4: warning: this tactic is never executed

Note: This linter can be disabled with `set_option linter.unreachableTactic false`
PrimalitySheafVerification/Mock2_FunctionalAnalysis.lean:28930:10: warning: This simp argument is unused:
  curvedTileJacobian

Hint: Omit it from the simp argument list.
  [apply] simp [sub_eq_add_neg]

Note: This linter can be disabled with `set_option linter.unusedSimpArgs false`
PrimalitySheafVerification/Mock2_FunctionalAnalysis.lean:28929:49: warning: Used `tac1 <;> tac2` where `(tac1; tac2)` would suffice

Note: This linter can be disabled with `set_option linter.unnecessarySeqFocus false`
PrimalitySheafVerification/Mock2_FunctionalAnalysis.lean:29264:4: warning: 'simp [curvedTilePiolaX, Complex.real_smul, Function.comp_apply, sub_eq_add_neg]' tactic does nothing

Note: This linter can be disabled with `set_option linter.unusedTactic false`
PrimalitySheafVerification/Mock2_FunctionalAnalysis.lean:29266:4: warning: 'ring' tactic does nothing

Note: This linter can be disabled with `set_option linter.unusedTactic false`
PrimalitySheafVerification/Mock2_FunctionalAnalysis.lean:29264:4: warning: this tactic is never executed

Note: This linter can be disabled with `set_option linter.unreachableTactic false`
PrimalitySheafVerification/Mock2_FunctionalAnalysis.lean:29266:4: warning: this tactic is never executed

Note: This linter can be disabled with `set_option linter.unreachableTactic false`
PrimalitySheafVerification/Mock2_FunctionalAnalysis.lean:29296:10: warning: This simp argument is unused:
  curvedTilePiolaY

Hint: Omit it from the simp argument list.
  [apply] simp [Function.comp_apply, Complex.real_smul, sub_eq_add_neg]

Note: This linter can be disabled with `set_option linter.unusedSimpArgs false`
PrimalitySheafVerification/Mock2_FunctionalAnalysis.lean:29297:6: warning: This simp argument is unused:
  Complex.real_smul

Hint: Omit it from the simp argument list.
  [apply] simp [curvedTilePiolaY, Function.comp_apply, sub_eq_add_neg]

Note: This linter can be disabled with `set_option linter.unusedSimpArgs false`
PrimalitySheafVerification/Mock2_FunctionalAnalysis.lean:29295:21: warning: Used `tac1 <;> tac2` where `(tac1; tac2)` would suffice

Note: This linter can be disabled with `set_option linter.unnecessarySeqFocus false`
PrimalitySheafVerification/Mock2_FunctionalAnalysis.lean:29297:41: warning: Used `tac1 <;> tac2` where `(tac1; tac2)` would suffice

Note: This linter can be disabled with `set_option linter.unnecessarySeqFocus false`
PrimalitySheafVerification/Mock2_FunctionalAnalysis.lean:29316:4: warning: 'simp [curvedTilePiolaX, curvedTileJacobian, Function.comp_apply, sub_eq_add_neg]' tactic does nothing

Note: This linter can be disabled with `set_option linter.unusedTactic false`
PrimalitySheafVerification/Mock2_FunctionalAnalysis.lean:29316:4: warning: this tactic is never executed

Note: This linter can be disabled with `set_option linter.unreachableTactic false`
PrimalitySheafVerification/Mock2_FunctionalAnalysis.lean:29344:4: warning: 'simp [curvedTilePiolaY, Function.comp_apply, Complex.real_smul, sub_eq_add_neg]' tactic does nothing

Note: This linter can be disabled with `set_option linter.unusedTactic false`
PrimalitySheafVerification/Mock2_FunctionalAnalysis.lean:29344:4: warning: this tactic is never executed

Note: This linter can be disabled with `set_option linter.unreachableTactic false`
PrimalitySheafVerification/Mock2_FunctionalAnalysis.lean:29386:10: warning: 'simp [Function.comp_apply]' tactic does nothing

Note: This linter can be disabled with `set_option linter.unusedTactic false`
PrimalitySheafVerification/Mock2_FunctionalAnalysis.lean:29397:10: warning: 'simp [Function.comp_apply]' tactic does nothing

Note: This linter can be disabled with `set_option linter.unusedTactic false`
PrimalitySheafVerification/Mock2_FunctionalAnalysis.lean:29386:10: warning: this tactic is never executed

Note: This linter can be disabled with `set_option linter.unreachableTactic false`
PrimalitySheafVerification/Mock2_FunctionalAnalysis.lean:29397:10: warning: this tactic is never executed

Note: This linter can be disabled with `set_option linter.unreachableTactic false`
PrimalitySheafVerification/Mock2_FunctionalAnalysis.lean:29522:6: warning: try 'simp' instead of 'simpa'

Note: This linter can be disabled with `set_option linter.unnecessarySimpa false`
Try this:
  [apply] ring_nf
  
  The `ring` tactic failed to close the goal. Use `ring_nf` to obtain a normal form.
    
  Note that `ring` works primarily in *commutative* rings. If you have a noncommutative ring, abelian group or module, consider using `noncomm_ring`, `abel` or `module` instead.
'Mock2FA.PaperCorrections.AutomorphicSobolev.GammaTwoCurvilinearTileStokes.setIntegral_heightSq_mul_hyperbolic_eq_complexImage' depends on axioms: [propext,
 Classical.choice,
 Quot.sound]
'Mock2FA.PaperCorrections.AutomorphicSobolev.GammaTwoCurvilinearTileStokes.integral_modularCurvedTileTruncation_eq_rectangle' depends on axioms: [propext,
 Classical.choice,
 Quot.sound]
'Mock2FA.PaperCorrections.AutomorphicSobolev.GammaTwoCurvilinearTileStokes.integrableOn_heightSq_modularClosedTile_iff_rectangle' depends on axioms: [propext,
 Classical.choice,
 Quot.sound]
'Mock2FA.PaperCorrections.AutomorphicSobolev.GammaTwoCurvilinearTileStokes.integral_rectangle_piola_divergence_eq_boundary' depends on axioms: [propext,
 Classical.choice,
 Quot.sound]
'Mock2FA.PaperCorrections.AutomorphicSobolev.GammaTwoCurvilinearTileStokes.curvedTilePiolaBoundaryIntegral_eq_baseModular' depends on axioms: [propext,
 Classical.choice,
 Quot.sound]
'Mock2FA.PaperCorrections.AutomorphicSobolev.GammaTwoCurvilinearTileStokes.setIntegral_heightSq_divergence_modularClosedTile_eq_boundary' depends on axioms: [propext,
 Classical.choice,
 Quot.sound]
PrimalitySheafVerification/Mock2_FunctionalAnalysis.lean:30036:53: warning: This simp argument is unused:
  hdet

Hint: Omit it from the simp argument list.
  [apply] simp [UpperHalfPlane.smulFDeriv, UpperHalfPlane.σ, selectedCosetDerivative, selectedCosetDenom,
    selectedCosetGL_det, smul_eq_mul]

Note: This linter can be disabled with `set_option linter.unusedSimpArgs false`
PrimalitySheafVerification/Mock2_FunctionalAnalysis.lean:30056:2: warning: Try this: 
  letI̵

The goal is a proposition, so `let` is preferred over `letI`.
The difference between `let` and `letI` is that `letI` inlines the value.
But this is not relevant for proofs because of proof irrelevance.

Note: This linter can be disabled with `set_option linter.style.haveILetI false`
PrimalitySheafVerification/Mock2_FunctionalAnalysis.lean:30074:2: warning: Try this: 
  letI̵

The goal is a proposition, so `let` is preferred over `letI`.
The difference between `let` and `letI` is that `letI` inlines the value.
But this is not relevant for proofs because of proof irrelevance.

Note: This linter can be disabled with `set_option linter.style.haveILetI false`
PrimalitySheafVerification/Mock2_FunctionalAnalysis.lean:30089:41: warning: This simp argument is unused:
  Function.comp_def

Hint: Omit it from the simp argument list.
  [apply] simp [upperLift, selectedCosetDenom, UpperHalfPlane.ofComplex_apply_of_im_pos hw]

Note: This linter can be disabled with `set_option linter.unusedSimpArgs false`
PrimalitySheafVerification/Mock2_FunctionalAnalysis.lean:30133:12: warning: This simp argument is unused:
  Function.comp_apply

Hint: Omit it from the simp argument list.
  [apply] simp [mul_comm, mul_left_comm, mul_assoc]

Note: This linter can be disabled with `set_option linter.unusedSimpArgs false`
PrimalitySheafVerification/Mock2_FunctionalAnalysis.lean:30133:43: warning: This simp argument is unused:
  mul_left_comm

Hint: Omit it from the simp argument list.
  [apply] simp [Function.comp_apply, mul_comm, mul_assoc]

Note: This linter can be disabled with `set_option linter.unusedSimpArgs false`
PrimalitySheafVerification/Mock2_FunctionalAnalysis.lean:30141:6: warning: This simp argument is unused:
  Function.comp_def

Hint: Omit it from the simp argument list.
  [apply] simp [upperLift, selectedCosetDerivative, selectedCosetDenom, UpperHalfPlane.ofComplex_apply_of_im_pos hw,
    zpow_neg, one_div]

Note: This linter can be disabled with `set_option linter.unusedSimpArgs false`
PrimalitySheafVerification/Mock2_FunctionalAnalysis.lean:30132:65: warning: Used `tac1 <;> tac2` where `(tac1; tac2)` would suffice

Note: This linter can be disabled with `set_option linter.unnecessarySeqFocus false`
PrimalitySheafVerification/Mock2_FunctionalAnalysis.lean:30386:37: warning: This simp argument is unused:
  sub_zero

Hint: Omit it from the simp argument list.
  [apply] simp only [Complex.mul_re, Complex.mul_im, Complex.I_re, Complex.I_im, mul_zero, mul_one, zero_mul, add_zero]

Note: This linter can be disabled with `set_option linter.unusedSimpArgs false`
PrimalitySheafVerification/Mock2_FunctionalAnalysis.lean:30386:47: warning: This simp argument is unused:
  zero_mul

Hint: Omit it from the simp argument list.
  [apply] simp only [Complex.mul_re, Complex.mul_im, Complex.I_re, Complex.I_im, mul_zero, mul_one, sub_zero, add_zero]

Note: This linter can be disabled with `set_option linter.unusedSimpArgs false`
Try this:
  [apply] ring_nf
  
  The `ring` tactic failed to close the goal. Use `ring_nf` to obtain a normal form.
    
  Note that `ring` works primarily in *commutative* rings. If you have a noncommutative ring, abelian group or module, consider using `noncomm_ring`, `abel` or `module` instead.
PrimalitySheafVerification/Mock2_FunctionalAnalysis.lean:30472:6: warning: 'ring' tactic does nothing

Note: This linter can be disabled with `set_option linter.unusedTactic false`
PrimalitySheafVerification/Mock2_FunctionalAnalysis.lean:30472:6: warning: this tactic is never executed

Note: This linter can be disabled with `set_option linter.unreachableTactic false`
PrimalitySheafVerification/Mock2_FunctionalAnalysis.lean:30563:2: warning: try 'simp' instead of 'simpa'

Note: This linter can be disabled with `set_option linter.unnecessarySimpa false`
'Mock2FA.PaperCorrections.AutomorphicSobolev.GammaTwoMoebiusPiola.selectedCoset_smulFDeriv_apply' depends on axioms: [propext,
 Classical.choice,
 Quot.sound]
'Mock2FA.PaperCorrections.AutomorphicSobolev.GammaTwoMoebiusPiola.selectedCosetAmbientMap_hasStrictFDerivAt' depends on axioms: [propext,
 Classical.choice,
 Quot.sound]
'Mock2FA.PaperCorrections.AutomorphicSobolev.GammaTwoMoebiusPiola.selectedCosetPiola_fluxOneFormValue' depends on axioms: [propext,
 Classical.choice,
 Quot.sound]
'Mock2FA.PaperCorrections.AutomorphicSobolev.GammaTwoMoebiusPiola.selectedCosetPiolaX_realSmooth' depends on axioms: [propext,
 Classical.choice,
 Quot.sound]
'Mock2FA.PaperCorrections.AutomorphicSobolev.GammaTwoMoebiusPiola.selectedCosetPiolaY_realSmooth' depends on axioms: [propext,
 Classical.choice,
 Quot.sound]
'Mock2FA.PaperCorrections.AutomorphicSobolev.GammaTwoMoebiusPiola.divergence_selectedCosetPiola' depends on axioms: [propext,
 Classical.choice,
 Quot.sound]
'Mock2FA.PaperCorrections.AutomorphicSobolev.GammaTwoMoebiusPiola.integral_complexImage_selectedCoset_smul_eq_jacobian' depends on axioms: [propext,
 Classical.choice,
 Quot.sound]
'Mock2FA.PaperCorrections.AutomorphicSobolev.GammaTwoMoebiusPiola.integral_divergence_selectedHalfOpenTile_eq_piola' depends on axioms: [propext,
 Classical.choice,
 Quot.sound]
'Mock2FA.PaperCorrections.AutomorphicSobolev.GammaTwoMoebiusPiola.integral_heightSq_divergence_selectedHalfOpenTile_eq_basePiola' depends on axioms: [propext,
 Classical.choice,
 Quot.sound]
PrimalitySheafVerification/Mock2_FunctionalAnalysis.lean:31162:4: warning: try 'simp' instead of 'simpa'

Note: This linter can be disabled with `set_option linter.unnecessarySimpa false`
'Mock2FA.PaperCorrections.AutomorphicSobolev.GammaTwoOrientedBoundaryIntegral.fluxOneFormCLM_apply' depends on axioms: [propext,
 Classical.choice,
 Quot.sound]
'Mock2FA.PaperCorrections.AutomorphicSobolev.GammaTwoOrientedBoundaryIntegral.upperFluxCurveIntegral_symm' depends on axioms: [propext,
 Classical.choice,
 Quot.sound]
'Mock2FA.PaperCorrections.AutomorphicSobolev.GammaTwoOrientedBoundaryIntegral.upperFluxCurveIntegral_trans' depends on axioms: [propext,
 Classical.choice,
 Quot.sound]
'Mock2FA.PaperCorrections.AutomorphicSobolev.GammaTwoOrientedBoundaryIntegral.orientedFluxParameterIntegral_gammaTwo' depends on axioms: [propext,
 Classical.choice,
 Quot.sound]
'Mock2FA.PaperCorrections.AutomorphicSobolev.GammaTwoOrientedBoundaryIntegral.orientedFluxSetIntegral_diff_finite' depends on axioms: [propext,
 Classical.choice,
 Quot.sound]
'Mock2FA.PaperCorrections.AutomorphicSobolev.GammaTwoOrientedBoundaryIntegral.modularCircularArc_velocityDenominator_ne_zero' depends on axioms: [propext,
 Classical.choice,
 Quot.sound]
'Mock2FA.PaperCorrections.AutomorphicSobolev.GammaTwoOrientedBoundaryIntegral.modularCircularArc_flux_formula' depends on axioms: [propext,
 Classical.choice,
 Quot.sound]
'Mock2FA.PaperCorrections.AutomorphicSobolev.GammaTwoOrientedBoundaryIntegral.baseHorocycle_fluxIntegral_formula' depends on axioms: [propext,
 Classical.choice,
 Quot.sound]
'Mock2FA.PaperCorrections.AutomorphicSobolev.GammaTwoOrientedBoundaryIntegral.invariantFlux_actualPairedEdge_integral_cancel' depends on axioms: [propext,
 Classical.choice,
 Quot.sound]
'Mock2FA.PaperCorrections.AutomorphicSobolev.GammaTwoOrientedBoundaryIntegral.ComplexBoundaryChain.append_reverse_fluxIntegral_eq_zero' depends on axioms: [propext,
 Classical.choice,
 Quot.sound]
'Mock2FA.PaperCorrections.AutomorphicSobolev.GammaTwoOrientedBoundaryIntegral.rectangle_flux_stokes' depends on axioms: [propext,
 Classical.choice,
 Quot.sound]
'Mock2FA.PaperCorrections.AutomorphicSobolev.FixedPhaseEssentialCoreAudit.isEssentialGraphCoreFor_iff_hasSequentialGraphCore' depends on axioms: [propext,
 Classical.choice,
 Quot.sound]
'Mock2FA.PaperCorrections.AutomorphicSobolev.FixedPhaseEssentialCoreAudit.raisingEssentialAdjointCoreAt_iff_sequentialApproximation' depends on axioms: [propext,
 Classical.choice,
 Quot.sound]
'Mock2FA.PaperCorrections.AutomorphicSobolev.FixedPhaseEssentialCoreAudit.loweringEssentialAdjointCoreAt_iff_sequentialApproximation' depends on axioms: [propext,
 Classical.choice,
 Quot.sound]
'Mock2FA.PaperCorrections.AutomorphicSobolev.FixedPhaseEssentialCoreAudit.strongCrossAdjointAt_iff_sequentialApproximations' depends on axioms: [propext,
 Classical.choice,
 Quot.sound]
PrimalitySheafVerification/Mock2_FunctionalAnalysis.lean:31666:57: warning: This simp argument is unused:
  zero_mul

Hint: Omit it from the simp argument list.
  [apply] simp only [Complex.add_re, Complex.add_im, Complex.ofReal_re, Complex.ofReal_im, Complex.mul_re,
    Complex.mul_im, Complex.I_re, Complex.I_im, mul_zero, mul_one, sub_zero, add_zero, zero_add]

Note: This linter can be disabled with `set_option linter.unusedSimpArgs false`
PrimalitySheafVerification/Mock2_FunctionalAnalysis.lean:31696:2: warning: try 'simp' instead of 'simpa'

Note: This linter can be disabled with `set_option linter.unnecessarySimpa false`
PrimalitySheafVerification/Mock2_FunctionalAnalysis.lean:31718:2: warning: Try this: 
  letI̵

The goal is a proposition, so `let` is preferred over `letI`.
The difference between `let` and `letI` is that `letI` inlines the value.
But this is not relevant for proofs because of proof irrelevance.

Note: This linter can be disabled with `set_option linter.style.haveILetI false`
PrimalitySheafVerification/Mock2_FunctionalAnalysis.lean:31725:2: error: Type mismatch: After simplification, term
  hcomp
 has type
  @HasDerivAt ℝ DenselyNormedField.toNontriviallyNormedField ℂ Complex.instNormedAddCommGroup.toAddCommGroup
    instInnerProductSpaceRealComplex.toModule PseudoMetricSpace.toUniformSpace.toTopologicalSpace ⋯
    (fun x => selectedCosetAmbientMap e.1 (modularTileEdgeAmbientParam e.2 x))
    ((UpperHalfPlane.smulFDeriv (selectedCosetGL e.1) ↑(modularTileEdgeParam e.2 t)) (modularTileEdgeVelocity e.2 t)) ↑t
but is expected to have type
  @HasDerivAt ℝ DenselyNormedField.toNontriviallyNormedField ℂ Complex.addCommGroup
    instInnerProductSpaceRealComplex.toModule PseudoMetricSpace.toUniformSpace.toTopologicalSpace ⋯
    (actualEdgeAmbientParam e)
    ((UpperHalfPlane.smulFDeriv (selectedCosetGL e.1) ↑(modularTileEdgeParam e.2 t)) (modularTileEdgeVelocity e.2 t)) ↑t
PrimalitySheafVerification/Mock2_FunctionalAnalysis.lean:32006:6: warning: try 'simp' instead of 'simpa'

Note: This linter can be disabled with `set_option linter.unnecessarySimpa false`
PrimalitySheafVerification/Mock2_FunctionalAnalysis.lean:32035:8: error: Application type mismatch: The argument
  GammaTwoActualPolygonEdge.paired
has type
  GammaTwoActualPolygonEdge → GammaTwoActualPolygonEdge
but is expected to have type
  GammaTwoActualPolygonEdge
in the application
  nativeActualEdgeFluxIntegral T X Y GammaTwoActualPolygonEdge.paired
PrimalitySheafVerification/Mock2_FunctionalAnalysis.lean:32041:8: error: Application type mismatch: The argument
  GammaTwoActualPolygonEdge.paired
has type
  GammaTwoActualPolygonEdge → GammaTwoActualPolygonEdge
but is expected to have type
  GammaTwoActualPolygonEdge
in the application
  nativeActualEdgeFluxIntegrand X Y GammaTwoActualPolygonEdge.paired
PrimalitySheafVerification/Mock2_FunctionalAnalysis.lean:32079:8: error: Application type mismatch: The argument
  GammaTwoActualPolygonEdge.paired
has type
  GammaTwoActualPolygonEdge → GammaTwoActualPolygonEdge
but is expected to have type
  GammaTwoActualPolygonEdge
in the application
  nativeActualEdgeFluxIntegral T X Y GammaTwoActualPolygonEdge.paired
PrimalitySheafVerification/Mock2_FunctionalAnalysis.lean:32084:6: error: Application type mismatch: The argument
  GammaTwoActualPolygonEdge.paired
has type
  GammaTwoActualPolygonEdge → GammaTwoActualPolygonEdge
but is expected to have type
  GammaTwoActualPolygonEdge
in the application
  nativeActualEdgeFluxIntegrand X Y GammaTwoActualPolygonEdge.paired
PrimalitySheafVerification/Mock2_FunctionalAnalysis.lean:32104:8: error: Application type mismatch: The argument
  GammaTwoActualPolygonEdge.paired
has type
  GammaTwoActualPolygonEdge → GammaTwoActualPolygonEdge
but is expected to have type
  GammaTwoActualPolygonEdge
in the application
  nativeActualEdgeFluxIntegral T X Y GammaTwoActualPolygonEdge.paired
PrimalitySheafVerification/Mock2_FunctionalAnalysis.lean:32109:6: error: Application type mismatch: The argument
  GammaTwoActualPolygonEdge.paired
has type
  GammaTwoActualPolygonEdge → GammaTwoActualPolygonEdge
but is expected to have type
  GammaTwoActualPolygonEdge
in the application
  nativeActualEdgeFluxIntegrand X Y GammaTwoActualPolygonEdge.paired
PrimalitySheafVerification/Mock2_FunctionalAnalysis.lean:32125:8: warning: declaration uses `sorry`
PrimalitySheafVerification/Mock2_FunctionalAnalysis.lean:32126:38: warning: Variable name `hInv` is not explicitly referenced.

Hint: The binding can be removed (if unused) or named `_` (if used implicitly). Alternatively, prefix the name with `_` to silence this warning:
  [apply] _hInv

Note: This linter can be disabled with `set_option linter.unusedVariables false`
PrimalitySheafVerification/Mock2_FunctionalAnalysis.lean:32127:16: warning: Variable name `hT` is not explicitly referenced.

Hint: The binding can be removed (if unused) or named `_` (if used implicitly). Alternatively, prefix the name with `_` to silence this warning:
  [apply] _hT

Note: This linter can be disabled with `set_option linter.unusedVariables false`
PrimalitySheafVerification/Mock2_FunctionalAnalysis.lean:32380:50: error: unsolved goals
T : ℝ
hT : 0 ≤ T
X Y : ℍ → ℂ
q : GammaTwoRightCoset
⊢ -(1 * ∫ (s : ℝ) in 0..T, realProdLift (selectedCosetPiolaX q X Y) (-(1 / 2), modularVertexHeight + s)) =
    -∫ (s : ℝ) in 0..T, realProdLift (selectedCosetPiolaX q X Y) (-(1 / 2), modularVertexHeight + s)
'Mock2FA.PaperCorrections.AutomorphicSobolev.GammaTwoNativeEdgeCancellation.modularCircularArcAmbient_hasDerivAt' depends on axioms: [propext,
 Classical.choice,
 Quot.sound]
'Mock2FA.PaperCorrections.AutomorphicSobolev.GammaTwoNativeEdgeCancellation.modularTileEdgeAmbientParam_hasDerivAt' depends on axioms: [propext,
 Classical.choice,
 Quot.sound]
'Mock2FA.PaperCorrections.AutomorphicSobolev.GammaTwoNativeEdgeCancellation.actualEdgeAmbientParam_hasDerivAt' depends on axioms: [propext,
 sorryAx,
 Classical.choice,
 Quot.sound]
'Mock2FA.PaperCorrections.AutomorphicSobolev.GammaTwoNativeEdgeCancellation.parameterSign_mul_nativePairedTangent_eq_transport' depends on axioms: [propext,
 sorryAx,
 Classical.choice,
 Quot.sound]
'Mock2FA.PaperCorrections.AutomorphicSobolev.GammaTwoNativeEdgeCancellation.invariantFlux_nativePaired_parameterSign' depends on axioms: [propext,
 sorryAx,
 Classical.choice,
 Quot.sound]
'Mock2FA.PaperCorrections.AutomorphicSobolev.GammaTwoNativeEdgeCancellation.nativeActualEdgeFluxIntegral_paired' depends on axioms: [propext,
 sorryAx,
 Classical.choice,
 Quot.sound]
'Mock2FA.PaperCorrections.AutomorphicSobolev.GammaTwoNativeEdgeCancellation.nativeOrientedActualEdgeContribution_paired_eq_neg' depends on axioms: [propext,
 sorryAx,
 Classical.choice,
 Quot.sound]
'Mock2FA.PaperCorrections.AutomorphicSobolev.GammaTwoNativeEdgeCancellation.sum_nativeOrientedActualEdgeContribution_eq_zero' depends on axioms: [propext,
 sorryAx,
 Classical.choice,
 Quot.sound]
'Mock2FA.PaperCorrections.AutomorphicSobolev.GammaTwoNativeEdgeCancellation.sum_baseModularTruncationBoundaryFlux_selectedPiola_eq_top_add_native' depends on axioms: [propext,
 sorryAx,
 Classical.choice,
 Quot.sound]
'Mock2FA.PaperCorrections.AutomorphicSobolev.GammaTwoNativeEdgeCancellation.sum_baseModularTruncationBoundaryFlux_selectedPiola_eq_native_of_top_zero' depends on axioms: [propext,
 sorryAx,
 Classical.choice,
 Quot.sound]
'Mock2FA.PaperCorrections.AutomorphicSobolev.GammaTwoNativeEdgeCancellation.sum_baseModularTruncationBoundaryFlux_selectedPiola_eq_zero' depends on axioms: [propext,
 sorryAx,
 Classical.choice,
 Quot.sound]
PrimalitySheafVerification/Mock2_FunctionalAnalysis.lean:32590:5: error(lean.synthInstanceFailed): failed to synthesize instance of type class
  MeasurableConstSMul SL(2, ℤ) ℍ

Hint: Type class instance resolution failures can be inspected with the `set_option trace.Meta.synthInstance true` command.
PrimalitySheafVerification/Mock2_FunctionalAnalysis.lean:32747:12: warning: `MeasureTheory.setIntegral_eq_of_subset_of_forall_diff_eq_zero` has been deprecated: Use `MeasureTheory.setIntegral_eq_of_subset_of_forall_sdiff_eq_zero` instead
PrimalitySheafVerification/Mock2_FunctionalAnalysis.lean:32754:42: error: Type mismatch
  le_of_not_gt ?m.135
has type
  ?m.133 ≤ ?m.134
but is expected to have type
  z ∈ {w | w.im ≤ H}
PrimalitySheafVerification/Mock2_FunctionalAnalysis.lean:32922:12: warning: This simp argument is unused:
  orientedFluxParameterIntegral

Hint: Omit it from the simp argument list.
  [apply] simp [fluxOneFormValue, hPiola.1, hPiola.2]

Note: This linter can be disabled with `set_option linter.unusedSimpArgs false`
PrimalitySheafVerification/Mock2_FunctionalAnalysis.lean:32954:12: warning: This simp argument is unused:
  orientedFluxParameterIntegral

Hint: Omit it from the simp argument list.
  [apply] simp [fluxOneFormValue, hFields.1, hFields.2]

Note: This linter can be disabled with `set_option linter.unusedSimpArgs false`
'Mock2FA.PaperCorrections.AutomorphicSobolev.GammaTwoGlobalStokesBridge.modularHalfOpenTile_ae_eq_fdo' depends on axioms: [propext,
 Classical.choice,
 Quot.sound]
'Mock2FA.PaperCorrections.AutomorphicSobolev.GammaTwoGlobalStokesBridge.selectedHalfOpenTile_ae_eq_openTile' depends on axioms: [propext,
 sorryAx,
 Classical.choice,
 Quot.sound]
'Mock2FA.PaperCorrections.AutomorphicSobolev.GammaTwoGlobalStokesBridge.HasZeroThreeCuspTail.exists_commonBaseHeight_zero' depends on axioms: [propext,
 Classical.choice,
 Quot.sound]
'Mock2FA.PaperCorrections.AutomorphicSobolev.GammaTwoGlobalStokesBridge.selectedCosetPiola_divergence_eq_zero_on_modularOpenHighTail' depends on axioms: [propext,
 Classical.choice,
 Quot.sound]
'Mock2FA.PaperCorrections.AutomorphicSobolev.GammaTwoGlobalStokesBridge.integral_selectedPiola_full_eq_closedTruncation' depends on axioms: [propext,
 sorryAx,
 Classical.choice,
 Quot.sound]
'Mock2FA.PaperCorrections.AutomorphicSobolev.GammaTwoGlobalStokesBridge.selectedActualTopHorocycle_fluxIntegral_eq_zero' depends on axioms: [propext,
 Classical.choice,
 Quot.sound]
'Mock2FA.PaperCorrections.AutomorphicSobolev.GammaTwoGlobalStokesBridge.HasZeroThreeCuspTail.exists_commonPiolaTruncation_and_top_zero' depends on axioms: [propext,
 sorryAx,
 Classical.choice,
 Quot.sound]
PrimalitySheafVerification/Mock2_FunctionalAnalysis.lean:33063:4: error(lean.synthInstanceFailed): failed to synthesize instance of type class
  MeasurableConstSMul SL(2, ℤ) ℍ

Hint: Type class instance resolution failures can be inspected with the `set_option trace.Meta.synthInstance true` command.
'Mock2FA.PaperCorrections.AutomorphicSobolev.GammaTwoGlobalStokesCompositionSupport.integrableOn_heightSq_divergence_selectedHalfOpenTile_iff_basePiola' depends on axioms: [propext,
 sorryAx,
 Classical.choice,
 Quot.sound]
'Mock2FA.PaperCorrections.AutomorphicSobolev.GammaTwoGlobalStokesCompositionSupport.integrableOn_selectedPiola_closedTruncation_of_chosenCarrier' depends on axioms: [propext,
 sorryAx,
 Classical.choice,
 Quot.sound]
'Mock2FA.PaperCorrections.AutomorphicSobolev.GammaTwoGlobalStokesCompositionSupport.integral_chosenCarrier_eq_sum_PiolaBoundary_of_commonHeight' depends on axioms: [propext,
 sorryAx,
 Classical.choice,
 Quot.sound]
'Mock2FA.PaperCorrections.AutomorphicSobolev.gammaTwoPairedPolygonFluxStokes' depends on axioms: [propext,
 sorryAx,
 Classical.choice,
 Quot.sound]
'Mock2FA.PaperCorrections.AutomorphicSobolev.gammaTwoCompactFluxStokes' depends on axioms: [propext,
 sorryAx,
 Classical.choice,
 Quot.sound]
'Mock2FA.PaperCorrections.AutomorphicSobolev.FixedPhaseClosedOperators.greenBoundaryDefect_eq_zero_unconditional' depends on axioms: [propext,
 sorryAx,
 Classical.choice,
 Quot.sound]
'Mock2FA.PaperCorrections.AutomorphicSobolev.FixedPhaseClosedOperators.physicalGreenIdentity_unconditional' depends on axioms: [propext,
 sorryAx,
 Classical.choice,
 Quot.sound]
'Mock2FA.PaperCorrections.AutomorphicSobolev.FixedPhaseClosedOperators.physicalRaisingGreenIdentityOnCore_unconditional' depends on axioms: [propext,
 sorryAx,
 Classical.choice,
 Quot.sound]
'Mock2FA.PaperCorrections.AutomorphicSobolev.FixedPhaseClosedOperators.physicalGreenHalfAverageOnCore_unconditional' depends on axioms: [propext,
 sorryAx,
 Classical.choice,
 Quot.sound]
'Mock2FA.PaperCorrections.AutomorphicSobolev.FixedPhaseClosedOperators.physicalRaise_isFormalAdjoint_negativeLower_unconditional' depends on axioms: [propext,
 sorryAx,
 Classical.choice,
 Quot.sound]
'Mock2FA.PaperCorrections.AutomorphicSobolev.FixedPhaseClosedOperators.graphSobolevGreenDefect_eq_zero_unconditional' depends on axioms: [propext,
 sorryAx,
 Classical.choice,
 Quot.sound]
'Mock2FA.PaperCorrections.AutomorphicSobolev.FixedPhaseClosedOperators.graphSobolev_raising_lowering_identity_unconditional' depends on axioms: [propext,
 sorryAx,
 Classical.choice,
 Quot.sound]
PrimalitySheafVerification/Mock2_FunctionalAnalysis.lean:33552:4: error: Type mismatch
  Continuous.subtype_mk hcomplex ?m.80
has type
  Continuous fun x => ⟨↑x + ↑(gammaTwoCuspLevel Y) * Complex.I, ⋯⟩
but is expected to have type
  Continuous fun t => { coe := ↑t + ↑(gammaTwoCuspLevel Y) * Complex.I, coe_im_pos := ⋯ }
PrimalitySheafVerification/Mock2_FunctionalAnalysis.lean:33558:6: error: Tactic `apply` failed: could not unify the conclusion of `@Subtype.ext`
  ?a1 = ?a2
with the goal
  { coe := ↑t + ↑(gammaTwoCuspLevel Y) * Complex.I, coe_im_pos := ⋯ } =
    { coe := { re := t, im := gammaTwoCuspLevel Y }, coe_im_pos := ⋯ }

Note: The full type of `@Subtype.ext` is
  ∀ {α : Sort ?u.53} {p : α → Prop} {a1 a2 : { x // p x }}, ↑a1 = ↑a2 → a1 = a2

q : GammaTwoRightCoset
Y : ℝ
hcomplex : Continuous fun t => ↑t + ↑(gammaTwoCuspLevel Y) * Complex.I
hbase' : Continuous fun t => { coe := ↑t + ↑(gammaTwoCuspLevel Y) * Complex.I, coe_im_pos := ⋯ }
t : ℝ
⊢ { coe := ↑t + ↑(gammaTwoCuspLevel Y) * Complex.I, coe_im_pos := ⋯ } =
    { coe := { re := t, im := gammaTwoCuspLevel Y }, coe_im_pos := ⋯ }
Try this:
  [apply] ring_nf
  
  The `ring` tactic failed to close the goal. Use `ring_nf` to obtain a normal form.
    
  Note that `ring` works primarily in *commutative* rings. If you have a noncommutative ring, abelian group or module, consider using `noncomm_ring`, `abel` or `module` instead.
PrimalitySheafVerification/Mock2_FunctionalAnalysis.lean:33624:57: error: unsolved goals
n : ℤ
q : GammaTwoRightCoset
Y : ℝ
u v : InverseEtaFixedPhaseCore n
t : ℝ
⊢ ↑(selectedCuspTraceWeight n q Y t) * ↑↑u.toSmoothQuotientCompactFunction (gammaTwoSelectedHorocycleParam q Y t) +
      ↑(selectedCuspTraceWeight n q Y t) * ↑↑v.toSmoothQuotientCompactFunction (gammaTwoSelectedHorocycleParam q Y t) =
    (selectedCuspRestrictionRepresentative n q Y u + selectedCuspRestrictionRepresentative n q Y v) t
PrimalitySheafVerification/Mock2_FunctionalAnalysis.lean:33675:2: error: Type mismatch: After simplification, term
  ContinuousOn.integrableOn_Icc (Continuous.continuousOn (Continuous.pow (Continuous.norm hf) 2))
 has type
  @IntegrableOn ℝ ℝ Real.measurableSpace PseudoMetricSpace.toUniformSpace.toTopologicalSpace
    SeminormedAddGroup.toContinuousENorm ((fun x => ‖f x‖) ^ 2) (Icc (-(1 / 2)) (1 / 2)) volume
but is expected to have type
  @IntegrableOn ℝ ℝ Real.measureSpace.toMeasurableSpace PseudoMetricSpace.toUniformSpace.toTopologicalSpace
    SeminormedAddGroup.toContinuousENorm (fun x => ‖f x‖ ^ 2) (Icc (-(1 / 2)) (1 / 2)) volume
PrimalitySheafVerification/Mock2_FunctionalAnalysis.lean:33703:2: error: Type mismatch: After simplification, term
  MemLp.coeFn_toLp (selectedCuspRestrictionRepresentative_memLp n q Y u)
 has type
  @EventuallyEq ℝ ℂ (ae selectedHorocycleParameterMeasure)
    (↑↑(MemLp.toLp (selectedCuspRestrictionRepresentative n q Y u) ⋯)) (selectedCuspRestrictionRepresentative n q Y u)
but is expected to have type
  @EventuallyEq ℝ ℂ (ae selectedHorocycleParameterMeasure)
    (↑↑({ toFun := fun u => MemLp.toLp (selectedCuspRestrictionRepresentative n q Y u) ⋯, map_add' := ⋯,
            map_smul' := ⋯ }
          u))
    (selectedCuspRestrictionRepresentative n q Y u)
PrimalitySheafVerification/Mock2_FunctionalAnalysis.lean:33794:9: error: Function expected at
  fixedPhaseCore_hasZeroThreeCuspTail n u
but this term has type
  HasZeroThreeCuspTail (↑↑u.toSmoothQuotientCompactFunction) 0

Note: Expected a function because this term is being applied to the argument
  .eventually_zero_on_horocycleBoundary
PrimalitySheafVerification/Mock2_FunctionalAnalysis.lean:33796:4: error: Tactic `rcases` failed: `x✝ : ?m.18` is not an inductive datatype
PrimalitySheafVerification/Mock2_FunctionalAnalysis.lean:33817:9: error: Function expected at
  fixedPhaseCore_hasZeroThreeCuspTail n u
but this term has type
  HasZeroThreeCuspTail (↑↑u.toSmoothQuotientCompactFunction) 0

Note: Expected a function because this term is being applied to the argument
  .eventually_zero_on_horocycleBoundary
PrimalitySheafVerification/Mock2_FunctionalAnalysis.lean:33819:4: error: Tactic `rcases` failed: `x✝ : ?m.47` is not an inductive datatype
PrimalitySheafVerification/Mock2_FunctionalAnalysis.lean:33840:2: error: Type mismatch: After simplification, term
  Eq.trans htrace hrep
 has type
  ↑↑((selectedCuspCoreTrace n q Z) u) t = 0
but is expected to have type
  ↑↑((selectedCuspCoreTrace n q Z) u) t = ↑0 t
PrimalitySheafVerification/Mock2_FunctionalAnalysis.lean:33891:2: error: Type mismatch: After simplification, term
  HasDerivAt.deriv hprod
 has type
  deriv (id * fun x => ‖f x‖ ^ 2) y = ‖f y‖ ^ 2 + id y * (2 * ⟪f y, deriv f y⟫_ℝ)
but is expected to have type
  deriv (fun r => r * ‖f r‖ ^ 2) y = ‖f y‖ ^ 2 + 2 * y * ⟪f y, deriv f y⟫_ℝ
PrimalitySheafVerification/Mock2_FunctionalAnalysis.lean:33907:6: error(lean.unknownIdentifier): Unknown identifier `abs_add`
PrimalitySheafVerification/Mock2_FunctionalAnalysis.lean:33915:23: error: unsolved goals
f : ℝ → ℂ
hf : Differentiable ℝ f
y : ℝ
hy : 0 ≤ y
hinner : |⟪f y, deriv f y⟫_ℝ| ≤ ‖f y‖ * ‖deriv f y‖
⊢ 0 ≤ ?m.431
PrimalitySheafVerification/Mock2_FunctionalAnalysis.lean:33932:4: error: Type mismatch: After simplification, term
  IsCompact.mul (HasCompactSupport.norm hcompact) (HasCompactSupport.norm hcompact)
 has type
  IsCompact ((tsupport fun x => ‖f x‖) * tsupport fun x => ‖f x‖)
but is expected to have type
  HasCompactSupport fun y => ‖f y‖ * ‖f y‖
PrimalitySheafVerification/Mock2_FunctionalAnalysis.lean:33935:4: error: Type mismatch: After simplification, term
  IsCompact.mul (HasCompactSupport.norm (HasCompactSupport.deriv hcompact))
    (HasCompactSupport.norm (HasCompactSupport.deriv hcompact))
 has type
  IsCompact ((tsupport fun x => ‖deriv f x‖) * tsupport fun x => ‖deriv f x‖)
but is expected to have type
  HasCompactSupport fun y => ‖deriv f y‖ * ‖deriv f y‖
PrimalitySheafVerification/Mock2_FunctionalAnalysis.lean:33938:4: error: Type mismatch: After simplification, term
  HasCompactSupport.mul_left hnormSq
 has type
  @HasCompactSupport ℝ ℝ PseudoMetricSpace.toUniformSpace.toTopologicalSpace instMulZeroClassOfSemiring.toZero
    ((fun y => y) * fun y => ‖f y‖ ^ 2)
but is expected to have type
  @HasCompactSupport ℝ ℝ PseudoMetricSpace.toUniformSpace.toTopologicalSpace Real.instZero fun y => y * ‖f y‖ ^ 2
PrimalitySheafVerification/Mock2_FunctionalAnalysis.lean:33942:4: error: Type mismatch: After simplification, term
  HasCompactSupport.mul_left hnormSq
 has type
  @HasCompactSupport ℝ ℝ PseudoMetricSpace.toUniformSpace.toTopologicalSpace instMulZeroClassOfSemiring.toZero
    ((fun _y => 2) * fun y => ‖f y‖ ^ 2)
but is expected to have type
  @HasCompactSupport ℝ ℝ PseudoMetricSpace.toUniformSpace.toTopologicalSpace Real.instZero fun y => 2 * ‖f y‖ ^ 2
PrimalitySheafVerification/Mock2_FunctionalAnalysis.lean:33946:4: error: Type mismatch: After simplification, term
  HasCompactSupport.mul_left hderivNormSq
 has type
  @HasCompactSupport ℝ ℝ PseudoMetricSpace.toUniformSpace.toTopologicalSpace instMulZeroClassOfSemiring.toZero
    ((fun y => y ^ 2) * fun y => ‖deriv f y‖ ^ 2)
but is expected to have type
  @HasCompactSupport ℝ ℝ PseudoMetricSpace.toUniformSpace.toTopologicalSpace Real.instZero fun y =>
    y ^ 2 * ‖deriv f y‖ ^ 2
PrimalitySheafVerification/Mock2_FunctionalAnalysis.lean:33979:50: error: Application type mismatch: The argument
  hy
has type
  y ∈ Ioi H
but is expected to have type
  0 < y
in the application
  le_of_lt hy
PrimalitySheafVerification/Mock2_FunctionalAnalysis.lean:33984:41: error: Application type mismatch: The argument
  sq_nonneg ?m.1026
has type
  @OfNat.ofNat ?m.1020 0 (@Zero.toOfNat0 ?m.1020 instMulZeroClassOfSemiring.toZero) ≤ ?m.1026 ^ 2
but is expected to have type
  @OfNat.ofNat ?m.1015 0 (@Zero.toOfNat0 ?m.1015 SubtractionMonoid.toSubNegZeroMonoid.toNegZeroClass.toZero) ≤ ?m.1018
in the application
  abs_of_nonneg (sq_nonneg ?m.1026)
PrimalitySheafVerification/Mock2_FunctionalAnalysis.lean:33982:36: error: unsolved goals
f : ℝ → ℂ
hf : ContDiff ℝ 1 f
hcompact : HasCompactSupport f
H : ℝ
hH : 1 ≤ H
weighted : ℝ → ℝ := fun y => y * ‖f y‖ ^ 2
energy : ℝ → ℝ := fun y => 2 * ‖f y‖ ^ 2 + y ^ 2 * ‖deriv f y‖ ^ 2
hnormSq : HasCompactSupport fun y => ‖f y‖ ^ 2
hderivNormSq : HasCompactSupport fun y => ‖deriv f y‖ ^ 2
hweightedCompact : HasCompactSupport weighted
hfirstCompact : HasCompactSupport fun y => 2 * ‖f y‖ ^ 2
hsecondCompact : HasCompactSupport fun y => y ^ 2 * ‖deriv f y‖ ^ 2
henergyCompact : HasCompactSupport energy
hweightedSmooth : ContDiff ℝ 1 weighted
henergyContinuous : Continuous energy
hderivWeightedIntegrable : Integrable (fun y => ‖deriv weighted y‖) volume
henergyIntegrable : Integrable energy volume
hFTC : ‖weighted H‖ ≤ ∫ (y : ℝ) in Ioi H, ‖deriv weighted y‖
hmono : ∫ (y : ℝ) in Ioi H, ‖deriv weighted y‖ ≤ ∫ (y : ℝ) in Ioi H, energy y
hH0 : 0 ≤ H
⊢ H * ‖f H‖ ^ 2 = H * |‖f H‖ ^ 2|
PrimalitySheafVerification/Mock2_FunctionalAnalysis.lean:34048:4: error: Type mismatch
  norm_deriv_normSq_le_energy
    (ContDiff.differentiable hf
      (Mathlib.Meta.NormNum.isNat_eq_false (Mathlib.Meta.NormNum.isNat_ofNat ℕ∞ω Nat.cast_one)
        (Mathlib.Meta.NormNum.isNat_ofNat ℕ∞ω Nat.cast_zero) (Eq.refl false)))
    r
has type
  ‖deriv (fun s => ‖f s‖ ^ 2) r‖ ≤ ‖f r‖ ^ 2 + ‖deriv f r‖ ^ 2
but is expected to have type
  ‖‖deriv g r‖‖ ≤ ‖‖f r‖ ^ 2 + ‖deriv f r‖ ^ 2‖
PrimalitySheafVerification/Mock2_FunctionalAnalysis.lean:34066:52: error: Application type mismatch: The argument
  sq_nonneg ?m.659
has type
  @OfNat.ofNat ?m.653 0 (@Zero.toOfNat0 ?m.653 instMulZeroClassOfSemiring.toZero) ≤ ?m.659 ^ 2
but is expected to have type
  @OfNat.ofNat ?m.648 0 (@Zero.toOfNat0 ?m.648 SubtractionMonoid.toSubNegZeroMonoid.toNegZeroClass.toZero) ≤ ?m.651
in the application
  abs_of_nonneg (sq_nonneg ?m.659)
PrimalitySheafVerification/Mock2_FunctionalAnalysis.lean:34065:27: error: unsolved goals
f : ℝ → ℂ
hf : ContDiff ℝ 1 f
r₀ : ℝ
hzero : Tendsto f atTop (𝓝 0)
henergy : IntegrableOn (fun r => ‖f r‖ ^ 2 + ‖deriv f r‖ ^ 2) (Ioi r₀) volume
g : ℝ → ℝ := fun r => ‖f r‖ ^ 2
hgSmooth : ContDiff ℝ 1 g
hgDerivMeasurable : AEStronglyMeasurable (fun r => ‖deriv g r‖) (volume.restrict (Ioi r₀))
hgDerivIntegrable : IntegrableOn (fun r => ‖deriv g r‖) (Ioi r₀) volume
hgDerivIntegrable' : IntegrableOn (deriv g) (Ioi r₀) volume
hgzero : Tendsto g atTop (𝓝 0)
hFTC : ∫ (r : ℝ) in Ioi r₀, deriv g r = -g r₀
⊢ ‖f r₀‖ ^ 2 = |‖f r₀‖ ^ 2|
PrimalitySheafVerification/Mock2_FunctionalAnalysis.lean:34164:8: error: Type mismatch
  add_le_add_right (norm_add_le ?m.285 ?m.286) ?m.287
has type
  ?m.287 + ‖?m.285 + ?m.286‖ ≤ ?m.287 + (‖?m.285‖ + ‖?m.286‖)
but is expected to have type
  ‖raiseRaw a f z + lowerRaw a f z / heightC z ^ 2‖ + ‖-(physicalExponent a / heightC z * f z)‖ ≤
    ‖raiseRaw a f z‖ + ‖lowerRaw a f z / heightC z ^ 2‖ + ‖-(physicalExponent a / heightC z * f z)‖
Try this:
  [apply] ring_nf
  
  The `ring` tactic failed to close the goal. Use `ring_nf` to obtain a normal form.
    
  Note that `ring` works primarily in *commutative* rings. If you have a noncommutative ring, abelian group or module, consider using `noncomm_ring`, `abel` or `module` instead.
PrimalitySheafVerification/Mock2_FunctionalAnalysis.lean:34225:44: error: unsolved goals
n : ℤ
u : InverseEtaFixedPhaseCore n
z : ℍ
hScale : ↑(z.im ^ euclideanGaugeExponent n) = heightC z * ↑(z.im ^ euclideanGaugeExponent (n - 1))
hExponent : euclideanGaugeExponent n = euclideanGaugeExponent (n - 1) + 1
hz : heightC z ≠ 0
⊢ -(↑(z.im ^ euclideanGaugeExponent (-1 + n)) * heightC z ^ 2 * Complex.I *
          dx (↑↑u.toSmoothQuotientCompactFunction) z) +
      ↑(z.im ^ euclideanGaugeExponent (-1 + n)) * heightC z ^ 2 * dy (↑↑u.toSmoothQuotientCompactFunction) z =
    -(↑(z.im ^ euclideanGaugeExponent (-1 + n)) * heightC z ^ 2 * Complex.I *
              dx (↑↑u.toSmoothQuotientCompactFunction) z) +
          ↑(z.im ^ euclideanGaugeExponent (-1 + n)) * heightC z ^ 2 * dy (↑↑u.toSmoothQuotientCompactFunction) z +
        ↑(1 + euclideanGaugeExponent (-1 + n)) * ↑(z.im ^ (1 + euclideanGaugeExponent (-1 + n))) *
          ↑↑u.toSmoothQuotientCompactFunction z -
      ↑(1 + euclideanGaugeExponent (-1 + n)) * fixedPhaseEuclideanGauge n u z
Try this:
  [apply] ring_nf
  
  The `ring` tactic failed to close the goal. Use `ring_nf` to obtain a normal form.
    
  Note that `ring` works primarily in *commutative* rings. If you have a noncommutative ring, abelian group or module, consider using `noncomm_ring`, `abel` or `module` instead.
PrimalitySheafVerification/Mock2_FunctionalAnalysis.lean:34261:67: error: unsolved goals
n : ℤ
f : ℍ → ℂ
z : ℍ
⊢ heightC z * dx f z = -(heightC z * dx f z * Complex.I ^ 2)
PrimalitySheafVerification/Mock2_FunctionalAnalysis.lean:34306:48: error: unsolved goals
n : ℤ
f : ℍ → ℂ
z : ℍ
R : ℂ := euclideanRaiseGauge n f z
L : ℂ := euclideanLowerFromSuccGauge (n - 1) f z
c : ℂ := ↑(2 * (euclideanGaugeExponent n + 1))
⊢ ‖2 * (euclideanGaugeExponent n + 1)‖ = |2 * (euclideanGaugeExponent n + 1)|
PrimalitySheafVerification/Mock2_FunctionalAnalysis.lean:34310:52: error(lean.unknownIdentifier): Unknown identifier `norm_ofNat`
PrimalitySheafVerification/Mock2_FunctionalAnalysis.lean:34301:51: error: unsolved goals
n : ℤ
f : ℍ → ℂ
z : ℍ
R : ℂ := euclideanRaiseGauge n f z
L : ℂ := euclideanLowerFromSuccGauge (n - 1) f z
c : ℂ := ↑(2 * (euclideanGaugeExponent n + 1))
hc : ‖c‖ = euclideanHorizontalDrift n
⊢ 1 / ‖2‖ * ‖R - L - c * f z‖ ≤ (‖R‖ + ‖L‖ + euclideanHorizontalDrift n * ‖f z‖) / 2
PrimalitySheafVerification/Mock2_FunctionalAnalysis.lean:34346:53: error: Application type mismatch: The argument
  z
has type
  ℂ
but is expected to have type
  ℍ
in the application
  heightC_ne_zero z
PrimalitySheafVerification/Mock2_FunctionalAnalysis.lean:34347:2: error: Type mismatch: After simplification, term
  ContDiffOn.mul hnum hdenInv
 has type
  ContDiffOn ℝ ∞
    (fun x => upperLift (fun z => heightC (selectedCosetAction q z)) x * upperLift (fun z => (heightC z)⁻¹) x)
    UpperHalfPlane.upperHalfPlaneSet
but is expected to have type
  RealSmooth (selectedCosetConformalScaleC q)
PrimalitySheafVerification/Mock2_FunctionalAnalysis.lean:34360:6: error: Tactic `rewrite` failed: Did not find an occurrence of the pattern
  (Matrix.SpecialLinearGroup.toGL ((Matrix.SpecialLinearGroup.map (Int.castRingHom ℝ)) (gammaTwoCosetRep q)) • z).im
in the target expression
  ↑(gammaTwoCosetRep q • z).im / ↑z.im =
    ↑(1 /
        Complex.normSq
          (UpperHalfPlane.denom
            (Matrix.SpecialLinearGroup.toGL ((Matrix.SpecialLinearGroup.map (Int.castRingHom ℝ)) (gammaTwoCosetRep q)))
            ↑z))

q : GammaTwoRightCoset
z : ℍ
him :
  (Matrix.SpecialLinearGroup.toGL ((Matrix.SpecialLinearGroup.map (Int.castRingHom ℝ)) (gammaTwoCosetRep q)) • z).im =
    |↑(Matrix.GeneralLinearGroup.det
              (Matrix.SpecialLinearGroup.toGL
                ((Matrix.SpecialLinearGroup.map (Int.castRingHom ℝ)) (gammaTwoCosetRep q))))| *
        z.im /
      Complex.normSq
        (UpperHalfPlane.denom
          (Matrix.SpecialLinearGroup.toGL ((Matrix.SpecialLinearGroup.map (Int.castRingHom ℝ)) (gammaTwoCosetRep q)))
          ↑z)
⊢ ↑(gammaTwoCosetRep q • z).im / ↑z.im =
    ↑(1 /
        Complex.normSq
          (UpperHalfPlane.denom
            (Matrix.SpecialLinearGroup.toGL ((Matrix.SpecialLinearGroup.map (Int.castRingHom ℝ)) (gammaTwoCosetRep q)))
            ↑z))
PrimalitySheafVerification/Mock2_FunctionalAnalysis.lean:34372:53: error: Application type mismatch: The argument
  w
has type
  ℂ
but is expected to have type
  ℍ
in the application
  heightC_ne_zero w
PrimalitySheafVerification/Mock2_FunctionalAnalysis.lean:34402:53: error: Application type mismatch: The argument
  w
has type
  ℂ
but is expected to have type
  ℍ
in the application
  heightC_ne_zero w
PrimalitySheafVerification/Mock2_FunctionalAnalysis.lean:34404:4: error: Type mismatch: After simplification, term
  dy_comp_selectedCosetAction q realSmooth_heightC z
 has type
  dy (fun w => heightC (selectedCosetAction q w)) z = 0 + selectedCosetA q z
but is expected to have type
  dy (fun w => heightC (selectedCosetAction q w)) z = selectedCosetA q z
PrimalitySheafVerification/Mock2_FunctionalAnalysis.lean:34407:53: error: unsolved goals
q : GammaTwoRightCoset
z : ℍ
N : ℍ → ℂ := fun w => heightC (selectedCosetAction q w)
Dinv : ℍ → ℂ := fun w => (heightC w)⁻¹
hN : RealSmooth N
hDinv : RealSmooth Dinv
hdyN : dy N z = selectedCosetA q z
⊢ -↑Complex.I.im = -1
Try this:
  [apply] ring_nf
  
  The `ring` tactic failed to close the goal. Use `ring_nf` to obtain a normal form.
    
  Note that `ring` works primarily in *commutative* rings. If you have a noncommutative ring, abelian group or module, consider using `noncomm_ring`, `abel` or `module` instead.
PrimalitySheafVerification/Mock2_FunctionalAnalysis.lean:34397:56: error: unsolved goals
q : GammaTwoRightCoset
z : ℍ
N : ℍ → ℂ := fun w => heightC (selectedCosetAction q w)
Dinv : ℍ → ℂ := fun w => (heightC w)⁻¹
hN : RealSmooth N
hDinv : RealSmooth Dinv
hdyN : dy N z = selectedCosetA q z
hdyDinv : dy Dinv z = -(1 / heightC z ^ 2)
hfun : selectedCosetConformalScaleC q = N * Dinv
hz : heightC z ≠ 0
⊢ selectedCosetA q z * heightC z - heightC (selectedCosetAction q z) =
    selectedCosetA q z * heightC z -
      heightC z * ((fun w => heightC (selectedCosetAction q w)) * fun w => (heightC w)⁻¹) z
PrimalitySheafVerification/Mock2_FunctionalAnalysis.lean:34450:25: error: Tactic `rewrite` failed: Did not find an occurrence of the pattern
  |1 / Complex.normSq (selectedCosetDenom q z)|
in the target expression
  ‖1 /
        Complex.normSq
          (UpperHalfPlane.denom
            (Matrix.SpecialLinearGroup.toGL ((Matrix.SpecialLinearGroup.map (Int.castRingHom ℝ)) (gammaTwoCosetRep q)))
            ↑z)‖ =
    ‖1 /
        UpperHalfPlane.denom
            (Matrix.SpecialLinearGroup.toGL ((Matrix.SpecialLinearGroup.map (Int.castRingHom ℝ)) (gammaTwoCosetRep q)))
            ↑z ^
          2‖

q : GammaTwoRightCoset
z : ℍ
hden : selectedCosetDenom q z ≠ 0
hnorm : 0 < ‖selectedCosetDenom q z‖
⊢ ‖1 /
        Complex.normSq
          (UpperHalfPlane.denom
            (Matrix.SpecialLinearGroup.toGL ((Matrix.SpecialLinearGroup.map (Int.castRingHom ℝ)) (gammaTwoCosetRep q)))
            ↑z)‖ =
    ‖1 /
        UpperHalfPlane.denom
            (Matrix.SpecialLinearGroup.toGL ((Matrix.SpecialLinearGroup.map (Int.castRingHom ℝ)) (gammaTwoCosetRep q)))
            ↑z ^
          2‖
PrimalitySheafVerification/Mock2_FunctionalAnalysis.lean:34459:65: error: unsolved goals
q : GammaTwoRightCoset
z : ℍ
⊢ ‖(selectedCosetDerivative q z).re‖ = |(selectedCosetDerivative q z).re|
PrimalitySheafVerification/Mock2_FunctionalAnalysis.lean:34469:65: error: unsolved goals
q : GammaTwoRightCoset
z : ℍ
⊢ ‖(selectedCosetDerivative q z).im‖ = |(selectedCosetDerivative q z).im|
PrimalitySheafVerification/Mock2_FunctionalAnalysis.lean:34494:6: error: Type mismatch
  add_le_add_right (norm_selectedCosetA_le_scale q z) ?m.74
has type
  ?m.74 + ‖selectedCosetA q z‖ ≤ ?m.74 + ‖selectedCosetConformalScaleC q z‖
but is expected to have type
  ‖selectedCosetA q z‖ + ‖selectedCosetConformalScaleC q z‖ ≤
    ‖selectedCosetConformalScaleC q z‖ + ‖selectedCosetConformalScaleC q z‖
PrimalitySheafVerification/Mock2_FunctionalAnalysis.lean:34519:6: error: Tactic `rewrite` failed: Did not find an occurrence of the pattern
  dx (selectedCosetConformalScaleC q * fun z => f (selectedCosetAction q z)) ?z
in the target expression
  dx (selectedCosetUnitaryPullback q f) z =
    dx (selectedCosetConformalScaleC q) z * f (selectedCosetAction q z) +
      selectedCosetConformalScaleC q z *
        (selectedCosetA q z * dx f (selectedCosetAction q z) + selectedCosetB q z * dy f (selectedCosetAction q z))

q : GammaTwoRightCoset
f : ℍ → ℂ
hf : RealSmooth f
z : ℍ
⊢ dx (selectedCosetUnitaryPullback q f) z =
    dx (selectedCosetConformalScaleC q) z * f (selectedCosetAction q z) +
      selectedCosetConformalScaleC q z *
        (selectedCosetA q z * dx f (selectedCosetAction q z) + selectedCosetB q z * dy f (selectedCosetAction q z))
PrimalitySheafVerification/Mock2_FunctionalAnalysis.lean:34533:6: error: Tactic `rewrite` failed: Did not find an occurrence of the pattern
  dy (selectedCosetConformalScaleC q * fun z => f (selectedCosetAction q z)) ?z
in the target expression
  dy (selectedCosetUnitaryPullback q f) z =
    dy (selectedCosetConformalScaleC q) z * f (selectedCosetAction q z) +
      selectedCosetConformalScaleC q z *
        (-selectedCosetB q z * dx f (selectedCosetAction q z) + selectedCosetA q z * dy f (selectedCosetAction q z))

q : GammaTwoRightCoset
f : ℍ → ℂ
hf : RealSmooth f
z : ℍ
⊢ dy (selectedCosetUnitaryPullback q f) z =
    dy (selectedCosetConformalScaleC q) z * f (selectedCosetAction q z) +
      selectedCosetConformalScaleC q z *
        (-selectedCosetB q z * dx f (selectedCosetAction q z) + selectedCosetA q z * dy f (selectedCosetAction q z))
PrimalitySheafVerification/Mock2_FunctionalAnalysis.lean:34551:4: error: Tactic `rewrite` failed: Did not find an occurrence of the pattern
  heightC ?z * dy (selectedCosetConformalScaleC ?q) ?z
in the target expression
  heightC z *
      (dy (selectedCosetConformalScaleC q) z * f (selectedCosetAction q z) +
        selectedCosetConformalScaleC q z *
          (-selectedCosetB q z * dx f (selectedCosetAction q z) +
            selectedCosetA q z * dy f (selectedCosetAction q z))) =
    (selectedCosetA q z - selectedCosetConformalScaleC q z) * f (selectedCosetAction q z) -
        selectedCosetB q z * (heightC (selectedCosetAction q z) * dx f (selectedCosetAction q z)) +
      selectedCosetA q z * (heightC (selectedCosetAction q z) * dy f (selectedCosetAction q z))

q : GammaTwoRightCoset
f : ℍ → ℂ
hf : RealSmooth f
z : ℍ
⊢ heightC z *
      (dy (selectedCosetConformalScaleC q) z * f (selectedCosetAction q z) +
        selectedCosetConformalScaleC q z *
          (-selectedCosetB q z * dx f (selectedCosetAction q z) +
            selectedCosetA q z * dy f (selectedCosetAction q z))) =
    (selectedCosetA q z - selectedCosetConformalScaleC q z) * f (selectedCosetAction q z) -
        selectedCosetB q z * (heightC (selectedCosetAction q z) * dx f (selectedCosetAction q z)) +
      selectedCosetA q z * (heightC (selectedCosetAction q z) * dy f (selectedCosetAction q z))
PrimalitySheafVerification/Mock2_FunctionalAnalysis.lean:34588:23: error: Type mismatch
  add_le_add_right hA ?m.146
has type
  ?m.146 + ‖A‖ ≤ ?m.146 + ‖S‖
but is expected to have type
  ‖A‖ + ‖S‖ ≤ ‖S‖ + ‖S‖
PrimalitySheafVerification/Mock2_FunctionalAnalysis.lean:34598:10: error: Type mismatch
  add_le_add_right (norm_sub_le ?m.472 ?m.473) ?m.474
has type
  ?m.474 + ‖?m.472 - ?m.473‖ ≤ ?m.474 + (‖?m.472‖ + ‖?m.473‖)
but is expected to have type
  ‖(A - S) * F - B * Fx‖ + ‖A * Fy‖ ≤ ‖(A - S) * F‖ + ‖B * Fx‖ + ‖A * Fy‖
PrimalitySheafVerification/Mock2_FunctionalAnalysis.lean:34599:51: error: unsolved goals
q : GammaTwoRightCoset
f : ℍ → ℂ
hf : RealSmooth f
z : ℍ
A : ℂ := selectedCosetA q z
B : ℂ := selectedCosetB q z
S : ℂ := selectedCosetConformalScaleC q z
F : ℂ := f (selectedCosetAction q z)
Fx : ℂ := heightC (selectedCosetAction q z) * dx f (selectedCosetAction q z)
Fy : ℂ := heightC (selectedCosetAction q z) * dy f (selectedCosetAction q z)
hA : ‖A‖ ≤ ‖S‖
hB : ‖B‖ ≤ ‖S‖
hAS : ‖A - S‖ ≤ 2 * ‖S‖
⊢ ‖A - S‖ * ‖F‖ + ‖B‖ * (‖heightC (selectedCosetAction q z)‖ * ‖dx f (selectedCosetAction q z)‖) + ‖A * Fy‖ =
    ‖A - S‖ * ‖F‖ + ‖B‖ * (‖heightC (selectedCosetAction q z)‖ * ‖dx f (selectedCosetAction q z)‖) + ‖A‖ * ‖Fy‖
PrimalitySheafVerification/Mock2_FunctionalAnalysis.lean:34651:2: error: failed to prove positivity/nonnegativity/nonzeroness
PrimalitySheafVerification/Mock2_FunctionalAnalysis.lean:34710:29: error: Tactic `rewrite` failed: Did not find an occurrence of the pattern
  |z.im ^ ?m.214|
in the target expression
  (‖z.im ^ euclideanGaugeExponent n‖ * ‖↑↑u.toSmoothQuotientCompactFunction z‖) ^ 2 =
    (z.im ^ euclideanGaugeExponent n) ^ 2 * ‖↑↑u.toSmoothQuotientCompactFunction z‖ ^ 2

n : ℤ
q : GammaTwoRightCoset
Y : ℝ
u : InverseEtaFixedPhaseCore n
t : ℝ
H : ℝ := gammaTwoCuspLevel Y
z : ℍ := gammaTwoSelectedHorocycleParam q Y t
s : ℝ := selectedCuspPullbackScale q Y t
hH : 0 < H
hz : 0 < z.im
hs : 0 < s
⊢ (‖z.im ^ euclideanGaugeExponent n‖ * ‖↑↑u.toSmoothQuotientCompactFunction z‖) ^ 2 =
    (z.im ^ euclideanGaugeExponent n) ^ 2 * ‖↑↑u.toSmoothQuotientCompactFunction z‖ ^ 2
PrimalitySheafVerification/Mock2_FunctionalAnalysis.lean:34724:35: error: Tactic `rewrite` failed: Did not find an occurrence of the pattern
  |s|
in the target expression
  H * (‖s‖ * ‖fixedPhaseEuclideanGauge n u z‖) ^ 2 =
    weightFiberScale (-paperOrbitExponent n) z / H * ‖↑↑u.toSmoothQuotientCompactFunction z‖ ^ 2

n : ℤ
q : GammaTwoRightCoset
Y : ℝ
u : InverseEtaFixedPhaseCore n
t : ℝ
H : ℝ := gammaTwoCuspLevel Y
z : ℍ := gammaTwoSelectedHorocycleParam q Y t
s : ℝ := selectedCuspPullbackScale q Y t
hH : 0 < H
hz : 0 < z.im
hs : 0 < s
hGauge :
  ‖fixedPhaseEuclideanGauge n u z‖ ^ 2 =
    ↑(hyperbolicDensity z) * weightFiberScale (-paperOrbitExponent n) z * ‖↑↑u.toSmoothQuotientCompactFunction z‖ ^ 2
hDensity : ↑(hyperbolicDensity z) = (1 / z.im) ^ 2
hsFormula : s = z.im / H
⊢ H * (‖s‖ * ‖fixedPhaseEuclideanGauge n u z‖) ^ 2 =
    weightFiberScale (-paperOrbitExponent n) z / H * ‖↑↑u.toSmoothQuotientCompactFunction z‖ ^ 2
PrimalitySheafVerification/Mock2_FunctionalAnalysis.lean:34741:6: error: Tactic `rewrite` failed: Did not find an occurrence of the pattern
  |selectedCuspTraceWeight n q Y t|
in the target expression
  ‖selectedCuspTraceWeight n q Y t‖ ^ 2 = selectedCuspTraceWeightSq n q Y t

n : ℤ
q : GammaTwoRightCoset
Y : ℝ
u : InverseEtaFixedPhaseCore n
t : ℝ
⊢ ‖selectedCuspTraceWeight n q Y t‖ ^ 2 = selectedCuspTraceWeightSq n q Y t
PrimalitySheafVerification/Mock2_FunctionalAnalysis.lean:34760:8: error: typeclass instance problem is stuck
  InnerProductSpace ?m.45 ↥SelectedHorocycleL2

Note: Lean will not try to resolve this typeclass instance problem because the first and third type arguments to `InnerProductSpace` are metavariables. These arguments must be fully determined before Lean will try to resolve the typeclass.

Hint: Adding type annotations and supplying implicit arguments to functions can give Lean more information for typeclass resolution. For example, if you have a variable `x` that you intend to be a `Nat`, but Lean reports it as having an unresolved type like `?m`, replacing `x` with `(x : Nat)` can get typeclass resolution un-stuck.
PrimalitySheafVerification/Mock2_FunctionalAnalysis.lean:34824:4: error: `fun_prop` was unable to prove `ContDiff ℝ ∞ fun r => { re := t, im := Real.exp r }`

Issues:
  No theorems found for `Complex.mk` in order to prove `ContDiff ℝ ∞ fun r1 => { re := t, im := r1 }`
  No theorems found for `Complex.mk` in order to prove `ContDiff ℝ ∞ fun r => { re := t, im := Real.exp r }`
PrimalitySheafVerification/Mock2_FunctionalAnalysis.lean:34828:19: error(lean.unknownIdentifier): Unknown constant `Complex.mk_im`
PrimalitySheafVerification/Mock2_FunctionalAnalysis.lean:34828:4: error: Type mismatch: After simplification, term
  Real.exp_pos r
 has type
  0 < Real.exp r
but is expected to have type
  { re := t, im := Real.exp r } ∈ UpperHalfPlane.upperHalfPlaneSet
PrimalitySheafVerification/Mock2_FunctionalAnalysis.lean:34848:4: error: Type mismatch: After simplification, term
  HasDerivAt.add hRe hIm
 has type
  HasDerivAt ((fun x => ↑t) + fun y => Complex.I * ↑(Real.exp y)) (0 + Complex.I * ↑(Real.exp r)) r
but is expected to have type
  HasDerivAt (fun s => ↑t + Complex.I * ↑(Real.exp s)) (Complex.I * ↑(Real.exp r)) r
PrimalitySheafVerification/Mock2_FunctionalAnalysis.lean:34859:2: error: 'change' tactic failed, pattern
  d1 f z (Complex.I * ↑(Real.exp r)) = heightC z * dy f z
is not definitionally equal to target
  (fderiv ℝ (upperLift f) ↑z ∘SL ContinuousLinearMap.toSpanSingleton ℝ (Complex.I * ↑(Real.exp r))) 1 =
    heightC (logHeightBasePoint t r) * dy f (logHeightBasePoint t r)
PrimalitySheafVerification/Mock2_FunctionalAnalysis.lean:34879:4: error: `fun_prop` was unable to prove `ContDiff ℝ 1 fun r => ↑(Real.exp (r / 2))`

Issues:
  No theorems found for `Complex.ofReal` in order to prove `ContDiff ℝ 1 fun r0 => ↑r0`
  No theorems found for `Complex.ofReal` in order to prove `ContDiff ℝ 1 fun r => ↑(Real.exp (r / 2))`
Try this:
  [apply] ring_nf
  
  The `ring` tactic failed to close the goal. Use `ring_nf` to obtain a normal form.
    
  Note that `ring` works primarily in *commutative* rings. If you have a noncommutative ring, abelian group or module, consider using `noncomm_ring`, `abel` or `module` instead.
Try this:
  [apply] ring_nf
  
  The `ring` tactic failed to close the goal. Use `ring_nf` to obtain a normal form.
    
  Note that `ring` works primarily in *commutative* rings. If you have a noncommutative ring, abelian group or module, consider using `noncomm_ring`, `abel` or `module` instead.
PrimalitySheafVerification/Mock2_FunctionalAnalysis.lean:34902:54: error: unsolved goals
case e'_8
n : ℤ
q : GammaTwoRightCoset
u : InverseEtaFixedPhaseCore n
t r : ℝ
h : ℍ → ℂ := selectedCosetUnitaryPullback q (fixedPhaseEuclideanGauge n u)
hh : RealSmooth h
⊢ (fun s => ↑(Real.exp (s * (1 / 2)))) = fun y => ↑((Real.exp ∘ fun x => id x * (1 / 2)) y)
PrimalitySheafVerification/Mock2_FunctionalAnalysis.lean:34916:6: error: Tactic `rewrite` failed: Did not find an occurrence of the pattern
  deriv ((fun s => ↑(Real.exp (s / 2))) * fun s => h (logHeightBasePoint t s)) r
in the target expression
  deriv (fun s => ↑(Real.exp (s / 2)) * h (logHeightBasePoint t s)) r =
    ↑(Real.exp (r / 2)) *
      (1 / 2 * selectedCosetUnitaryPullback q (fixedPhaseEuclideanGauge n u) (logHeightBasePoint t r) +
        heightC (logHeightBasePoint t r) *
          dy (selectedCosetUnitaryPullback q (fixedPhaseEuclideanGauge n u)) (logHeightBasePoint t r))

n : ℤ
q : GammaTwoRightCoset
u : InverseEtaFixedPhaseCore n
t r : ℝ
h : ℍ → ℂ := selectedCosetUnitaryPullback q (fixedPhaseEuclideanGauge n u)
hh : RealSmooth h
hExp : HasDerivAt (fun s => ↑(Real.exp (s / 2))) (↑(1 / 2 * Real.exp (r / 2))) r
hSlice :
  HasDerivAt (fun s => h (logHeightBasePoint t s)) (heightC (logHeightBasePoint t r) * dy h (logHeightBasePoint t r)) r
hProduct :
  HasDerivAt ((fun s => ↑(Real.exp (s / 2))) * fun s => h (logHeightBasePoint t s))
    (↑(1 / 2 * Real.exp (r / 2)) * h (logHeightBasePoint t r) +
      ↑(Real.exp (r / 2)) * (heightC (logHeightBasePoint t r) * dy h (logHeightBasePoint t r)))
    r
⊢ deriv (fun s => ↑(Real.exp (s / 2)) * h (logHeightBasePoint t s)) r =
    ↑(Real.exp (r / 2)) *
      (1 / 2 * selectedCosetUnitaryPullback q (fixedPhaseEuclideanGauge n u) (logHeightBasePoint t r) +
        heightC (logHeightBasePoint t r) *
          dy (selectedCosetUnitaryPullback q (fixedPhaseEuclideanGauge n u)) (logHeightBasePoint t r))
PrimalitySheafVerification/Mock2_FunctionalAnalysis.lean:34967:4: error: Tactic `rewrite` failed: Did not find an occurrence of the pattern
  |Real.exp (r / 2)|
in the target expression
  ‖Real.exp (r / 2)‖ *
      ‖1 / 2 * selectedCosetUnitaryPullback q (fixedPhaseEuclideanGauge n u) (logHeightBasePoint t r) +
          heightC (logHeightBasePoint t r) *
            dy (selectedCosetUnitaryPullback q (fixedPhaseEuclideanGauge n u)) (logHeightBasePoint t r)‖ ≤
    Real.exp (r / 2) * ‖selectedCosetConformalScaleC q (logHeightBasePoint t r)‖ *
      (logHeightTraceDrift n * ‖fixedPhaseEuclideanGauge n u (selectedCosetAction q (logHeightBasePoint t r))‖ +
          ‖euclideanRaiseGauge n (fixedPhaseEuclideanGauge n u) (selectedCosetAction q (logHeightBasePoint t r))‖ +
        ‖euclideanLowerFromSuccGauge (n - 1) (fixedPhaseEuclideanGauge n u)
            (selectedCosetAction q (logHeightBasePoint t r))‖)

n : ℤ
q : GammaTwoRightCoset
u : InverseEtaFixedPhaseCore n
t r : ℝ
z : ℍ := logHeightBasePoint t r
f : ℍ → ℂ := fixedPhaseEuclideanGauge n u
S : ℝ := ‖selectedCosetConformalScaleC q z‖
F : ℝ := ‖f (selectedCosetAction q z)‖
R : ℝ := ‖euclideanRaiseGauge n f (selectedCosetAction q z)‖
L : ℝ := ‖euclideanLowerFromSuccGauge (n - 1) f (selectedCosetAction q z)‖
hPullNorm : ‖selectedCosetUnitaryPullback q f z‖ = S * F
hdy :
  ‖heightC z * dy (selectedCosetUnitaryPullback q (fixedPhaseEuclideanGauge n u)) z‖ ≤
    ‖selectedCosetConformalScaleC q z‖ *
      ((3 + euclideanHorizontalDrift n / 2) * ‖fixedPhaseEuclideanGauge n u (selectedCosetAction q z)‖ +
          ‖euclideanRaiseGauge n (fixedPhaseEuclideanGauge n u) (selectedCosetAction q z)‖ +
        ‖euclideanLowerFromSuccGauge (n - 1) (fixedPhaseEuclideanGauge n u) (selectedCosetAction q z)‖)
hOuter :
  ‖1 / 2 * selectedCosetUnitaryPullback q f z + heightC z * dy (selectedCosetUnitaryPullback q f) z‖ ≤
    S * (logHeightTraceDrift n * F + R + L)
⊢ ‖Real.exp (r / 2)‖ *
      ‖1 / 2 * selectedCosetUnitaryPullback q (fixedPhaseEuclideanGauge n u) (logHeightBasePoint t r) +
          heightC (logHeightBasePoint t r) *
            dy (selectedCosetUnitaryPullback q (fixedPhaseEuclideanGauge n u)) (logHeightBasePoint t r)‖ ≤
    Real.exp (r / 2) * ‖selectedCosetConformalScaleC q (logHeightBasePoint t r)‖ *
      (logHeightTraceDrift n * ‖fixedPhaseEuclideanGauge n u (selectedCosetAction q (logHeightBasePoint t r))‖ +
          ‖euclideanRaiseGauge n (fixedPhaseEuclideanGauge n u) (selectedCosetAction q (logHeightBasePoint t r))‖ +
        ‖euclideanLowerFromSuccGauge (n - 1) (fixedPhaseEuclideanGauge n u)
            (selectedCosetAction q (logHeightBasePoint t r))‖)
PrimalitySheafVerification/Mock2_FunctionalAnalysis.lean:34983:4: error: Tactic `apply` failed: could not unify the conclusion of `@Subtype.ext`
  ?a1 = ?a2
with the goal
  logHeightBasePoint t (Real.log H) = { coe := { re := t, im := H }, coe_im_pos := hH }

Note: The full type of `@Subtype.ext` is
  ∀ {α : Sort ?u.18} {p : α → Prop} {a1 a2 : { x // p x }}, ↑a1 = ↑a2 → a1 = a2

n : ℤ
q : GammaTwoRightCoset
Y : ℝ
u : InverseEtaFixedPhaseCore n
t : ℝ
H : ℝ := gammaTwoCuspLevel Y
hH : 0 < H
⊢ logHeightBasePoint t (Real.log H) = { coe := { re := t, im := H }, coe_im_pos := hH }
PrimalitySheafVerification/Mock2_FunctionalAnalysis.lean:34977:52: error: unsolved goals
n : ℤ
q : GammaTwoRightCoset
Y : ℝ
u : InverseEtaFixedPhaseCore n
t : ℝ
H : ℝ := gammaTwoCuspLevel Y
hH : 0 < H
hbase : logHeightBasePoint t (Real.log H) = { coe := { re := t, im := H }, coe_im_pos := hH }
htarget : selectedCosetAction q (logHeightBasePoint t (Real.log H)) = gammaTwoSelectedHorocycleParam q Y t
⊢ ↑(gammaTwoSelectedHorocycleParam q Y t).im / ↑(Real.exp (Real.log (gammaTwoCuspLevel Y))) *
      fixedPhaseEuclideanGauge n u (gammaTwoSelectedHorocycleParam q Y t) =
    ↑(gammaTwoSelectedHorocycleParam q Y t).im / ↑(gammaTwoCuspLevel Y) *
      fixedPhaseEuclideanGauge n u (gammaTwoSelectedHorocycleParam q Y t)
PrimalitySheafVerification/Mock2_FunctionalAnalysis.lean:34993:45: warning: This simp argument is unused:
  Real.exp_log hH

Hint: Omit it from the simp argument list.
  [apply] simp only [heightC, logHeightBasePoint_im, Complex.ofReal_div]

Note: This linter can be disabled with `set_option linter.unusedSimpArgs false`
Try this:
  [apply] ring_nf
  
  The `ring` tactic failed to close the goal. Use `ring_nf` to obtain a normal form.
    
  Note that `ring` works primarily in *commutative* rings. If you have a noncommutative ring, abelian group or module, consider using `noncomm_ring`, `abel` or `module` instead.
PrimalitySheafVerification/Mock2_FunctionalAnalysis.lean:35014:4: error: Tactic `rewrite` failed: Did not find an occurrence of the pattern
  |Real.exp ?m.158|
in the target expression
  (‖Real.exp (Real.log (gammaTwoCuspLevel Y) / 2)‖ * ‖selectedCuspPulledEuclideanGauge n q Y u t‖) ^ 2 =
    gammaTwoCuspLevel Y * ‖selectedCuspPulledEuclideanGauge n q Y u t‖ ^ 2

n : ℤ
q : GammaTwoRightCoset
Y : ℝ
u : InverseEtaFixedPhaseCore n
t : ℝ
H : ℝ := gammaTwoCuspLevel Y
hH : 0 < H
hExp : Real.exp (Real.log H / 2) ^ 2 = H
⊢ (‖Real.exp (Real.log (gammaTwoCuspLevel Y) / 2)‖ * ‖selectedCuspPulledEuclideanGauge n q Y u t‖) ^ 2 =
    gammaTwoCuspLevel Y * ‖selectedCuspPulledEuclideanGauge n q Y u t‖ ^ 2
PrimalitySheafVerification/Mock2_FunctionalAnalysis.lean:35051:8: error: Tactic `rewrite` failed: motive is not type correct:
  fun _a =>
    gammaTwoCosetRep q • { coe := { re := t, im := _a }, coe_im_pos := ⋯ } =
      gammaTwoCosetRep q • { coe := { re := t, im := Real.exp r }, coe_im_pos := ⋯ }
Error: Application type mismatch: The argument
  gammaTwoSelectedHorocycleParam._proof_1 (Real.exp r) t
has type
  0 < { re := t, im := gammaTwoCuspLevel (Real.exp r) }.im
but is expected to have type
  0 < { re := t, im := _a }.im
in the application
  { coe := { re := t, im := _a }, coe_im_pos := ⋯ }

Explanation: The rewrite tactic rewrites an expression 'e' using an equality 'a = b' by the following process. First, it looks for all 'a' in 'e'. Second, it tries to abstract these occurrences of 'a' to create a function 'm := fun _a => ...', called the *motive*, with the property that 'm a' is definitionally equal to 'e'. Third, we observe that 'congrArg' implies that 'm a = m b', which can be used with lemmas such as 'Eq.mpr' to change the goal. However, if 'e' depends on specific properties of 'a', then the motive 'm' might not typecheck.

Possible solutions: use rewrite's 'occs' configuration option to limit which occurrences are rewritten, or use 'simp' or 'conv' mode, which have strategies for certain kinds of dependencies (these tactics can handle proofs and 'Decidable' instances whose types depend on the rewritten term, and 'simp' can apply user-defined '@[congr]' theorems as well).

n : ℤ
q : GammaTwoRightCoset
u : InverseEtaFixedPhaseCore n
t : ℝ
ht : t ∈ Icc (-(1 / 2)) (1 / 2)
Y₀ : ℝ
hY₀ : 1 < Y₀
hZero :
  ∀ (Z : ℝ),
    Y₀ < Z →
      ∀ (q : GammaTwoRightCoset),
        ∀ t ∈ Icc (-(1 / 2)) (1 / 2), ↑↑u.toSmoothQuotientCompactFunction (gammaTwoSelectedHorocycleParam q Z t) = 0
hExpEventually : ∀ᶠ (r : ℝ) in atTop, Y₀ < Real.exp r
r : ℝ
hr : Y₀ < Real.exp r
hExpOne : 1 ≤ Real.exp r
hlevel : gammaTwoCuspLevel (Real.exp r) = Real.exp r
⊢ gammaTwoCosetRep q • { coe := { re := t, im := gammaTwoCuspLevel (Real.exp r) }, coe_im_pos := ⋯ } =
    gammaTwoCosetRep q • { coe := { re := t, im := Real.exp r }, coe_im_pos := ⋯ }
PrimalitySheafVerification/Mock2_FunctionalAnalysis.lean:35036:64: error: unsolved goals
n : ℤ
q : GammaTwoRightCoset
u : InverseEtaFixedPhaseCore n
t : ℝ
ht : t ∈ Icc (-(1 / 2)) (1 / 2)
Y₀ : ℝ
hY₀ : 1 < Y₀
hZero :
  ∀ (Z : ℝ),
    Y₀ < Z →
      ∀ (q : GammaTwoRightCoset),
        ∀ t ∈ Icc (-(1 / 2)) (1 / 2), ↑↑u.toSmoothQuotientCompactFunction (gammaTwoSelectedHorocycleParam q Z t) = 0
hExpEventually : ∀ᶠ (r : ℝ) in atTop, Y₀ < Real.exp r
r : ℝ
hr : Y₀ < Real.exp r
hExpOne : 1 ≤ Real.exp r
hlevel : gammaTwoCuspLevel (Real.exp r) = Real.exp r
hpoint : gammaTwoSelectedHorocycleParam q (Real.exp r) t = selectedCosetAction q (logHeightBasePoint t r)
hu0 : ↑↑u.toSmoothQuotientCompactFunction (selectedCosetAction q (logHeightBasePoint t r)) = 0
⊢ 0 = 0 r
PrimalitySheafVerification/Mock2_FunctionalAnalysis.lean:35114:2: error: Tactic `apply` failed: could not unify the conclusion of `@Subtype.ext`
  ?a1 = ?a2
with the goal
  selectedHeightBasePoint t y = { coe := { re := t, im := y }, coe_im_pos := hy }

Note: The full type of `@Subtype.ext` is
  ∀ {α : Sort ?u.10} {p : α → Prop} {a1 a2 : { x // p x }}, ↑a1 = ↑a2 → a1 = a2

t y : ℝ
hy : 0 < y
⊢ selectedHeightBasePoint t y = { coe := { re := t, im := y }, coe_im_pos := hy }
PrimalitySheafVerification/Mock2_FunctionalAnalysis.lean:35121:2: error: Tactic `apply` failed: could not unify the conclusion of `@Subtype.ext`
  ?a1 = ?a2
with the goal
  selectedHeightBasePoint t (Real.exp r) = logHeightBasePoint t r

Note: The full type of `@Subtype.ext` is
  ∀ {α : Sort ?u.5} {p : α → Prop} {a1 a2 : { x // p x }}, ↑a1 = ↑a2 → a1 = a2

t r : ℝ
⊢ selectedHeightBasePoint t (Real.exp r) = logHeightBasePoint t r
PrimalitySheafVerification/Mock2_FunctionalAnalysis.lean:35173:37: error: Tactic `rewrite` failed: Did not find an occurrence of the pattern
  |Real.exp ?m.225|
in the target expression
  (‖Real.exp (r / 2)‖ * ‖selectedCosetUnitaryPullback q (fixedPhaseEuclideanGauge n u) (logHeightBasePoint t r)‖) ^ 2 =
    Real.exp r * S ^ 2 * F ^ 2

n : ℤ
q : GammaTwoRightCoset
u : InverseEtaFixedPhaseCore n
t r : ℝ
z : ℍ := logHeightBasePoint t r
f : ℍ → ℂ := fixedPhaseEuclideanGauge n u
w : ℍ := selectedCosetAction q z
e : ℝ := Real.exp (r / 2)
S : ℝ := ‖selectedCosetConformalScaleC q z‖
F : ℝ := ‖f w‖
R : ℝ := ‖euclideanRaiseGauge n f w‖
L : ℝ := ‖euclideanLowerFromSuccGauge (n - 1) f w‖
A : ℝ := logHeightTraceDrift n
he : 0 ≤ e
hS : 0 ≤ S
hF : 0 ≤ F
hR : 0 ≤ R
hL : 0 ≤ L
hA : 0 ≤ A
hExp : e ^ 2 = Real.exp r
hPullNorm : ‖selectedCosetUnitaryPullback q f z‖ = S * F
⊢ (‖Real.exp (r / 2)‖ * ‖selectedCosetUnitaryPullback q (fixedPhaseEuclideanGauge n u) (logHeightBasePoint t r)‖) ^ 2 =
    Real.exp r * S ^ 2 * F ^ 2
PrimalitySheafVerification/Mock2_FunctionalAnalysis.lean:35198:8: error: No goals to be solved
PrimalitySheafVerification/Mock2_FunctionalAnalysis.lean:35229:10: error(lean.unknownIdentifier): Unknown identifier `continuous_subtype_mk`
PrimalitySheafVerification/Mock2_FunctionalAnalysis.lean:35230:4: error: No goals to be solved
PrimalitySheafVerification/Mock2_FunctionalAnalysis.lean:35255:4: error: `fun_prop` was unable to prove `Continuous fun p =>
  ↑(Real.exp (p.2 / 2)) *
    (1 / 2 * h (logHeightBasePoint p.1 p.2) + heightC (logHeightBasePoint p.1 p.2) * dy h (logHeightBasePoint p.1 p.2))`

Issues:
  No theorems found for `Mock2FA.PaperCorrections.AutomorphicSobolev.FixedPhaseHorocycleTrace.selectedCosetUnitaryPullback` in order to prove `Continuous fun x0 => selectedCosetUnitaryPullback q (fixedPhaseEuclideanGauge n u) x0`
PrimalitySheafVerification/Mock2_FunctionalAnalysis.lean:35281:8: error: Tactic `rewrite` failed: motive is not type correct:
  fun _a =>
    gammaTwoCosetRep q • { coe := { re := t, im := _a }, coe_im_pos := ⋯ } =
      gammaTwoCosetRep q • { coe := { re := t, im := Real.exp r }, coe_im_pos := ⋯ }
Error: Application type mismatch: The argument
  gammaTwoSelectedHorocycleParam._proof_1 (Real.exp r) t
has type
  0 < { re := t, im := gammaTwoCuspLevel (Real.exp r) }.im
but is expected to have type
  0 < { re := t, im := _a }.im
in the application
  { coe := { re := t, im := _a }, coe_im_pos := ⋯ }

Explanation: The rewrite tactic rewrites an expression 'e' using an equality 'a = b' by the following process. First, it looks for all 'a' in 'e'. Second, it tries to abstract these occurrences of 'a' to create a function 'm := fun _a => ...', called the *motive*, with the property that 'm a' is definitionally equal to 'e'. Third, we observe that 'congrArg' implies that 'm a = m b', which can be used with lemmas such as 'Eq.mpr' to change the goal. However, if 'e' depends on specific properties of 'a', then the motive 'm' might not typecheck.

Possible solutions: use rewrite's 'occs' configuration option to limit which occurrences are rewritten, or use 'simp' or 'conv' mode, which have strategies for certain kinds of dependencies (these tactics can handle proofs and 'Decidable' instances whose types depend on the rewritten term, and 'simp' can apply user-defined '@[congr]' theorems as well).

n : ℤ
q : GammaTwoRightCoset
u : InverseEtaFixedPhaseCore n
Y₀ : ℝ
hY₀ : 1 < Y₀
hZero :
  ∀ (Z : ℝ),
    Y₀ < Z →
      ∀ (q : GammaTwoRightCoset),
        ∀ t ∈ Icc (-(1 / 2)) (1 / 2), ↑↑u.toSmoothQuotientCompactFunction (gammaTwoSelectedHorocycleParam q Z t) = 0
hY₀pos : 0 < Y₀
t : ℝ
ht : t ∈ Icc (-(1 / 2)) (1 / 2)
r : ℝ
hr : Real.log Y₀ < r
hExp : Y₀ < Real.exp r
hExpOne : 1 ≤ Real.exp r
hlevel : gammaTwoCuspLevel (Real.exp r) = Real.exp r
⊢ gammaTwoCosetRep q • { coe := { re := t, im := gammaTwoCuspLevel (Real.exp r) }, coe_im_pos := ⋯ } =
    gammaTwoCosetRep q • { coe := { re := t, im := Real.exp r }, coe_im_pos := ⋯ }
PrimalitySheafVerification/Mock2_FunctionalAnalysis.lean:35401:2: error: 'change' tactic failed, pattern
  ∫ (p : ℝ × ℝ), selectedLogHeightEnergyDensity n q u p ∂μ.prod ν =
    ∫ (t : ℝ), ∫ (r : ℝ), selectedLogHeightEnergyDensity n q u (t, r) ∂ν ∂μ
is not definitionally equal to target
  ∫ (p : ℝ × ℝ) in Icc (-(1 / 2)) (1 / 2) ×ˢ Ioi r₀, selectedLogHeightEnergyDensity n q u p ∂volume.prod volume =
    ∫ (t : ℝ) in Icc (-(1 / 2)) (1 / 2), ∫ (r : ℝ) in Ioi r₀, selectedLogHeightEnergyDensity n q u (t, r)
PrimalitySheafVerification/Mock2_FunctionalAnalysis.lean:35425:6: error: `fun_prop` was unable to prove `Continuous fun t =>
  ‖↑(Real.exp (Real.log (gammaTwoCuspLevel Y) / 2)) *
        selectedCosetUnitaryPullback q (fixedPhaseEuclideanGauge n u)
          (logHeightBasePoint t (Real.log (gammaTwoCuspLevel Y)))‖ ^
    2`

Issues:
  No theorems found for `Mock2FA.PaperCorrections.AutomorphicSobolev.FixedPhaseHorocycleTrace.selectedCosetUnitaryPullback` in order to prove `Continuous fun x2 => selectedCosetUnitaryPullback q (fixedPhaseEuclideanGauge n u) x2`
  No theorems found for `Mock2FA.PaperCorrections.AutomorphicSobolev.FixedPhaseHorocycleTrace.selectedCosetUnitaryPullback` in order to prove `Continuous fun x =>
  selectedCosetUnitaryPullback q (fixedPhaseEuclideanGauge n u) (logHeightBasePoint x (Real.log (gammaTwoCuspLevel Y)))`
PrimalitySheafVerification/Mock2_FunctionalAnalysis.lean:35458:2: error: failed to prove positivity/nonnegativity/nonzeroness
PrimalitySheafVerification/Mock2_FunctionalAnalysis.lean:35485:6: error: Tactic `rewrite` failed: Did not find an occurrence of the pattern
  euclideanRaiseGauge n (fixedPhaseEuclideanGauge n u) ?z
in the target expression
  (have z := selectedHeightBasePoint (t, y).1 (t, y).2;
    have w := selectedCosetAction q z;
    have f := fixedPhaseEuclideanGauge n u;
    ‖selectedCosetConformalScaleC q z‖ ^ 2 *
      (logHeightTraceBaseCoeff n * ‖f w‖ ^ 2 + 3 * ‖euclideanRaiseGauge n f w‖ ^ 2 +
        3 * ‖euclideanLowerFromSuccGauge (n - 1) f w‖ ^ 2)) =
    ‖selectedCosetConformalScaleC q (selectedHeightBasePoint t y)‖ ^ 2 *
      (logHeightTraceBaseCoeff n *
            ‖fixedPhaseEuclideanGauge n u (selectedCosetAction q (selectedHeightBasePoint t y))‖ ^ 2 +
          3 *
            ‖fixedPhaseEuclideanGauge (n + 1) ((InverseEtaFixedPhaseCore.raise n) u)
                  (selectedCosetAction q (selectedHeightBasePoint t y))‖ ^
              2 +
        3 *
          ‖fixedPhaseEuclideanGauge (n - 1) ((InverseEtaFixedPhaseCore.lower n) u)
                (selectedCosetAction q (selectedHeightBasePoint t y))‖ ^
            2)

n : ℤ
q : GammaTwoRightCoset
u : InverseEtaFixedPhaseCore n
t y : ℝ
⊢ (have z := selectedHeightBasePoint (t, y).1 (t, y).2;
    have w := selectedCosetAction q z;
    have f := fixedPhaseEuclideanGauge n u;
    ‖selectedCosetConformalScaleC q z‖ ^ 2 *
      (logHeightTraceBaseCoeff n * ‖f w‖ ^ 2 + 3 * ‖euclideanRaiseGauge n f w‖ ^ 2 +
        3 * ‖euclideanLowerFromSuccGauge (n - 1) f w‖ ^ 2)) =
    ‖selectedCosetConformalScaleC q (selectedHeightBasePoint t y)‖ ^ 2 *
      (logHeightTraceBaseCoeff n *
            ‖fixedPhaseEuclideanGauge n u (selectedCosetAction q (selectedHeightBasePoint t y))‖ ^ 2 +
          3 *
            ‖fixedPhaseEuclideanGauge (n + 1) ((InverseEtaFixedPhaseCore.raise n) u)
                  (selectedCosetAction q (selectedHeightBasePoint t y))‖ ^
              2 +
        3 *
          ‖fixedPhaseEuclideanGauge (n - 1) ((InverseEtaFixedPhaseCore.lower n) u)
                (selectedCosetAction q (selectedHeightBasePoint t y))‖ ^
            2)
PrimalitySheafVerification/Mock2_FunctionalAnalysis.lean:35495:8: error: typeclass instance problem is stuck
  InnerProductSpace ?m.45 ↥(OrbitEuclideanL2 m)

Note: Lean will not try to resolve this typeclass instance problem because the first and third type arguments to `InnerProductSpace` are metavariables. These arguments must be fully determined before Lean will try to resolve the typeclass.

Hint: Adding type annotations and supplying implicit arguments to functions can give Lean more information for typeclass resolution. For example, if you have a variable `x` that you intend to be a `Nat`, but Lean reports it as having an unresolved type like `?m`, replacing `x` with `(x : Nat)` can get typeclass resolution un-stuck.
PrimalitySheafVerification/Mock2_FunctionalAnalysis.lean:35560:6: error: Tactic `rewrite` failed: Did not find an occurrence of the pattern
  ∫ (a : ℍ),
    ((fun x => ?m.113 * ‖fixedPhaseEuclideanGauge n u x‖ ^ 2) + fun x =>
          ?m.129 * ‖fixedPhaseEuclideanGauge (n + 1) ((InverseEtaFixedPhaseCore.raise n) u) x‖ ^ 2)
        a +
      ?m.136 *
        ‖fixedPhaseEuclideanGauge (n - 1) ((InverseEtaFixedPhaseCore.lower n) u) a‖ ^ 2 ∂chosenEuclideanCarrierMeasure
in the target expression
  ∫ (z : ℍ),
      logHeightTraceBaseCoeff n * ‖fixedPhaseEuclideanGauge n u z‖ ^ 2 +
          3 * ‖fixedPhaseEuclideanGauge (n + 1) ((InverseEtaFixedPhaseCore.raise n) u) z‖ ^ 2 +
        3 *
          ‖fixedPhaseEuclideanGauge (n - 1) ((InverseEtaFixedPhaseCore.lower n) u) z‖ ^
            2 ∂chosenEuclideanCarrierMeasure =
    logHeightTraceBaseCoeff n * ‖(l2Coordinate n) u‖ ^ 2 + 3 * ‖(raisedCoordinate n) u‖ ^ 2 +
      3 * ‖(loweredCoordinate n) u‖ ^ 2

n : ℤ
u : InverseEtaFixedPhaseCore n
hBase : Integrable (fun z => ‖fixedPhaseEuclideanGauge n u z‖ ^ 2) chosenEuclideanCarrierMeasure
hRaise :
  Integrable (fun z => ‖fixedPhaseEuclideanGauge (n + 1) ((InverseEtaFixedPhaseCore.raise n) u) z‖ ^ 2)
    chosenEuclideanCarrierMeasure
hLower :
  Integrable (fun z => ‖fixedPhaseEuclideanGauge (n - 1) ((InverseEtaFixedPhaseCore.lower n) u) z‖ ^ 2)
    chosenEuclideanCarrierMeasure
⊢ ∫ (z : ℍ),
      logHeightTraceBaseCoeff n * ‖fixedPhaseEuclideanGauge n u z‖ ^ 2 +
          3 * ‖fixedPhaseEuclideanGauge (n + 1) ((InverseEtaFixedPhaseCore.raise n) u) z‖ ^ 2 +
        3 *
          ‖fixedPhaseEuclideanGauge (n - 1) ((InverseEtaFixedPhaseCore.lower n) u) z‖ ^
            2 ∂chosenEuclideanCarrierMeasure =
    logHeightTraceBaseCoeff n * ‖(l2Coordinate n) u‖ ^ 2 + 3 * ‖(raisedCoordinate n) u‖ ^ 2 +
      3 * ‖(loweredCoordinate n) u‖ ^ 2
PrimalitySheafVerification/Mock2_FunctionalAnalysis.lean:35575:8: error: `fun_prop` was unable to prove `ContinuousOn (Complex.mk t) (Ioi 0)`

Issues:
  No theorems found for `Complex.mk` in order to prove `ContinuousOn (fun im => { re := t, im := im }) (Ioi 0)`
PrimalitySheafVerification/Mock2_FunctionalAnalysis.lean:35577:2: error: 'change' tactic failed, pattern
  0 < { re := t, im := y }.im
is not definitionally equal to target
  { re := t, im := y } ∈ UpperHalfPlane.ofComplex.source
PrimalitySheafVerification/Mock2_FunctionalAnalysis.lean:35653:8: error: Tactic `rewrite` failed: motive is not type correct:
  fun _a =>
    gammaTwoCosetRep q • { coe := { re := t, im := y }, coe_im_pos := hyPos } =
      gammaTwoCosetRep q • { coe := { re := t, im := _a }, coe_im_pos := ⋯ }
Error: Application type mismatch: The argument
  gammaTwoSelectedHorocycleParam._proof_1 y t
has type
  0 < { re := t, im := gammaTwoCuspLevel y }.im
but is expected to have type
  0 < { re := t, im := _a }.im
in the application
  { coe := { re := t, im := _a }, coe_im_pos := ⋯ }

Explanation: The rewrite tactic rewrites an expression 'e' using an equality 'a = b' by the following process. First, it looks for all 'a' in 'e'. Second, it tries to abstract these occurrences of 'a' to create a function 'm := fun _a => ...', called the *motive*, with the property that 'm a' is definitionally equal to 'e'. Third, we observe that 'congrArg' implies that 'm a = m b', which can be used with lemmas such as 'Eq.mpr' to change the goal. However, if 'e' depends on specific properties of 'a', then the motive 'm' might not typecheck.

Possible solutions: use rewrite's 'occs' configuration option to limit which occurrences are rewritten, or use 'simp' or 'conv' mode, which have strategies for certain kinds of dependencies (these tactics can handle proofs and 'Decidable' instances whose types depend on the rewritten term, and 'simp' can apply user-defined '@[congr]' theorems as well).

n : ℤ
q : GammaTwoRightCoset
u : InverseEtaFixedPhaseCore n
B₀ : ℝ
hB₀ : 1 < B₀
hZeroBase :
  ∀ (Z : ℝ),
    B₀ < Z →
      ∀ (q : GammaTwoRightCoset),
        ∀ t ∈ Icc (-(1 / 2)) (1 / 2), ↑↑u.toSmoothQuotientCompactFunction (gammaTwoSelectedHorocycleParam q Z t) = 0
B₁ : ℝ
hB₁ : 1 < B₁
hZeroRaise :
  ∀ (Z : ℝ),
    B₁ < Z →
      ∀ (q : GammaTwoRightCoset),
        ∀ t ∈ Icc (-(1 / 2)) (1 / 2),
          ↑↑((InverseEtaFixedPhaseCore.raise n) u).toSmoothQuotientCompactFunction
              (gammaTwoSelectedHorocycleParam q Z t) =
            0
B₂ : ℝ
hB₂ : 1 < B₂
hZeroLower :
  ∀ (Z : ℝ),
    B₂ < Z →
      ∀ (q : GammaTwoRightCoset),
        ∀ t ∈ Icc (-(1 / 2)) (1 / 2),
          ↑↑((InverseEtaFixedPhaseCore.lower n) u).toSmoothQuotientCompactFunction
              (gammaTwoSelectedHorocycleParam q Z t) =
            0
B : ℝ := max B₀ (max B₁ B₂)
hB : 1 < B
t : ℝ
ht : t ∈ Icc (-(1 / 2)) (1 / 2)
y : ℝ
hy : B < y
hB₀y : B₀ < y
hB₁y : B₁ < y
hB₂y : B₂ < y
hyOne : 1 ≤ y
hyPos : 0 < y
hlevel : gammaTwoCuspLevel y = y
⊢ gammaTwoCosetRep q • { coe := { re := t, im := y }, coe_im_pos := hyPos } =
    gammaTwoCosetRep q • { coe := { re := t, im := gammaTwoCuspLevel y }, coe_im_pos := ⋯ }
PrimalitySheafVerification/Mock2_FunctionalAnalysis.lean:35732:32: error: unsolved goals
n : ℤ
q : GammaTwoRightCoset
u : InverseEtaFixedPhaseCore n
t H : ℝ
ht : t ∈ Icc (-(1 / 2)) (1 / 2)
hH : 0 < H
g : ℝ → ℝ := fun y => selectedHeightGraphDensity n q u (t, y)
hg : ContinuousOn g (Ioi 0)
hcont : ContinuousOn (fun r => g (Real.exp r) * Real.exp r) (Ici (Real.log H))
B : ℝ
_hB : 1 < B
hZero : ∀ t ∈ Icc (-(1 / 2)) (1 / 2), ∀ (y : ℝ), B < y → selectedHeightGraphDensity n q u (t, y) = 0
hExpEventually : ∀ᶠ (r : ℝ) in atTop, B < Real.exp r
r : ℝ
hr : B < Real.exp r
⊢ 0 = 0 r
PrimalitySheafVerification/Mock2_FunctionalAnalysis.lean:35830:8: error: `fun_prop` was unable to prove `ContinuousOn (fun p => { re := p.1, im := p.2 }) (univ ×ˢ Ioi 0)`

Issues:
  No theorems found for `Complex.mk` in order to prove `ContinuousOn (fun p => { re := p.1, im := p.2 }) (univ ×ˢ Ioi 0)`
PrimalitySheafVerification/Mock2_FunctionalAnalysis.lean:35832:2: error: 'change' tactic failed, pattern
  0 < { re := p.1, im := p.2 }.im
is not definitionally equal to target
  (fun p => { re := p.1, im := p.2 }) p ∈ UpperHalfPlane.ofComplex.source
PrimalitySheafVerification/Mock2_FunctionalAnalysis.lean:35957:2: error: 'change' tactic failed, pattern
  ∫ (p : ℝ × ℝ), selectedHeightGraphDensity n q u p ∂μ.prod ν =
    ∫ (t : ℝ), ∫ (y : ℝ), selectedHeightGraphDensity n q u (t, y) ∂ν ∂μ
is not definitionally equal to target
  ∫ (p : ℝ × ℝ) in Icc (-(1 / 2)) (1 / 2) ×ˢ Ioi H, selectedHeightGraphDensity n q u p ∂volume.prod volume =
    ∫ (t : ℝ) in Icc (-(1 / 2)) (1 / 2), ∫ (y : ℝ) in Ioi H, selectedHeightGraphDensity n q u (t, y)
PrimalitySheafVerification/Mock2_FunctionalAnalysis.lean:36025:4: error: Type mismatch: After simplification, term
  hp
 has type
  p ∈ Icc (-(1 / 2)) (1 / 2) ×ˢ Ioi H
but is expected to have type
  { coe := { re := p.1, im := p.2 }, coe_im_pos := ⋯ }.re ∈ Icc (-(1 / 2)) (1 / 2) ∧
    H < { coe := { re := p.1, im := p.2 }, coe_im_pos := ⋯ }.im
PrimalitySheafVerification/Mock2_FunctionalAnalysis.lean:36026:2: error: unsolved goals
case h₂.a
H : ℝ
hH : 0 < H
z : ℍ
hz : z.re ∈ Icc (-(1 / 2)) (1 / 2) ∧ H < z.im
⊢ z.re = (↑z).re

case h₂.a
H : ℝ
hH : 0 < H
z : ℍ
hz : z.re ∈ Icc (-(1 / 2)) (1 / 2) ∧ H < z.im
⊢ z.im = (↑z).im
PrimalitySheafVerification/Mock2_FunctionalAnalysis.lean:36044:4: error: linarith failed to find a contradiction
case left
H : ℝ
hH : 1 ≤ H
z : ℍ
hz : z.re ∈ Icc (-(1 / 2)) (1 / 2) ∧ H < z.im
hy : 1 < z.im
a✝ : (↑z).re * (↑z).re + (↑z).im * (↑z).im < 1
⊢ False
failed
PrimalitySheafVerification/Mock2_FunctionalAnalysis.lean:36111:2: error: Type mismatch: After simplification, term
  fixedPhaseEuclideanGraphDensity_integrable n u
 has type
  Integrable (fixedPhaseEuclideanGraphDensity n u) chosenEuclideanCarrierMeasure
but is expected to have type
  Integrable (ambientFixedPhaseEuclideanGraphDensity n u ∘ UpperHalfPlane.coe) chosenEuclideanCarrierMeasure
PrimalitySheafVerification/Mock2_FunctionalAnalysis.lean:36184:8: error: Tactic `rewrite` failed: Did not find an occurrence of the pattern
  selectedCosetAmbientMap ?q ↑?z
in the target expression
  G ↑z =
    (fun x =>
        |(UpperHalfPlane.smulFDeriv (selectedCosetGL q) x).det| •
          ambientFixedPhaseEuclideanGraphDensity n u (selectedCosetAmbientMap q x))
      ↑z

n : ℤ
q : GammaTwoRightCoset
u : InverseEtaFixedPhaseCore n
H : ℝ
hH : 0 < H
A : Set (ℝ × ℝ) := Icc (-(1 / 2)) (1 / 2) ×ˢ Ioi H
B : Set ℍ := selectedBaseCuspStrip H
e : ℝ × ℝ ≃ᵐ ℂ := Complex.measurableEquivRealProd.symm
G : ℂ → ℝ := fun w => selectedHeightGraphDensity n q u (w.re, w.im)
hCoordinate : ∫ (p : ℝ × ℝ) in A, selectedHeightGraphDensity n q u p ∂volume.prod volume = ∫ (w : ℂ) in ⇑e '' A, G w
hAmbientImage : ⇑e '' A = UpperHalfPlane.coe '' B
z : ℍ
_hz : z ∈ selectedBaseCuspStrip H
⊢ G ↑z =
    (fun x =>
        |(UpperHalfPlane.smulFDeriv (selectedCosetGL q) x).det| •
          ambientFixedPhaseEuclideanGraphDensity n u (selectedCosetAmbientMap q x))
      ↑z
PrimalitySheafVerification/Mock2_FunctionalAnalysis.lean:36313:6: error(lean.synthInstanceFailed): failed to synthesize instance of type class
  AddCommGroup (InverseEtaFixedPhaseCore n)

Hint: Type class instance resolution failures can be inspected with the `set_option trace.Meta.synthInstance true` command.
PrimalitySheafVerification/Mock2_FunctionalAnalysis.lean:36416:8: error(lean.synthInstanceFailed): failed to synthesize instance of type class
  AddCommGroup (InverseEtaFixedPhaseCore n)

Hint: Type class instance resolution failures can be inspected with the `set_option trace.Meta.synthInstance true` command.
PrimalitySheafVerification/Mock2_FunctionalAnalysis.lean:36432:8: error(lean.synthInstanceFailed): failed to synthesize instance of type class
  AddCommGroup (InverseEtaFixedPhaseCore n)

Hint: Type class instance resolution failures can be inspected with the `set_option trace.Meta.synthInstance true` command.
PrimalitySheafVerification/Mock2_FunctionalAnalysis.lean:36449:45: error: Application type mismatch: The argument
  coreMap n
has type
  @LinearMap ℂ ℂ Complex.instSemiring Complex.instSemiring (RingHom.id ℂ) (InverseEtaFixedPhaseCore n)
    (GraphSobolevCompletion n) (inverseEtaFixedPhaseStableCoreSubmodule n).addCommMonoid
    UniformSpace.Completion.instAddCommGroup.toAddCommMonoid (fixedPhaseGraphCoreModule n)
    UniformSpace.Completion.instModule
but is expected to have type
  @LinearMap ℂ ℂ DivisionRing.toDivisionSemiring.toSemiring DivisionRing.toDivisionSemiring.toSemiring (RingHom.id ℂ)
    ?m.18 (GraphSobolevCompletion n) AddCommGroup.toAddCommMonoid
    NormedAddCommGroup.toSeminormedAddCommGroup.toAddCommMonoid ?m.27 UniformSpace.Completion.instModule
in the application
  LinearMap.extendOfNorm ?m.33 (coreMap n)
PrimalitySheafVerification/Mock2_FunctionalAnalysis.lean:36458:35: error: (deterministic) timeout at `isDefEq`, maximum number of heartbeats (200000) has been reached

Note: Use `set_option maxHeartbeats <num>` to set the limit.

Hint: Additional diagnostic information may be available using the `set_option diagnostics true` command.
PrimalitySheafVerification/Mock2_FunctionalAnalysis.lean:36468:5: error: (deterministic) timeout at `whnf`, maximum number of heartbeats (200000) has been reached

Note: Use `set_option maxHeartbeats <num>` to set the limit.

Hint: Additional diagnostic information may be available using the `set_option diagnostics true` command.
PrimalitySheafVerification/Mock2_FunctionalAnalysis.lean:36475:5: error: (deterministic) timeout at `whnf`, maximum number of heartbeats (200000) has been reached

Note: Use `set_option maxHeartbeats <num>` to set the limit.

Hint: Additional diagnostic information may be available using the `set_option diagnostics true` command.
PrimalitySheafVerification/Mock2_FunctionalAnalysis.lean:36532:8: error: No goals to be solved
PrimalitySheafVerification/Mock2_FunctionalAnalysis.lean:36673:4: error: Application type mismatch: The argument
  Tendsto.mul_const ‖x‖ (completedSelectedCuspTraceFamily_opNorm_tendsto_zero n q C hC hEstimate hCZero)
has type
  Tendsto (fun x_1 => ‖completedSelectedCuspTraceFamily n q C hC hEstimate x_1‖ * ‖x‖) atTop (𝓝 (0 * ‖x‖))
but is expected to have type
  Tendsto (fun Y => ‖completedSelectedCuspTraceFamily n q C hC hEstimate Y‖ * ‖x‖) atTop (𝓝 0)
in the application
  squeeze_zero (fun Y => norm_nonneg ((completedSelectedCuspTraceFamily n q C hC hEstimate Y) x))
    (fun Y => ContinuousLinearMap.le_opNorm (completedSelectedCuspTraceFamily n q C hC hEstimate Y) x)
    (Tendsto.mul_const ‖x‖ (completedSelectedCuspTraceFamily_opNorm_tendsto_zero n q C hC hEstimate hCZero))
PrimalitySheafVerification/Mock2_FunctionalAnalysis.lean:36734:14: error: typeclass instance problem is stuck
  InnerProductSpace ?m.61 F

Note: Lean will not try to resolve this typeclass instance problem because the first and third type arguments to `InnerProductSpace` are metavariables. These arguments must be fully determined before Lean will try to resolve the typeclass.

Hint: Adding type annotations and supplying implicit arguments to functions can give Lean more information for typeclass resolution. For example, if you have a variable `x` that you intend to be a `Nat`, but Lean reports it as having an unresolved type like `?m`, replacing `x` with `(x : Nat)` can get typeclass resolution un-stuck.
'Mock2FA.PaperCorrections.AutomorphicSobolev.FixedPhaseHorocycleTrace.gammaTwoSelectedHorocycleParam_continuous' depends on axioms: [propext,
 sorryAx,
 Classical.choice,
 Quot.sound]
'Mock2FA.PaperCorrections.AutomorphicSobolev.FixedPhaseHorocycleTrace.selectedCuspRestrictionRepresentative_memLp' depends on axioms: [propext,
 sorryAx,
 Classical.choice,
 Quot.sound]
'Mock2FA.PaperCorrections.AutomorphicSobolev.FixedPhaseHorocycleTrace.selectedCuspCoreTrace' depends on axioms: [propext,
 sorryAx,
 Classical.choice,
 Quot.sound]
'Mock2FA.PaperCorrections.AutomorphicSobolev.FixedPhaseHorocycleTrace.fixedPhaseCore_eventually_selectedCuspCoreTrace_eq_zero' depends on axioms: [propext,
 sorryAx,
 Classical.choice,
 Quot.sound]
'Mock2FA.PaperCorrections.AutomorphicSobolev.FixedPhaseHorocycleTrace.compactSupport_norm_le_integral_Ioi_deriv' depends on axioms: [propext,
 Classical.choice,
 Quot.sound]
'Mock2FA.PaperCorrections.AutomorphicSobolev.FixedPhaseHorocycleTrace.dy_eq_half_raiseRaw_add_lowerRaw_div_sub_base' depends on axioms: [propext,
 Classical.choice,
 Quot.sound]
'Mock2FA.PaperCorrections.AutomorphicSobolev.FixedPhaseHorocycleTrace.height_mul_dy_eq_half_euclideanRaise_add_lower_sub' depends on axioms: [propext,
 Classical.choice,
 Quot.sound]
'Mock2FA.PaperCorrections.AutomorphicSobolev.FixedPhaseHorocycleTrace.integral_exp_mul_selectedHeightGraphDensity_Ioi_log' depends on axioms: [propext,
 sorryAx,
 Classical.choice,
 Quot.sound]
'Mock2FA.PaperCorrections.AutomorphicSobolev.FixedPhaseHorocycleTrace.integral_selectedHeightGraphDensity_strip_eq_selectedImage' depends on axioms: [propext,
 sorryAx,
 Classical.choice,
 Quot.sound]
'Mock2FA.PaperCorrections.AutomorphicSobolev.FixedPhaseHorocycleTrace.norm_selectedCuspCoreTrace_sq_le_coreMap' depends on axioms: [propext,
 sorryAx,
 Classical.choice,
 Quot.sound]
'Mock2FA.PaperCorrections.AutomorphicSobolev.FixedPhaseHorocycleTrace.uniformSelectedCuspCoreGraphTraceEstimate' depends on axioms: [propext,
 sorryAx,
 Classical.choice,
 Quot.sound]
'Mock2FA.PaperCorrections.AutomorphicSobolev.FixedPhaseHorocycleTrace.unconditionalCompletedSelectedCuspTrace_tendsto_zero' depends on axioms: [propext,
 sorryAx,
 Classical.choice,
 Quot.sound]
'Mock2FA.PaperCorrections.AutomorphicSobolev.FixedPhaseHorocycleTrace.completedSelectedCuspTrace_core' depends on axioms: [propext,
 sorryAx,
 Classical.choice,
 Quot.sound]
'Mock2FA.PaperCorrections.AutomorphicSobolev.FixedPhaseHorocycleTrace.completedSelectedCuspTraceUniformFamily_tendsto_zero' depends on axioms: [propext,
 sorryAx,
 Classical.choice,
 Quot.sound]
'Mock2FA.PaperCorrections.AutomorphicSobolev.FixedPhaseHorocycleTrace.completedSelectedCuspTraceFamily_tendsto_zero' depends on axioms: [propext,
 sorryAx,
 Classical.choice,
 Quot.sound]
'Mock2FA.PaperCorrections.AutomorphicSobolev.FixedPhaseHorocycleTrace.hasCofinalTraceVanishingSubsequence_of_fullLimit' depends on axioms: [propext,
 Classical.choice,
 Quot.sound]
Try this:
  [apply] ring_nf
  
  The `ring` tactic failed to close the goal. Use `ring_nf` to obtain a normal form.
    
  Note that `ring` works primarily in *commutative* rings. If you have a noncommutative ring, abelian group or module, consider using `noncomm_ring`, `abel` or `module` instead.
PrimalitySheafVerification/Mock2_FunctionalAnalysis.lean:37035:133: error: unsolved goals
n : ℤ
u : HalfWeightDifferentialOperators.InverseEtaFixedPhaseCore (n + 1)
v : PhysicalLocalL2.AmbientTestCore
hEq :
  EqOn (SmoothCompactCoreGeometry.upperLift (PhysicalLocalL2.fixedPhaseEuclideanGauge (n + 1) u)) (⇑v)
    PhysicalLocalL2.ambientGammaTwoOpenCarrier
z : ℍ
hz : ↑z ∈ PhysicalLocalL2.ambientGammaTwoOpenCarrier
hx :
  HalfWeightDifferentialOperators.dx (PhysicalLocalL2.fixedPhaseEuclideanGauge (n + 1) u) z =
    (HalfWeightCompactCoordinateGreen.dx v) ↑z
hy :
  HalfWeightDifferentialOperators.dy (PhysicalLocalL2.fixedPhaseEuclideanGauge (n + 1) u) z =
    (HalfWeightCompactCoordinateGreen.dy v) ↑z
hv : PhysicalLocalL2.fixedPhaseEuclideanGauge (n + 1) u z = v ↑z
⊢ Complex.I * ↑z.im * (HalfWeightCompactCoordinateGreen.dx v) ↑z - ↑z.im * (HalfWeightCompactCoordinateGreen.dy v) ↑z +
      ↑(1 + PhysicalLocalL2.euclideanGaugeExponent n) * v ↑z =
    Complex.I * (HalfWeightCompactCoordinateGreen.dx v) ↑z * ↑(↑z).im -
        (HalfWeightCompactCoordinateGreen.dy v) ↑z * ↑(↑z).im +
      ↑(1 + PhysicalLocalL2.euclideanGaugeExponent n) * v ↑z
Try this:
  [apply] ring_nf
  
  The `ring` tactic failed to close the goal. Use `ring_nf` to obtain a normal form.
    
  Note that `ring` works primarily in *commutative* rings. If you have a noncommutative ring, abelian group or module, consider using `noncomm_ring`, `abel` or `module` instead.
PrimalitySheafVerification/Mock2_FunctionalAnalysis.lean:37063:141: error: unsolved goals
n : ℤ
u : HalfWeightDifferentialOperators.InverseEtaFixedPhaseCore n
v : PhysicalLocalL2.AmbientTestCore
hEq :
  EqOn (SmoothCompactCoreGeometry.upperLift (PhysicalLocalL2.fixedPhaseEuclideanGauge n u)) (⇑v)
    PhysicalLocalL2.ambientGammaTwoOpenCarrier
z : ℍ
hz : ↑z ∈ PhysicalLocalL2.ambientGammaTwoOpenCarrier
hx :
  HalfWeightDifferentialOperators.dx (PhysicalLocalL2.fixedPhaseEuclideanGauge n u) z =
    (HalfWeightCompactCoordinateGreen.dx v) ↑z
hy :
  HalfWeightDifferentialOperators.dy (PhysicalLocalL2.fixedPhaseEuclideanGauge n u) z =
    (HalfWeightCompactCoordinateGreen.dy v) ↑z
hv : PhysicalLocalL2.fixedPhaseEuclideanGauge n u z = v ↑z
⊢ -(Complex.I * ↑z.im * (HalfWeightCompactCoordinateGreen.dx v) ↑z) -
        ↑z.im * (HalfWeightCompactCoordinateGreen.dy v) ↑z -
      ↑(2 + PhysicalLocalL2.euclideanGaugeExponent n) * v ↑z =
    -(Complex.I * (HalfWeightCompactCoordinateGreen.dx v) ↑z * ↑(↑z).im) -
        (HalfWeightCompactCoordinateGreen.dy v) ↑z * ↑(↑z).im -
      ↑(2 + PhysicalLocalL2.euclideanGaugeExponent n) * v ↑z
PrimalitySheafVerification/Mock2_FunctionalAnalysis.lean:37069:4: warning: This simp argument is unused:
  add_apply

Hint: Omit it from the simp argument list.
  [apply] simp only [Mock2FA.PaperCorrections.AutomorphicSobolev.FixedPhaseClosedOperators.PhysicalLocalL2.euclideanRaiseGauge,
    Mock2FA.PaperCorrections.AutomorphicSobolev.FixedPhaseClosedOperators.PhysicalLocalL2.euclideanLowerFromSuccTestAdjoint,
    sub_apply, smul_apply, HalfWeightCompactCoordinateGreen.rpowMul_apply, HalfWeightCompactCoordinateGreen.rpowScale,
    Real.rpow_one, HalfWeightDifferentialOperators.heightC, smul_eq_mul]

Note: This linter can be disabled with `set_option linter.unusedSimpArgs false`
PrimalitySheafVerification/Mock2_FunctionalAnalysis.lean:37127:13: error: Tactic `rewrite` failed: Did not find an occurrence of the pattern
  ↑↑((PhysicalLocalL2.orbitPeterssonEuclideanEmbedding n)
          ((l2Coordinate n) ((HalfWeightDifferentialOperators.InverseEtaFixedPhaseCore.lowerFromSucc n) u)))
    z
in the target expression
  (-↑↑((PhysicalLocalL2.orbitPeterssonEuclideanEmbedding n)
              ((l2Coordinate n) ((HalfWeightDifferentialOperators.InverseEtaFixedPhaseCore.lowerFromSucc n) u))))
      z =
    ↑↑(PhysicalLocalL2.ambientTestCoreToCarrierL2 n (PhysicalLocalL2.euclideanRaiseTestAdjoint n v)) z

n : ℤ
u : HalfWeightDifferentialOperators.InverseEtaFixedPhaseCore (n + 1)
v : PhysicalLocalL2.AmbientTestCore
hEq :
  EqOn (SmoothCompactCoreGeometry.upperLift (PhysicalLocalL2.fixedPhaseEuclideanGauge (n + 1) u)) (⇑v)
    PhysicalLocalL2.ambientGammaTwoOpenCarrier
z : ℍ
hzNeg :
  ↑↑(-(PhysicalLocalL2.orbitPeterssonEuclideanEmbedding n)
              ((l2Coordinate n) ((HalfWeightDifferentialOperators.InverseEtaFixedPhaseCore.lowerFromSucc n) u)))
      z =
    (-↑↑((PhysicalLocalL2.orbitPeterssonEuclideanEmbedding n)
              ((l2Coordinate n) ((HalfWeightDifferentialOperators.InverseEtaFixedPhaseCore.lowerFromSucc n) u))))
      z
hzPhysical :
  ↑↑((PhysicalLocalL2.orbitPeterssonEuclideanEmbedding n)
            ((l2Coordinate n) ((HalfWeightDifferentialOperators.InverseEtaFixedPhaseCore.lowerFromSucc n) u)))
      z =
    PhysicalLocalL2.fixedPhaseEuclideanGauge n
      ((HalfWeightDifferentialOperators.InverseEtaFixedPhaseCore.lowerFromSucc n) u) z
hzTest :
  ↑↑(PhysicalLocalL2.ambientTestCoreToCarrierL2 n (PhysicalLocalL2.euclideanRaiseTestAdjoint n v)) z =
    (PhysicalLocalL2.euclideanRaiseTestAdjoint n v) ↑z
hzOpen : z ∈ GammaTwoQuotientGeometry.gammaTwoOpenCarrier
⊢ (-↑↑((PhysicalLocalL2.orbitPeterssonEuclideanEmbedding n)
              ((l2Coordinate n) ((HalfWeightDifferentialOperators.InverseEtaFixedPhaseCore.lowerFromSucc n) u))))
      z =
    ↑↑(PhysicalLocalL2.ambientTestCoreToCarrierL2 n (PhysicalLocalL2.euclideanRaiseTestAdjoint n v)) z
PrimalitySheafVerification/Mock2_FunctionalAnalysis.lean:37159:13: error: Tactic `rewrite` failed: Did not find an occurrence of the pattern
  ↑↑((PhysicalLocalL2.orbitPeterssonEuclideanEmbedding (n + 1))
          ((l2Coordinate (n + 1)) ((HalfWeightDifferentialOperators.InverseEtaFixedPhaseCore.raise n) u)))
    z
in the target expression
  (-↑↑((PhysicalLocalL2.orbitPeterssonEuclideanEmbedding (n + 1))
              ((l2Coordinate (n + 1)) ((HalfWeightDifferentialOperators.InverseEtaFixedPhaseCore.raise n) u))))
      z =
    ↑↑(PhysicalLocalL2.ambientTestCoreToCarrierL2 (n + 1) (PhysicalLocalL2.euclideanLowerFromSuccTestAdjoint n v)) z

n : ℤ
u : HalfWeightDifferentialOperators.InverseEtaFixedPhaseCore n
v : PhysicalLocalL2.AmbientTestCore
hEq :
  EqOn (SmoothCompactCoreGeometry.upperLift (PhysicalLocalL2.fixedPhaseEuclideanGauge n u)) (⇑v)
    PhysicalLocalL2.ambientGammaTwoOpenCarrier
z : ℍ
hzNeg :
  ↑↑(-(PhysicalLocalL2.orbitPeterssonEuclideanEmbedding (n + 1))
              ((l2Coordinate (n + 1)) ((HalfWeightDifferentialOperators.InverseEtaFixedPhaseCore.raise n) u)))
      z =
    (-↑↑((PhysicalLocalL2.orbitPeterssonEuclideanEmbedding (n + 1))
              ((l2Coordinate (n + 1)) ((HalfWeightDifferentialOperators.InverseEtaFixedPhaseCore.raise n) u))))
      z
hzPhysical :
  ↑↑((PhysicalLocalL2.orbitPeterssonEuclideanEmbedding (n + 1))
            ((l2Coordinate (n + 1)) ((HalfWeightDifferentialOperators.InverseEtaFixedPhaseCore.raise n) u)))
      z =
    PhysicalLocalL2.fixedPhaseEuclideanGauge (n + 1)
      ((HalfWeightDifferentialOperators.InverseEtaFixedPhaseCore.raise n) u) z
hzTest :
  ↑↑(PhysicalLocalL2.ambientTestCoreToCarrierL2 (n + 1) (PhysicalLocalL2.euclideanLowerFromSuccTestAdjoint n v)) z =
    (PhysicalLocalL2.euclideanLowerFromSuccTestAdjoint n v) ↑z
hzOpen : z ∈ GammaTwoQuotientGeometry.gammaTwoOpenCarrier
⊢ (-↑↑((PhysicalLocalL2.orbitPeterssonEuclideanEmbedding (n + 1))
              ((l2Coordinate (n + 1)) ((HalfWeightDifferentialOperators.InverseEtaFixedPhaseCore.raise n) u))))
      z =
    ↑↑(PhysicalLocalL2.ambientTestCoreToCarrierL2 (n + 1) (PhysicalLocalL2.euclideanLowerFromSuccTestAdjoint n v)) z
PrimalitySheafVerification/Mock2_FunctionalAnalysis.lean:37202:4: error: Type mismatch: After simplification, term
  hFormal
 has type
  ⟪p.2, (l2Coordinate (n + 1)) u⟫_ℂ = ⟪p.1, ↑(-physicalLowerFromSucc n) ((l2CoreRangeEquiv (n + 1)) u)⟫_ℂ
but is expected to have type
  ⟪p.2, (l2Coordinate (n + 1)) u⟫_ℂ = ⟪p.1, -(lowerFromSuccCoordinate n) u⟫_ℂ
PrimalitySheafVerification/Mock2_FunctionalAnalysis.lean:37250:4: error: Type mismatch: After simplification, term
  hFormal
 has type
  ⟪p.2, (l2Coordinate n) u⟫_ℂ = ⟪p.1, ↑(-physicalRaise n) ((l2CoreRangeEquiv n) u)⟫_ℂ
but is expected to have type
  ⟪p.2, (l2Coordinate n) u⟫_ℂ = ⟪p.1, -(raisedCoordinate n) u⟫_ℂ
'Mock2FA.PaperCorrections.AutomorphicSobolev.FixedPhaseEssentialCoreRoute.hasSequentialGraphCore_of_localization_of_regularization' depends on axioms: [propext,
 Classical.choice,
 Quot.sound]
'Mock2FA.PaperCorrections.AutomorphicSobolev.FixedPhaseEssentialCoreRoute.physicalRaise_graph_isEuclideanRaisingWeakGraphAt' depends on axioms: [propext,
 Classical.choice,
 Quot.sound]
'Mock2FA.PaperCorrections.AutomorphicSobolev.FixedPhaseEssentialCoreRoute.physicalLowerFromSucc_graph_isEuclideanLoweringWeakGraphAt' depends on axioms: [propext,
 Classical.choice,
 Quot.sound]
'Mock2FA.PaperCorrections.AutomorphicSobolev.FixedPhaseEssentialCoreRoute.dx_periodizedGauge_eq_ambientTest' depends on axioms: [propext,
 Classical.choice,
 Quot.sound]
'Mock2FA.PaperCorrections.AutomorphicSobolev.FixedPhaseEssentialCoreRoute.dy_periodizedGauge_eq_ambientTest' depends on axioms: [propext,
 Classical.choice,
 Quot.sound]
'Mock2FA.PaperCorrections.AutomorphicSobolev.FixedPhaseEssentialCoreRoute.embedded_neg_lowerFromSuccCoordinate_eq_raiseTestAdjoint' depends on axioms: [propext,
 sorryAx,
 Classical.choice,
 Quot.sound]
'Mock2FA.PaperCorrections.AutomorphicSobolev.FixedPhaseEssentialCoreRoute.embedded_neg_raisedCoordinate_eq_lowerFromSuccTestAdjoint' depends on axioms: [propext,
 sorryAx,
 Classical.choice,
 Quot.sound]
'Mock2FA.PaperCorrections.AutomorphicSobolev.FixedPhaseEssentialCoreRoute.raisingMaximalAdjointWeakMaassIdentificationAt_of_periodization' depends on axioms: [propext,
 sorryAx,
 Classical.choice,
 Quot.sound]
'Mock2FA.PaperCorrections.AutomorphicSobolev.FixedPhaseEssentialCoreRoute.loweringMaximalAdjointWeakMaassIdentificationAt_of_periodization' depends on axioms: [propext,
 sorryAx,
 Classical.choice,
 Quot.sound]
'Mock2FA.PaperCorrections.AutomorphicSobolev.FixedPhaseEssentialCoreRoute.raisingMaximalAdjointSequentialApproximationAt_of_analyticRoute' depends on axioms: [propext,
 Classical.choice,
 Quot.sound]
'Mock2FA.PaperCorrections.AutomorphicSobolev.FixedPhaseEssentialCoreRoute.loweringMaximalAdjointSequentialApproximationAt_of_analyticRoute' depends on axioms: [propext,
 Classical.choice,
 Quot.sound]
'Mock2FA.PaperCorrections.AutomorphicSobolev.FixedPhaseEssentialCoreRoute.strongCrossAdjointAt_of_weakMaass_cutoff_Friedrichs' depends on axioms: [propext,
 sorryAx,
 Classical.choice,
 Quot.sound]
'Mock2FA.PaperCorrections.AutomorphicSobolev.FixedPhaseEssentialCoreRoute.strongCrossAdjointAt_of_periodization_cutoff_Friedrichs' depends on axioms: [propext,
 sorryAx,
 Classical.choice,
 Quot.sound]
PrimalitySheafVerification/Mock2_FunctionalAnalysis.lean:37569:4: error: Type mismatch: After simplification, term
  h
 has type
  @Eq ℍ (gamma • gammaTwoKernelTestPoint) gammaTwoKernelTestPoint
but is expected to have type
  @Eq ℍ (↑gamma • gammaTwoKernelTestPoint) gammaTwoKernelTestPoint
PrimalitySheafVerification/Mock2_FunctionalAnalysis.lean:37604:4: error: Tactic `rewrite` failed: Did not find an occurrence of the pattern
  inverseEtaPaperOrbitDenom gammaTwoCentralNegOne ?z
in the target expression
  1 *
      UpperHalfPlane.denom
          (Matrix.SpecialLinearGroup.toGL ((Matrix.SpecialLinearGroup.map (Int.castRingHom ℝ)) ↑gammaTwoCentralNegOne))
          ↑z ^
        (2 * m) =
    1

m : ℤ
z : ℍ
heven : (-1) ^ (2 * m) = 1
⊢ 1 *
      UpperHalfPlane.denom
          (Matrix.SpecialLinearGroup.toGL ((Matrix.SpecialLinearGroup.map (Int.castRingHom ℝ)) ↑gammaTwoCentralNegOne))
          ↑z ^
        (2 * m) =
    1
PrimalitySheafVerification/Mock2_FunctionalAnalysis.lean:37680:46: warning: This simp argument is unused:
  Function.comp_def

Hint: Omit it from the simp argument list.
  [apply] simp [upperLift, gammaTwoPeriodizationSeed, UpperHalfPlane.ofComplex_apply_of_im_pos hw]

Note: This linter can be disabled with `set_option linter.unusedSimpArgs false`
PrimalitySheafVerification/Mock2_FunctionalAnalysis.lean:37699:4: error: Type mismatch: After simplification, term
  gammaTwoMoebiusCoordinate_realSmooth gamma
 has type
  @ContDiffOn ℝ DenselyNormedField.toNontriviallyNormedField ℂ Complex.instNormedAddCommGroup
    instInnerProductSpaceRealComplex.toNormedSpace ℂ Complex.instNormedAddCommGroup
    instInnerProductSpaceRealComplex.toNormedSpace ∞
    (fun x => gammaTwoMoebiusCoordinate gamma (↑UpperHalfPlane.ofComplex x)) UpperHalfPlane.upperHalfPlaneSet
but is expected to have type
  @ContDiffOn ℝ DenselyNormedField.toNontriviallyNormedField ℂ Complex.instNormedAddCommGroup
    instInnerProductSpaceRealComplex.toNormedSpace ℂ Complex.instNormedAddCommGroup
    instInnerProductSpaceRealComplex.toNormedSpace ∞ (gammaTwoMoebiusChart gamma) UpperHalfPlane.upperHalfPlaneSet
PrimalitySheafVerification/Mock2_FunctionalAnalysis.lean:37721:53: error(lean.invalidField): Invalid field `comp_gammaTwo_smul`: The environment does not contain `Function.comp_gammaTwo_smul`, so it is not possible to project the field `comp_gammaTwo_smul` from an expression
  inverseEtaPaperOrbitFactor_realSmooth m gamma
of type
  ∀ x ∈ UpperHalfPlane.upperHalfPlaneSet,
    ContDiffWithinAt ℝ ∞ (upperLift (inverseEtaPaperOrbitFactor m gamma)) UpperHalfPlane.upperHalfPlaneSet x
PrimalitySheafVerification/Mock2_FunctionalAnalysis.lean:37730:53: error: unsolved goals
m : ℤ
v : AmbientTestCore
gamma : ↥GammaTwo
z : ℍ
hz : z ∈ support (gammaTwoPeriodizationTerm m v gamma)
hzero : gammaTwoPeriodizationSeed m v (↑gamma⁻¹ • z) = 0
⊢ ((ModularForm.eta
            ↑((Matrix.SpecialLinearGroup.toGL ((Matrix.SpecialLinearGroup.map (Int.castRingHom ℝ)) ↑gamma))⁻¹ • z) =
          0 ∨
        ModularForm.eta ↑z = 0) ∨
      inverseEtaPaperOrbitDenom gamma
            ((Matrix.SpecialLinearGroup.toGL ((Matrix.SpecialLinearGroup.map (Int.castRingHom ℝ)) ↑gamma))⁻¹ • z) ^
          (2 * m) =
        0) ∨
    ((Matrix.SpecialLinearGroup.toGL ((Matrix.SpecialLinearGroup.map (Int.castRingHom ℝ)) ↑gamma))⁻¹ • z).im ^
          (-euclideanGaugeExponent m) =
        0 ∨
      v ↑((Matrix.SpecialLinearGroup.toGL ((Matrix.SpecialLinearGroup.map (Int.castRingHom ℝ)) ↑gamma))⁻¹ • z) = 0
PrimalitySheafVerification/Mock2_FunctionalAnalysis.lean:37739:26: error: Application type mismatch: The argument
  hseed
has type
  gammaTwoPeriodizationSeed m v (↑gamma⁻¹ • z) ≠ 0
of sort `Prop` but is expected to have type
  ?m.80 → ?m.81
of sort `Type (max ?u.64 ?u.65)` in the application
  subset_tsupport hseed
PrimalitySheafVerification/Mock2_FunctionalAnalysis.lean:37740:2: error: unsolved goals
case refine_2
m : ℤ
v : AmbientTestCore
gamma : ↥GammaTwo
z : ℍ
hz : z ∈ support (gammaTwoPeriodizationTerm m v gamma)
hseed : gammaTwoPeriodizationSeed m v (↑gamma⁻¹ • z) ≠ 0
⊢ gamma • (Matrix.SpecialLinearGroup.toGL ((Matrix.SpecialLinearGroup.map (Int.castRingHom ℝ)) ↑gamma))⁻¹ • z = z
PrimalitySheafVerification/Mock2_FunctionalAnalysis.lean:37733:37: warning: This simp argument is unused:
  hzero

Hint: Omit it from the simp argument list.
  [apply] simp [gammaTwoPeriodizationTerm]

Note: This linter can be disabled with `set_option linter.unusedSimpArgs false`
PrimalitySheafVerification/Mock2_FunctionalAnalysis.lean:37776:8: error: Tactic `rewrite` failed: Did not find an occurrence of the pattern
  ?m.166 ∈ htfinite.toFinset
in the target expression
  i ∈ ↑I

iota : Type u_1
f : iota → ℍ → ℂ
hlocal : LocallyFinite fun i => support (f i)
hsmooth : ∀ (i : iota), RealSmooth (f i)
w : ℂ
hw : w ∈ UpperHalfPlane.upperHalfPlaneSet
z : ℍ := { coe := w, coe_im_pos := hw }
t : Set ℍ
htnhds : t ∈ 𝓝 z
htfinite : {i | ((fun i => support (f i)) i ∩ t).Nonempty}.Finite
U : Set ℍ
hUt : U ⊆ t
hUopen : IsOpen U
hzU : z ∈ U
I : Finset iota := htfinite.toFinset
hAmbientNhds : UpperHalfPlane.coe '' U ∈ 𝓝 ↑z
x : ℍ
hxU : x ∈ U
i : iota
hi : i ∈ support fun i => f i x
⊢ i ∈ ↑I
PrimalitySheafVerification/Mock2_FunctionalAnalysis.lean:37803:2: error: Type mismatch: After simplification, term
  RealSmooth.const_complex_smul (1 / 2) hsum
 has type
  RealSmooth (2⁻¹ • fun z => ∑ᶠ (gamma : ↥GammaTwo), gammaTwoPeriodizationTerm m v gamma z)
but is expected to have type
  RealSmooth (gammaTwoPoincarePeriodization m v)
PrimalitySheafVerification/Mock2_FunctionalAnalysis.lean:37826:4: error: Type mismatch: After simplification, term
  factor_mul (inverseEtaPaperOrbitMultiplier GammaTwo m) delta gamma (↑gamma⁻¹ • z)
 has type
  (inverseEtaPaperOrbitMultiplier GammaTwo m).factor (delta * gamma) (↑gamma⁻¹ • z) =
    (inverseEtaPaperOrbitMultiplier GammaTwo m).factor delta (↑gamma • ↑gamma⁻¹ • z) *
      (inverseEtaPaperOrbitMultiplier GammaTwo m).factor gamma (↑gamma⁻¹ • z)
but is expected to have type
  (inverseEtaPaperOrbitMultiplier GammaTwo m).factor (delta * gamma) (↑gamma⁻¹ • z) =
    (inverseEtaPaperOrbitMultiplier GammaTwo m).factor delta z *
      (inverseEtaPaperOrbitMultiplier GammaTwo m).factor gamma (↑gamma⁻¹ • z)
Try this:
  [apply] ring_nf
  
  The `ring` tactic failed to close the goal. Use `ring_nf` to obtain a normal form.
    
  Note that `ring` works primarily in *commutative* rings. If you have a noncommutative ring, abelian group or module, consider using `noncomm_ring`, `abel` or `module` instead.
PrimalitySheafVerification/Mock2_FunctionalAnalysis.lean:37840:47: error: unsolved goals
m : ℤ
v : AmbientTestCore
delta : ↥GammaTwo
z : ℍ
hreindex :
  ∑ᶠ (gamma : ↥GammaTwo), gammaTwoPeriodizationTerm m v gamma (↑delta • z) =
    ∑ᶠ (gamma : ↥GammaTwo), gammaTwoPeriodizationTerm m v (delta * gamma) (↑delta • z)
⊢ ((inverseEtaPaperOrbitMultiplier GammaTwo m).factor delta z *
        ∑ᶠ (gamma : ↥GammaTwo), gammaTwoPeriodizationTerm m v gamma z) *
      (1 / 2) =
    (inverseEtaPaperOrbitMultiplier GammaTwo m).factor delta z * gammaTwoPoincarePeriodization m v z
PrimalitySheafVerification/Mock2_FunctionalAnalysis.lean:37877:59: error: Application type mismatch: The argument
  hterm
has type
  ¬gammaTwoPeriodizationTerm m v gamma z = 0
of sort `Prop` but is expected to have type
  ↥GammaTwo
of sort `Type` in the application
  support_gammaTwoPeriodizationTerm_subset m v hterm
PrimalitySheafVerification/Mock2_FunctionalAnalysis.lean:37897:4: error: Type mismatch
  gammaTwoQuotientMk_gamma_smul gamma x
has type
  gammaTwoQuotientMk (gamma • x) = gammaTwoQuotientMk x
but is expected to have type
  gammaTwoQuotientMk x = gammaTwoQuotientMk ((fun x => gamma • x) x)
PrimalitySheafVerification/Mock2_FunctionalAnalysis.lean:37935:41: error: unsolved goals
m : ℤ
v : AmbientTestCore
z : ℍ
⊢ ModularForm.eta ↑z / ModularForm.eta ↑z * (-1) ^ (2 * m) * (↑(z.im ^ (-euclideanGaugeExponent m)) * v ↑z) =
    ↑(z.im ^ (-euclideanGaugeExponent m)) * v ↑z
PrimalitySheafVerification/Mock2_FunctionalAnalysis.lean:37951:53: error: unsolved goals
m : ℤ
v : AmbientTestCore
hv : tsupport ⇑v ⊆ ambientGammaTwoOpenCarrier
z : ℍ
hz : z ∈ gammaTwoOpenCarrier
gamma : ↥GammaTwo
hgamma : gamma ∈ support fun gamma => gammaTwoPeriodizationTerm m v gamma z
hzero : gammaTwoPeriodizationSeed m v (↑gamma⁻¹ • z) = 0
⊢ ((ModularForm.eta
            ↑((Matrix.SpecialLinearGroup.toGL ((Matrix.SpecialLinearGroup.map (Int.castRingHom ℝ)) ↑gamma))⁻¹ • z) =
          0 ∨
        ModularForm.eta ↑z = 0) ∨
      inverseEtaPaperOrbitDenom gamma
            ((Matrix.SpecialLinearGroup.toGL ((Matrix.SpecialLinearGroup.map (Int.castRingHom ℝ)) ↑gamma))⁻¹ • z) ^
          (2 * m) =
        0) ∨
    ((Matrix.SpecialLinearGroup.toGL ((Matrix.SpecialLinearGroup.map (Int.castRingHom ℝ)) ↑gamma))⁻¹ • z).im ^
          (-euclideanGaugeExponent m) =
        0 ∨
      v ↑((Matrix.SpecialLinearGroup.toGL ((Matrix.SpecialLinearGroup.map (Int.castRingHom ℝ)) ↑gamma))⁻¹ • z) = 0
PrimalitySheafVerification/Mock2_FunctionalAnalysis.lean:37961:26: error: Application type mismatch: The argument
  hseed
has type
  gammaTwoPeriodizationSeed m v (↑gamma⁻¹ • z) ≠ 0
of sort `Prop` but is expected to have type
  ?m.91 → ?m.92
of sort `Type (max ?u.79 ?u.80)` in the application
  subset_tsupport hseed
PrimalitySheafVerification/Mock2_FunctionalAnalysis.lean:37966:52: error: unsolved goals
m : ℤ
v : AmbientTestCore
hv : tsupport ⇑v ⊆ ambientGammaTwoOpenCarrier
z : ℍ
hz : z ∈ gammaTwoOpenCarrier
gamma : ↥GammaTwo
hgamma : gamma ∈ support fun gamma => gammaTwoPeriodizationTerm m v gamma z
hseed : gammaTwoPeriodizationSeed m v (↑gamma⁻¹ • z) ≠ 0
hxK : ↑gamma⁻¹ • z ∈ gammaTwoPeriodizationSeedSupport m v
hxOpen : ↑gamma⁻¹ • z ∈ gammaTwoOpenCarrier
a : GammaTwoEffective := gammaTwoEffectiveElement gamma
⊢ gamma • (Matrix.SpecialLinearGroup.toGL ((Matrix.SpecialLinearGroup.map (Int.castRingHom ℝ)) ↑gamma))⁻¹ • z = z
PrimalitySheafVerification/Mock2_FunctionalAnalysis.lean:37977:2: error: Type mismatch: After simplification, term
  hkernel
 has type
  gamma = 1 ∨ gamma = gammaTwoCentralNegOne
but is expected to have type
  gamma ∈ ↑{1, gammaTwoCentralNegOne}
PrimalitySheafVerification/Mock2_FunctionalAnalysis.lean:37954:37: warning: This simp argument is unused:
  hzero

Hint: Omit it from the simp argument list.
  [apply] simp [gammaTwoPeriodizationTerm]

Note: This linter can be disabled with `set_option linter.unusedSimpArgs false`
PrimalitySheafVerification/Mock2_FunctionalAnalysis.lean:37991:8: warning: This simp argument is unused:
  gammaTwoCentralNegOne_ne_one

Hint: Omit it from the simp argument list.
  [apply] simp

Note: This linter can be disabled with `set_option linter.unusedSimpArgs false`
'Mock2FA.PaperCorrections.AutomorphicSobolev.FixedPhaseEssentialCoreRoute.gammaTwoPoincarePeriodization_covariance' depends on axioms: [propext,
 sorryAx,
 Classical.choice,
 Quot.sound]
'Mock2FA.PaperCorrections.AutomorphicSobolev.FixedPhaseEssentialCoreRoute.gammaTwoPoincarePeriodization_quotientCompact' depends on axioms: [propext,
 sorryAx,
 Classical.choice,
 Quot.sound]
'Mock2FA.PaperCorrections.AutomorphicSobolev.FixedPhaseEssentialCoreRoute.ambientTestPhysicalGaugePeriodizationAt_unconditional' depends on axioms: [propext,
 sorryAx,
 Classical.choice,
 Quot.sound]
'Mock2FA.PaperCorrections.AutomorphicSobolev.FixedPhaseEssentialCoreRoute.raisingMaximalAdjointWeakMaassIdentificationAt_unconditional' depends on axioms: [propext,
 sorryAx,
 Classical.choice,
 Quot.sound]
'Mock2FA.PaperCorrections.AutomorphicSobolev.FixedPhaseEssentialCoreRoute.loweringMaximalAdjointWeakMaassIdentificationAt_unconditional' depends on axioms: [propext,
 sorryAx,
 Classical.choice,
 Quot.sound]
PrimalitySheafVerification/Mock2_FunctionalAnalysis.lean:38105:8: error(lean.unknownIdentifier): Unknown identifier `quotientTSupport`
PrimalitySheafVerification/Mock2_FunctionalAnalysis.lean:38109:11: error(lean.unknownIdentifier): Unknown identifier `SmoothQuotientCompactFunction`
PrimalitySheafVerification/Mock2_FunctionalAnalysis.lean:38117:13: error(lean.unknownIdentifier): Unknown identifier `SmoothQuotientCompactFunction`
PrimalitySheafVerification/Mock2_FunctionalAnalysis.lean:38120:10: error(lean.unknownIdentifier): Unknown identifier `quotientTSupport`
PrimalitySheafVerification/Mock2_FunctionalAnalysis.lean:38122:23: error: Invalid `⟨...⟩` notation: The expected type of this term could not be determined
PrimalitySheafVerification/Mock2_FunctionalAnalysis.lean:38168:10: error: Tactic `rewrite` failed: Did not find an occurrence of the pattern
  ‖Real.smoothTransition ?m.108‖
in the target expression
  ‖upstairsCuspCutoffReal N z‖ ≤ 1

N : ℕ
n : ℤ
u : HalfWeightDifferentialOperators.InverseEtaFixedPhaseCore n
z : ℍ
hzCut :
  ↑↑((PhysicalLocalL2.orbitPeterssonEuclideanEmbedding n) ((l2Coordinate n) ((cuspCutoffOperator N n) u))) z =
    PhysicalLocalL2.fixedPhaseEuclideanGauge n ((cuspCutoffOperator N n) u) z
hzBase :
  ↑↑((PhysicalLocalL2.orbitPeterssonEuclideanEmbedding n) ((l2Coordinate n) u)) z =
    PhysicalLocalL2.fixedPhaseEuclideanGauge n u z
⊢ ‖upstairsCuspCutoffReal N z‖ ≤ 1
PrimalitySheafVerification/Mock2_FunctionalAnalysis.lean:38155:33: error: (deterministic) timeout at `whnf`, maximum number of heartbeats (200000) has been reached

Note: Use `set_option maxHeartbeats <num>` to set the limit.

Hint: Additional diagnostic information may be available using the `set_option diagnostics true` command.
PrimalitySheafVerification/Mock2_FunctionalAnalysis.lean:38192:48: error: Application type mismatch: The argument
  l2Coordinate n
has type
  @LinearMap ℂ ℂ Complex.instSemiring Complex.instSemiring (RingHom.id ℂ)
    (HalfWeightDifferentialOperators.InverseEtaFixedPhaseCore n) (OrbitPeterssonHilbert n)
    (HalfWeightDifferentialOperators.inverseEtaFixedPhaseStableCoreSubmodule n).addCommMonoid
    UniformSpace.Completion.instAddCommGroup.toAddCommMonoid
    (HalfWeightDifferentialOperators.inverseEtaFixedPhaseStableCoreSubmodule n).module
    UniformSpace.Completion.instModule
but is expected to have type
  @LinearMap ℂ ℂ DivisionRing.toDivisionSemiring.toSemiring DivisionRing.toDivisionSemiring.toSemiring (RingHom.id ℂ)
    ?m.14 (OrbitPeterssonHilbert n) AddCommGroup.toAddCommMonoid
    NormedAddCommGroup.toSeminormedAddCommGroup.toAddCommMonoid ?m.23 UniformSpace.Completion.instModule
in the application
  LinearMap.extendOfNorm ?m.29 (l2Coordinate n)
PrimalitySheafVerification/Mock2_FunctionalAnalysis.lean:38199:35: error: (deterministic) timeout at `whnf`, maximum number of heartbeats (200000) has been reached

Note: Use `set_option maxHeartbeats <num>` to set the limit.

Hint: Additional diagnostic information may be available using the `set_option diagnostics true` command.
PrimalitySheafVerification/Mock2_FunctionalAnalysis.lean:38209:7: error: (deterministic) timeout at `whnf`, maximum number of heartbeats (200000) has been reached

Note: Use `set_option maxHeartbeats <num>` to set the limit.

Hint: Additional diagnostic information may be available using the `set_option diagnostics true` command.
PrimalitySheafVerification/Mock2_FunctionalAnalysis.lean:38217:5: error: (deterministic) timeout at `whnf`, maximum number of heartbeats (200000) has been reached

Note: Use `set_option maxHeartbeats <num>` to set the limit.

Hint: Additional diagnostic information may be available using the `set_option diagnostics true` command.
PrimalitySheafVerification/Mock2_FunctionalAnalysis.lean:38262:19: error(lean.unknownIdentifier): Unknown identifier `SmoothQuotientCompactFunction`
PrimalitySheafVerification/Mock2_FunctionalAnalysis.lean:38264:19: error(lean.unknownIdentifier): Unknown identifier `SmoothQuotientCompactFunction`
PrimalitySheafVerification/Mock2_FunctionalAnalysis.lean:38267:17: error(lean.unknownIdentifier): Unknown identifier `SmoothQuotientCompactFunction`
PrimalitySheafVerification/Mock2_FunctionalAnalysis.lean:38270:21: error(lean.unknownIdentifier): Unknown identifier `SmoothQuotientCompactFunction`
PrimalitySheafVerification/Mock2_FunctionalAnalysis.lean:38297:6: error: Tactic `rewrite` failed: Did not find an occurrence of the pattern
  (peterssonCuspCutoff ?N ?n) ((l2Coordinate ?n) ?u)
in the target expression
  ⟪↑(peterssonCuspCutoff N n) ((l2Coordinate n) u), (l2Coordinate n) v⟫_ℂ =
    ⟪(l2Coordinate n) u, ↑(peterssonCuspCutoff N n) ((l2Coordinate n) v)⟫_ℂ

N : ℕ
n : ℤ
x y : OrbitPeterssonHilbert n
u v : HalfWeightDifferentialOperators.InverseEtaFixedPhaseCore n
⊢ ⟪↑(peterssonCuspCutoff N n) ((l2Coordinate n) u), (l2Coordinate n) v⟫_ℂ =
    ⟪(l2Coordinate n) u, ↑(peterssonCuspCutoff N n) ((l2Coordinate n) v)⟫_ℂ
PrimalitySheafVerification/Mock2_FunctionalAnalysis.lean:38314:66: error: Type mismatch
  ε / 2
has type
  ℝ
of sort `Type` but is expected to have type
  0 < ?m.26
of sort `Prop`
PrimalitySheafVerification/Mock2_FunctionalAnalysis.lean:38374:4: error: Function expected at
  RealSmooth
but this term has type
  ?m.1

Note: Expected a function because this term is being applied to the argument
  (raiseCuspEuclideanCommutatorCoefficient N)

Hint: The identifier `RealSmooth` is unknown, and Lean's `autoImplicit` option causes an unknown identifier to be treated as an implicitly bound variable with an unknown type. However, the unknown type cannot be a function, and a function is what Lean expects here. This is often the result of a typo or a missing `import` or `open` statement.
PrimalitySheafVerification/Mock2_FunctionalAnalysis.lean:38379:4: error: Function expected at
  RealSmooth
but this term has type
  ?m.1

Note: Expected a function because this term is being applied to the argument
  (lowerCuspEuclideanCommutatorCoefficient N)

Hint: The identifier `RealSmooth` is unknown, and Lean's `autoImplicit` option causes an unknown identifier to be treated as an implicitly bound variable with an unknown type. However, the unknown type cannot be a function, and a function is what Lean expects here. This is often the result of a typo or a missing `import` or `open` statement.
PrimalitySheafVerification/Mock2_FunctionalAnalysis.lean:38380:32: error: Application type mismatch: The argument
  heightC_ne_zero
has type
  ∀ (z : ℍ), heightC z ≠ 0
but is expected to have type
  ∀ x ∈ UpperHalfPlane.upperHalfPlaneSet, SmoothCompactCoreGeometry.upperLift heightC x ≠ 0
in the application
  ContDiffOn.inv realSmooth_heightC heightC_ne_zero
PrimalitySheafVerification/Mock2_FunctionalAnalysis.lean:38384:4: error: Function expected at
  HasQuotientCompactSupport
but this term has type
  ?m.1

Note: Expected a function because this term is being applied to the argument
  (raiseCuspEuclideanCommutatorCoefficient N)

Hint: The identifier `HasQuotientCompactSupport` is unknown, and Lean's `autoImplicit` option causes an unknown identifier to be treated as an implicitly bound variable with an unknown type. However, the unknown type cannot be a function, and a function is what Lean expects here. This is often the result of a typo or a missing `import` or `open` statement.
PrimalitySheafVerification/Mock2_FunctionalAnalysis.lean:38387:44: error(lean.invalidField): Invalid field `raiseRaw`: The environment does not contain `Function.raiseRaw`, so it is not possible to project the field `raiseRaw` from an expression
  upstairsCuspCutoff_quotientCompact N
of type
  ?m.12 ≤ 𝓟 (SmoothCompactCoreGeometry.quotientTSupport (upstairsCuspCutoff N)) →
    ∃ x ∈ SmoothCompactCoreGeometry.quotientTSupport (upstairsCuspCutoff N), ClusterPt x ?m.12
PrimalitySheafVerification/Mock2_FunctionalAnalysis.lean:38390:4: error: Function expected at
  HasQuotientCompactSupport
but this term has type
  ?m.1

Note: Expected a function because this term is being applied to the argument
  (lowerCuspEuclideanCommutatorCoefficient N)

Hint: The identifier `HasQuotientCompactSupport` is unknown, and Lean's `autoImplicit` option causes an unknown identifier to be treated as an implicitly bound variable with an unknown type. However, the unknown type cannot be a function, and a function is what Lean expects here. This is often the result of a typo or a missing `import` or `open` statement.
PrimalitySheafVerification/Mock2_FunctionalAnalysis.lean:38393:44: error(lean.invalidField): Invalid field `lowerRaw`: The environment does not contain `Function.lowerRaw`, so it is not possible to project the field `lowerRaw` from an expression
  upstairsCuspCutoff_quotientCompact N
of type
  ?m.12 ≤ 𝓟 (SmoothCompactCoreGeometry.quotientTSupport (upstairsCuspCutoff N)) →
    ∃ x ∈ SmoothCompactCoreGeometry.quotientTSupport (upstairsCuspCutoff N), ClusterPt x ?m.12
PrimalitySheafVerification/Mock2_FunctionalAnalysis.lean:38402:16: error: Function expected at
  HasQuotientCompactSupport
but this term has type
  ?m.1

Note: Expected a function because this term is being applied to the argument
  f

Hint: The identifier `HasQuotientCompactSupport` is unknown, and Lean's `autoImplicit` option causes an unknown identifier to be treated as an implicitly bound variable with an unknown type. However, the unknown type cannot be a function, and a function is what Lean expects here. This is often the result of a typo or a missing `import` or `open` statement.
PrimalitySheafVerification/Mock2_FunctionalAnalysis.lean:38407:29: error(lean.unknownIdentifier): Unknown identifier `quotientTSupport`
PrimalitySheafVerification/Mock2_FunctionalAnalysis.lean:38410:7: error(lean.unknownIdentifier): Unknown identifier `quotientTSupport`
PrimalitySheafVerification/Mock2_FunctionalAnalysis.lean:38419:39: error: Invalid `⟨...⟩` notation: The expected type of this term could not be determined
PrimalitySheafVerification/Mock2_FunctionalAnalysis.lean:38423:52: error: Invalid `⟨...⟩` notation: The expected type of this term could not be determined
PrimalitySheafVerification/Mock2_FunctionalAnalysis.lean:38420:2: error: unsolved goals
case neg
x✝ : Sort u_1
HasQuotientCompactSupport : x✝
f : ℍ → ℂ
hf : Continuous f
hCompact : sorry
K : Set ℍ := gammaTwoClosedTileCarrier ∩ gammaTwoQuotientMk ⁻¹' sorry
hK : IsCompact K
hNonempty : ¬K.Nonempty
z : ℍ
hzCarrier : z ∈ gammaTwoClosedTileCarrier
hz : f z = 0
⊢ 0 ≤ 0
PrimalitySheafVerification/Mock2_FunctionalAnalysis.lean:38432:7: error: don't know how to synthesize implicit argument `HasQuotientCompactSupport`
  @raiseCuspEuclideanCommutatorCoefficient_quotientCompact (?m.13 N) (?m.14 N) N
context:
N : ℕ
⊢ ?m.13 N
PrimalitySheafVerification/Mock2_FunctionalAnalysis.lean:38432:7: error: don't know how to synthesize implicit argument
  @raiseCuspEuclideanCommutatorCoefficient_quotientCompact (?m.13 N) (?m.14 N) N
context:
N : ℕ
⊢ Sort ?u.9
PrimalitySheafVerification/Mock2_FunctionalAnalysis.lean:38434:8: warning: declaration uses `sorry`
PrimalitySheafVerification/Mock2_FunctionalAnalysis.lean:38441:8: warning: declaration uses `sorry`
PrimalitySheafVerification/Mock2_FunctionalAnalysis.lean:38456:7: error: don't know how to synthesize implicit argument `HasQuotientCompactSupport`
  @lowerCuspEuclideanCommutatorCoefficient_quotientCompact (?m.13 N) (?m.14 N) N
context:
N : ℕ
⊢ ?m.13 N
PrimalitySheafVerification/Mock2_FunctionalAnalysis.lean:38456:7: error: don't know how to synthesize implicit argument
  @lowerCuspEuclideanCommutatorCoefficient_quotientCompact (?m.13 N) (?m.14 N) N
context:
N : ℕ
⊢ Sort ?u.9
PrimalitySheafVerification/Mock2_FunctionalAnalysis.lean:38458:8: warning: declaration uses `sorry`
PrimalitySheafVerification/Mock2_FunctionalAnalysis.lean:38465:8: warning: declaration uses `sorry`
PrimalitySheafVerification/Mock2_FunctionalAnalysis.lean:38480:6: error(lean.unknownIdentifier): Unknown identifier `Mock2FA.PaperCorrections.AutomorphicSobolev.FixedPhaseClosedOperators.PhysicalLocalL2.euclideanGaugeExponent_pred`
PrimalitySheafVerification/Mock2_FunctionalAnalysis.lean:38479:141: error: unsolved goals
n : ℤ
z : ℍ
⊢ ↑(z.im ^ PhysicalLocalL2.euclideanGaugeExponent (n - 1)) =
    (heightC z)⁻¹ * ↑(z.im ^ PhysicalLocalL2.euclideanGaugeExponent n)
PrimalitySheafVerification/Mock2_FunctionalAnalysis.lean:38542:20: error: Tactic `rewrite` failed: Did not find an occurrence of the pattern
  ↑↑((PhysicalLocalL2.orbitPeterssonEuclideanEmbedding n) ((l2Coordinate n) u)) z
in the target expression
  ‖PhysicalLocalL2.fixedPhaseEuclideanGauge m v z‖ ≤
    ‖↑↑(↑C • (PhysicalLocalL2.orbitPeterssonEuclideanEmbedding n) ((l2Coordinate n) u)) z‖

m n : ℤ
v : InverseEtaFixedPhaseCore m
u : InverseEtaFixedPhaseCore n
c : ℍ → ℂ
C : ℝ
hC : 0 ≤ C
hGauge :
  ∀ (z : ℍ), PhysicalLocalL2.fixedPhaseEuclideanGauge m v z = c z * PhysicalLocalL2.fixedPhaseEuclideanGauge n u z
hBound : ∀ z ∈ gammaTwoClosedTileCarrier, ‖c z‖ ≤ C
z : ℍ
hzTarget :
  ↑↑((PhysicalLocalL2.orbitPeterssonEuclideanEmbedding m) ((l2Coordinate m) v)) z =
    PhysicalLocalL2.fixedPhaseEuclideanGauge m v z
hzSource :
  ↑↑((PhysicalLocalL2.orbitPeterssonEuclideanEmbedding n) ((l2Coordinate n) u)) z =
    PhysicalLocalL2.fixedPhaseEuclideanGauge n u z
hzOpen : z ∈ gammaTwoOpenCarrier
⊢ ‖PhysicalLocalL2.fixedPhaseEuclideanGauge m v z‖ ≤
    ‖↑↑(↑C • (PhysicalLocalL2.orbitPeterssonEuclideanEmbedding n) ((l2Coordinate n) u)) z‖
PrimalitySheafVerification/Mock2_FunctionalAnalysis.lean:38551:40: error: Tactic `rewrite` failed: Did not find an occurrence of the pattern
  |C|
in the target expression
  ‖C‖ * ‖(PhysicalLocalL2.orbitPeterssonEuclideanEmbedding n) ((l2Coordinate n) u)‖ =
    C * ‖(PhysicalLocalL2.orbitPeterssonEuclideanEmbedding n) ((l2Coordinate n) u)‖

m n : ℤ
v : InverseEtaFixedPhaseCore m
u : InverseEtaFixedPhaseCore n
c : ℍ → ℂ
C : ℝ
hC : 0 ≤ C
hGauge :
  ∀ (z : ℍ), PhysicalLocalL2.fixedPhaseEuclideanGauge m v z = c z * PhysicalLocalL2.fixedPhaseEuclideanGauge n u z
hBound : ∀ z ∈ gammaTwoClosedTileCarrier, ‖c z‖ ≤ C
⊢ ‖C‖ * ‖(PhysicalLocalL2.orbitPeterssonEuclideanEmbedding n) ((l2Coordinate n) u)‖ =
    C * ‖(PhysicalLocalL2.orbitPeterssonEuclideanEmbedding n) ((l2Coordinate n) u)‖
PrimalitySheafVerification/Mock2_FunctionalAnalysis.lean:38601:4: error: Application type mismatch: The argument
  l2Coordinate n
has type
  @LinearMap ℂ ℂ Complex.instSemiring Complex.instSemiring (RingHom.id ℂ) (InverseEtaFixedPhaseCore n)
    (OrbitPeterssonHilbert n) (inverseEtaFixedPhaseStableCoreSubmodule n).addCommMonoid
    UniformSpace.Completion.instAddCommGroup.toAddCommMonoid (inverseEtaFixedPhaseStableCoreSubmodule n).module
    UniformSpace.Completion.instModule
but is expected to have type
  @LinearMap ℂ ℂ DivisionRing.toDivisionSemiring.toSemiring DivisionRing.toDivisionSemiring.toSemiring (RingHom.id ℂ)
    ?m.20 (OrbitPeterssonHilbert n) AddCommGroup.toAddCommMonoid
    NormedAddCommGroup.toSeminormedAddCommGroup.toAddCommMonoid ?m.29 UniformSpace.Completion.instModule
in the application
  LinearMap.extendOfNorm ?m.35 (l2Coordinate n)
PrimalitySheafVerification/Mock2_FunctionalAnalysis.lean:38608:35: error: (deterministic) timeout at `whnf`, maximum number of heartbeats (200000) has been reached

Note: Use `set_option maxHeartbeats <num>` to set the limit.

Hint: Additional diagnostic information may be available using the `set_option diagnostics true` command.
PrimalitySheafVerification/Mock2_FunctionalAnalysis.lean:38618:4: error: Application type mismatch: The argument
  l2Coordinate n
has type
  @LinearMap ℂ ℂ Complex.instSemiring Complex.instSemiring (RingHom.id ℂ) (InverseEtaFixedPhaseCore n)
    (OrbitPeterssonHilbert n) (inverseEtaFixedPhaseStableCoreSubmodule n).addCommMonoid
    UniformSpace.Completion.instAddCommGroup.toAddCommMonoid (inverseEtaFixedPhaseStableCoreSubmodule n).module
    UniformSpace.Completion.instModule
but is expected to have type
  @LinearMap ℂ ℂ DivisionRing.toDivisionSemiring.toSemiring DivisionRing.toDivisionSemiring.toSemiring (RingHom.id ℂ)
    ?m.20 (OrbitPeterssonHilbert n) AddCommGroup.toAddCommMonoid
    NormedAddCommGroup.toSeminormedAddCommGroup.toAddCommMonoid ?m.29 UniformSpace.Completion.instModule
in the application
  LinearMap.extendOfNorm ?m.35 (l2Coordinate n)
PrimalitySheafVerification/Mock2_FunctionalAnalysis.lean:38625:35: error: (deterministic) timeout at `whnf`, maximum number of heartbeats (200000) has been reached

Note: Use `set_option maxHeartbeats <num>` to set the limit.

Hint: Additional diagnostic information may be available using the `set_option diagnostics true` command.
PrimalitySheafVerification/Mock2_FunctionalAnalysis.lean:38637:2: error(lean.synthInstanceFailed): failed to synthesize instance of type class
  HSub (InverseEtaFixedPhaseCore (n + 1) →ₗ[ℂ] InverseEtaFixedPhaseCore n)
    (InverseEtaFixedPhaseCore (n + 1) →ₗ[ℂ] InverseEtaFixedPhaseCore n) ?m.62

Hint: Type class instance resolution failures can be inspected with the `set_option trace.Meta.synthInstance true` command.
PrimalitySheafVerification/Mock2_FunctionalAnalysis.lean:38649:2: error: 'change' tactic failed, pattern
  lowerRaw (paperOrbitExponent (n + 1)) (upstairsCuspCutoff N * ↑↑u.toSmoothQuotientCompactFunction) z -
      upstairsCuspCutoff N z * lowerRaw (paperOrbitExponent (n + 1)) (↑↑u.toSmoothQuotientCompactFunction) z =
    ?m.79
is not definitionally equal to target
  ↑↑((lowerFromSuccCuspCutoffCommutator N n) u).toSmoothQuotientCompactFunction z =
    (-Complex.I * heightC z ^ 2 * dx (upstairsCuspCutoff N) z + heightC z ^ 2 * dy (upstairsCuspCutoff N) z) *
      ↑↑u.toSmoothQuotientCompactFunction z
PrimalitySheafVerification/Mock2_FunctionalAnalysis.lean:38703:4: error: Application type mismatch: The argument
  l2Coordinate (n + 1)
has type
  @LinearMap ℂ ℂ Complex.instSemiring Complex.instSemiring (RingHom.id ℂ) (InverseEtaFixedPhaseCore (n + 1))
    (OrbitPeterssonHilbert (n + 1)) (inverseEtaFixedPhaseStableCoreSubmodule (n + 1)).addCommMonoid
    UniformSpace.Completion.instAddCommGroup.toAddCommMonoid (inverseEtaFixedPhaseStableCoreSubmodule (n + 1)).module
    UniformSpace.Completion.instModule
but is expected to have type
  @LinearMap ℂ ℂ DivisionRing.toDivisionSemiring.toSemiring DivisionRing.toDivisionSemiring.toSemiring (RingHom.id ℂ)
    ?m.20 (OrbitPeterssonHilbert (n + 1)) AddCommGroup.toAddCommMonoid
    NormedAddCommGroup.toSeminormedAddCommGroup.toAddCommMonoid ?m.29 UniformSpace.Completion.instModule
in the application
  LinearMap.extendOfNorm ?m.35 (l2Coordinate (n + 1))
PrimalitySheafVerification/Mock2_FunctionalAnalysis.lean:38711:35: error: (deterministic) timeout at `whnf`, maximum number of heartbeats (200000) has been reached

Note: Use `set_option maxHeartbeats <num>` to set the limit.

Hint: Additional diagnostic information may be available using the `set_option diagnostics true` command.
PrimalitySheafVerification/Mock2_FunctionalAnalysis.lean:38750:4: error(lean.synthInstanceFailed): failed to synthesize instance of type class
  HSub (InverseEtaFixedPhaseCore n) (InverseEtaFixedPhaseCore n) ?m.84

Hint: Type class instance resolution failures can be inspected with the `set_option trace.Meta.synthInstance true` command.
PrimalitySheafVerification/Mock2_FunctionalAnalysis.lean:38787:9: error(lean.synthInstanceFailed): failed to synthesize instance of type class
  HSub (InverseEtaFixedPhaseCore (n + 1)) (InverseEtaFixedPhaseCore (n + 1)) ?m.115

Hint: Type class instance resolution failures can be inspected with the `set_option trace.Meta.synthInstance true` command.
PrimalitySheafVerification/Mock2_FunctionalAnalysis.lean:38826:9: error(lean.synthInstanceFailed): failed to synthesize instance of type class
  HSub (InverseEtaFixedPhaseCore n) (InverseEtaFixedPhaseCore n) ?m.103

Hint: Type class instance resolution failures can be inspected with the `set_option trace.Meta.synthInstance true` command.
PrimalitySheafVerification/Mock2_FunctionalAnalysis.lean:38900:10: error: Tactic `rewrite` failed: Did not find an occurrence of the pattern
  ↑(-?f) ?x
in the target expression
  (peterssonCuspCutoff N (n + 1)) (↑(-physicalRaise n) x) = (peterssonCuspCutoff N (n + 1)) (-(raisedCoordinate n) u)

N : ℕ
n : ℤ
x : ↥(l2Coordinate n).range
u : InverseEtaFixedPhaseCore n := (l2CoreRangeEquiv n).symm x
xCut : ↥(l2Coordinate n).range := ⟨(peterssonCuspCutoff N n) ↑x, ⋯⟩
hx : (l2Coordinate n) u = ↑x
hxCut : xCut = (l2CoreRangeEquiv n) ((cuspCutoffOperator N n) u)
⊢ (peterssonCuspCutoff N (n + 1)) (↑(-physicalRaise n) x) = (peterssonCuspCutoff N (n + 1)) (-(raisedCoordinate n) u)

Note: The target expression is not type-correct under the `implicit` transparency level, which may have triggered the failure. This is usually caused by unfolding of semireducible definitions in prior tactic steps. Use `set_option linter.tacticCheckInstances true` to investigate the source of the issue.
Full error:
  Application type mismatch: The argument
    x
  has type
    ↥(l2Coordinate n).range
  but is expected to have type
    ↥(-physicalRaise n).domain
  in the application
    ↑(-physicalRaise n) x
PrimalitySheafVerification/Mock2_FunctionalAnalysis.lean:38907:17: error: Tactic `rewrite` failed: Did not find an occurrence of the pattern
  ↑(-?f) ?x
in the target expression
  -(raisedCoordinate n) ((cuspCutoffOperator N n) u) + (raisePeterssonCuspCommutator N n) ((l2Coordinate n) u) =
    ↑(-physicalRaise n) ((l2CoreRangeEquiv n) ((cuspCutoffOperator N n) u)) + (raisePeterssonCuspCommutator N n) ↑x

N : ℕ
n : ℤ
x : ↥(l2Coordinate n).range
u : InverseEtaFixedPhaseCore n := (l2CoreRangeEquiv n).symm x
xCut : ↥(l2Coordinate n).range := ⟨(peterssonCuspCutoff N n) ↑x, ⋯⟩
hx : (l2Coordinate n) u = ↑x
hxCut : xCut = (l2CoreRangeEquiv n) ((cuspCutoffOperator N n) u)
⊢ -(raisedCoordinate n) ((cuspCutoffOperator N n) u) + (raisePeterssonCuspCommutator N n) ((l2Coordinate n) u) =
    ↑(-physicalRaise n) ((l2CoreRangeEquiv n) ((cuspCutoffOperator N n) u)) + (raisePeterssonCuspCommutator N n) ↑x

Note: The target expression is not type-correct under the `implicit` transparency level, which may have triggered the failure. This is usually caused by unfolding of semireducible definitions in prior tactic steps. Use `set_option linter.tacticCheckInstances true` to investigate the source of the issue.
Full error:
  Application type mismatch: The argument
    (l2CoreRangeEquiv n) ((cuspCutoffOperator N n) u)
  has type
    ↥(l2Coordinate n).range
  but is expected to have type
    ↥(-physicalRaise n).domain
  in the application
    ↑(-physicalRaise n) ((l2CoreRangeEquiv n) ((cuspCutoffOperator N n) u))
PrimalitySheafVerification/Mock2_FunctionalAnalysis.lean:38960:10: error: Tactic `rewrite` failed: Did not find an occurrence of the pattern
  ↑(-?f) ?x
in the target expression
  (peterssonCuspCutoff N n) (↑(-physicalLowerFromSucc n) x) = (peterssonCuspCutoff N n) (-(lowerFromSuccCoordinate n) u)

N : ℕ
n : ℤ
x : ↥(l2Coordinate (n + 1)).range
u : InverseEtaFixedPhaseCore (n + 1) := (l2CoreRangeEquiv (n + 1)).symm x
xCut : ↥(l2Coordinate (n + 1)).range := ⟨(peterssonCuspCutoff N (n + 1)) ↑x, ⋯⟩
hx : (l2Coordinate (n + 1)) u = ↑x
hxCut : xCut = (l2CoreRangeEquiv (n + 1)) ((cuspCutoffOperator N (n + 1)) u)
⊢ (peterssonCuspCutoff N n) (↑(-physicalLowerFromSucc n) x) = (peterssonCuspCutoff N n) (-(lowerFromSuccCoordinate n) u)

Note: The target expression is not type-correct under the `implicit` transparency level, which may have triggered the failure. This is usually caused by unfolding of semireducible definitions in prior tactic steps. Use `set_option linter.tacticCheckInstances true` to investigate the source of the issue.
Full error:
  Application type mismatch: The argument
    x
  has type
    ↥(l2Coordinate (n + 1)).range
  but is expected to have type
    ↥(-physicalLowerFromSucc n).domain
  in the application
    ↑(-physicalLowerFromSucc n) x
PrimalitySheafVerification/Mock2_FunctionalAnalysis.lean:38969:17: error: Tactic `rewrite` failed: Did not find an occurrence of the pattern
  ↑(-?f) ?x
in the target expression
  -(lowerFromSuccCoordinate n) ((cuspCutoffOperator N (n + 1)) u) +
      (lowerFromSuccPeterssonCuspCommutator N n) ((l2Coordinate (n + 1)) u) =
    ↑(-physicalLowerFromSucc n) ((l2CoreRangeEquiv (n + 1)) ((cuspCutoffOperator N (n + 1)) u)) +
      (lowerFromSuccPeterssonCuspCommutator N n) ↑x

N : ℕ
n : ℤ
x : ↥(l2Coordinate (n + 1)).range
u : InverseEtaFixedPhaseCore (n + 1) := (l2CoreRangeEquiv (n + 1)).symm x
xCut : ↥(l2Coordinate (n + 1)).range := ⟨(peterssonCuspCutoff N (n + 1)) ↑x, ⋯⟩
hx : (l2Coordinate (n + 1)) u = ↑x
hxCut : xCut = (l2CoreRangeEquiv (n + 1)) ((cuspCutoffOperator N (n + 1)) u)
⊢ -(lowerFromSuccCoordinate n) ((cuspCutoffOperator N (n + 1)) u) +
      (lowerFromSuccPeterssonCuspCommutator N n) ((l2Coordinate (n + 1)) u) =
    ↑(-physicalLowerFromSucc n) ((l2CoreRangeEquiv (n + 1)) ((cuspCutoffOperator N (n + 1)) u)) +
      (lowerFromSuccPeterssonCuspCommutator N n) ↑x

Note: The target expression is not type-correct under the `implicit` transparency level, which may have triggered the failure. This is usually caused by unfolding of semireducible definitions in prior tactic steps. Use `set_option linter.tacticCheckInstances true` to investigate the source of the issue.
Full error:
  Application type mismatch: The argument
    (l2CoreRangeEquiv (n + 1)) ((cuspCutoffOperator N (n + 1)) u)
  has type
    ↥(l2Coordinate (n + 1)).range
  but is expected to have type
    ↥(-physicalLowerFromSucc n).domain
  in the application
    ↑(-physicalLowerFromSucc n) ((l2CoreRangeEquiv (n + 1)) ((cuspCutoffOperator N (n + 1)) u))
PrimalitySheafVerification/Mock2_FunctionalAnalysis.lean:39002:4: error: Type mismatch: After simplification, term
  l2Coordinate_hasCompactCarrierSupport n ((l2CoreRangeEquiv n).symm x)
 has type
  HasCompactCarrierSupport n ((l2Coordinate n) ((l2CoreRangeEquiv n).symm x))
but is expected to have type
  HasCompactCarrierSupport n ↑x
PrimalitySheafVerification/Mock2_FunctionalAnalysis.lean:39005:19: error: Tactic `rewrite` failed: Did not find an occurrence of the pattern
  ↑(physicalRaise ?n) ?x
in the target expression
  HasCompactCarrierSupport (n + 1) (↑(physicalRaise n) x)

case right
n : ℤ
p : OrbitPeterssonHilbert n × OrbitPeterssonHilbert (n + 1)
hp : p ∈ (physicalRaise n).graph
x : ↥(physicalRaise n).domain
hxBase : ↑x = p.1
hxValue : ↑(physicalRaise n) x = p.2
⊢ HasCompactCarrierSupport (n + 1) (↑(physicalRaise n) x)
PrimalitySheafVerification/Mock2_FunctionalAnalysis.lean:39022:4: error: Type mismatch: After simplification, term
  l2Coordinate_hasCompactCarrierSupport (n + 1) ((l2CoreRangeEquiv (n + 1)).symm x)
 has type
  HasCompactCarrierSupport (n + 1) ((l2Coordinate (n + 1)) ((l2CoreRangeEquiv (n + 1)).symm x))
but is expected to have type
  HasCompactCarrierSupport (n + 1) ↑x
PrimalitySheafVerification/Mock2_FunctionalAnalysis.lean:39025:19: error: Tactic `rewrite` failed: Did not find an occurrence of the pattern
  ↑(physicalLowerFromSucc ?n) ?x
in the target expression
  HasCompactCarrierSupport n (↑(physicalLowerFromSucc n) x)

case right
n : ℤ
p : OrbitPeterssonHilbert (n + 1) × OrbitPeterssonHilbert n
hp : p ∈ (physicalLowerFromSucc n).graph
x : ↥(physicalLowerFromSucc n).domain
hxBase : ↑x = p.1
hxValue : ↑(physicalLowerFromSucc n) x = p.2
⊢ HasCompactCarrierSupport n (↑(physicalLowerFromSucc n) x)
PrimalitySheafVerification/Mock2_FunctionalAnalysis.lean:39202:4: warning: `Set.mem_setOf_eq` has been deprecated: Use `Set.mem_ofPred_eq` instead
PrimalitySheafVerification/Mock2_FunctionalAnalysis.lean:39214:4: warning: `Set.mem_setOf_eq` has been deprecated: Use `Set.mem_ofPred_eq` instead
PrimalitySheafVerification/Mock2_FunctionalAnalysis.lean:39270:8: error: Tactic `rewrite` failed: Did not find an occurrence of the pattern
  HasSequentialGraphLocalization ?A ?K
in the target expression
  RaisingInvariantCutoffGraphControlAt n

case left
n : ℤ
hCore : RaisingMaximalAdjointSequentialApproximationAt n
⊢ RaisingInvariantCutoffGraphControlAt n
PrimalitySheafVerification/Mock2_FunctionalAnalysis.lean:39279:8: error: Tactic `rewrite` failed: Did not find an occurrence of the pattern
  HasSequentialGraphRegularization ?S ?K
in the target expression
  RaisingCompactFriedrichsPeriodizationAt n

case right
n : ℤ
hCore : RaisingMaximalAdjointSequentialApproximationAt n
⊢ RaisingCompactFriedrichsPeriodizationAt n
PrimalitySheafVerification/Mock2_FunctionalAnalysis.lean:39292:8: error: Tactic `rewrite` failed: Did not find an occurrence of the pattern
  HasSequentialGraphLocalization ?A ?K
in the target expression
  LoweringInvariantCutoffGraphControlAt n

case left
n : ℤ
hCore : LoweringMaximalAdjointSequentialApproximationAt n
⊢ LoweringInvariantCutoffGraphControlAt n
PrimalitySheafVerification/Mock2_FunctionalAnalysis.lean:39301:8: error: Tactic `rewrite` failed: Did not find an occurrence of the pattern
  HasSequentialGraphRegularization ?S ?K
in the target expression
  LoweringCompactFriedrichsPeriodizationAt n

case right
n : ℤ
hCore : LoweringMaximalAdjointSequentialApproximationAt n
⊢ LoweringCompactFriedrichsPeriodizationAt n
'Mock2FA.PaperCorrections.AutomorphicSobolev.FixedPhaseAdjointCutoffCore.l2Coordinate_hasCompactCarrierSupport' depends on axioms: [propext,
 sorryAx,
 Classical.choice,
 Quot.sound]
'Mock2FA.PaperCorrections.AutomorphicSobolev.FixedPhaseAdjointCutoffCore.peterssonCuspCutoff_tendsto_id' depends on axioms: [propext,
 sorryAx,
 Classical.choice,
 Quot.sound]
'Mock2FA.PaperCorrections.AutomorphicSobolev.FixedPhaseAdjointCutoffCore.exists_closedCarrier_norm_bound_of_quotientCompact' depends on axioms: [propext,
 sorryAx,
 Classical.choice,
 Quot.sound]
'Mock2FA.PaperCorrections.AutomorphicSobolev.FixedPhaseAdjointCutoffCore.raisePeterssonCuspCommutator_l2Coordinate' depends on axioms: [propext,
 sorryAx,
 Classical.choice,
 Quot.sound]
'Mock2FA.PaperCorrections.AutomorphicSobolev.FixedPhaseAdjointCutoffCore.lowerFromSuccPeterssonCuspCommutator_l2Coordinate' depends on axioms: [propext,
 sorryAx,
 Classical.choice,
 Quot.sound]
'Mock2FA.PaperCorrections.AutomorphicSobolev.FixedPhaseAdjointCutoffCore.negativeRaisedCoordinate_peterssonCuspCutoff' depends on axioms: [propext,
 sorryAx,
 Classical.choice,
 Quot.sound]
'Mock2FA.PaperCorrections.AutomorphicSobolev.FixedPhaseAdjointCutoffCore.negativeLowerFromSuccCoordinate_peterssonCuspCutoff' depends on axioms: [propext,
 sorryAx,
 Classical.choice,
 Quot.sound]
'Mock2FA.PaperCorrections.AutomorphicSobolev.FixedPhaseAdjointCutoffCore.negativePhysicalRaise_adjointCutoff_commutator' depends on axioms: [propext,
 sorryAx,
 Classical.choice,
 Quot.sound]
'Mock2FA.PaperCorrections.AutomorphicSobolev.FixedPhaseAdjointCutoffCore.negativePhysicalLowerFromSucc_adjointCutoff_commutator' depends on axioms: [propext,
 sorryAx,
 Classical.choice,
 Quot.sound]
'Mock2FA.PaperCorrections.AutomorphicSobolev.FixedPhaseAdjointCutoffCore.physicalRaise_graph_subset_compactWeakMaximalGraph' depends on axioms: [propext,
 sorryAx,
 Classical.choice,
 Quot.sound]
'Mock2FA.PaperCorrections.AutomorphicSobolev.FixedPhaseAdjointCutoffCore.physicalLowerFromSucc_graph_subset_compactWeakMaximalGraph' depends on axioms: [propext,
 sorryAx,
 Classical.choice,
 Quot.sound]
'Mock2FA.PaperCorrections.AutomorphicSobolev.FixedPhaseAdjointCutoffCore.adjoint_graph_mem_of_bounded_cutoff_commutator' depends on axioms: [propext,
 Classical.choice,
 Quot.sound]
'Mock2FA.PaperCorrections.AutomorphicSobolev.FixedPhaseAdjointCutoffCore.AdjointCutoffExhaustion.hasSequentialGraphLocalization' depends on axioms: [propext,
 Classical.choice,
 Quot.sound]
'Mock2FA.PaperCorrections.AutomorphicSobolev.FixedPhaseAdjointCutoffCore.raisingInvariantCutoffGraphControlAt_of_adjointCutoffExhaustion' depends on axioms: [propext,
 Classical.choice,
 Quot.sound]
'Mock2FA.PaperCorrections.AutomorphicSobolev.FixedPhaseAdjointCutoffCore.loweringInvariantCutoffGraphControlAt_of_adjointCutoffExhaustion' depends on axioms: [propext,
 Classical.choice,
 Quot.sound]
'Mock2FA.PaperCorrections.AutomorphicSobolev.FixedPhaseAdjointCutoffCore.hasSequentialGraphRegularization_iff_subset_closure_graph' depends on axioms: [propext,
 Classical.choice,
 Quot.sound]
'Mock2FA.PaperCorrections.AutomorphicSobolev.FixedPhaseAdjointCutoffCore.hasSequentialGraphLocalization_iff_graph_subset_closure' depends on axioms: [propext,
 Classical.choice,
 Quot.sound]
'Mock2FA.PaperCorrections.AutomorphicSobolev.FixedPhaseGoodCuspCutoffBridge.inner_raisePeterssonCuspCommutator_eq_lowerFromSucc' depends on axioms: [propext,
 sorryAx,
 Classical.choice,
 Quot.sound]
'Mock2FA.PaperCorrections.AutomorphicSobolev.FixedPhaseGoodCuspCutoffBridge.raisePeterssonCuspCommutator_eq_adjoint_lowerFromSucc' depends on axioms: [propext,
 sorryAx,
 Classical.choice,
 Quot.sound]
'Mock2FA.PaperCorrections.AutomorphicSobolev.FixedPhaseGoodCuspCutoffBridge.norm_raisePeterssonCuspCommutator_eq_lowerFromSucc' depends on axioms: [propext,
 sorryAx,
 Classical.choice,
 Quot.sound]
'Mock2FA.PaperCorrections.AutomorphicSobolev.FixedPhaseGoodCuspCutoffBridge.adjoint_raisePeterssonCuspCommutator_eventuallyEq_zero_on_l2Coordinate' depends on axioms: [propext,
 sorryAx,
 Classical.choice,
 Quot.sound]
'Mock2FA.PaperCorrections.AutomorphicSobolev.FixedPhaseGoodCuspCutoffBridge.adjoint_lowerFromSuccPeterssonCuspCommutator_eventuallyEq_zero_on_l2Coordinate' depends on axioms: [propext,
 sorryAx,
 Classical.choice,
 Quot.sound]
PrimalitySheafVerification/Mock2_FunctionalAnalysis.lean:39613:47: error: unsolved goals
g : SL(2, ℤ)
z w : ℍ
gReal : SL(2, ℝ) := (Matrix.SpecialLinearGroup.map (Int.castRingHom ℝ)) g
x : ℍ
⊢ ↑(Matrix.SpecialLinearGroup.toGL ((Matrix.SpecialLinearGroup.map (Int.castRingHom ℝ)) g) • x) =
    (↑(↑g 0 0) * ↑x + ↑(↑g 0 1)) / (↑(↑g 1 0) * ↑x + ↑(↑g 1 1))
PrimalitySheafVerification/Mock2_FunctionalAnalysis.lean:39685:42: error(lean.synthInstanceFailed): failed to synthesize instance of type class
  ContinuousConstSMul SL(2, ℤ) ℍ

Hint: Type class instance resolution failures can be inspected with the `set_option trace.Meta.synthInstance true` command.
PrimalitySheafVerification/Mock2_FunctionalAnalysis.lean:39687:4: error: Type mismatch: After simplification, term
  hz
 has type
  1 < (modularHeightMaximizer z • z).im
but is expected to have type
  z ∈ {w | 1 < (modularHeightMaximizer z • w).im}
'Mock2FA.PaperCorrections.AutomorphicSobolev.FixedPhaseGoodCuspCutoffBridge.modularMaxHeight_SL_invariant' depends on axioms: [propext,
 Classical.choice,
 Quot.sound]
'Mock2FA.PaperCorrections.AutomorphicSobolev.FixedPhaseGoodCuspCutoffBridge.modularLogMaxHeight_lipschitz' depends on axioms: [propext,
 sorryAx,
 Classical.choice,
 Quot.sound]
'Mock2FA.PaperCorrections.AutomorphicSobolev.FixedPhaseGoodCuspCutoffBridge.modularMaxHeight_eventuallyEq_maximizer_im_of_one_lt' depends on axioms: [propext,
 sorryAx,
 Classical.choice,
 Quot.sound]
'Mock2FA.PaperCorrections.AutomorphicSobolev.FixedPhaseGoodCuspCutoffBridge.modularLogMaxHeight_eventuallyEq_chart_of_pos' depends on axioms: [propext,
 sorryAx,
 Classical.choice,
 Quot.sound]
PrimalitySheafVerification/Mock2_FunctionalAnalysis.lean:39813:2: error: `dsimp` made no progress
PrimalitySheafVerification/Mock2_FunctionalAnalysis.lean:39821:2: error: `dsimp` made no progress
PrimalitySheafVerification/Mock2_FunctionalAnalysis.lean:39868:4: error: Type mismatch: After simplification, term
  hq
 has type
  Quotient.mk'' z ∈ support (intrinsicQuotientCuspCutoffReal N)
but is expected to have type
  intrinsicCuspCutoffReal N z ≠ 0
PrimalitySheafVerification/Mock2_FunctionalAnalysis.lean:39892:26: error: Application type mismatch: The argument
  r
has type
  GammaTwoCusp
but is expected to have type
  GammaTwoRightCoset
in the application
  gammaTwoCosetRep r
PrimalitySheafVerification/Mock2_FunctionalAnalysis.lean:39926:4: error: Type mismatch: After simplification, term
  hz
 has type
  @Ne ℝ (intrinsicQuotientCuspCutoffReal N (Quotient.mk'' z)) 0
but is expected to have type
  @Ne ℝ (intrinsicCuspCutoffReal N z) 0
PrimalitySheafVerification/Mock2_FunctionalAnalysis.lean:39932:51: error: Failed to rewrite using equation theorems for `tsupport`
'Mock2FA.PaperCorrections.AutomorphicSobolev.FixedPhaseGoodCuspCutoffBridge.intrinsicCuspCutoff_SL_invariant' depends on axioms: [propext,
 Classical.choice,
 Quot.sound]
'Mock2FA.PaperCorrections.AutomorphicSobolev.FixedPhaseGoodCuspCutoffBridge.intrinsicQuotientCuspCutoffReal_support_subset_truncation' depends on axioms: [propext,
 sorryAx,
 Classical.choice,
 Quot.sound]
'Mock2FA.PaperCorrections.AutomorphicSobolev.FixedPhaseGoodCuspCutoffBridge.intrinsicCuspCutoff_quotientCompact' depends on axioms: [propext,
 sorryAx,
 Classical.choice,
 Quot.sound]
PrimalitySheafVerification/Mock2_FunctionalAnalysis.lean:39986:40: error: unsolved goals
g : SL(2, ℤ)
⊢ 0 < ((↑g).map fun x => ↑x).det
PrimalitySheafVerification/Mock2_FunctionalAnalysis.lean:39994:2: error: Type mismatch: After simplification, term
  UpperHalfPlane.hasStrictDerivAt_smul (integralMoebius_det_pos g) z
 has type
  @HasStrictDerivAt ℂ DenselyNormedField.toNontriviallyNormedField ℂ Complex.addCommGroup Semiring.toModule
    PseudoMetricSpace.toUniformSpace.toTopologicalSpace ⋯
    (fun z =>
      ↑(Matrix.SpecialLinearGroup.toGL ((Matrix.SpecialLinearGroup.map (Int.castRingHom ℝ)) g) •
          ↑UpperHalfPlane.ofComplex z))
    (↑(↑(Matrix.SpecialLinearGroup.toGL ((Matrix.SpecialLinearGroup.map (Int.castRingHom ℝ)) g))).det /
      UpperHalfPlane.denom (Matrix.SpecialLinearGroup.toGL ((Matrix.SpecialLinearGroup.map (Int.castRingHom ℝ)) g)) ↑z ^
        2)
    ↑z
but is expected to have type
  @HasStrictDerivAt ℂ DenselyNormedField.toNontriviallyNormedField ℂ Complex.addCommGroup Semiring.toModule
    PseudoMetricSpace.toUniformSpace.toTopologicalSpace ⋯ (integralMoebiusChart g)
    (↑(↑(Matrix.SpecialLinearGroup.toGL ((Matrix.SpecialLinearGroup.map (Int.castRingHom ℝ)) g))).det /
      UpperHalfPlane.denom (Matrix.SpecialLinearGroup.toGL ((Matrix.SpecialLinearGroup.map (Int.castRingHom ℝ)) g)) ↑z ^
        2)
    ↑z
PrimalitySheafVerification/Mock2_FunctionalAnalysis.lean:40003:2: warning: Try this: 
  letI̵

The goal is a proposition, so `let` is preferred over `letI`.
The difference between `let` and `letI` is that `letI` inlines the value.
But this is not relevant for proofs because of proof irrelevance.

Note: This linter can be disabled with `set_option linter.style.haveILetI false`
PrimalitySheafVerification/Mock2_FunctionalAnalysis.lean:40039:8: error(lean.synthInstanceFailed): failed to synthesize instance of type class
  GetElem (?m.14 → Filter ?m.14) (Set ℂ) ?m.11 ?m.12

Hint: Type class instance resolution failures can be inspected with the `set_option trace.Meta.synthInstance true` command.
PrimalitySheafVerification/Mock2_FunctionalAnalysis.lean:40039:8: error: failed to prove index is valid, possible solutions:
  - Use `have`-expressions to prove the index is valid
  - Use `a[i]!` notation instead, runtime check is performed, and 'Panic' error message is produced if index is not valid
  - Use `a[i]?` notation instead, result is an `Option` type
  - Use `a[i]'h` notation instead, where `h` is a proof that index is valid
z : ℍ
hz : 0 < modularLogMaxHeight z
⊢ ?m.12 𝓝 UpperHalfPlane.upperHalfPlaneSet
PrimalitySheafVerification/Mock2_FunctionalAnalysis.lean:40042:7: error(lean.synthInstanceFailed): failed to synthesize instance of type class
  GetElem (?m.31 → Filter ?m.31) (Set ℂ) ?m.28 ?m.29

Hint: Type class instance resolution failures can be inspected with the `set_option trace.Meta.synthInstance true` command.
PrimalitySheafVerification/Mock2_FunctionalAnalysis.lean:40042:7: error: failed to prove index is valid, possible solutions:
  - Use `have`-expressions to prove the index is valid
  - Use `a[i]!` notation instead, runtime check is performed, and 'Panic' error message is produced if index is not valid
  - Use `a[i]?` notation instead, result is an `Option` type
  - Use `a[i]'h` notation instead, where `h` is a proof that index is valid
z : ℍ
hz : 0 < modularLogMaxHeight z
⊢ ?m.29 𝓝 UpperHalfPlane.upperHalfPlaneSet
PrimalitySheafVerification/Mock2_FunctionalAnalysis.lean:40045:23: error: Application type mismatch: The argument
  UpperHalfPlane.im_pos z
has type
  0 < z.im
but is expected to have type
  ↑z ∈ UpperHalfPlane.ofComplex.source
in the application
  OpenPartialHomeomorph.continuousOn UpperHalfPlane.ofComplex (↑z) (UpperHalfPlane.im_pos z)
PrimalitySheafVerification/Mock2_FunctionalAnalysis.lean:40049:2: error: Type mismatch: After simplification, term
  hw
 has type
  w ∈ ↑UpperHalfPlane.ofComplex ⁻¹' {x | modularLogMaxHeight x = Real.log (modularHeightMaximizer z • x).im}
but is expected to have type
  modularLogMaxHeight (↑UpperHalfPlane.ofComplex w) =
    Real.log
      (↑(Matrix.SpecialLinearGroup.toGL
              ((Matrix.SpecialLinearGroup.map (Int.castRingHom ℝ)) (modularHeightMaximizer z)) •
            ↑UpperHalfPlane.ofComplex w)).im
PrimalitySheafVerification/Mock2_FunctionalAnalysis.lean:40077:6: error: Type mismatch: After simplification, term
  ContDiffAt.comp_contDiffWithinAt (↑z) (ContDiff.contDiffAt (ContinuousLinearMap.contDiff Complex.ofRealCLM)) hReal
 has type
  @ContDiffWithinAt ℝ DenselyNormedField.toNontriviallyNormedField ℂ Complex.instNormedAddCommGroup
    instInnerProductSpaceRealComplex.toNormedSpace ℂ Complex.instNormedAddCommGroup
    instInnerProductSpaceRealComplex.toNormedSpace ∞
    (⇑Complex.ofRealCLM ∘ fun v => (↑N + 2 - integralLogHeightChart g v).smoothTransition)
    UpperHalfPlane.upperHalfPlaneSet ↑z
but is expected to have type
  @ContDiffWithinAt ℝ DenselyNormedField.toNontriviallyNormedField ℂ Complex.instNormedAddCommGroup
    instInnerProductSpaceRealComplex.toNormedSpace ℂ Complex.instNormedAddCommGroup
    instInnerProductSpaceRealComplex.toNormedSpace ∞ (fun v => ↑(↑N + 2 - integralLogHeightChart g v).smoothTransition)
    UpperHalfPlane.upperHalfPlaneSet ↑z
PrimalitySheafVerification/Mock2_FunctionalAnalysis.lean:40081:8: error(lean.synthInstanceFailed): failed to synthesize instance of type class
  GetElem (?m.193 → Filter ?m.193) (Set ℂ) ?m.190 ?m.191

Hint: Type class instance resolution failures can be inspected with the `set_option trace.Meta.synthInstance true` command.
PrimalitySheafVerification/Mock2_FunctionalAnalysis.lean:40081:8: error: failed to prove index is valid, possible solutions:
  - Use `have`-expressions to prove the index is valid
  - Use `a[i]!` notation instead, runtime check is performed, and 'Panic' error message is produced if index is not valid
  - Use `a[i]?` notation instead, result is an `Option` type
  - Use `a[i]'h` notation instead, where `h` is a proof that index is valid
N : ℕ
w : ℂ
hw : w ∈ UpperHalfPlane.upperHalfPlaneSet
z : ℍ := { coe := w, coe_im_pos := hw }
hz : 0 < modularLogMaxHeight z
g : SL(2, ℤ) := modularHeightMaximizer z
chartCutoff : ℂ → ℂ := fun v => ↑(↑N + 2 - integralLogHeightChart g v).smoothTransition
hChart : ContDiffWithinAt ℝ ∞ chartCutoff UpperHalfPlane.upperHalfPlaneSet ↑z
⊢ ?m.191 𝓝 UpperHalfPlane.upperHalfPlaneSet
PrimalitySheafVerification/Mock2_FunctionalAnalysis.lean:40089:97: warning: `Set.mem_setOf_eq` has been deprecated: Use `Set.mem_ofPred_eq` instead
PrimalitySheafVerification/Mock2_FunctionalAnalysis.lean:40089:85: error: Type mismatch: After simplification, term
  LE.le.trans_lt hzle zero_lt_one
 has type
  modularLogMaxHeight z < 1
but is expected to have type
  ?m.269 < modularLogMaxHeight ?m.272
PrimalitySheafVerification/Mock2_FunctionalAnalysis.lean:40091:9: error(lean.synthInstanceFailed): failed to synthesize instance of type class
  GetElem (?m.303 → Filter ?m.303) (Set ℂ) ?m.300 ?m.301

Hint: Type class instance resolution failures can be inspected with the `set_option trace.Meta.synthInstance true` command.
PrimalitySheafVerification/Mock2_FunctionalAnalysis.lean:40091:9: error: failed to prove index is valid, possible solutions:
  - Use `have`-expressions to prove the index is valid
  - Use `a[i]!` notation instead, runtime check is performed, and 'Panic' error message is produced if index is not valid
  - Use `a[i]?` notation instead, result is an `Option` type
  - Use `a[i]'h` notation instead, where `h` is a proof that index is valid
N : ℕ
w : ℂ
hw : w ∈ UpperHalfPlane.upperHalfPlaneSet
z : ℍ := { coe := w, coe_im_pos := hw }
hz : ¬0 < modularLogMaxHeight z
hzle : modularLogMaxHeight z ≤ 0
hRhoNhds : {q | modularLogMaxHeight q < 1} ∈ 𝓝 z
⊢ ?m.301 𝓝 UpperHalfPlane.upperHalfPlaneSet
PrimalitySheafVerification/Mock2_FunctionalAnalysis.lean:40094:25: error: Application type mismatch: The argument
  UpperHalfPlane.im_pos z
has type
  0 < z.im
but is expected to have type
  ↑z ∈ UpperHalfPlane.ofComplex.source
in the application
  OpenPartialHomeomorph.continuousOn UpperHalfPlane.ofComplex (↑z) (UpperHalfPlane.im_pos z)
PrimalitySheafVerification/Mock2_FunctionalAnalysis.lean:40097:8: error(lean.synthInstanceFailed): failed to synthesize instance of type class
  GetElem (?m.334 → Filter ?m.334) (Set ℂ) ?m.331 ?m.332

Hint: Type class instance resolution failures can be inspected with the `set_option trace.Meta.synthInstance true` command.
PrimalitySheafVerification/Mock2_FunctionalAnalysis.lean:40097:8: error: failed to prove index is valid, possible solutions:
  - Use `have`-expressions to prove the index is valid
  - Use `a[i]!` notation instead, runtime check is performed, and 'Panic' error message is produced if index is not valid
  - Use `a[i]?` notation instead, result is an `Option` type
  - Use `a[i]'h` notation instead, where `h` is a proof that index is valid
N : ℕ
w : ℂ
hw : w ∈ UpperHalfPlane.upperHalfPlaneSet
z : ℍ := { coe := w, coe_im_pos := hw }
hz : ¬0 < modularLogMaxHeight z
hzle : modularLogMaxHeight z ≤ 0
hRhoNhds : {q | modularLogMaxHeight q < 1} ∈ 𝓝 z
hMap : Tendsto ↑UpperHalfPlane.ofComplex sorry (𝓝 z)
hPulled : {q | modularLogMaxHeight q < 1} ∈ map ↑UpperHalfPlane.ofComplex sorry
⊢ ?m.332 𝓝 UpperHalfPlane.upperHalfPlaneSet
PrimalitySheafVerification/Mock2_FunctionalAnalysis.lean:40104:44: error: not a positivity goal
PrimalitySheafVerification/Mock2_FunctionalAnalysis.lean:40113:10: error(lean.synthInstanceFailed): failed to synthesize instance of type class
  LE Type

Hint: Type class instance resolution failures can be inspected with the `set_option trace.Meta.synthInstance true` command.
PrimalitySheafVerification/Mock2_FunctionalAnalysis.lean:40113:12: error(lean.synthInstanceFailed): failed to synthesize instance of type class
  OfNat Type 0
numerals are polymorphic in Lean, but the numeral `0` cannot be used in a context where the expected type is
  Type
due to the absence of the instance above

Hint: Type class instance resolution failures can be inspected with the `set_option trace.Meta.synthInstance true` command.
PrimalitySheafVerification/Mock2_FunctionalAnalysis.lean:40116:16: error: Application type mismatch: The argument
  convex_Icc
has type
  ∀ (r s : ?m.34), Convex ?m.33 (Icc r s)
but is expected to have type
  Convex ℝ ?m.29
in the application
  ContDiffOn.exists_lipschitzOnWith (ContDiff.contDiffOn Real.smoothTransition.contDiff) ?m.32 convex_Icc
PrimalitySheafVerification/Mock2_FunctionalAnalysis.lean:40116:7: error: unsolved goals
⊢ ¬?m.11 = 0
PrimalitySheafVerification/Mock2_FunctionalAnalysis.lean:40126:42: error(lean.invalidField): Invalid field `dist_le`: The environment does not contain `Function.dist_le`, so it is not possible to project the field `dist_le` from an expression
  LipschitzWith.projIcc zero_le_one
of type
  ∀ (x y : ℝ), edist (projIcc 0 1 ⋯ x) (projIcc 0 1 ⋯ y) ≤ ↑1 * edist x y
PrimalitySheafVerification/Mock2_FunctionalAnalysis.lean:40132:47: error(lean.invalidField): Invalid field `dist_le`: The environment does not contain `Function.dist_le`, so it is not possible to project the field `dist_le` from an expression
  hK
of type
  ?m.172 ∈ Icc ?m.46 ?m.47 →
    ∀ ⦃y : ℝ⦄, y ∈ Icc ?m.46 ?m.47 → edist (Real.smoothTransition ?m.172) y.smoothTransition ≤ ↑K * edist ?m.172 y
PrimalitySheafVerification/Mock2_FunctionalAnalysis.lean:40113:56: error: unsolved goals
case calc.step
K : NNReal
hK : LipschitzOnWith K Real.smoothTransition (Icc ?m.46 ?m.47)
x y : ℝ
px : ↑(Icc 0 1) := projIcc 0 1 ⋯ x
py : ↑(Icc 0 1) := projIcc 0 1 ⋯ y
hpx : ↑px ∈ Icc 0 1
hpy : ↑py ∈ Icc 0 1
hProj : dist ↑px ↑py ≤ 1 * dist x y
⊢ ↑K * dist x y ≤ ↑sorry * dist x y
PrimalitySheafVerification/Mock2_FunctionalAnalysis.lean:40138:57: error(lean.synthInstanceFailed): failed to synthesize instance of type class
  LE Type

Hint: Type class instance resolution failures can be inspected with the `set_option trace.Meta.synthInstance true` command.
PrimalitySheafVerification/Mock2_FunctionalAnalysis.lean:40138:59: error(lean.synthInstanceFailed): failed to synthesize instance of type class
  OfNat Type 0
numerals are polymorphic in Lean, but the numeral `0` cannot be used in a context where the expected type is
  Type
due to the absence of the instance above

Hint: Type class instance resolution failures can be inspected with the `set_option trace.Meta.synthInstance true` command.
PrimalitySheafVerification/Mock2_FunctionalAnalysis.lean:40141:8: warning: declaration uses `sorry`
PrimalitySheafVerification/Mock2_FunctionalAnalysis.lean:40158:6: error(lean.unknownIdentifier): Unknown constant `Mock2FA.PaperCorrections.AutomorphicSobolev.FixedPhaseIntrinsicAdjointCutoff.smoothTransition_lipschitz.dist_le`
PrimalitySheafVerification/Mock2_FunctionalAnalysis.lean:40162:6: error: Type mismatch: After simplification, term
  abs_neg (modularLogMaxHeight z - modularLogMaxHeight w)
 has type
  |(-(modularLogMaxHeight z - modularLogMaxHeight w))| = |modularLogMaxHeight z - modularLogMaxHeight w|
but is expected to have type
  |↑N + 2 - modularLogMaxHeight z - (↑N + 2 - modularLogMaxHeight w)| = |modularLogMaxHeight z - modularLogMaxHeight w|
PrimalitySheafVerification/Mock2_FunctionalAnalysis.lean:40149:37: error: unsolved goals
case calc.step
N : ℕ
z w : ℍ
⊢ sorry * dist z w ≤ ↑sorry * dist z w
PrimalitySheafVerification/Mock2_FunctionalAnalysis.lean:40204:52: error: unsolved goals
z : ℍ
w : ℂ
hw : z.im / 2 < w.im
hwpos : 0 < w.im
hsqrtPos : 0 < √(w.im * z.im)
hhalf : z.im / 2 ≤ √(w.im * z.im)
hfactor : 1 ≤ 2 / z.im * √(w.im * z.im)
hDiv : dist w ↑z / √(w.im * z.im) ≤ 2 / z.im * dist w ↑z
⊢ dist ↑{ coe := w, coe_im_pos := hwpos } ↑z / √({ coe := w, coe_im_pos := hwpos }.im * z.im) =
    dist w ↑z / √(w.im * z.im)
PrimalitySheafVerification/Mock2_FunctionalAnalysis.lean:40224:88: warning: `Set.mem_setOf_eq` has been deprecated: Use `Set.mem_ofPred_eq` instead
PrimalitySheafVerification/Mock2_FunctionalAnalysis.lean:40224:76: error: Type mismatch: After simplification, term
  lt_of_not_ge fun a =>
    Mathlib.Tactic.Linarith.lt_irrefl
      (Eq.mp
        (congrArg (fun _a => _a < 0)
          (Mathlib.Tactic.Ring.of_eq
            (Mathlib.Tactic.Ring.Common.add_congr
              (Mathlib.Tactic.Ring.Common.sub_congr
                (Mathlib.Tactic.Ring.Common.mul_congr
                  (Mathlib.Tactic.Ring.cast_pos (Mathlib.Meta.NormNum.isNat_ofNat ℝ (Eq.refl 2)))
                  (Mathlib.Tactic.Ring.Common.atom_pf z.im rfl
                    (Eq.mpr
                      (id
                        (congrArg (fun _a => z.im ^ Nat.rawCast 1 * Nat.rawCast 1 = z.im ^ Nat.rawCast 1 * _a)
                          (Eq.symm rfl)))
                      (Eq.refl (z.im ^ Nat.rawCast 1 * Nat.rawCast 1))))
                  (Mathlib.Tactic.Ring.Common.add_mul
                    (Mathlib.Tactic.Ring.Common.mul_add
                      (Mathlib.Tactic.Ring.Common.mul_pf_right z.im (Nat.rawCast 1)
                        (Mathlib.Meta.NormNum.IsNat.to_raw_eq
                          (Mathlib.Meta.NormNum.isNat_mul (Eq.refl HMul.hMul) (Mathlib.Meta.NormNum.IsNat.of_raw ℝ 2)
                            (Mathlib.Meta.NormNum.IsNat.of_raw ℝ 1) (Eq.refl 2))))
                      (Mathlib.Tactic.Ring.Common.mul_zero (Nat.rawCast 2))
                      (Mathlib.Tactic.Ring.Common.add_pf_add_zero (z.im ^ Nat.rawCast 1 * Nat.rawCast 2 + 0)))
                    (Mathlib.Tactic.Ring.Common.zero_mul (z.im ^ Nat.rawCast 1 * Nat.rawCast 1 + 0))
                    (Mathlib.Tactic.Ring.Common.add_pf_add_zero (z.im ^ Nat.rawCast 1 * Nat.rawCast 2 + 0))))
                (Mathlib.Tactic.Ring.Common.mul_congr
                  (Mathlib.Tactic.Ring.cast_pos (Mathlib.Meta.NormNum.isNat_ofNat ℝ Nat.cast_one))
                  (Mathlib.Tactic.Ring.Common.atom_pf z.im rfl
                    (Eq.mpr
                      (id
                        (congrArg (fun _a => z.im ^ Nat.rawCast 1 * Nat.rawCast 1 = z.im ^ Nat.rawCast 1 * _a)
                          (Eq.symm rfl)))
                      (Eq.refl (z.im ^ Nat.rawCast 1 * Nat.rawCast 1))))
                  (Mathlib.Tactic.Ring.Common.add_mul
                    (Mathlib.Tactic.Ring.Common.mul_add
                      (Mathlib.Tactic.Ring.Common.mul_pf_right z.im (Nat.rawCast 1)
                        (Mathlib.Meta.NormNum.IsNat.to_raw_eq
                          (Mathlib.Meta.NormNum.isNat_mul (Eq.refl HMul.hMul) (Mathlib.Meta.NormNum.IsNat.of_raw ℝ 1)
                            (Mathlib.Meta.NormNum.IsNat.of_raw ℝ 1) (Eq.refl 1))))
                      (Mathlib.Tactic.Ring.Common.mul_zero (Nat.rawCast 1))
                      (Mathlib.Tactic.Ring.Common.add_pf_add_zero (z.im ^ Nat.rawCast 1 * Nat.rawCast 1 + 0)))
                    (Mathlib.Tactic.Ring.Common.zero_mul (z.im ^ Nat.rawCast 1 * Nat.rawCast 1 + 0))
                    (Mathlib.Tactic.Ring.Common.add_pf_add_zero (z.im ^ Nat.rawCast 1 * Nat.rawCast 1 + 0))))
                (Mathlib.Tactic.Ring.Common.sub_pf
                  (Mathlib.Tactic.Ring.Common.neg_add
                    (Mathlib.Tactic.Ring.Common.neg_mul z.im (Nat.rawCast 1)
                      (Mathlib.Meta.NormNum.IsInt.to_raw_eq
                        (Mathlib.Meta.NormNum.isInt_neg (Eq.refl Neg.neg)
                          (Mathlib.Meta.NormNum.IsNat.to_isInt (Mathlib.Meta.NormNum.IsNat.of_raw ℝ 1))
                          (Eq.refl (Int.negOfNat 1)))))
                    Mathlib.Tactic.Ring.Common.neg_zero)
                  (Mathlib.Tactic.Ring.Common.add_pf_add_overlap
                    (Mathlib.Tactic.Ring.Common.add_overlap_pf z.im (Nat.rawCast 1)
                      (Mathlib.Meta.NormNum.IsNat.to_raw_eq
                        (Mathlib.Meta.NormNum.IsInt.to_isNat
                          (Mathlib.Meta.NormNum.isInt_add (Eq.refl HAdd.hAdd)
                            (Mathlib.Meta.NormNum.IsNat.to_isInt (Mathlib.Meta.NormNum.IsNat.of_raw ℝ 2))
                            (Mathlib.Meta.NormNum.IsInt.of_raw ℝ (Int.negOfNat 1)) (Eq.refl (Int.ofNat 1))))))
                    (Mathlib.Tactic.Ring.Common.add_pf_zero_add 0))))
              (Mathlib.Tactic.Ring.Common.sub_congr
                (Mathlib.Tactic.Ring.cast_zero (Mathlib.Meta.NormNum.isNat_ofNat ℝ Nat.cast_zero))
                (Mathlib.Tactic.Ring.Common.atom_pf z.im rfl
                  (Eq.mpr
                    (id
                      (congrArg (fun _a => z.im ^ Nat.rawCast 1 * Nat.rawCast 1 = z.im ^ Nat.rawCast 1 * _a)
                        (Eq.symm rfl)))
                    (Eq.refl (z.im ^ Nat.rawCast 1 * Nat.rawCast 1))))
                (Mathlib.Tactic.Ring.Common.sub_pf
                  (Mathlib.Tactic.Ring.Common.neg_add
                    (Mathlib.Tactic.Ring.Common.neg_mul z.im (Nat.rawCast 1)
                      (Mathlib.Meta.NormNum.IsInt.to_raw_eq
                        (Mathlib.Meta.NormNum.isInt_neg (Eq.refl Neg.neg)
                          (Mathlib.Meta.NormNum.IsNat.to_isInt (Mathlib.Meta.NormNum.IsNat.of_raw ℝ 1))
                          (Eq.refl (Int.negOfNat 1)))))
                    Mathlib.Tactic.Ring.Common.neg_zero)
                  (Mathlib.Tactic.Ring.Common.add_pf_zero_add (z.im ^ Nat.rawCast 1 * (Int.negOfNat 1).rawCast + 0))))
              (Mathlib.Tactic.Ring.Common.add_pf_add_overlap_zero
                (Mathlib.Tactic.Ring.Common.add_overlap_pf_zero z.im (Nat.rawCast 1)
                  (Mathlib.Meta.NormNum.IsInt.to_isNat
                    (Mathlib.Meta.NormNum.isInt_add (Eq.refl HAdd.hAdd)
                      (Mathlib.Meta.NormNum.IsNat.to_isInt (Mathlib.Meta.NormNum.IsNat.of_raw ℝ 1))
                      (Mathlib.Meta.NormNum.IsInt.of_raw ℝ (Int.negOfNat 1)) (Eq.refl (Int.ofNat 0)))))
                (Mathlib.Tactic.Ring.Common.add_pf_zero_add 0)))
            (Mathlib.Tactic.Ring.cast_zero (Mathlib.Meta.NormNum.isNat_ofNat ℝ Nat.cast_zero))))
        (Mathlib.Tactic.Linarith.add_lt_of_le_of_neg
          (Eq.mp
            (congrArg (fun _a => _a ≤ 0)
              (Mathlib.Tactic.CancelDenoms.sub_subst rfl
                (Mathlib.Tactic.CancelDenoms.div_subst rfl
                  (Mathlib.Meta.NormNum.isNat_eq_true
                    (Mathlib.Meta.NormNum.IsNNRat.to_isNat
                      (Mathlib.Meta.NormNum.isNNRat_div
                        (Mathlib.Meta.NormNum.IsNat.to_isNNRat
                          (Mathlib.Meta.NormNum.IsNNRat.to_isNat
                            (Mathlib.Meta.NormNum.isNNRat_mul (Eq.refl HMul.hMul)
                              (Mathlib.Meta.NormNum.IsNat.to_isNNRat (Mathlib.Meta.NormNum.isNat_ofNat ℝ (Eq.refl 2)))
                              (Mathlib.Meta.NormNum.isNNRat_inv_pos
                                (Mathlib.Meta.NormNum.IsNat.to_isNNRat
                                  (Mathlib.Meta.NormNum.isNat_ofNat ℝ (Eq.refl 2))))
                              (Eq.refl (Nat.mul 2 1)) (Eq.refl 2))))))
                    (Mathlib.Meta.NormNum.isNat_ofNat ℝ Nat.cast_one))
                  (Mathlib.Meta.NormNum.isNat_eq_true
                    (Mathlib.Meta.NormNum.isNat_mul (Eq.refl HMul.hMul)
                      (Mathlib.Meta.NormNum.isNat_ofNat ℝ Nat.cast_one) (Mathlib.Meta.NormNum.isNat_ofNat ℝ (Eq.refl 2))
                      (Eq.refl 2))
                    (Mathlib.Meta.NormNum.isNat_ofNat ℝ (Eq.refl 2))))))
            (Mathlib.Tactic.Linarith.mul_nonpos (Mathlib.Tactic.Linarith.sub_nonpos_of_le a)
              (Mathlib.Meta.NormNum.isNat_lt_true (Mathlib.Meta.NormNum.isNat_ofNat ℝ Nat.cast_zero)
                (Mathlib.Meta.NormNum.isNat_ofNat ℝ (Eq.refl 2)) (Eq.refl false))))
          (Mathlib.Tactic.Linarith.sub_neg_of_lt (UpperHalfPlane.im_pos z))))
 has type
  @LT.lt ℝ Real.instLT (z.im / 2) z.im
but is expected to have type
  @LT.lt ℝ instDistribLatticeOfLinearOrder.toSemilatticeInf.toLT (z.im / 2) (↑z).im
PrimalitySheafVerification/Mock2_FunctionalAnalysis.lean:40258:2: error: linarith failed to find a contradiction
N : ℕ
z : ℍ
C : ℝ := 2 * sorry / z.im
hC : 0 ≤ C
hLocal : ∀ᶠ (w : ℂ) in 𝓝 ↑z, ‖upperLift (intrinsicCuspCutoff N) w - upperLift (intrinsicCuspCutoff N) ↑z‖ ≤ C * ‖w - ↑z‖
hDeriv : ‖fderiv ℝ (upperLift (intrinsicCuspCutoff N)) ↑z‖ ≤ 2 * sorry / z.im
hy : 0 < z.im
a✝ : 2 * sorry < z.im * ‖fderiv ℝ (upperLift (intrinsicCuspCutoff N)) ↑z‖
⊢ False
failed
PrimalitySheafVerification/Mock2_FunctionalAnalysis.lean:40260:8: warning: declaration uses `sorry`
PrimalitySheafVerification/Mock2_FunctionalAnalysis.lean:40278:13: error(lean.unknownIdentifier): Unknown identifier `norm_I`
'Mock2FA.PaperCorrections.AutomorphicSobolev.FixedPhaseIntrinsicAdjointCutoff.intrinsicCuspCutoff_realSmooth' depends on axioms: [propext,
 sorryAx,
 Classical.choice,
 Quot.sound]
'Mock2FA.PaperCorrections.AutomorphicSobolev.FixedPhaseIntrinsicAdjointCutoff.exists_smoothTransition_lipschitz' depends on axioms: [propext,
 sorryAx,
 Classical.choice,
 Quot.sound]
'Mock2FA.PaperCorrections.AutomorphicSobolev.FixedPhaseIntrinsicAdjointCutoff.intrinsicCuspCutoff_fderiv_hyperbolic_bound' depends on axioms: [propext,
 sorryAx,
 Classical.choice,
 Quot.sound]
'Mock2FA.PaperCorrections.AutomorphicSobolev.FixedPhaseIntrinsicAdjointCutoff.intrinsicCuspCutoff_dx_hyperbolic_bound' depends on axioms: [propext,
 sorryAx,
 Classical.choice,
 Quot.sound]
'Mock2FA.PaperCorrections.AutomorphicSobolev.FixedPhaseIntrinsicAdjointCutoff.intrinsicCuspCutoff_dy_hyperbolic_bound' depends on axioms: [propext,
 sorryAx,
 Classical.choice,
 Quot.sound]
PrimalitySheafVerification/Mock2_FunctionalAnalysis.lean:40344:4: error: Tactic `rfl` failed: The left-hand side
  ↑↑↑(invariantCutoffTimesOrbitSection n (intrinsicCuspCutoffSmoothQuotient N) ⋯
            ((InverseEtaFixedPhaseCore.toWeightSection n) (u + v)) ⋯)
    z
is not definitionally equal to the right-hand side
  ↑↑↑(invariantCutoffTimesOrbitSection n (intrinsicCuspCutoffSmoothQuotient N) ⋯
              ((InverseEtaFixedPhaseCore.toWeightSection n) u) ⋯ +
            invariantCutoffTimesOrbitSection n (intrinsicCuspCutoffSmoothQuotient N) ⋯
              ((InverseEtaFixedPhaseCore.toWeightSection n) v) ⋯)
    z

N : ℕ
n : ℤ
u v : InverseEtaFixedPhaseCore n
z : ℍ
⊢ ↑↑↑(invariantCutoffTimesOrbitSection n (intrinsicCuspCutoffSmoothQuotient N) ⋯
              ((InverseEtaFixedPhaseCore.toWeightSection n) (u + v)) ⋯)
      z =
    ↑↑↑(invariantCutoffTimesOrbitSection n (intrinsicCuspCutoffSmoothQuotient N) ⋯
                ((InverseEtaFixedPhaseCore.toWeightSection n) u) ⋯ +
              invariantCutoffTimesOrbitSection n (intrinsicCuspCutoffSmoothQuotient N) ⋯
                ((InverseEtaFixedPhaseCore.toWeightSection n) v) ⋯)
      z
PrimalitySheafVerification/Mock2_FunctionalAnalysis.lean:40350:4: error: Tactic `rfl` failed: The left-hand side
  ↑↑↑(invariantCutoffTimesOrbitSection n (intrinsicCuspCutoffSmoothQuotient N) ⋯
            ((InverseEtaFixedPhaseCore.toWeightSection n) (c • u)) ⋯)
    z
is not definitionally equal to the right-hand side
  ↑↑↑((RingHom.id ℂ) c •
            invariantCutoffTimesOrbitSection n (intrinsicCuspCutoffSmoothQuotient N) ⋯
              ((InverseEtaFixedPhaseCore.toWeightSection n) u) ⋯)
    z

N : ℕ
n : ℤ
c : ℂ
u : InverseEtaFixedPhaseCore n
z : ℍ
⊢ ↑↑↑(invariantCutoffTimesOrbitSection n (intrinsicCuspCutoffSmoothQuotient N) ⋯
              ((InverseEtaFixedPhaseCore.toWeightSection n) (c • u)) ⋯)
      z =
    ↑↑↑((RingHom.id ℂ) c •
              invariantCutoffTimesOrbitSection n (intrinsicCuspCutoffSmoothQuotient N) ⋯
                ((InverseEtaFixedPhaseCore.toWeightSection n) u) ⋯)
      z
PrimalitySheafVerification/Mock2_FunctionalAnalysis.lean:40401:6: error: Type mismatch: After simplification, term
  hzSupport
 has type
  gammaTwoQuotientMk z ∈ quotientTSupport ↑↑u.toSmoothQuotientCompactFunction
but is expected to have type
  a • z ∈ gammaTwoQuotientMk ⁻¹' quotientTSupport ↑↑u.toSmoothQuotientCompactFunction
PrimalitySheafVerification/Mock2_FunctionalAnalysis.lean:40475:57: error: Application type mismatch: The argument
  l2Coordinate n
has type
  @LinearMap ℂ ℂ Complex.instSemiring Complex.instSemiring (RingHom.id ℂ) (InverseEtaFixedPhaseCore n)
    (OrbitPeterssonHilbert n) (inverseEtaFixedPhaseStableCoreSubmodule n).addCommMonoid
    UniformSpace.Completion.instAddCommGroup.toAddCommMonoid (inverseEtaFixedPhaseStableCoreSubmodule n).module
    UniformSpace.Completion.instModule
but is expected to have type
  @LinearMap ℂ ℂ DivisionRing.toDivisionSemiring.toSemiring DivisionRing.toDivisionSemiring.toSemiring (RingHom.id ℂ)
    ?m.14 (OrbitPeterssonHilbert n) AddCommGroup.toAddCommMonoid
    NormedAddCommGroup.toSeminormedAddCommGroup.toAddCommMonoid ?m.23 UniformSpace.Completion.instModule
in the application
  LinearMap.extendOfNorm ?m.29 (l2Coordinate n)
PrimalitySheafVerification/Mock2_FunctionalAnalysis.lean:40482:35: error: (deterministic) timeout at `whnf`, maximum number of heartbeats (200000) has been reached

Note: Use `set_option maxHeartbeats <num>` to set the limit.

Hint: Additional diagnostic information may be available using the `set_option diagnostics true` command.
PrimalitySheafVerification/Mock2_FunctionalAnalysis.lean:40492:7: error: (deterministic) timeout at `whnf`, maximum number of heartbeats (200000) has been reached

Note: Use `set_option maxHeartbeats <num>` to set the limit.

Hint: Additional diagnostic information may be available using the `set_option diagnostics true` command.
PrimalitySheafVerification/Mock2_FunctionalAnalysis.lean:40503:50: error: Type mismatch
  eps / 2
has type
  ℝ
of sort `Type` but is expected to have type
  0 < ?m.26
of sort `Prop`
PrimalitySheafVerification/Mock2_FunctionalAnalysis.lean:40571:37: error: unsolved goals
N : ℕ
n : ℤ
u v : InverseEtaFixedPhaseCore n
z : ℍ
hCu :
  ↑↑((PhysicalLocalL2.orbitPeterssonEuclideanEmbedding n) ((l2Coordinate n) ((intrinsicCuspCutoffOperator N n) u))) z =
    PhysicalLocalL2.fixedPhaseEuclideanGauge n ((intrinsicCuspCutoffOperator N n) u) z
hV :
  ↑↑((PhysicalLocalL2.orbitPeterssonEuclideanEmbedding n) ((l2Coordinate n) v)) z =
    PhysicalLocalL2.fixedPhaseEuclideanGauge n v z
hU :
  ↑↑((PhysicalLocalL2.orbitPeterssonEuclideanEmbedding n) ((l2Coordinate n) u)) z =
    PhysicalLocalL2.fixedPhaseEuclideanGauge n u z
hCv :
  ↑↑((PhysicalLocalL2.orbitPeterssonEuclideanEmbedding n) ((l2Coordinate n) ((intrinsicCuspCutoffOperator N n) v))) z =
    PhysicalLocalL2.fixedPhaseEuclideanGauge n ((intrinsicCuspCutoffOperator N n) v) z
⊢ star ↑(intrinsicCuspCutoffReal N z) = ↑(intrinsicCuspCutoffReal N z)
PrimalitySheafVerification/Mock2_FunctionalAnalysis.lean:40573:6: error: `simp` made no progress
PrimalitySheafVerification/Mock2_FunctionalAnalysis.lean:40572:40: warning: This simp argument is unused:
  Complex.conj_ofReal

Hint: Omit it from the simp argument list.
  [apply] simp only [intrinsicCuspCutoff]

Note: This linter can be disabled with `set_option linter.unusedSimpArgs false`
PrimalitySheafVerification/Mock2_FunctionalAnalysis.lean:40594:6: error: Tactic `rewrite` failed: Did not find an occurrence of the pattern
  (intrinsicPeterssonCuspCutoff ?N ?n) ((l2Coordinate ?n) ?u)
in the target expression
  ⟪↑(intrinsicPeterssonCuspCutoff N n) ((l2Coordinate n) u), (l2Coordinate n) v⟫_ℂ =
    ⟪(l2Coordinate n) u, ↑(intrinsicPeterssonCuspCutoff N n) ((l2Coordinate n) v)⟫_ℂ

N : ℕ
n : ℤ
x y : OrbitPeterssonHilbert n
u v : InverseEtaFixedPhaseCore n
⊢ ⟪↑(intrinsicPeterssonCuspCutoff N n) ((l2Coordinate n) u), (l2Coordinate n) v⟫_ℂ =
    ⟪(l2Coordinate n) u, ↑(intrinsicPeterssonCuspCutoff N n) ((l2Coordinate n) v)⟫_ℂ
PrimalitySheafVerification/Mock2_FunctionalAnalysis.lean:40621:26: error: Application type mismatch: The argument
  heightC_ne_zero
has type
  ∀ (z : ℍ), heightC z ≠ 0
but is expected to have type
  ∀ x ∈ UpperHalfPlane.upperHalfPlaneSet, upperLift heightC x ≠ 0
in the application
  ContDiffOn.inv realSmooth_heightC heightC_ne_zero
PrimalitySheafVerification/Mock2_FunctionalAnalysis.lean:40627:45: error(lean.invalidField): Invalid field `raiseRaw`: The environment does not contain `Function.raiseRaw`, so it is not possible to project the field `raiseRaw` from an expression
  intrinsicCuspCutoff_quotientCompact N
of type
  ?m.9 ≤ 𝓟 (quotientTSupport (intrinsicCuspCutoff N)) → ∃ x ∈ quotientTSupport (intrinsicCuspCutoff N), ClusterPt x ?m.9
PrimalitySheafVerification/Mock2_FunctionalAnalysis.lean:40632:45: error(lean.invalidField): Invalid field `lowerRaw`: The environment does not contain `Function.lowerRaw`, so it is not possible to project the field `lowerRaw` from an expression
  intrinsicCuspCutoff_quotientCompact N
of type
  ?m.9 ≤ 𝓟 (quotientTSupport (intrinsicCuspCutoff N)) → ∃ x ∈ quotientTSupport (intrinsicCuspCutoff N), ClusterPt x ?m.9
PrimalitySheafVerification/Mock2_FunctionalAnalysis.lean:40635:18: warning: declaration uses `sorry`
PrimalitySheafVerification/Mock2_FunctionalAnalysis.lean:40638:8: warning: declaration uses `sorry`
PrimalitySheafVerification/Mock2_FunctionalAnalysis.lean:40667:27: error(lean.unknownIdentifier): Unknown identifier `norm_I`
Try this:
  [apply] ring_nf
  
  The `ring` tactic failed to close the goal. Use `ring_nf` to obtain a normal form.
    
  Note that `ring` works primarily in *commutative* rings. If you have a noncommutative ring, abelian group or module, consider using `noncomm_ring`, `abel` or `module` instead.
PrimalitySheafVerification/Mock2_FunctionalAnalysis.lean:40666:49: error: unsolved goals
N : ℕ
z : ℍ
hFormula :
  intrinsicRaiseCommutatorCoefficient N z =
    heightC z * (Complex.I * dx (intrinsicCuspCutoff N) z + dy (intrinsicCuspCutoff N) z)
hHeight : ‖heightC z‖ = z.im
⊢ z.im * ‖Complex.I‖ * ‖dx (intrinsicCuspCutoff N) z‖ + z.im * ‖dy (intrinsicCuspCutoff N) z‖ =
    z.im * ‖dx (intrinsicCuspCutoff N) z‖ + z.im * ‖dy (intrinsicCuspCutoff N) z‖
PrimalitySheafVerification/Mock2_FunctionalAnalysis.lean:40667:35: warning: This simp argument is unused:
  one_mul

Hint: Omit it from the simp argument list.
  [apply] simp only [norm_mul, norm_I]

Note: This linter can be disabled with `set_option linter.unusedSimpArgs false`
PrimalitySheafVerification/Mock2_FunctionalAnalysis.lean:40687:4: error: No goals to be solved
PrimalitySheafVerification/Mock2_FunctionalAnalysis.lean:40701:37: error(lean.unknownIdentifier): Unknown identifier `norm_I`
Try this:
  [apply] ring_nf
  
  The `ring` tactic failed to close the goal. Use `ring_nf` to obtain a normal form.
    
  Note that `ring` works primarily in *commutative* rings. If you have a noncommutative ring, abelian group or module, consider using `noncomm_ring`, `abel` or `module` instead.
PrimalitySheafVerification/Mock2_FunctionalAnalysis.lean:40700:49: error: unsolved goals
N : ℕ
z : ℍ
hFormula :
  intrinsicLowerCommutatorCoefficient N z =
    heightC z * (-Complex.I * dx (intrinsicCuspCutoff N) z + dy (intrinsicCuspCutoff N) z)
hHeight : ‖heightC z‖ = z.im
⊢ z.im * ‖Complex.I‖ * ‖dx (intrinsicCuspCutoff N) z‖ + z.im * ‖dy (intrinsicCuspCutoff N) z‖ =
    z.im * ‖dx (intrinsicCuspCutoff N) z‖ + z.im * ‖dy (intrinsicCuspCutoff N) z‖
PrimalitySheafVerification/Mock2_FunctionalAnalysis.lean:40701:45: warning: This simp argument is unused:
  one_mul

Hint: Omit it from the simp argument list.
  [apply] simp only [norm_mul, norm_neg, norm_I]

Note: This linter can be disabled with `set_option linter.unusedSimpArgs false`
'Mock2FA.PaperCorrections.AutomorphicSobolev.FixedPhaseIntrinsicAdjointCutoff.exists_intrinsicCuspCutoffOperator_eventually_eq' depends on axioms: [propext,
 sorryAx,
 Classical.choice,
 Quot.sound]
'Mock2FA.PaperCorrections.AutomorphicSobolev.FixedPhaseIntrinsicAdjointCutoff.intrinsicPeterssonCuspCutoff_tendsto_id' depends on axioms: [propext,
 sorryAx,
 Classical.choice,
 Quot.sound]
'Mock2FA.PaperCorrections.AutomorphicSobolev.FixedPhaseIntrinsicAdjointCutoff.adjoint_intrinsicPeterssonCuspCutoff' depends on axioms: [propext,
 sorryAx,
 Classical.choice,
 Quot.sound]
'Mock2FA.PaperCorrections.AutomorphicSobolev.FixedPhaseIntrinsicAdjointCutoff.norm_intrinsicRaiseCommutatorCoefficient_le' depends on axioms: [propext,
 sorryAx,
 Classical.choice,
 Quot.sound]
'Mock2FA.PaperCorrections.AutomorphicSobolev.FixedPhaseIntrinsicAdjointCutoff.norm_intrinsicLowerCommutatorCoefficient_le' depends on axioms: [propext,
 sorryAx,
 Classical.choice,
 Quot.sound]
PrimalitySheafVerification/Mock2_FunctionalAnalysis.lean:40745:2: error(lean.synthInstanceFailed): failed to synthesize instance of type class
  HSub (InverseEtaFixedPhaseCore n →ₗ[ℂ] InverseEtaFixedPhaseCore (n + 1))
    (InverseEtaFixedPhaseCore n →ₗ[ℂ] InverseEtaFixedPhaseCore (n + 1)) ?m.62

Hint: Type class instance resolution failures can be inspected with the `set_option trace.Meta.synthInstance true` command.
PrimalitySheafVerification/Mock2_FunctionalAnalysis.lean:40754:2: error(lean.synthInstanceFailed): failed to synthesize instance of type class
  HSub (InverseEtaFixedPhaseCore (n + 1) →ₗ[ℂ] InverseEtaFixedPhaseCore n)
    (InverseEtaFixedPhaseCore (n + 1) →ₗ[ℂ] InverseEtaFixedPhaseCore n) ?m.62

Hint: Type class instance resolution failures can be inspected with the `set_option trace.Meta.synthInstance true` command.
PrimalitySheafVerification/Mock2_FunctionalAnalysis.lean:40764:23: error: Function expected at
  intrinsicCuspCutoff
but this term has type
  ?m.1

Note: Expected a function because this term is being applied to the argument
  N

Hint: The identifier `intrinsicCuspCutoff` is unknown, and Lean's `autoImplicit` option causes an unknown identifier to be treated as an implicitly bound variable with an unknown type. However, the unknown type cannot be a function, and a function is what Lean expects here. This is often the result of a typo or a missing `import` or `open` statement.
PrimalitySheafVerification/Mock2_FunctionalAnalysis.lean:40765:12: error: Function expected at
  intrinsicCuspCutoff
but this term has type
  ?m.1

Note: Expected a function because this term is being applied to the argument
  N

Hint: The identifier `intrinsicCuspCutoff` is unknown, and Lean's `autoImplicit` option causes an unknown identifier to be treated as an implicitly bound variable with an unknown type. However, the unknown type cannot be a function, and a function is what Lean expects here. This is often the result of a typo or a missing `import` or `open` statement.
PrimalitySheafVerification/Mock2_FunctionalAnalysis.lean:40769:9: error: Function expected at
  intrinsicCuspCutoff
but this term has type
  x✝

Note: Expected a function because this term is being applied to the argument
  N
PrimalitySheafVerification/Mock2_FunctionalAnalysis.lean:40771:6: error: Function expected at
  intrinsicCuspCutoff
but this term has type
  x✝

Note: Expected a function because this term is being applied to the argument
  N
PrimalitySheafVerification/Mock2_FunctionalAnalysis.lean:40784:14: error: Function expected at
  intrinsicCuspCutoff
but this term has type
  ?m.1

Note: Expected a function because this term is being applied to the argument
  N

Hint: The identifier `intrinsicCuspCutoff` is unknown, and Lean's `autoImplicit` option causes an unknown identifier to be treated as an implicitly bound variable with an unknown type. However, the unknown type cannot be a function, and a function is what Lean expects here. This is often the result of a typo or a missing `import` or `open` statement.
PrimalitySheafVerification/Mock2_FunctionalAnalysis.lean:40785:28: error: Function expected at
  intrinsicCuspCutoff
but this term has type
  ?m.1

Note: Expected a function because this term is being applied to the argument
  N

Hint: The identifier `intrinsicCuspCutoff` is unknown, and Lean's `autoImplicit` option causes an unknown identifier to be treated as an implicitly bound variable with an unknown type. However, the unknown type cannot be a function, and a function is what Lean expects here. This is often the result of a typo or a missing `import` or `open` statement.
PrimalitySheafVerification/Mock2_FunctionalAnalysis.lean:40789:9: error: Function expected at
  intrinsicCuspCutoff
but this term has type
  x✝

Note: Expected a function because this term is being applied to the argument
  N
PrimalitySheafVerification/Mock2_FunctionalAnalysis.lean:40791:6: error: Function expected at
  intrinsicCuspCutoff
but this term has type
  x✝

Note: Expected a function because this term is being applied to the argument
  N
Try this:
  [apply] ring_nf
  
  The `ring` tactic failed to close the goal. Use `ring_nf` to obtain a normal form.
    
  Note that `ring` works primarily in *commutative* rings. If you have a noncommutative ring, abelian group or module, consider using `noncomm_ring`, `abel` or `module` instead.
PrimalitySheafVerification/Mock2_FunctionalAnalysis.lean:40803:128: error: unsolved goals
N : ℕ
n : ℤ
u : InverseEtaFixedPhaseCore n
z : ℍ
⊢ heightC z * ↑(z.im ^ PhysicalLocalL2.euclideanGaugeExponent n) * Complex.I * dx sorry z *
        ↑↑u.toSmoothQuotientCompactFunction z +
      heightC z * ↑(z.im ^ PhysicalLocalL2.euclideanGaugeExponent n) * dy sorry z *
        ↑↑u.toSmoothQuotientCompactFunction z =
    heightC z * ↑(z.im ^ PhysicalLocalL2.euclideanGaugeExponent n) * Complex.I * ↑↑u.toSmoothQuotientCompactFunction z *
        dx (FixedPhaseGoodCuspCutoffBridge.intrinsicCuspCutoff N) z +
      heightC z * ↑(z.im ^ PhysicalLocalL2.euclideanGaugeExponent n) * ↑↑u.toSmoothQuotientCompactFunction z *
        dy (FixedPhaseGoodCuspCutoffBridge.intrinsicCuspCutoff N) z

N : ℕ
n : ℤ
u : InverseEtaFixedPhaseCore n
z : ℍ
⊢ Sort ?u.16

N : ℕ
n : ℤ
u : InverseEtaFixedPhaseCore n
z : ℍ
⊢ ?m.18
Try this:
  [apply] ring_nf
  
  The `ring` tactic failed to close the goal. Use `ring_nf` to obtain a normal form.
    
  Note that `ring` works primarily in *commutative* rings. If you have a noncommutative ring, abelian group or module, consider using `noncomm_ring`, `abel` or `module` instead.
PrimalitySheafVerification/Mock2_FunctionalAnalysis.lean:40818:134: error: unsolved goals
N : ℕ
n : ℤ
u : InverseEtaFixedPhaseCore (n + 1)
z : ℍ
⊢ -(heightC z ^ 2 * (heightC z)⁻¹ * ↑(z.im ^ PhysicalLocalL2.euclideanGaugeExponent (1 + n)) * Complex.I * dx sorry z *
          ↑↑u.toSmoothQuotientCompactFunction z) +
      heightC z ^ 2 * (heightC z)⁻¹ * ↑(z.im ^ PhysicalLocalL2.euclideanGaugeExponent (1 + n)) * dy sorry z *
        ↑↑u.toSmoothQuotientCompactFunction z =
    -(heightC z ^ 2 * (heightC z)⁻¹ * ↑(z.im ^ PhysicalLocalL2.euclideanGaugeExponent (1 + n)) * Complex.I *
            ↑↑u.toSmoothQuotientCompactFunction z *
          dx (FixedPhaseGoodCuspCutoffBridge.intrinsicCuspCutoff N) z) +
      heightC z ^ 2 * (heightC z)⁻¹ * ↑(z.im ^ PhysicalLocalL2.euclideanGaugeExponent (1 + n)) *
          ↑↑u.toSmoothQuotientCompactFunction z *
        dy (FixedPhaseGoodCuspCutoffBridge.intrinsicCuspCutoff N) z

N : ℕ
n : ℤ
u : InverseEtaFixedPhaseCore (n + 1)
z : ℍ
⊢ Sort ?u.21

N : ℕ
n : ℤ
u : InverseEtaFixedPhaseCore (n + 1)
z : ℍ
⊢ ?m.24
PrimalitySheafVerification/Mock2_FunctionalAnalysis.lean:40870:4: error: Application type mismatch: The argument
  l2Coordinate n
has type
  @LinearMap ℂ ℂ Complex.instSemiring Complex.instSemiring (RingHom.id ℂ) (InverseEtaFixedPhaseCore n)
    (OrbitPeterssonHilbert n) (inverseEtaFixedPhaseStableCoreSubmodule n).addCommMonoid
    UniformSpace.Completion.instAddCommGroup.toAddCommMonoid (inverseEtaFixedPhaseStableCoreSubmodule n).module
    UniformSpace.Completion.instModule
but is expected to have type
  @LinearMap ℂ ℂ DivisionRing.toDivisionSemiring.toSemiring DivisionRing.toDivisionSemiring.toSemiring (RingHom.id ℂ)
    ?m.20 (OrbitPeterssonHilbert n) AddCommGroup.toAddCommMonoid
    NormedAddCommGroup.toSeminormedAddCommGroup.toAddCommMonoid ?m.29 UniformSpace.Completion.instModule
in the application
  LinearMap.extendOfNorm ?m.35 (l2Coordinate n)
PrimalitySheafVerification/Mock2_FunctionalAnalysis.lean:40878:35: error: (deterministic) timeout at `whnf`, maximum number of heartbeats (200000) has been reached

Note: Use `set_option maxHeartbeats <num>` to set the limit.

Hint: Additional diagnostic information may be available using the `set_option diagnostics true` command.
PrimalitySheafVerification/Mock2_FunctionalAnalysis.lean:40887:4: error: Application type mismatch: The argument
  l2Coordinate (n + 1)
has type
  @LinearMap ℂ ℂ Complex.instSemiring Complex.instSemiring (RingHom.id ℂ) (InverseEtaFixedPhaseCore (n + 1))
    (OrbitPeterssonHilbert (n + 1)) (inverseEtaFixedPhaseStableCoreSubmodule (n + 1)).addCommMonoid
    UniformSpace.Completion.instAddCommGroup.toAddCommMonoid (inverseEtaFixedPhaseStableCoreSubmodule (n + 1)).module
    UniformSpace.Completion.instModule
but is expected to have type
  @LinearMap ℂ ℂ DivisionRing.toDivisionSemiring.toSemiring DivisionRing.toDivisionSemiring.toSemiring (RingHom.id ℂ)
    ?m.20 (OrbitPeterssonHilbert (n + 1)) AddCommGroup.toAddCommMonoid
    NormedAddCommGroup.toSeminormedAddCommGroup.toAddCommMonoid ?m.29 UniformSpace.Completion.instModule
in the application
  LinearMap.extendOfNorm ?m.35 (l2Coordinate (n + 1))
PrimalitySheafVerification/Mock2_FunctionalAnalysis.lean:40897:35: error: (deterministic) timeout at `isDefEq`, maximum number of heartbeats (200000) has been reached

Note: Use `set_option maxHeartbeats <num>` to set the limit.

Hint: Additional diagnostic information may be available using the `set_option diagnostics true` command.
PrimalitySheafVerification/Mock2_FunctionalAnalysis.lean:40906:5: error: (deterministic) timeout at `whnf`, maximum number of heartbeats (200000) has been reached

Note: Use `set_option maxHeartbeats <num>` to set the limit.

Hint: Additional diagnostic information may be available using the `set_option diagnostics true` command.
PrimalitySheafVerification/Mock2_FunctionalAnalysis.lean:40914:5: error: (deterministic) timeout at `whnf`, maximum number of heartbeats (200000) has been reached

Note: Use `set_option maxHeartbeats <num>` to set the limit.

Hint: Additional diagnostic information may be available using the `set_option diagnostics true` command.
PrimalitySheafVerification/Mock2_FunctionalAnalysis.lean:40929:9: error(lean.synthInstanceFailed): failed to synthesize instance of type class
  HSub (InverseEtaFixedPhaseCore (n + 1)) (InverseEtaFixedPhaseCore (n + 1)) ?m.92

Hint: Type class instance resolution failures can be inspected with the `set_option trace.Meta.synthInstance true` command.
PrimalitySheafVerification/Mock2_FunctionalAnalysis.lean:40947:9: error(lean.synthInstanceFailed): failed to synthesize instance of type class
  HSub (InverseEtaFixedPhaseCore n) (InverseEtaFixedPhaseCore n) ?m.98

Hint: Type class instance resolution failures can be inspected with the `set_option trace.Meta.synthInstance true` command.
PrimalitySheafVerification/Mock2_FunctionalAnalysis.lean:40989:44: error: Application type mismatch: The argument
  eta
has type
  ℝ
of sort `Type` but is expected to have type
  0 < ?m.118
of sort `Prop` in the application
  DenseRange.exists_dist_lt hDense x eta
PrimalitySheafVerification/Mock2_FunctionalAnalysis.lean:41004:10: error: Tactic `rewrite` failed: Did not find an occurrence of the pattern
  ?m.262 / (B + 1) < ?m.261
in the target expression
  B * (eps / (B + 1)) < eps

E : Type u_1
F : Type u_2
D : Type u_3
inst✝⁴ : NormedAddCommGroup E
inst✝³ : NormedSpace ℂ E
inst✝² : NormedAddCommGroup F
inst✝¹ : NormedSpace ℂ F
inst✝ : TopologicalSpace D
A : ℕ → E →L[ℂ] F
B : ℝ
hB : 0 ≤ B
core : D → E
hDense : DenseRange core
hBound : ∀ (N : ℕ) (x : E), ‖(A N) x‖ ≤ B * ‖x‖
hCore : ∀ (u : D), (fun N => (A N) (core u)) =ᶠ[atTop] fun x => 0
x : E
eps : ℝ
heps : eps > 0
eta : ℝ := eps / (B + 1)
hB1 : 0 < B + 1
heta : 0 < eta
u : D
hu : dist x (core u) < eta
N : ℕ
hN : ∀ (b : ℕ), N ≤ b → (fun N => (A N) (core u)) b = (fun x => 0) b
M : ℕ
hM : M ≥ N
hCoreZero : (A M) (core u) = 0
hDist : ‖x - core u‖ < eta
hRewrite : (A M) x = (A M) (x - core u)
⊢ B * (eps / (B + 1)) < eps
'Mock2FA.PaperCorrections.AutomorphicSobolev.FixedPhaseIntrinsicAdjointCutoff.norm_intrinsicRaisePeterssonCommutatorCoreMap_le' depends on axioms: [propext,
 sorryAx,
 Classical.choice,
 Quot.sound]
'Mock2FA.PaperCorrections.AutomorphicSobolev.FixedPhaseIntrinsicAdjointCutoff.norm_intrinsicLowerFromSuccPeterssonCommutatorCoreMap_le' depends on axioms: [propext,
 sorryAx,
 Classical.choice,
 Quot.sound]
'Mock2FA.PaperCorrections.AutomorphicSobolev.FixedPhaseIntrinsicAdjointCutoff.tendsto_zero_of_uniform_bound_of_eventuallyEq_on_denseRange' depends on axioms: [propext,
 sorryAx,
 Classical.choice,
 Quot.sound]
'Mock2FA.PaperCorrections.AutomorphicSobolev.FixedPhaseIntrinsicAdjointCutoff.intrinsicRaisePeterssonCommutator_tendsto_zero' depends on axioms: [propext,
 sorryAx,
 Classical.choice,
 Quot.sound]
'Mock2FA.PaperCorrections.AutomorphicSobolev.FixedPhaseIntrinsicAdjointCutoff.intrinsicLowerFromSuccPeterssonCommutator_tendsto_zero' depends on axioms: [propext,
 sorryAx,
 Classical.choice,
 Quot.sound]
PrimalitySheafVerification/Mock2_FunctionalAnalysis.lean:41066:28: error: Tactic `rewrite` failed: Did not find an occurrence of the pattern
  (intrinsicPeterssonCuspCutoff ?N ?n) ((l2Coordinate ?n) ?u)
in the target expression
  (l2Coordinate (n + 1)) ((intrinsicRaiseCuspCutoffCommutator N n) u) =
    (l2Coordinate (n + 1))
        ((HalfWeightDifferentialOperators.InverseEtaFixedPhaseCore.raise n) ((intrinsicCuspCutoffOperator N n) u)) -
      (intrinsicPeterssonCuspCutoff N (n + 1)) ((raisedCoordinate n) u)

N : ℕ
n : ℤ
u : HalfWeightDifferentialOperators.InverseEtaFixedPhaseCore n
⊢ (l2Coordinate (n + 1)) ((intrinsicRaiseCuspCutoffCommutator N n) u) =
    (l2Coordinate (n + 1))
        ((HalfWeightDifferentialOperators.InverseEtaFixedPhaseCore.raise n) ((intrinsicCuspCutoffOperator N n) u)) -
      (intrinsicPeterssonCuspCutoff N (n + 1)) ((raisedCoordinate n) u)
PrimalitySheafVerification/Mock2_FunctionalAnalysis.lean:41082:4: error: Tactic `rewrite` failed: Did not find an occurrence of the pattern
  (intrinsicPeterssonCuspCutoff ?N ?n) ((l2Coordinate ?n) ?u)
in the target expression
  (l2Coordinate n) ((intrinsicLowerFromSuccCuspCutoffCommutator N n) v) =
    (l2Coordinate n)
        ((HalfWeightDifferentialOperators.InverseEtaFixedPhaseCore.lowerFromSucc n)
          ((intrinsicCuspCutoffOperator N (n + 1)) v)) -
      (intrinsicPeterssonCuspCutoff N n) ((lowerFromSuccCoordinate n) v)

N : ℕ
n : ℤ
v : HalfWeightDifferentialOperators.InverseEtaFixedPhaseCore (n + 1)
⊢ (l2Coordinate n) ((intrinsicLowerFromSuccCuspCutoffCommutator N n) v) =
    (l2Coordinate n)
        ((HalfWeightDifferentialOperators.InverseEtaFixedPhaseCore.lowerFromSucc n)
          ((intrinsicCuspCutoffOperator N (n + 1)) v)) -
      (intrinsicPeterssonCuspCutoff N n) ((lowerFromSuccCoordinate n) v)
PrimalitySheafVerification/Mock2_FunctionalAnalysis.lean:41277:14: error: Tactic `rewrite` failed: Did not find an occurrence of the pattern
  ↑(-?f) ?x
in the target expression
  (intrinsicPeterssonCuspCutoff N (n + 1)) (↑(-physicalRaise n) x) =
    (intrinsicPeterssonCuspCutoff N (n + 1)) (-(raisedCoordinate n) u)

N : ℕ
n : ℤ
x : ↥(l2Coordinate n).range
u : HalfWeightDifferentialOperators.InverseEtaFixedPhaseCore n := (l2CoreRangeEquiv n).symm x
xCut : ↥(l2Coordinate n).range := ⟨(intrinsicPeterssonCuspCutoff N n) ↑x, ⋯⟩
hx : (l2Coordinate n) u = ↑x
hxCut : xCut = (l2CoreRangeEquiv n) ((intrinsicCuspCutoffOperator N n) u)
⊢ (intrinsicPeterssonCuspCutoff N (n + 1)) (↑(-physicalRaise n) x) =
    (intrinsicPeterssonCuspCutoff N (n + 1)) (-(raisedCoordinate n) u)

Note: The target expression is not type-correct under the `implicit` transparency level, which may have triggered the failure. This is usually caused by unfolding of semireducible definitions in prior tactic steps. Use `set_option linter.tacticCheckInstances true` to investigate the source of the issue.
Full error:
  Application type mismatch: The argument
    x
  has type
    ↥(l2Coordinate n).range
  but is expected to have type
    ↥(-physicalRaise n).domain
  in the application
    ↑(-physicalRaise n) x
PrimalitySheafVerification/Mock2_FunctionalAnalysis.lean:41284:17: error: Tactic `rewrite` failed: Did not find an occurrence of the pattern
  ↑(-?f) ?x
in the target expression
  -(raisedCoordinate n) ((intrinsicCuspCutoffOperator N n) u) +
      (intrinsicRaisePeterssonCommutator N n) ((l2Coordinate n) u) =
    ↑(-physicalRaise n) ((l2CoreRangeEquiv n) ((intrinsicCuspCutoffOperator N n) u)) +
      (intrinsicRaisePeterssonCommutator N n) ↑x

N : ℕ
n : ℤ
x : ↥(l2Coordinate n).range
u : HalfWeightDifferentialOperators.InverseEtaFixedPhaseCore n := (l2CoreRangeEquiv n).symm x
xCut : ↥(l2Coordinate n).range := ⟨(intrinsicPeterssonCuspCutoff N n) ↑x, ⋯⟩
hx : (l2Coordinate n) u = ↑x
hxCut : xCut = (l2CoreRangeEquiv n) ((intrinsicCuspCutoffOperator N n) u)
⊢ -(raisedCoordinate n) ((intrinsicCuspCutoffOperator N n) u) +
      (intrinsicRaisePeterssonCommutator N n) ((l2Coordinate n) u) =
    ↑(-physicalRaise n) ((l2CoreRangeEquiv n) ((intrinsicCuspCutoffOperator N n) u)) +
      (intrinsicRaisePeterssonCommutator N n) ↑x

Note: The target expression is not type-correct under the `implicit` transparency level, which may have triggered the failure. This is usually caused by unfolding of semireducible definitions in prior tactic steps. Use `set_option linter.tacticCheckInstances true` to investigate the source of the issue.
Full error:
  Application type mismatch: The argument
    (l2CoreRangeEquiv n) ((intrinsicCuspCutoffOperator N n) u)
  has type
    ↥(l2Coordinate n).range
  but is expected to have type
    ↥(-physicalRaise n).domain
  in the application
    ↑(-physicalRaise n) ((l2CoreRangeEquiv n) ((intrinsicCuspCutoffOperator N n) u))
PrimalitySheafVerification/Mock2_FunctionalAnalysis.lean:41328:14: error: Tactic `rewrite` failed: Did not find an occurrence of the pattern
  ↑(-?f) ?x
in the target expression
  (intrinsicPeterssonCuspCutoff N n) (↑(-physicalLowerFromSucc n) x) =
    (intrinsicPeterssonCuspCutoff N n) (-(lowerFromSuccCoordinate n) u)

N : ℕ
n : ℤ
x : ↥(l2Coordinate (n + 1)).range
u : HalfWeightDifferentialOperators.InverseEtaFixedPhaseCore (n + 1) := (l2CoreRangeEquiv (n + 1)).symm x
xCut : ↥(l2Coordinate (n + 1)).range := ⟨(intrinsicPeterssonCuspCutoff N (n + 1)) ↑x, ⋯⟩
hx : (l2Coordinate (n + 1)) u = ↑x
hxCut : xCut = (l2CoreRangeEquiv (n + 1)) ((intrinsicCuspCutoffOperator N (n + 1)) u)
⊢ (intrinsicPeterssonCuspCutoff N n) (↑(-physicalLowerFromSucc n) x) =
    (intrinsicPeterssonCuspCutoff N n) (-(lowerFromSuccCoordinate n) u)

Note: The target expression is not type-correct under the `implicit` transparency level, which may have triggered the failure. This is usually caused by unfolding of semireducible definitions in prior tactic steps. Use `set_option linter.tacticCheckInstances true` to investigate the source of the issue.
Full error:
  Application type mismatch: The argument
    x
  has type
    ↥(l2Coordinate (n + 1)).range
  but is expected to have type
    ↥(-physicalLowerFromSucc n).domain
  in the application
    ↑(-physicalLowerFromSucc n) x
PrimalitySheafVerification/Mock2_FunctionalAnalysis.lean:41337:17: error: Tactic `rewrite` failed: Did not find an occurrence of the pattern
  ↑(-?f) ?x
in the target expression
  -(lowerFromSuccCoordinate n) ((intrinsicCuspCutoffOperator N (n + 1)) u) +
      (intrinsicLowerFromSuccPeterssonCommutator N n) ((l2Coordinate (n + 1)) u) =
    ↑(-physicalLowerFromSucc n) ((l2CoreRangeEquiv (n + 1)) ((intrinsicCuspCutoffOperator N (n + 1)) u)) +
      (intrinsicLowerFromSuccPeterssonCommutator N n) ↑x

N : ℕ
n : ℤ
x : ↥(l2Coordinate (n + 1)).range
u : HalfWeightDifferentialOperators.InverseEtaFixedPhaseCore (n + 1) := (l2CoreRangeEquiv (n + 1)).symm x
xCut : ↥(l2Coordinate (n + 1)).range := ⟨(intrinsicPeterssonCuspCutoff N (n + 1)) ↑x, ⋯⟩
hx : (l2Coordinate (n + 1)) u = ↑x
hxCut : xCut = (l2CoreRangeEquiv (n + 1)) ((intrinsicCuspCutoffOperator N (n + 1)) u)
⊢ -(lowerFromSuccCoordinate n) ((intrinsicCuspCutoffOperator N (n + 1)) u) +
      (intrinsicLowerFromSuccPeterssonCommutator N n) ((l2Coordinate (n + 1)) u) =
    ↑(-physicalLowerFromSucc n) ((l2CoreRangeEquiv (n + 1)) ((intrinsicCuspCutoffOperator N (n + 1)) u)) +
      (intrinsicLowerFromSuccPeterssonCommutator N n) ↑x

Note: The target expression is not type-correct under the `implicit` transparency level, which may have triggered the failure. This is usually caused by unfolding of semireducible definitions in prior tactic steps. Use `set_option linter.tacticCheckInstances true` to investigate the source of the issue.
Full error:
  Application type mismatch: The argument
    (l2CoreRangeEquiv (n + 1)) ((intrinsicCuspCutoffOperator N (n + 1)) u)
  has type
    ↥(l2Coordinate (n + 1)).range
  but is expected to have type
    ↥(-physicalLowerFromSucc n).domain
  in the application
    ↑(-physicalLowerFromSucc n) ((l2CoreRangeEquiv (n + 1)) ((intrinsicCuspCutoffOperator N (n + 1)) u))
'Mock2FA.PaperCorrections.AutomorphicSobolev.FixedPhaseIntrinsicAdjointCutoff.intrinsicRaisePeterssonCommutator_eq_adjoint_lowerFromSucc' depends on axioms: [propext,
 sorryAx,
 Classical.choice,
 Quot.sound]
'Mock2FA.PaperCorrections.AutomorphicSobolev.FixedPhaseIntrinsicAdjointCutoff.negativePhysicalRaise_intrinsicCutoff_commutator' depends on axioms: [propext,
 sorryAx,
 Classical.choice,
 Quot.sound]
'Mock2FA.PaperCorrections.AutomorphicSobolev.FixedPhaseIntrinsicAdjointCutoff.negativePhysicalLowerFromSucc_intrinsicCutoff_commutator' depends on axioms: [propext,
 sorryAx,
 Classical.choice,
 Quot.sound]
PrimalitySheafVerification/Mock2_FunctionalAnalysis.lean:41410:120: error(lean.invalidField): Invalid field `restrict`: The environment does not contain `Eq.restrict`, so it is not possible to project the field `restrict` from an expression
  PhysicalLocalL2.ae_mem_open_chosenEuclidean
of type
  PhysicalLocalL2.chosenEuclideanCarrierMeasure {x | (fun z => z ∈ gammaTwoOpenCarrier) x}ᶜ = 0
PrimalitySheafVerification/Mock2_FunctionalAnalysis.lean:41396:34: error: unsolved goals
m n : ℤ
Acore :
  HalfWeightDifferentialOperators.InverseEtaFixedPhaseCore n →ₗ[ℂ]
    HalfWeightDifferentialOperators.InverseEtaFixedPhaseCore m
A : OrbitPeterssonHilbert n →L[ℂ] OrbitPeterssonHilbert m
c : ℍ → ℂ
hc : HasQuotientCompactSupport c
hCore :
  ∀ (u : HalfWeightDifferentialOperators.InverseEtaFixedPhaseCore n),
    A ((l2Coordinate n) u) = (l2Coordinate m) (Acore u)
hGauge :
  ∀ (u : HalfWeightDifferentialOperators.InverseEtaFixedPhaseCore n) (z : ℍ),
    PhysicalLocalL2.fixedPhaseEuclideanGauge m (Acore u) z = c z * PhysicalLocalL2.fixedPhaseEuclideanGauge n u z
x : OrbitPeterssonHilbert n
K : Set ℍ := gammaTwoClosedTileCarrier ∩ gammaTwoQuotientMk ⁻¹' quotientTSupport c
hK : IsCompact K
R : OrbitPeterssonHilbert n →L[ℂ] ↥(Lp ℂ 2 (PhysicalLocalL2.chosenEuclideanCarrierMeasure.restrict Kᶜ)) :=
  LpToLpRestrictCLM ℍ ℂ ℂ PhysicalLocalL2.chosenEuclideanCarrierMeasure 2 Kᶜ ∘SL
    PhysicalLocalL2.orbitPeterssonEuclideanEmbedding m ∘SL A
u : HalfWeightDifferentialOperators.InverseEtaFixedPhaseCore n
z : ℍ
hzRestr :
  ↑↑((LpToLpRestrictCLM ℍ ℂ ℂ PhysicalLocalL2.chosenEuclideanCarrierMeasure 2 Kᶜ)
            ((PhysicalLocalL2.orbitPeterssonEuclideanEmbedding m) ((l2Coordinate m) (Acore u))))
      z =
    ↑↑((PhysicalLocalL2.orbitPeterssonEuclideanEmbedding m) ((l2Coordinate m) (Acore u))) z
hzGauge :
  ↑↑((PhysicalLocalL2.orbitPeterssonEuclideanEmbedding m) ((l2Coordinate m) (Acore u))) z =
    PhysicalLocalL2.fixedPhaseEuclideanGauge m (Acore u) z
hzOpen : z ∈ gammaTwoOpenCarrier
hzCompl : z ∈ Kᶜ
hcZero : c z = 0
⊢ 0 = ↑↑0 z
PrimalitySheafVerification/Mock2_FunctionalAnalysis.lean:41432:4: error: Type mismatch
  Lp.coeFn_zero
has type
  ∀ (E : Type ?u.173) {m : MeasurableSpace ?m.349} (p : ℝ≥0∞) (μ : Measure ?m.349) [inst : NormedAddCommGroup E],
    ↑↑0 =ᵐ[μ] 0
but is expected to have type
  ↑↑0 =ᵐ[PhysicalLocalL2.chosenEuclideanCarrierMeasure.restrict Kᶜ] 0
PrimalitySheafVerification/Mock2_FunctionalAnalysis.lean:41419:33: warning: This simp argument is unused:
  Pi.zero_apply

Hint: Omit it from the simp argument list.
  [apply] simp only [hcZero, zero_mul]

Note: This linter can be disabled with `set_option linter.unusedSimpArgs false`
PrimalitySheafVerification/Mock2_FunctionalAnalysis.lean:41454:6: error: Tactic `rewrite` failed: Did not find an occurrence of the pattern
  ↑↑((PhysicalLocalL2.orbitPeterssonEuclideanEmbedding n) x + (PhysicalLocalL2.orbitPeterssonEuclideanEmbedding n) y) z
in the target expression
  ↑↑((PhysicalLocalL2.orbitPeterssonEuclideanEmbedding n) (x + y)) z = 0

n : ℤ
x y : OrbitPeterssonHilbert n
K : Set ℍ
hK : IsCompact K
hx :
  ∀ᵐ (z : ℍ) ∂PhysicalLocalL2.chosenEuclideanCarrierMeasure,
    z ∉ K → ↑↑((PhysicalLocalL2.orbitPeterssonEuclideanEmbedding n) x) z = 0
L : Set ℍ
hL : IsCompact L
hy :
  ∀ᵐ (z : ℍ) ∂PhysicalLocalL2.chosenEuclideanCarrierMeasure,
    z ∉ L → ↑↑((PhysicalLocalL2.orbitPeterssonEuclideanEmbedding n) y) z = 0
z : ℍ
hAdd :
  ↑↑((PhysicalLocalL2.orbitPeterssonEuclideanEmbedding n) x + (PhysicalLocalL2.orbitPeterssonEuclideanEmbedding n) y)
      z =
    (↑↑((PhysicalLocalL2.orbitPeterssonEuclideanEmbedding n) x) +
        ↑↑((PhysicalLocalL2.orbitPeterssonEuclideanEmbedding n) y))
      z
hxz : z ∉ K → ↑↑((PhysicalLocalL2.orbitPeterssonEuclideanEmbedding n) x) z = 0
hyz : z ∉ L → ↑↑((PhysicalLocalL2.orbitPeterssonEuclideanEmbedding n) y) z = 0
hz : z ∉ K ∪ L
⊢ ↑↑((PhysicalLocalL2.orbitPeterssonEuclideanEmbedding n) (x + y)) z = 0
PrimalitySheafVerification/Mock2_FunctionalAnalysis.lean:41463:5: error(lean.unknownIdentifier): Unknown identifier `intrinsicCuspCutoff`
PrimalitySheafVerification/Mock2_FunctionalAnalysis.lean:41464:5: error(lean.unknownIdentifier): Unknown identifier `intrinsicCuspCutoff_quotientCompact`
Try this:
  [apply] ring_nf
  
  The `ring` tactic failed to close the goal. Use `ring_nf` to obtain a normal form.
    
  Note that `ring` works primarily in *commutative* rings. If you have a noncommutative ring, abelian group or module, consider using `noncomm_ring`, `abel` or `module` instead.
PrimalitySheafVerification/Mock2_FunctionalAnalysis.lean:41466:15: error: unsolved goals
N : ℕ
n : ℤ
x : OrbitPeterssonHilbert n
u : HalfWeightDifferentialOperators.InverseEtaFixedPhaseCore n
z : ℍ
⊢ ↑(z.im ^ PhysicalLocalL2.euclideanGaugeExponent n) * FixedPhaseGoodCuspCutoffBridge.intrinsicCuspCutoff N z *
      ↑↑u.toSmoothQuotientCompactFunction z =
    ↑(z.im ^ PhysicalLocalL2.euclideanGaugeExponent n) * ↑↑u.toSmoothQuotientCompactFunction z * sorry z
PrimalitySheafVerification/Mock2_FunctionalAnalysis.lean:41519:49: error(lean.invalidField): Invalid field `add`: The environment does not contain `Exists.add`, so it is not possible to project the field `add` from an expression
  intrinsicPeterssonCuspCutoff_hasCompactCarrierSupport j (n + 1) (↑(-physicalLowerFromSucc n)† y)
of type
  ∃ K,
    IsCompact K ∧
      ∀ᵐ (z : ℍ) ∂PhysicalLocalL2.chosenEuclideanCarrierMeasure,
        z ∉ K →
          ↑↑((PhysicalLocalL2.orbitPeterssonEuclideanEmbedding (n + 1))
                    ((intrinsicPeterssonCuspCutoff j (n + 1)) (↑(-physicalLowerFromSucc n)† y)))
              z =
            0
PrimalitySheafVerification/Mock2_FunctionalAnalysis.lean:41544:35: error(lean.invalidField): Invalid field `add`: The environment does not contain `Exists.add`, so it is not possible to project the field `add` from an expression
  intrinsicPeterssonCuspCutoff_hasCompactCarrierSupport j n (↑(-physicalRaise n)† y)
of type
  ∃ K,
    IsCompact K ∧
      ∀ᵐ (z : ℍ) ∂PhysicalLocalL2.chosenEuclideanCarrierMeasure,
        z ∉ K →
          ↑↑((PhysicalLocalL2.orbitPeterssonEuclideanEmbedding n)
                    ((intrinsicPeterssonCuspCutoff j n) (↑(-physicalRaise n)† y)))
              z =
            0
'Mock2FA.PaperCorrections.AutomorphicSobolev.FixedPhaseIntrinsicAdjointCutoff.completedGaugeMultiplier_hasCompactCarrierSupport' depends on axioms: [propext,
 sorryAx,
 Classical.choice,
 Quot.sound]
'Mock2FA.PaperCorrections.AutomorphicSobolev.FixedPhaseIntrinsicAdjointCutoff.intrinsicPeterssonCuspCutoff_hasCompactCarrierSupport' depends on axioms: [propext,
 sorryAx,
 Classical.choice,
 Quot.sound]
'Mock2FA.PaperCorrections.AutomorphicSobolev.FixedPhaseIntrinsicAdjointCutoff.intrinsicRaisingAdjointCutoffExhaustion' depends on axioms: [propext,
 sorryAx,
 Classical.choice,
 Quot.sound]
'Mock2FA.PaperCorrections.AutomorphicSobolev.FixedPhaseIntrinsicAdjointCutoff.intrinsicLoweringAdjointCutoffExhaustion' depends on axioms: [propext,
 sorryAx,
 Classical.choice,
 Quot.sound]
'Mock2FA.PaperCorrections.AutomorphicSobolev.FixedPhaseIntrinsicAdjointCutoff.raisingInvariantCutoffGraphControlAt_unconditional' depends on axioms: [propext,
 sorryAx,
 Classical.choice,
 Quot.sound]
'Mock2FA.PaperCorrections.AutomorphicSobolev.FixedPhaseIntrinsicAdjointCutoff.loweringInvariantCutoffGraphControlAt_unconditional' depends on axioms: [propext,
 sorryAx,
 Classical.choice,
 Quot.sound]
Try this:
  [apply] ring_nf
  
  The `ring` tactic failed to close the goal. Use `ring_nf` to obtain a normal form.
    
  Note that `ring` works primarily in *commutative* rings. If you have a noncommutative ring, abelian group or module, consider using `noncomm_ring`, `abel` or `module` instead.
PrimalitySheafVerification/Mock2_FunctionalAnalysis.lean:41690:66: error: unsolved goals
n : ℤ
v : PhysicalLocalL2.AmbientTestCore
z : ℍ
⊢ Complex.I * ↑(↑z).im * (HalfWeightCompactCoordinateGreen.dx v) ↑z +
        ↑(↑z).im * (HalfWeightCompactCoordinateGreen.dy v) ↑z +
      ↑(2 + PhysicalLocalL2.euclideanGaugeExponent n) * v ↑z =
    Complex.I * (HalfWeightCompactCoordinateGreen.dx v) ↑z * ↑z.im +
        (HalfWeightCompactCoordinateGreen.dy v) ↑z * ↑z.im +
      ↑(2 + PhysicalLocalL2.euclideanGaugeExponent n) * v ↑z
Try this:
  [apply] ring_nf
  
  The `ring` tactic failed to close the goal. Use `ring_nf` to obtain a normal form.
    
  Note that `ring` works primarily in *commutative* rings. If you have a noncommutative ring, abelian group or module, consider using `noncomm_ring`, `abel` or `module` instead.
PrimalitySheafVerification/Mock2_FunctionalAnalysis.lean:41707:66: error: unsolved goals
n : ℤ
v : PhysicalLocalL2.AmbientTestCore
z : ℍ
⊢ -(Complex.I * ↑(↑z).im * (HalfWeightCompactCoordinateGreen.dx v) ↑z) +
        ↑(↑z).im * (HalfWeightCompactCoordinateGreen.dy v) ↑z -
      ↑(1 + PhysicalLocalL2.euclideanGaugeExponent n) * v ↑z =
    -(Complex.I * (HalfWeightCompactCoordinateGreen.dx v) ↑z * ↑z.im) +
        (HalfWeightCompactCoordinateGreen.dy v) ↑z * ↑z.im -
      ↑(1 + PhysicalLocalL2.euclideanGaugeExponent n) * v ↑z
Try this:
  [apply] ring_nf
  
  The `ring` tactic failed to close the goal. Use `ring_nf` to obtain a normal form.
    
  Note that `ring` works primarily in *commutative* rings. If you have a noncommutative ring, abelian group or module, consider using `noncomm_ring`, `abel` or `module` instead.
PrimalitySheafVerification/Mock2_FunctionalAnalysis.lean:41736:47: error: unsolved goals
n : ℤ
u : HalfWeightDifferentialOperators.InverseEtaFixedPhaseCore n
v : PhysicalLocalL2.AmbientTestCore
hEq :
  EqOn (SmoothCompactCoreGeometry.upperLift (PhysicalLocalL2.fixedPhaseEuclideanGauge n u)) (⇑v)
    PhysicalLocalL2.ambientGammaTwoOpenCarrier
z : ℍ
hz : ↑z ∈ PhysicalLocalL2.ambientGammaTwoOpenCarrier
hx :
  HalfWeightDifferentialOperators.dx (PhysicalLocalL2.fixedPhaseEuclideanGauge n u) z =
    (HalfWeightCompactCoordinateGreen.dx v) ↑z
hy :
  HalfWeightDifferentialOperators.dy (PhysicalLocalL2.fixedPhaseEuclideanGauge n u) z =
    (HalfWeightCompactCoordinateGreen.dy v) ↑z
hv : PhysicalLocalL2.fixedPhaseEuclideanGauge n u z = v ↑z
⊢ Complex.I * ↑z.im * (HalfWeightCompactCoordinateGreen.dx v) ↑z + ↑z.im * (HalfWeightCompactCoordinateGreen.dy v) ↑z +
      ↑(2 + PhysicalLocalL2.euclideanGaugeExponent n) * v ↑z =
    Complex.I * (HalfWeightCompactCoordinateGreen.dx v) ↑z * ↑(↑z).im +
        (HalfWeightCompactCoordinateGreen.dy v) ↑z * ↑(↑z).im +
      ↑(2 + PhysicalLocalL2.euclideanGaugeExponent n) * v ↑z
Try this:
  [apply] ring_nf
  
  The `ring` tactic failed to close the goal. Use `ring_nf` to obtain a normal form.
    
  Note that `ring` works primarily in *commutative* rings. If you have a noncommutative ring, abelian group or module, consider using `noncomm_ring`, `abel` or `module` instead.
PrimalitySheafVerification/Mock2_FunctionalAnalysis.lean:41763:55: error: unsolved goals
n : ℤ
u : HalfWeightDifferentialOperators.InverseEtaFixedPhaseCore (n + 1)
v : PhysicalLocalL2.AmbientTestCore
hEq :
  EqOn (SmoothCompactCoreGeometry.upperLift (PhysicalLocalL2.fixedPhaseEuclideanGauge (n + 1) u)) (⇑v)
    PhysicalLocalL2.ambientGammaTwoOpenCarrier
z : ℍ
hz : ↑z ∈ PhysicalLocalL2.ambientGammaTwoOpenCarrier
hx :
  HalfWeightDifferentialOperators.dx (PhysicalLocalL2.fixedPhaseEuclideanGauge (n + 1) u) z =
    (HalfWeightCompactCoordinateGreen.dx v) ↑z
hy :
  HalfWeightDifferentialOperators.dy (PhysicalLocalL2.fixedPhaseEuclideanGauge (n + 1) u) z =
    (HalfWeightCompactCoordinateGreen.dy v) ↑z
hv : PhysicalLocalL2.fixedPhaseEuclideanGauge (n + 1) u z = v ↑z
⊢ -(Complex.I * ↑z.im * (HalfWeightCompactCoordinateGreen.dx v) ↑z) +
        ↑z.im * (HalfWeightCompactCoordinateGreen.dy v) ↑z -
      ↑(1 + PhysicalLocalL2.euclideanGaugeExponent n) * v ↑z =
    -(Complex.I * (HalfWeightCompactCoordinateGreen.dx v) ↑z * ↑(↑z).im) +
        (HalfWeightCompactCoordinateGreen.dy v) ↑z * ↑(↑z).im -
      ↑(1 + PhysicalLocalL2.euclideanGaugeExponent n) * v ↑z
PrimalitySheafVerification/Mock2_FunctionalAnalysis.lean:41861:2: error: Type mismatch: After simplification, term
  h
 has type
  Tendsto
    (fun e =>
      ‖(PhysicalLocalL2.orbitPeterssonEuclideanEmbedding m) (x e) -
          (PhysicalLocalL2.orbitPeterssonEuclideanEmbedding m) x0‖)
    l (𝓝 0)
but is expected to have type
  Tendsto (fun e => ‖x e - x0‖) l (𝓝 0)
'Mock2FA.PaperCorrections.AutomorphicSobolev.FixedPhaseEssentialCoreRoute.euclideanRaiseForwardTest_apply_upper' depends on axioms: [propext,
 sorryAx,
 Classical.choice,
 Quot.sound]
'Mock2FA.PaperCorrections.AutomorphicSobolev.FixedPhaseEssentialCoreRoute.euclideanLowerFromSuccForwardTest_apply_upper' depends on axioms: [propext,
 sorryAx,
 Classical.choice,
 Quot.sound]
'Mock2FA.PaperCorrections.AutomorphicSobolev.FixedPhaseEssentialCoreRoute.embedded_raisedCoordinate_eq_forwardTest_of_periodizedGauge' depends on axioms: [propext,
 sorryAx,
 Classical.choice,
 Quot.sound]
'Mock2FA.PaperCorrections.AutomorphicSobolev.FixedPhaseEssentialCoreRoute.embedded_lowerFromSuccCoordinate_eq_forwardTest_of_periodizedGauge' depends on axioms: [propext,
 sorryAx,
 Classical.choice,
 Quot.sound]
'Mock2FA.PaperCorrections.AutomorphicSobolev.FixedPhaseEssentialCoreRoute.periodize_ambientRaisingGraphApproximation' depends on axioms: [propext,
 sorryAx,
 Classical.choice,
 Quot.sound]
'Mock2FA.PaperCorrections.AutomorphicSobolev.FixedPhaseEssentialCoreRoute.periodize_ambientLoweringGraphApproximation' depends on axioms: [propext,
 sorryAx,
 Classical.choice,
 Quot.sound]
'Mock2FA.PaperCorrections.AutomorphicSobolev.FixedPhaseEssentialCoreRoute.raisingCompactFriedrichsPeriodizationAt_of_ambientApproximation' depends on axioms: [propext,
 sorryAx,
 Classical.choice,
 Quot.sound]
'Mock2FA.PaperCorrections.AutomorphicSobolev.FixedPhaseEssentialCoreRoute.loweringCompactFriedrichsPeriodizationAt_of_ambientApproximation' depends on axioms: [propext,
 sorryAx,
 Classical.choice,
 Quot.sound]
PrimalitySheafVerification/Mock2_FunctionalAnalysis.lean:42272:2: error: Type mismatch
  LE.le.trans (tsupport_comp_subset ?m.41 ⇑(ρ z)) (hρ z)
has type
  tsupport (?m.38 ∘ ⇑(ρ z)) ⊆ ambientGammaTwoReducedChart z
but is expected to have type
  tsupport ⇑(reducedChartPartitionAmbientTest ρ hρ z) ⊆ ambientGammaTwoReducedChart z
PrimalitySheafVerification/Mock2_FunctionalAnalysis.lean:42272:24: error: Application type mismatch: The argument
  rfl
has type
  ?m.40 = ?m.40
but is expected to have type
  ?m.38 0 = 0
in the application
  tsupport_comp_subset rfl
'Mock2FA.PaperCorrections.AutomorphicSobolev.FixedPhaseReducedChartFriedrichs.gammaTwoReducedChart_inter_translate_imp_smul_eq' depends on axioms: [propext,
 Classical.choice,
 Quot.sound]
'Mock2FA.PaperCorrections.AutomorphicSobolev.FixedPhaseReducedChartFriedrichs.compact_subset_finite_iUnion_gammaTwoReducedChart' depends on axioms: [propext,
 Classical.choice,
 Quot.sound]
'Mock2FA.PaperCorrections.AutomorphicSobolev.FixedPhaseReducedChartFriedrichs.exists_smoothPartitionOfUnity_gammaTwoReducedChart' depends on axioms: [propext,
 Classical.choice,
 Quot.sound]
'Mock2FA.PaperCorrections.AutomorphicSobolev.FixedPhaseReducedChartFriedrichs.reducedChartPartitionAmbientTest' depends on axioms: [propext,
 Classical.choice,
 Quot.sound]
'Mock2FA.PaperCorrections.AutomorphicSobolev.FixedPhaseReducedChartFriedrichs.smoothPartitionOfUnity_sum_eq_one_on_compact' depends on axioms: [propext,
 Classical.choice,
 Quot.sound]
PrimalitySheafVerification/Mock2_FunctionalAnalysis.lean:42330:4: error: `fun_prop` was unable to prove `Continuous fun t => DomAddAct.mk t +ᵥ f`

Issues:
PrimalitySheafVerification/Mock2_FunctionalAnalysis.lean:42331:2: error: Type mismatch: After simplification, term
  Continuous.continuousAt h
 has type
  ContinuousAt (fun t => DomAddAct.mk t +ᵥ f) ?m.313
but is expected to have type
  Tendsto (fun t => DomAddAct.mk t +ᵥ f) (𝓝 0) (𝓝 f)
PrimalitySheafVerification/Mock2_FunctionalAnalysis.lean:42340:4: error: `fun_prop` was unable to prove `Continuous fun t => ‖DomAddAct.mk t +ᵥ f - f‖`

Issues:
PrimalitySheafVerification/Mock2_FunctionalAnalysis.lean:42341:2: warning: try 'simp' instead of 'simpa'

Note: This linter can be disabled with `set_option linter.unnecessarySimpa false`
PrimalitySheafVerification/Mock2_FunctionalAnalysis.lean:42367:56: error: unsolved goals
sigma t : ℂ
f : ℂ → ℂ
w : ℂ
⊢ sigma * (fderiv ℝ (ambientTranslate t f) w) 1 + (fderiv ℝ (ambientTranslate t f) w) Complex.I =
    sigma * (fderiv ℝ f (w - t)) 1 + (fderiv ℝ f (w - t)) Complex.I
PrimalitySheafVerification/Mock2_FunctionalAnalysis.lean:42368:45: warning: This simp argument is unused:
  ambientTranslate

Hint: Omit it from the simp argument list.
  [apply] simp only [ambientConstantMaassDerivative, fderiv_comp_sub]

Note: This linter can be disabled with `set_option linter.unusedSimpArgs false`
PrimalitySheafVerification/Mock2_FunctionalAnalysis.lean:42369:4: warning: This simp argument is unused:
  fderiv_comp_sub

Hint: Omit it from the simp argument list.
  [apply] simp only [ambientConstantMaassDerivative, ambientTranslate]

Note: This linter can be disabled with `set_option linter.unusedSimpArgs false`
PrimalitySheafVerification/Mock2_FunctionalAnalysis.lean:42382:2: error: `simp` made no progress
'Mock2FA.PaperCorrections.AutomorphicSobolev.FixedPhaseAffineFriedrichs.ambientPlaneL2_translation_tendsto' depends on axioms: [propext,
 sorryAx,
 Classical.choice,
 Quot.sound]
'Mock2FA.PaperCorrections.AutomorphicSobolev.FixedPhaseAffineFriedrichs.ambientPlaneL2_norm_translation_sub_tendsto_zero' depends on axioms: [propext,
 sorryAx,
 Classical.choice,
 Quot.sound]
'Mock2FA.PaperCorrections.AutomorphicSobolev.FixedPhaseAffineFriedrichs.ambientAffineMaass_translate_commutator' depends on axioms: [propext,
 sorryAx,
 Classical.choice,
 Quot.sound]
'Mock2FA.PaperCorrections.AutomorphicSobolev.FixedPhaseAffineFriedrichs.euclideanRaiseForwardTest_eq_ambientAffineMaass' depends on axioms: [propext,
 Classical.choice,
 Quot.sound]
'Mock2FA.PaperCorrections.AutomorphicSobolev.FixedPhaseAffineFriedrichs.euclideanLowerFromSuccForwardTest_eq_ambientAffineMaass' depends on axioms: [propext,
 Classical.choice,
 Quot.sound]
PrimalitySheafVerification/Mock2_FunctionalAnalysis.lean:42493:8: error: Tactic `rewrite` failed: Did not find an occurrence of the pattern
  ?r • (?x - ?y)
in the target expression
  K t • (DomAddAct.mk (-t) +ᵥ f - f) = K t • (DomAddAct.mk (-t) +ᵥ f) - K t • f

K : ℂ → ℂ
f : ↥AmbientPlaneL2
hK : Integrable K volume
hMean : ∫ (t : ℂ), K t = 0
hTranslate : Integrable (fun t => K t • (DomAddAct.mk (-t) +ᵥ f)) volume
hError : Integrable (fun t => K t • (DomAddAct.mk (-t) +ᵥ f - f)) volume
hConst : Integrable (fun t => K t • f) volume
t : ℂ
⊢ K t • (DomAddAct.mk (-t) +ᵥ f - f) = K t • (DomAddAct.mk (-t) +ᵥ f) - K t • f
PrimalitySheafVerification/Mock2_FunctionalAnalysis.lean:42520:8: error: Invalid rewrite argument: Expected an equality or iff proof or definition name, but `η` is a value of type
  ℝ
PrimalitySheafVerification/Mock2_FunctionalAnalysis.lean:42526:6: error: `Tendsto (fun t => -t) (𝓝 0) (𝓝 0)` is not a `fun_prop` goal! Consider marking `Filter.Tendsto` with `@[fun_prop]`.
PrimalitySheafVerification/Mock2_FunctionalAnalysis.lean:42551:6: error: Type mismatch
  mul_le_mul_of_nonneg_left (LT.lt.le htSmall) (norm_nonneg ?m.406)
has type
  ‖?m.406‖ * ‖DomAddAct.mk (-t) +ᵥ f - f‖ ≤ ‖?m.406‖ * η
but is expected to have type
  ‖K n t‖ * ‖DomAddAct.mk (-t) +ᵥ f - f‖ ≤ η * ‖K n t‖
PrimalitySheafVerification/Mock2_FunctionalAnalysis.lean:42543:17: warning: This simp argument is unused:
  hη.le

Hint: Omit it from the simp argument list.
  [apply] simp [hKt]

Note: This linter can be disabled with `set_option linter.unusedSimpArgs false`
'Mock2FA.PaperCorrections.AutomorphicSobolev.FixedPhaseAffineFriedrichs.integral_kernel_vadd_eq_integral_kernel_vadd_sub_of_mean_zero' depends on axioms: [propext,
 sorryAx,
 Classical.choice,
 Quot.sound]
'Mock2FA.PaperCorrections.AutomorphicSobolev.FixedPhaseAffineFriedrichs.integral_shrinkingKernel_smul_translation_sub_tendsto_zero' depends on axioms: [propext,
 sorryAx,
 Classical.choice,
 Quot.sound]
PrimalitySheafVerification/Mock2_FunctionalAnalysis.lean:42651:6: error: Failed to rewrite using equation theorems for `friedrichsUnitMollifier`
PrimalitySheafVerification/Mock2_FunctionalAnalysis.lean:42660:8: error: Invalid argument name `mu` for function `ContDiffBump.support_normed_eq`

Hint: Perhaps you meant one of the following parameter names:
  • `E`: m̵u̵E̲
  • `c`: m̵u̵c̲
  • `f`: m̵u̵f̲
  • `μ`: m̵u̵μ̲
PrimalitySheafVerification/Mock2_FunctionalAnalysis.lean:42667:8: error: Invalid argument name `mu` for function `ContDiffBump.tsupport_normed_eq`

Hint: Perhaps you meant one of the following parameter names:
  • `E`: m̵u̵E̲
  • `c`: m̵u̵c̲
  • `f`: m̵u̵f̲
  • `μ`: m̵u̵μ̲
PrimalitySheafVerification/Mock2_FunctionalAnalysis.lean:42704:2: error: Type mismatch: After simplification, term
  ContDiff.const_smul (friedrichsScale j ^ 2) hcomp
 has type
  @ContDiff ℝ DenselyNormedField.toNontriviallyNormedField ℂ Complex.instNormedAddCommGroup
    instInnerProductSpaceRealComplex.toNormedSpace ℝ Real.normedAddCommGroup
    RCLike.toInnerProductSpaceReal.toNormedSpace ∞ fun y =>
    friedrichsScale j ^ 2 * friedrichsUnitMollifierReal (friedrichsScale j • y)
but is expected to have type
  @ContDiff ℝ DenselyNormedField.toNontriviallyNormedField ℂ Complex.instNormedAddCommGroup
    instInnerProductSpaceRealComplex.toNormedSpace ℝ Real.normedAddCommGroup
    RCLike.toInnerProductSpaceReal.toNormedSpace ∞ (friedrichsMollifierReal j)
PrimalitySheafVerification/Mock2_FunctionalAnalysis.lean:42719:2: error: Type mismatch: After simplification, term
  Integrable.const_mul hcomp (friedrichsScale j ^ 2)
 has type
  @Integrable ℝ PseudoMetricSpace.toUniformSpace.toTopologicalSpace SeminormedAddGroup.toContinuousENorm ℂ
    measureSpaceOfInnerProductSpace.toMeasurableSpace
    (fun x => friedrichsScale j ^ 2 * friedrichsUnitMollifierReal (friedrichsScale j • x)) volume
but is expected to have type
  @Integrable ℝ PseudoMetricSpace.toUniformSpace.toTopologicalSpace SeminormedAddGroup.toContinuousENorm ℂ
    measureSpaceOfInnerProductSpace.toMeasurableSpace (friedrichsMollifierReal j) volume
PrimalitySheafVerification/Mock2_FunctionalAnalysis.lean:42735:6: error: Failed to rewrite using equation theorems for `friedrichsMollifierReal`
PrimalitySheafVerification/Mock2_FunctionalAnalysis.lean:42742:6: error: Failed to rewrite using equation theorems for `friedrichsMollifier`
PrimalitySheafVerification/Mock2_FunctionalAnalysis.lean:42752:48: error: unsolved goals
j : ℕ
t : ℂ
⊢ ‖friedrichsMollifierReal j t‖ = friedrichsMollifierReal j t
PrimalitySheafVerification/Mock2_FunctionalAnalysis.lean:42756:8: warning: This simp argument is unused:
  abs_of_nonneg (friedrichsMollifierReal_nonneg j t)

Hint: Omit it from the simp argument list.
  [apply] simp only [friedrichsMollifier, Complex.norm_real]

Note: This linter can be disabled with `set_option linter.unusedSimpArgs false`
PrimalitySheafVerification/Mock2_FunctionalAnalysis.lean:42780:28: error: Application type mismatch: The argument
  hlt
has type
  friedrichsScale j * ‖t‖ < 2
but is expected to have type
  ‖t‖ * friedrichsScale j < 2
in the application
  (lt_div_iff₀ ha).mpr hlt
PrimalitySheafVerification/Mock2_FunctionalAnalysis.lean:42789:2: error: Type mismatch: After simplification, term
  hmul
 has type
  Tendsto (fun x => 2 * (1 / (↑x + 1))) atTop (𝓝 (2 * 0))
but is expected to have type
  Tendsto friedrichsRadius atTop (𝓝 0)
'Mock2FA.PaperCorrections.AutomorphicSobolev.FixedPhaseNormalizedFriedrichs.friedrichsMollifierReal_integral' depends on axioms: [propext,
 sorryAx,
 Classical.choice,
 Quot.sound]
'Mock2FA.PaperCorrections.AutomorphicSobolev.FixedPhaseNormalizedFriedrichs.friedrichsMollifier_l1' depends on axioms: [propext,
 sorryAx,
 Classical.choice,
 Quot.sound]
'Mock2FA.PaperCorrections.AutomorphicSobolev.FixedPhaseNormalizedFriedrichs.friedrichsMollifier_support_bound' depends on axioms: [propext,
 sorryAx,
 Classical.choice,
 Quot.sound]
'Mock2FA.PaperCorrections.AutomorphicSobolev.FixedPhaseNormalizedFriedrichs.friedrichsRadius_tendsto_zero' depends on axioms: [propext,
 sorryAx,
 Classical.choice,
 Quot.sound]
PrimalitySheafVerification/Mock2_FunctionalAnalysis.lean:42833:42: error(lean.unknownIdentifier): Unknown identifier `Opens`
PrimalitySheafVerification/Mock2_FunctionalAnalysis.lean:42833:53: error: overloaded, errors 
  Type mismatch
    ∞
  has type
    ℝ≥0∞
  but is expected to have type
    ℕ∞
  
  Type mismatch
    ∞
  has type
    ℕ∞ω
  but is expected to have type
    ℕ∞
PrimalitySheafVerification/Mock2_FunctionalAnalysis.lean:42837:15: error: Type mismatch
  v
has type
  FullPlaneTest
but is expected to have type
  ℂ → ℂ
PrimalitySheafVerification/Mock2_FunctionalAnalysis.lean:42843:33: error: Application type mismatch: The argument
  v
has type
  FullPlaneTest
but is expected to have type
  𝓓^{?m.10}(?m.5, ?m.6)
in the application
  (TestFunction.lineDerivCLM ℂ xi) v
PrimalitySheafVerification/Mock2_FunctionalAnalysis.lean:42848:4: error: Function expected at
  fullPlaneDirectionalDerivative xi v
but this term has type
  FullPlaneTest

Note: Expected a function because this term is being applied to the argument
  t
PrimalitySheafVerification/Mock2_FunctionalAnalysis.lean:42849:15: error: Type mismatch
  v
has type
  FullPlaneTest
but is expected to have type
  ℂ → ℂ
PrimalitySheafVerification/Mock2_FunctionalAnalysis.lean:42850:6: error: Failed to rewrite using equation theorems for `fullPlaneDirectionalDerivative`
PrimalitySheafVerification/Mock2_FunctionalAnalysis.lean:42850:6: warning: declaration uses `sorry`
PrimalitySheafVerification/Mock2_FunctionalAnalysis.lean:42856:13: error: Type mismatch
  fullPlaneDirectionalDerivative xi v
has type
  FullPlaneTest
but is expected to have type
  ℂ → ℂ
PrimalitySheafVerification/Mock2_FunctionalAnalysis.lean:42857:15: error: Type mismatch
  v
has type
  FullPlaneTest
but is expected to have type
  ℂ → ℂ
PrimalitySheafVerification/Mock2_FunctionalAnalysis.lean:42858:14: error(lean.unknownIdentifier): Unknown identifier `fullPlaneDirectionalDerivative_apply`
PrimalitySheafVerification/Mock2_FunctionalAnalysis.lean:42860:37: error: Type mismatch
  v
has type
  FullPlaneTest
of sort `Type u_1` but is expected to have type
  ℂ → ℂ
of sort `Type`
PrimalitySheafVerification/Mock2_FunctionalAnalysis.lean:42861:17: error: Type mismatch
  v
has type
  FullPlaneTest
of sort `Type u_1` but is expected to have type
  ℂ → ℂ
of sort `Type`
PrimalitySheafVerification/Mock2_FunctionalAnalysis.lean:42867:14: error: Function expected at
  fullPlaneDirectionalDerivative xi v
but this term has type
  FullPlaneTest

Note: Expected a function because this term is being applied to the argument
  t
PrimalitySheafVerification/Mock2_FunctionalAnalysis.lean:42867:5: error(lean.synthInstanceFailed): failed to synthesize instance of type class
  NormedAddCommGroup ℕ

Hint: Type class instance resolution failures can be inspected with the `set_option trace.Meta.synthInstance true` command.
PrimalitySheafVerification/Mock2_FunctionalAnalysis.lean:42870:38: error: Type mismatch
  v
has type
  FullPlaneTest
of sort `Type u_1` but is expected to have type
  ℂ → ℂ
of sort `Type`
PrimalitySheafVerification/Mock2_FunctionalAnalysis.lean:42869:4: error: Invalid argument name `mu` for function `integral_mul_fderiv_eq_neg_fderiv_mul_of_integrable`

Hint: Perhaps you meant one of the following parameter names:
  • `E`: m̵u̵E̲
  • `μ`: m̵u̵μ̲
  • `𝕜`: m̵u̵𝕜̲
  • `hf'g`: m̵u̵h̲f̲'̲g̲
  • `hfg'`: m̵u̵h̲f̲g̲'̲
  • `hfg`: m̵u̵h̲f̲g̲
  • `hf`: m̵u̵h̲f̲
  • `hg`: m̵u̵h̲g̲
PrimalitySheafVerification/Mock2_FunctionalAnalysis.lean:42872:8: warning: try 'simp' instead of 'simpa'

Note: This linter can be disabled with `set_option linter.unnecessarySimpa false`
PrimalitySheafVerification/Mock2_FunctionalAnalysis.lean:42874:29: error(lean.unknownIdentifier): Unknown identifier `fullPlaneDirectionalDerivative_apply`
PrimalitySheafVerification/Mock2_FunctionalAnalysis.lean:42875:6: error(lean.unknownIdentifier): Unknown identifier `fullPlaneTest_integrable`
PrimalitySheafVerification/Mock2_FunctionalAnalysis.lean:42876:35: error(lean.unknownIdentifier): Unknown identifier `fullPlaneTest_integrable`
PrimalitySheafVerification/Mock2_FunctionalAnalysis.lean:42867:60: error: unsolved goals
xi : ℂ
v : FullPlaneTest
⊢ ∫ (t : ℂ), sorry = 0
PrimalitySheafVerification/Mock2_FunctionalAnalysis.lean:42883:18: warning: declaration uses `sorry`
PrimalitySheafVerification/Mock2_FunctionalAnalysis.lean:42887:4: warning: 'exact friedrichsUnitBump.hasCompactSupport_normed.comp_left rfl' tactic does nothing

Note: This linter can be disabled with `set_option linter.unusedTactic false`
PrimalitySheafVerification/Mock2_FunctionalAnalysis.lean:42887:4: warning: this tactic is never executed

Note: This linter can be disabled with `set_option linter.unreachableTactic false`
PrimalitySheafVerification/Mock2_FunctionalAnalysis.lean:42892:4: error: Function expected at
  friedrichsUnitMollifierTest
but this term has type
  FullPlaneTest

Note: Expected a function because this term is being applied to the argument
  t
PrimalitySheafVerification/Mock2_FunctionalAnalysis.lean:42897:18: warning: declaration uses `sorry`
PrimalitySheafVerification/Mock2_FunctionalAnalysis.lean:42900:4: warning: 'have him : ContDiff ℝ ∞ (fun t : ℂ ↦ (t.im : ℂ)) :=
  (Complex.ofRealCLM.comp Complex.imCLM).contDiff' tactic does nothing

Note: This linter can be disabled with `set_option linter.unusedTactic false`
PrimalitySheafVerification/Mock2_FunctionalAnalysis.lean:42902:4: warning: 'exact him.mul friedrichsUnitMollifier_contDiff' tactic does nothing

Note: This linter can be disabled with `set_option linter.unusedTactic false`
PrimalitySheafVerification/Mock2_FunctionalAnalysis.lean:42900:4: warning: this tactic is never executed

Note: This linter can be disabled with `set_option linter.unreachableTactic false`
PrimalitySheafVerification/Mock2_FunctionalAnalysis.lean:42902:4: warning: this tactic is never executed

Note: This linter can be disabled with `set_option linter.unreachableTactic false`
PrimalitySheafVerification/Mock2_FunctionalAnalysis.lean:42909:4: error: Function expected at
  friedrichsUnitHeightMollifierTest
but this term has type
  FullPlaneTest

Note: Expected a function because this term is being applied to the argument
  t
PrimalitySheafVerification/Mock2_FunctionalAnalysis.lean:42916:2: error(lean.synthInstanceFailed): failed to synthesize instance of type class
  HSMul ℂ FullPlaneTest ?m.5

Hint: Type class instance resolution failures can be inspected with the `set_option trace.Meta.synthInstance true` command.
PrimalitySheafVerification/Mock2_FunctionalAnalysis.lean:42924:4: error: Function expected at
  friedrichsUnitAffineCommutatorTest sigma
but this term has type
  FullPlaneTest

Note: Expected a function because this term is being applied to the argument
  t
PrimalitySheafVerification/Mock2_FunctionalAnalysis.lean:42929:4: error(lean.unknownIdentifier): Unknown identifier `fullPlaneDirectionalDerivative_apply`
PrimalitySheafVerification/Mock2_FunctionalAnalysis.lean:42926:66: error: unsolved goals
sigma t : ℂ
⊢ sorry =
    sigma * (fderiv ℝ (fun s => ↑s.im * friedrichsUnitMollifier s) t) 1 +
      (fderiv ℝ (fun s => ↑s.im * friedrichsUnitMollifier s) t) Complex.I
PrimalitySheafVerification/Mock2_FunctionalAnalysis.lean:42927:13: warning: declaration uses `sorry`
PrimalitySheafVerification/Mock2_FunctionalAnalysis.lean:42927:13: warning: This simp argument is unused:
  friedrichsUnitAffineCommutatorTest

Hint: Omit it from the simp argument list.
  [apply] simp only [add_apply, smul_apply, fullPlaneDirectionalDerivative_apply,
    friedrichsUnitHeightMollifierTest_apply, smul_eq_mul, FixedPhaseAffineFriedrichs.ambientConstantMaassDerivative]

Note: This linter can be disabled with `set_option linter.unusedSimpArgs false`
PrimalitySheafVerification/Mock2_FunctionalAnalysis.lean:42928:4: warning: This simp argument is unused:
  add_apply

Hint: Omit it from the simp argument list.
  [apply] simp only [friedrichsUnitAffineCommutatorTest, smul_apply, fullPlaneDirectionalDerivative_apply,
    friedrichsUnitHeightMollifierTest_apply, smul_eq_mul, FixedPhaseAffineFriedrichs.ambientConstantMaassDerivative]

Note: This linter can be disabled with `set_option linter.unusedSimpArgs false`
PrimalitySheafVerification/Mock2_FunctionalAnalysis.lean:42928:15: warning: This simp argument is unused:
  smul_apply

Hint: Omit it from the simp argument list.
  [apply] simp only [friedrichsUnitAffineCommutatorTest, add_apply, fullPlaneDirectionalDerivative_apply,
    friedrichsUnitHeightMollifierTest_apply, smul_eq_mul, FixedPhaseAffineFriedrichs.ambientConstantMaassDerivative]

Note: This linter can be disabled with `set_option linter.unusedSimpArgs false`
PrimalitySheafVerification/Mock2_FunctionalAnalysis.lean:42930:4: warning: This simp argument is unused:
  friedrichsUnitHeightMollifierTest_apply

Hint: Omit it from the simp argument list.
  [apply] simp only [friedrichsUnitAffineCommutatorTest, add_apply, smul_apply, fullPlaneDirectionalDerivative_apply,
    smul_eq_mul, FixedPhaseAffineFriedrichs.ambientConstantMaassDerivative]

Note: This linter can be disabled with `set_option linter.unusedSimpArgs false`
PrimalitySheafVerification/Mock2_FunctionalAnalysis.lean:42930:45: warning: This simp argument is unused:
  smul_eq_mul

Hint: Omit it from the simp argument list.
  [apply] simp only [friedrichsUnitAffineCommutatorTest, add_apply, smul_apply, fullPlaneDirectionalDerivative_apply,
    friedrichsUnitHeightMollifierTest_apply, FixedPhaseAffineFriedrichs.ambientConstantMaassDerivative]

Note: This linter can be disabled with `set_option linter.unusedSimpArgs false`
PrimalitySheafVerification/Mock2_FunctionalAnalysis.lean:42935:14: error: Function expected at
  friedrichsUnitAffineCommutatorTest sigma
but this term has type
  FullPlaneTest

Note: Expected a function because this term is being applied to the argument
  t
PrimalitySheafVerification/Mock2_FunctionalAnalysis.lean:42935:5: error(lean.synthInstanceFailed): failed to synthesize instance of type class
  NormedAddCommGroup ℕ

Hint: Type class instance resolution failures can be inspected with the `set_option trace.Meta.synthInstance true` command.
PrimalitySheafVerification/Mock2_FunctionalAnalysis.lean:42936:6: error: Failed to rewrite using equation theorems for `friedrichsUnitAffineCommutatorTest`
PrimalitySheafVerification/Mock2_FunctionalAnalysis.lean:42936:6: warning: declaration uses `sorry`
PrimalitySheafVerification/Mock2_FunctionalAnalysis.lean:42949:13: error: Type mismatch
  friedrichsUnitHeightMollifierTest
has type
  FullPlaneTest
but is expected to have type
  ℂ → ℂ
PrimalitySheafVerification/Mock2_FunctionalAnalysis.lean:42957:13: error: Type mismatch
  friedrichsUnitAffineCommutatorTest sigma
has type
  FullPlaneTest
but is expected to have type
  ℂ → ℂ
PrimalitySheafVerification/Mock2_FunctionalAnalysis.lean:42960:6: error: Type mismatch
  fullPlaneDirectionalDerivative 1 friedrichsUnitHeightMollifierTest
has type
  FullPlaneTest
but is expected to have type
  ℂ → ℂ
PrimalitySheafVerification/Mock2_FunctionalAnalysis.lean:42963:5: error(lean.unknownIdentifier): Unknown identifier `tsupport_fullPlaneDirectionalDerivative_subset`
PrimalitySheafVerification/Mock2_FunctionalAnalysis.lean:42958:30: error: unsolved goals
sigma : ℂ
⊢ tsupport sorry ⊆ closedBall 0 2
PrimalitySheafVerification/Mock2_FunctionalAnalysis.lean:42986:4: error: Function expected at
  friedrichsUnitAffineCommutatorTest sigma
but this term has type
  FullPlaneTest

Note: Expected a function because this term is being applied to the argument
  (friedrichsScale j • t)
PrimalitySheafVerification/Mock2_FunctionalAnalysis.lean:42994:19: error: Function expected at
  friedrichsUnitAffineCommutatorTest sigma
but this term has type
  FullPlaneTest

Note: Expected a function because this term is being applied to the argument
  (friedrichsScale j • t)
PrimalitySheafVerification/Mock2_FunctionalAnalysis.lean:42996:5: error(lean.unknownIdentifier): Unknown identifier `fullPlaneTest_integrable`
PrimalitySheafVerification/Mock2_FunctionalAnalysis.lean:42992:30: error: unsolved goals
sigma : ℂ
j : ℕ
⊢ Integrable (friedrichsAffineCommutatorKernel sigma j) volume
PrimalitySheafVerification/Mock2_FunctionalAnalysis.lean:43016:4: error: Type mismatch
  friedrichsUnitAffineCommutatorTest sigma
has type
  FullPlaneTest
but is expected to have type
  ℂ → ℂ
PrimalitySheafVerification/Mock2_FunctionalAnalysis.lean:43011:65: error: unsolved goals
sigma : ℂ
j : ℕ
a : ℝ := friedrichsScale j
ha : 0 < a
⊢ ∫ (t : ℂ), friedrichsAffineCommutatorKernel sigma j t = 0
PrimalitySheafVerification/Mock2_FunctionalAnalysis.lean:43022:12: error: Function expected at
  friedrichsUnitAffineCommutatorTest sigma
but this term has type
  FullPlaneTest

Note: Expected a function because this term is being applied to the argument
  t
PrimalitySheafVerification/Mock2_FunctionalAnalysis.lean:43026:2: error: Type mismatch
  integral_nonneg fun x => ?m.20
has type
  0 ≤ ∫ (x : ?m.5), ?m.15 x ∂?m.10
but is expected to have type
  0 ≤ friedrichsAffineCommutatorL1 sigma
PrimalitySheafVerification/Mock2_FunctionalAnalysis.lean:43037:18: error: Function expected at
  friedrichsUnitAffineCommutatorTest sigma
but this term has type
  FullPlaneTest

Note: Expected a function because this term is being applied to the argument
  t
PrimalitySheafVerification/Mock2_FunctionalAnalysis.lean:43032:44: error: unsolved goals
sigma : ℂ
j : ℕ
a : ℝ := friedrichsScale j
ha : 0 < a
⊢ ∫ (t : ℂ), ‖friedrichsAffineCommutatorKernel sigma j t‖ = friedrichsAffineCommutatorL1 sigma
PrimalitySheafVerification/Mock2_FunctionalAnalysis.lean:43059:15: error: Function expected at
  friedrichsUnitAffineCommutatorTest sigma
but this term has type
  FullPlaneTest

Note: Expected a function because this term is being applied to the argument
  (friedrichsScale j • t)
PrimalitySheafVerification/Mock2_FunctionalAnalysis.lean:43060:37: error: unsolved goals
sigma : ℂ
j : ℕ
t : ℂ
ht : friedrichsAffineCommutatorKernel sigma j t ≠ 0
ha : 0 < friedrichsScale j
hzero : sorry = 0
⊢ ↑(friedrichsScale j ^ 2) * sorry = 0
PrimalitySheafVerification/Mock2_FunctionalAnalysis.lean:43065:15: error: Type mismatch
  friedrichsUnitAffineCommutatorTest sigma
has type
  FullPlaneTest
but is expected to have type
  ℂ → ℂ
PrimalitySheafVerification/Mock2_FunctionalAnalysis.lean:43057:32: error: unsolved goals
sigma : ℂ
j : ℕ
t : ℂ
ht : friedrichsAffineCommutatorKernel sigma j t ≠ 0
ha : 0 < friedrichsScale j
hunit : sorry ≠ 0
⊢ ‖t‖ ≤ friedrichsRadius j
PrimalitySheafVerification/Mock2_FunctionalAnalysis.lean:43063:15: warning: declaration uses `sorry`
PrimalitySheafVerification/Mock2_FunctionalAnalysis.lean:43063:49: warning: This simp argument is unused:
  hzero

Hint: Omit it from the simp argument list.
  [apply] simp only [friedrichsAffineCommutatorKernel, mul_zero]

Note: This linter can be disabled with `set_option linter.unusedSimpArgs false`
PrimalitySheafVerification/Mock2_FunctionalAnalysis.lean:43063:56: warning: This simp argument is unused:
  mul_zero

Hint: Omit it from the simp argument list.
  [apply] simp only [friedrichsAffineCommutatorKernel, hzero]

Note: This linter can be disabled with `set_option linter.unusedSimpArgs false`
PrimalitySheafVerification/Mock2_FunctionalAnalysis.lean:43079:14: error(lean.unknownIdentifier): Unknown constant `FixedPhaseNormalizedFriedrichs.integral_friedrichsUnitAffineCommutatorTest_eq_zero`
'Mock2FA.PaperCorrections.AutomorphicSobolev.FixedPhaseNormalizedFriedrichs.integral_friedrichsAffineCommutatorKernel_eq_zero' depends on axioms: [propext,
 sorryAx,
 Classical.choice,
 Quot.sound]
'Mock2FA.PaperCorrections.AutomorphicSobolev.FixedPhaseNormalizedFriedrichs.friedrichsAffineCommutatorKernel_l1' depends on axioms: [propext,
 sorryAx,
 Classical.choice,
 Quot.sound]
'Mock2FA.PaperCorrections.AutomorphicSobolev.FixedPhaseNormalizedFriedrichs.friedrichsAffineCommutatorKernel_support_bound' depends on axioms: [propext,
 sorryAx,
 Classical.choice,
 Quot.sound]
PrimalitySheafVerification/Mock2_FunctionalAnalysis.lean:43115:4: error: `fun_prop` was unable to prove `Continuous fun t => DomAddAct.mk (-t) +ᵥ f`

Issues:
PrimalitySheafVerification/Mock2_FunctionalAnalysis.lean:43130:2: error: Type mismatch: After simplification, term
  Integrable.sub hTranslate hConst
 has type
  Integrable ((fun t => K t • (DomAddAct.mk (-t) +ᵥ f)) - fun t => K t • f) volume
but is expected to have type
  Integrable (fun t => K t • (DomAddAct.mk (-t) +ᵥ f - f)) volume
PrimalitySheafVerification/Mock2_FunctionalAnalysis.lean:43149:8: error: Tactic `rewrite` failed: Did not find an occurrence of the pattern
  ?r • (?x - ?y)
in the target expression
  K t • (DomAddAct.mk (-t) +ᵥ f) = K t • (DomAddAct.mk (-t) +ᵥ f - f) + K t • f

K : ℂ → ℂ
f : ↥AmbientPlaneL2
hK : Integrable K volume
hMean : ∫ (t : ℂ), K t = 1
hTranslate : Integrable (fun t => K t • (DomAddAct.mk (-t) +ᵥ f)) volume
hError : Integrable (fun t => K t • (DomAddAct.mk (-t) +ᵥ f - f)) volume
hConst : Integrable (fun t => K t • f) volume
t : ℂ
⊢ K t • (DomAddAct.mk (-t) +ᵥ f) = K t • (DomAddAct.mk (-t) +ᵥ f - f) + K t • f
'Mock2FA.PaperCorrections.AutomorphicSobolev.FixedPhaseNormalizedFriedrichs.friedrichsMollifierAction_tendsto' depends on axioms: [propext,
 sorryAx,
 Classical.choice,
 Quot.sound]
'Mock2FA.PaperCorrections.AutomorphicSobolev.FixedPhaseNormalizedFriedrichs.friedrichsAffineCommutatorAction_tendsto_zero' depends on axioms: [propext,
 sorryAx,
 Classical.choice,
 Quot.sound]
'Mock2FA.PaperCorrections.AutomorphicSobolev.FixedPhaseNormalizedFriedrichs.friedrichsJointAffineCoordinates_tendsto' depends on axioms: [propext,
 sorryAx,
 Classical.choice,
 Quot.sound]
PrimalitySheafVerification/Mock2_FunctionalAnalysis.lean:43407:51: error(lean.invalidField): Invalid field `continuousAt`: The environment does not contain `Function.continuousAt`, so it is not possible to project the field `continuousAt` from an expression
  WithLp.prod_continuous_toLp 2
of type
  ∀ (α : Type ?u.363) (β : Type ?u.362) [inst : TopologicalSpace α] [inst_1 : TopologicalSpace β],
    Continuous (WithLp.toLp 2)
'Mock2FA.PaperCorrections.AutomorphicSobolev.FixedPhaseJointFriedrichsPeriodization.periodize_ambientJointGraphApproximation' depends on axioms: [propext,
 sorryAx,
 Classical.choice,
 Quot.sound]
'Mock2FA.PaperCorrections.AutomorphicSobolev.FixedPhaseJointFriedrichsPeriodization.hasSequentialJointGraphRegularization_of_ambientApproximation' depends on axioms: [propext,
 sorryAx,
 Classical.choice,
 Quot.sound]
PrimalitySheafVerification/Mock2_FunctionalAnalysis.lean:43494:30: error(lean.unknownIdentifier): Unknown identifier `lsmul`
PrimalitySheafVerification/Mock2_FunctionalAnalysis.lean:43500:81: error(lean.unknownIdentifier): Unknown identifier `lsmul`
PrimalitySheafVerification/Mock2_FunctionalAnalysis.lean:43510:66: error: Application type mismatch: The argument
  hf
has type
  HasCompactSupport ↑↑f
of sort `Prop` but is expected to have type
  ℝ →L[?m.12] ?m.15 →L[?m.12] ?m.16
of sort `Type (max 0 ?u.15 ?u.16)` in the application
  @HasCompactSupport.convolution ?m.12 ℂ ℝ ?m.15 ?m.16 Real.normedAddCommGroup ?m.18 ?m.19 (friedrichsMollifierReal j)
    ?m.21 ?m.22 ?m.23 ?m.24 ?m.25 hf
PrimalitySheafVerification/Mock2_FunctionalAnalysis.lean:43514:18: warning: declaration uses `sorry`
PrimalitySheafVerification/Mock2_FunctionalAnalysis.lean:43515:5: warning: Variable name `j` is not explicitly referenced.

Hint: The binding can be removed (if unused) or named `_` (if used implicitly). Alternatively, prefix the name with `_` to silence this warning:
  [apply] _j

Note: This linter can be disabled with `set_option linter.unusedVariables false`
PrimalitySheafVerification/Mock2_FunctionalAnalysis.lean:43516:5: warning: Variable name `hf` is not explicitly referenced.

Hint: The binding can be removed (if unused) or named `_` (if used implicitly). Alternatively, prefix the name with `_` to silence this warning:
  [apply] _hf

Note: This linter can be disabled with `set_option linter.unusedVariables false`
PrimalitySheafVerification/Mock2_FunctionalAnalysis.lean:43527:4: error: Function expected at
  friedrichsMollifiedFullPlaneTest j f hf
but this term has type
  FullPlaneTest

Note: Expected a function because this term is being applied to the argument
  t
PrimalitySheafVerification/Mock2_FunctionalAnalysis.lean:43536:8: error: Function expected at
  friedrichsUnitHeightMollifierTest
but this term has type
  FullPlaneTest

Note: Expected a function because this term is being applied to the argument
  (friedrichsScale j • t)
PrimalitySheafVerification/Mock2_FunctionalAnalysis.lean:43543:4: warning: This simp argument is unused:
  friedrichsUnitHeightMollifierTest_apply

Hint: Omit it from the simp argument list.
  [apply] simp only [friedrichsMollifier, friedrichsMollifierReal, friedrichsUnitMollifier, Complex.real_smul]

Note: This linter can be disabled with `set_option linter.unusedSimpArgs false`
PrimalitySheafVerification/Mock2_FunctionalAnalysis.lean:43544:4: warning: This simp argument is unused:
  friedrichsUnitMollifier

Hint: Omit it from the simp argument list.
  [apply] simp only [friedrichsMollifier, friedrichsMollifierReal, friedrichsUnitHeightMollifierTest_apply,
    Complex.real_smul]

Note: This linter can be disabled with `set_option linter.unusedSimpArgs false`
PrimalitySheafVerification/Mock2_FunctionalAnalysis.lean:43557:10: error: Type mismatch
  friedrichsUnitHeightMollifierTest
has type
  FullPlaneTest
but is expected to have type
  ℂ → ℂ
PrimalitySheafVerification/Mock2_FunctionalAnalysis.lean:43564:10: error: Function expected at
  friedrichsUnitHeightMollifierTest
but this term has type
  FullPlaneTest

Note: Expected a function because this term is being applied to the argument
  (a • s)
PrimalitySheafVerification/Mock2_FunctionalAnalysis.lean:43569:19: error: Function expected at
  friedrichsUnitHeightMollifierTest
but this term has type
  FullPlaneTest

Note: Expected a function because this term is being applied to the argument
  (a • s)
PrimalitySheafVerification/Mock2_FunctionalAnalysis.lean:43558:40: error: unsolved goals
j : ℕ
t xi : ℂ
a : ℝ := friedrichsScale j
ha : 0 < a
hfun : (fun s => ↑s.im * friedrichsMollifier j s) = fun s => a • sorry
⊢ (fderiv ℝ (fun s => a • sorry) t) xi = ↑(friedrichsScale j ^ 2) * (fderiv ℝ sorry (friedrichsScale j • t)) xi
Try this:
  [apply] ring_nf
  
  The `ring` tactic failed to close the goal. Use `ring_nf` to obtain a normal form.
    
  Note that `ring` works primarily in *commutative* rings. If you have a noncommutative ring, abelian group or module, consider using `noncomm_ring`, `abel` or `module` instead.
PrimalitySheafVerification/Mock2_FunctionalAnalysis.lean:43582:64: error: unsolved goals
sigma : ℂ
j : ℕ
t : ℂ
⊢ ↑(friedrichsScale j ^ 2) * sorry =
    ↑(friedrichsScale j ^ 2) * sigma * (fderiv ℝ sorry (friedrichsScale j • t)) 1 +
      ↑(friedrichsScale j ^ 2) * (fderiv ℝ sorry (friedrichsScale j • t)) Complex.I
PrimalitySheafVerification/Mock2_FunctionalAnalysis.lean:43586:13: warning: declaration uses `sorry`
PrimalitySheafVerification/Mock2_FunctionalAnalysis.lean:43587:4: warning: This simp argument is unused:
  friedrichsUnitAffineCommutatorTest_apply

Hint: Omit it from the simp argument list.
  [apply] simp only [friedrichsAffineCommutatorKernel, ambientConstantMaassDerivative]

Note: This linter can be disabled with `set_option linter.unusedSimpArgs false`
PrimalitySheafVerification/Mock2_FunctionalAnalysis.lean:43588:4: warning: This simp argument is unused:
  ambientConstantMaassDerivative

Hint: Omit it from the simp argument list.
  [apply] simp only [friedrichsAffineCommutatorKernel, friedrichsUnitAffineCommutatorTest_apply]

Note: This linter can be disabled with `set_option linter.unusedSimpArgs false`
'Mock2FA.PaperCorrections.AutomorphicSobolev.FixedPhaseNormalizedFriedrichs.friedrichsMollifiedRepresentative_contDiff' depends on axioms: [propext,
 sorryAx,
 Classical.choice,
 Quot.sound]
'Mock2FA.PaperCorrections.AutomorphicSobolev.FixedPhaseNormalizedFriedrichs.friedrichsAffineCommutatorKernel_eq_directionalDerivative' depends on axioms: [propext,
 sorryAx,
 Classical.choice,
 Quot.sound]
PrimalitySheafVerification/Mock2_FunctionalAnalysis.lean:43622:18: warning: declaration uses `sorry`
PrimalitySheafVerification/Mock2_FunctionalAnalysis.lean:43622:38: warning: Variable name `v` is not explicitly referenced.

Hint: The binding can be removed (if unused) or named `_` (if used implicitly). Alternatively, prefix the name with `_` to silence this warning:
  [apply] _v

Note: This linter can be disabled with `set_option linter.unusedVariables false`
PrimalitySheafVerification/Mock2_FunctionalAnalysis.lean:43625:4: warning: 'have him : ContDiff ℝ ∞ (fun t : ℂ ↦ (t.im : ℂ)) :=
  (Complex.ofRealCLM.comp Complex.imCLM).contDiff' tactic does nothing

Note: This linter can be disabled with `set_option linter.unusedTactic false`
PrimalitySheafVerification/Mock2_FunctionalAnalysis.lean:43627:4: warning: 'exact him.mul v.contDiff' tactic does nothing

Note: This linter can be disabled with `set_option linter.unusedTactic false`
PrimalitySheafVerification/Mock2_FunctionalAnalysis.lean:43625:4: warning: this tactic is never executed

Note: This linter can be disabled with `set_option linter.unreachableTactic false`
PrimalitySheafVerification/Mock2_FunctionalAnalysis.lean:43627:4: warning: this tactic is never executed

Note: This linter can be disabled with `set_option linter.unreachableTactic false`
PrimalitySheafVerification/Mock2_FunctionalAnalysis.lean:43633:4: error: Function expected at
  fullPlaneHeightMul v
but this term has type
  FullPlaneTest

Note: Expected a function because this term is being applied to the argument
  t
PrimalitySheafVerification/Mock2_FunctionalAnalysis.lean:43633:42: error: Function expected at
  v
but this term has type
  FullPlaneTest

Note: Expected a function because this term is being applied to the argument
  t
PrimalitySheafVerification/Mock2_FunctionalAnalysis.lean:43640:2: error(lean.synthInstanceFailed): failed to synthesize instance of type class
  HSMul ℂ FullPlaneTest ?m.13

Hint: Type class instance resolution failures can be inspected with the `set_option trace.Meta.synthInstance true` command.
PrimalitySheafVerification/Mock2_FunctionalAnalysis.lean:43647:4: error: Function expected at
  fullPlaneAffineTranspose sigma c v
but this term has type
  FullPlaneTest

Note: Expected a function because this term is being applied to the argument
  t
PrimalitySheafVerification/Mock2_FunctionalAnalysis.lean:43649:19: error: Type mismatch
  v
has type
  FullPlaneTest
but is expected to have type
  ℂ → ℂ
PrimalitySheafVerification/Mock2_FunctionalAnalysis.lean:43651:19: error: Type mismatch
  v
has type
  FullPlaneTest
but is expected to have type
  ℂ → ℂ
PrimalitySheafVerification/Mock2_FunctionalAnalysis.lean:43652:18: error: Function expected at
  v
but this term has type
  FullPlaneTest

Note: Expected a function because this term is being applied to the argument
  t
PrimalitySheafVerification/Mock2_FunctionalAnalysis.lean:43655:30: error(lean.unknownIdentifier): Unknown identifier `fullPlaneDirectionalDerivative_apply`
PrimalitySheafVerification/Mock2_FunctionalAnalysis.lean:43653:13: warning: declaration uses `sorry`
PrimalitySheafVerification/Mock2_FunctionalAnalysis.lean:43665:14: error: Function expected at
  v
but this term has type
  FullPlaneTest

Note: Expected a function because this term is being applied to the argument
  t
PrimalitySheafVerification/Mock2_FunctionalAnalysis.lean:43666:15: error: Function expected at
  fullPlaneAffineTranspose sigma c v
but this term has type
  FullPlaneTest

Note: Expected a function because this term is being applied to the argument
  t
PrimalitySheafVerification/Mock2_FunctionalAnalysis.lean:43671:28: error: Function expected at
  v
but this term has type
  FullPlaneTest

Note: Expected a function because this term is being applied to the argument
  t
PrimalitySheafVerification/Mock2_FunctionalAnalysis.lean:43678:18: warning: declaration uses `sorry`
PrimalitySheafVerification/Mock2_FunctionalAnalysis.lean:43679:5: warning: Variable name `j` is not explicitly referenced.

Hint: The binding can be removed (if unused) or named `_` (if used implicitly). Alternatively, prefix the name with `_` to silence this warning:
  [apply] _j

Note: This linter can be disabled with `set_option linter.unusedVariables false`
PrimalitySheafVerification/Mock2_FunctionalAnalysis.lean:43679:13: warning: Variable name `w` is not explicitly referenced.

Hint: The binding can be removed (if unused) or named `_` (if used implicitly). Alternatively, prefix the name with `_` to silence this warning:
  [apply] _w

Note: This linter can be disabled with `set_option linter.unusedVariables false`
PrimalitySheafVerification/Mock2_FunctionalAnalysis.lean:43684:4: warning: 'have hreal : HasCompactSupport (fun x : ℂ ↦ friedrichsMollifierReal j (w - x)) :=
  (friedrichsMollifierReal_hasCompactSupport j).comp_homeomorph (Homeomorph.subLeft w)' tactic does nothing

Note: This linter can be disabled with `set_option linter.unusedTactic false`
PrimalitySheafVerification/Mock2_FunctionalAnalysis.lean:43688:4: warning: 'exact hreal.comp_left rfl' tactic does nothing

Note: This linter can be disabled with `set_option linter.unusedTactic false`
PrimalitySheafVerification/Mock2_FunctionalAnalysis.lean:43684:4: warning: this tactic is never executed

Note: This linter can be disabled with `set_option linter.unreachableTactic false`
PrimalitySheafVerification/Mock2_FunctionalAnalysis.lean:43688:4: warning: this tactic is never executed

Note: This linter can be disabled with `set_option linter.unreachableTactic false`
PrimalitySheafVerification/Mock2_FunctionalAnalysis.lean:43694:4: error: Function expected at
  friedrichsTranslatedMollifierTest j w
but this term has type
  FullPlaneTest

Note: Expected a function because this term is being applied to the argument
  x
PrimalitySheafVerification/Mock2_FunctionalAnalysis.lean:43702:8: error: Type mismatch
  friedrichsTranslatedMollifierTest j w
has type
  FullPlaneTest
but is expected to have type
  ℂ → ℂ
PrimalitySheafVerification/Mock2_FunctionalAnalysis.lean:43705:37: error(lean.invalidField): Invalid field `differentiableAt`: The environment does not contain `Exists.differentiableAt`, so it is not possible to project the field `differentiableAt` from an expression
  friedrichsMollifier_contDiff j
of type
  ∃ p, HasFTaylorSeriesUpTo ∞ (friedrichsMollifier j) p
PrimalitySheafVerification/Mock2_FunctionalAnalysis.lean:43708:4: error: Type mismatch: After simplification, term
  HasFDerivAt.sub (hasFDerivAt_const w x) (hasFDerivAt_id x)
 has type
  @HasFDerivAt ℝ DenselyNormedField.toNontriviallyNormedField ℂ Complex.instNormedAddCommGroup.toAddCommGroup
    instInnerProductSpaceRealComplex.toModule PseudoMetricSpace.toUniformSpace.toTopologicalSpace ℂ
    Complex.instNormedAddCommGroup.toAddCommGroup instInnerProductSpaceRealComplex.toModule
    PseudoMetricSpace.toUniformSpace.toTopologicalSpace ((fun x => w) - id) (-ContinuousLinearMap.id ℝ ℂ) x
but is expected to have type
  @HasFDerivAt ℝ DenselyNormedField.toNontriviallyNormedField ℂ Complex.addCommGroup
    instInnerProductSpaceRealComplex.toModule PseudoMetricSpace.toUniformSpace.toTopologicalSpace ℂ Complex.addCommGroup
    instInnerProductSpaceRealComplex.toModule PseudoMetricSpace.toUniformSpace.toTopologicalSpace (fun y => w - y)
    (-ContinuousLinearMap.id ℝ ℂ) x
PrimalitySheafVerification/Mock2_FunctionalAnalysis.lean:43713:36: warning: `ContinuousLinearMap.neg_apply` has been deprecated: Use `neg_apply` instead

Note: The updated constant is in a different namespace. Dot notation may need to be changed (e.g., from `x.neg_apply` to `neg_apply x`).
PrimalitySheafVerification/Mock2_FunctionalAnalysis.lean:43723:8: error: Function expected at
  fullPlaneAffineTranspose sigma c (friedrichsTranslatedMollifierTest j w)
but this term has type
  FullPlaneTest

Note: Expected a function because this term is being applied to the argument
  x
'Mock2FA.PaperCorrections.AutomorphicSobolev.FixedPhaseNormalizedFriedrichs.fderiv_friedrichsTranslatedMollifierTest' depends on axioms: [propext,
 sorryAx,
 Classical.choice,
 Quot.sound]
'Mock2FA.PaperCorrections.AutomorphicSobolev.FixedPhaseNormalizedFriedrichs.IsPlanarAffineWeakGraph.translatedMollifier' depends on axioms: [propext,
 sorryAx,
 Classical.choice,
 Quot.sound]
PrimalitySheafVerification/Mock2_FunctionalAnalysis.lean:43755:41: error(lean.invalidField): Invalid field `differentiableAt`: The environment does not contain `Exists.differentiableAt`, so it is not possible to project the field `differentiableAt` from an expression
  friedrichsMollifierReal_contDiff j
of type
  ∃ p, HasFTaylorSeriesUpTo ∞ (friedrichsMollifierReal j) p
PrimalitySheafVerification/Mock2_FunctionalAnalysis.lean:43753:63: error: unsolved goals
j : ℕ
t xi : ℂ
⊢ (fderiv ℝ (friedrichsMollifier j) t) xi = ↑((fderiv ℝ (friedrichsMollifierReal j) t) xi)
PrimalitySheafVerification/Mock2_FunctionalAnalysis.lean:43770:37: error(lean.invalidField): Invalid field `differentiableAt`: The environment does not contain `Exists.differentiableAt`, so it is not possible to project the field `differentiableAt` from an expression
  friedrichsMollifier_contDiff j
of type
  ∃ p, HasFTaylorSeriesUpTo ∞ (friedrichsMollifier j) p
PrimalitySheafVerification/Mock2_FunctionalAnalysis.lean:43771:6: error: Tactic `rewrite` failed: Did not find an occurrence of the pattern
  fderiv ℝ ((fun s => ↑s.im) * friedrichsMollifier j) t
in the target expression
  (fderiv ℝ (fun s => ↑s.im * friedrichsMollifier j s) t) 1 = ↑t.im * (fderiv ℝ (friedrichsMollifier j) t) 1

j : ℕ
t : ℂ
him : DifferentiableAt ℝ (fun s => ↑s.im) t
hrho : DifferentiableAt ℝ (friedrichsMollifier j) t
⊢ (fderiv ℝ (fun s => ↑s.im * friedrichsMollifier j s) t) 1 = ↑t.im * (fderiv ℝ (friedrichsMollifier j) t) 1
PrimalitySheafVerification/Mock2_FunctionalAnalysis.lean:43789:37: error(lean.invalidField): Invalid field `differentiableAt`: The environment does not contain `Exists.differentiableAt`, so it is not possible to project the field `differentiableAt` from an expression
  friedrichsMollifier_contDiff j
of type
  ∃ p, HasFTaylorSeriesUpTo ∞ (friedrichsMollifier j) p
PrimalitySheafVerification/Mock2_FunctionalAnalysis.lean:43790:6: error: Tactic `rewrite` failed: Did not find an occurrence of the pattern
  fderiv ℝ ((fun s => ↑s.im) * friedrichsMollifier j) t
in the target expression
  (fderiv ℝ (fun s => ↑s.im * friedrichsMollifier j s) t) Complex.I =
    friedrichsMollifier j t + ↑t.im * (fderiv ℝ (friedrichsMollifier j) t) Complex.I

j : ℕ
t : ℂ
him : DifferentiableAt ℝ (fun s => ↑s.im) t
hrho : DifferentiableAt ℝ (friedrichsMollifier j) t
⊢ (fderiv ℝ (fun s => ↑s.im * friedrichsMollifier j s) t) Complex.I =
    friedrichsMollifier j t + ↑t.im * (fderiv ℝ (friedrichsMollifier j) t) Complex.I
'Mock2FA.PaperCorrections.AutomorphicSobolev.FixedPhaseNormalizedFriedrichs.fderiv_friedrichsMollifier' depends on axioms: [propext,
 sorryAx,
 Classical.choice,
 Quot.sound]
'Mock2FA.PaperCorrections.AutomorphicSobolev.FixedPhaseNormalizedFriedrichs.friedrichsAffineCommutatorKernel_expanded' depends on axioms: [propext,
 sorryAx,
 Classical.choice,
 Quot.sound]
PrimalitySheafVerification/Mock2_FunctionalAnalysis.lean:43861:2: error(lean.synthInstanceFailed): failed to synthesize instance of type class
  AddCommGroup (InverseEtaFixedPhaseCore n)

Hint: Type class instance resolution failures can be inspected with the `set_option trace.Meta.synthInstance true` command.
PrimalitySheafVerification/Mock2_FunctionalAnalysis.lean:43867:8: error(lean.synthInstanceFailed): failed to synthesize instance of type class
  AddCommGroup (InverseEtaFixedPhaseCore n)

Hint: Type class instance resolution failures can be inspected with the `set_option trace.Meta.synthInstance true` command.
PrimalitySheafVerification/Mock2_FunctionalAnalysis.lean:43884:4: warning: `ContinuousLinearMap.sub_apply` has been deprecated: Use `sub_apply` instead

Note: The updated constant is in a different namespace. Dot notation may need to be changed (e.g., from `x.sub_apply` to `sub_apply x`).
PrimalitySheafVerification/Mock2_FunctionalAnalysis.lean:43884:35: warning: `ContinuousLinearMap.smul_apply` has been deprecated: Use `smul_apply` instead

Note: The updated constant is in a different namespace. Dot notation may need to be changed (e.g., from `x.smul_apply` to `smul_apply x`).
PrimalitySheafVerification/Mock2_FunctionalAnalysis.lean:43894:6: error(lean.synthInstanceFailed): failed to synthesize instance of type class
  AddCommGroup (InverseEtaFixedPhaseCore n)

Hint: Type class instance resolution failures can be inspected with the `set_option trace.Meta.synthInstance true` command.
PrimalitySheafVerification/Mock2_FunctionalAnalysis.lean:43901:4: error(lean.synthInstanceFailed): failed to synthesize instance of type class
  AddCommGroup (InverseEtaFixedPhaseCore n)

Hint: Type class instance resolution failures can be inspected with the `set_option trace.Meta.synthInstance true` command.
PrimalitySheafVerification/Mock2_FunctionalAnalysis.lean:43903:6: error(lean.synthInstanceFailed): failed to synthesize instance of type class
  AddCommGroup (InverseEtaFixedPhaseCore n)

Hint: Type class instance resolution failures can be inspected with the `set_option trace.Meta.synthInstance true` command.
PrimalitySheafVerification/Mock2_FunctionalAnalysis.lean:43922:2: error(lean.synthInstanceFailed): failed to synthesize instance of type class
  AddCommGroup (InverseEtaFixedPhaseCore n)

Hint: Type class instance resolution failures can be inspected with the `set_option trace.Meta.synthInstance true` command.
PrimalitySheafVerification/Mock2_FunctionalAnalysis.lean:43924:0: error: Not a definitional equality: the left-hand side
  (principalEnergyEquiv n) u
is not definitionally equal to the right-hand side
  (principalEnergyOperator n) u
PrimalitySheafVerification/Mock2_FunctionalAnalysis.lean:43927:2: error: Type mismatch
  rfl
has type
  ?m.5 = ?m.5
but is expected to have type
  (principalEnergyEquiv n) u = (principalEnergyOperator n) u
PrimalitySheafVerification/Mock2_FunctionalAnalysis.lean:43939:4: error: 'change' tactic failed, pattern
  principalEnergyOperator n = weakSchrodingerOperator n t + ↑t • graphPotentialOperator n
is not definitionally equal to target
  ↑(principalEnergyEquiv n) = weakSchrodingerOperator n t + ↑t • graphPotentialOperator n
PrimalitySheafVerification/Mock2_FunctionalAnalysis.lean:43950:33: error: Application type mismatch: The argument
  weakSchrodingerOperator n t
has type
  @ContinuousLinearMap ℂ ℂ Complex.instSemiring Complex.instSemiring (RingHom.id ℂ) (ActualHOne n)
    (UniformSpace.Completion.uniformSpace ↥(coordinates n).GraphRange).toTopologicalSpace
    UniformSpace.Completion.instAddCommGroup.toAddCommMonoid (ActualHMinusOne n) ContinuousLinearMap.topologicalSpace
    ContinuousLinearMap.addCommMonoid UniformSpace.Completion.instModule ContinuousLinearMap.module
but is expected to have type
  @ContinuousLinearMap ℂ ℂ Complex.instSemiring Complex.instSemiring (RingHom.id ℂ) ?m.7
    PseudoMetricSpace.toUniformSpace.toTopologicalSpace NormedAddCommGroup.toAddCommGroup.toAddCommMonoid ?m.8
    PseudoMetricSpace.toUniformSpace.toTopologicalSpace NormedAddCommGroup.toAddCommGroup.toAddCommMonoid
    toNormedSpace.toModule toNormedSpace.toModule
in the application
  NontrivialKernelFredholmData (weakSchrodingerOperator n t)
PrimalitySheafVerification/Mock2_FunctionalAnalysis.lean:43960:3: error(lean.unknownIdentifier): Unknown identifier `fredholmData_of_compactPotential`
PrimalitySheafVerification/Mock2_FunctionalAnalysis.lean:43969:8: error: Application type mismatch: The argument
  weakSchrodingerOperator n t
has type
  @ContinuousLinearMap ℂ ℂ Complex.instSemiring Complex.instSemiring (RingHom.id ℂ) (ActualHOne n)
    (UniformSpace.Completion.uniformSpace ↥(coordinates n).GraphRange).toTopologicalSpace
    UniformSpace.Completion.instAddCommGroup.toAddCommMonoid (ActualHMinusOne n) ContinuousLinearMap.topologicalSpace
    ContinuousLinearMap.addCommMonoid UniformSpace.Completion.instModule ContinuousLinearMap.module
but is expected to have type
  @ContinuousLinearMap ?m.31 ?m.31 Field.toSemifield.toDivisionSemiring.toSemiring
    Field.toSemifield.toDivisionSemiring.toSemiring (RingHom.id ?m.31) ?m.33
    PseudoMetricSpace.toUniformSpace.toTopologicalSpace NormedAddCommGroup.toAddCommGroup.toAddCommMonoid
    (ActualHMinusOne n) PseudoMetricSpace.toUniformSpace.toTopologicalSpace
    ContinuousLinearMap.toNormedAddCommGroup.toAddCommMonoid toNormedSpace.toModule toNormedSpace.toModule
in the application
  ContinuousLinearMap.adjoint (weakSchrodingerOperator n t)
PrimalitySheafVerification/Mock2_FunctionalAnalysis.lean:43982:3: error(lean.unknownIdentifier): Unknown identifier `fredholmData_of_compactPotential`
PrimalitySheafVerification/Mock2_FunctionalAnalysis.lean:43991:3: error(lean.unknownIdentifier): Unknown identifier `fredholmData_of_compactPotential`
PrimalitySheafVerification/Mock2_FunctionalAnalysis.lean:44001:3: error(lean.unknownIdentifier): Unknown identifier `fredholmData_of_compactPotential`
PrimalitySheafVerification/Mock2_FunctionalAnalysis.lean:44014:3: error(lean.unknownIdentifier): Unknown identifier `fredholmData_of_compactPotential`
PrimalitySheafVerification/Mock2_FunctionalAnalysis.lean:44021:3: error(lean.unknownIdentifier): Unknown identifier `fredholmData_of_compactPotential`
PrimalitySheafVerification/Mock2_FunctionalAnalysis.lean:44029:3: error(lean.unknownIdentifier): Unknown identifier `fredholmData_of_compactPotential`
'Mock2FA.PaperCorrections.AutomorphicSobolev.ActualScalarDiscriminantPDE.weakSchrodingerOperator_apply_core' depends on axioms: [propext,
 sorryAx,
 Classical.choice,
 Quot.sound]
'Mock2FA.PaperCorrections.AutomorphicSobolev.ActualScalarDiscriminantPDE.principalEnergy_eq_weakSchrodinger_add_potential' depends on axioms: [propext,
 sorryAx,
 Classical.choice,
 Quot.sound]
PrimalitySheafVerification/Mock2_FunctionalAnalysis.lean:44054:14: error(lean.unknownIdentifier): Unknown constant `ActualScalarDiscriminantPDE.fredholmData_of_compactPotential`
PrimalitySheafVerification/Mock2_FunctionalAnalysis.lean:44055:14: error(lean.unknownIdentifier): Unknown constant `ActualScalarDiscriminantPDE.weakSchrodinger_solvable_iff_adjointKernel_orthogonal`
'Mock2FA.PaperCorrections.AutomorphicSobolev.ActualScalarDiscriminantPDE.canonicalWeakSolution_spec' depends on axioms: [propext,
 sorryAx,
 Classical.choice,
 Quot.sound]
'Mock2FA.PaperCorrections.AutomorphicSobolev.ActualScalarDiscriminantPDE.weakSchrodinger_solves_iff_canonical_add_kernel' depends on axioms: [propext,
 sorryAx,
 Classical.choice,
 Quot.sound]
'Mock2FA.PaperCorrections.AutomorphicSobolev.ActualScalarDiscriminantPDE.canonicalWeakSolution_norm_le' depends on axioms: [propext,
 sorryAx,
 Classical.choice,
 Quot.sound]
'Mock2FA.PaperCorrections.AutomorphicSobolev.ActualScalarDiscriminantPDE.isWeakSolution_iff_forall_test' depends on axioms: [propext,
 sorryAx,
 Classical.choice,
 Quot.sound]
PrimalitySheafVerification/Mock2_FunctionalAnalysis.lean:44194:28: warning: `ContinuousLinearMap.add_apply` has been deprecated: Use `add_apply` instead

Note: The updated constant is in a different namespace. Dot notation may need to be changed (e.g., from `x.add_apply` to `add_apply x`).
PrimalitySheafVerification/Mock2_FunctionalAnalysis.lean:44203:29: warning: `ContinuousLinearMap.add_apply` has been deprecated: Use `add_apply` instead

Note: The updated constant is in a different namespace. Dot notation may need to be changed (e.g., from `x.add_apply` to `add_apply x`).
PrimalitySheafVerification/Mock2_FunctionalAnalysis.lean:44269:8: error: Tactic `rewrite` failed: Did not find an occurrence of the pattern
  (y, z).1
in the target expression
  ⟪↑x, z⟫_ℂ = ⟪↑T x, y⟫_ℂ

case mp
E : Type u_1
F : Type u_2
inst✝⁵ : NormedAddCommGroup E
inst✝⁴ : InnerProductSpace ℂ E
inst✝³ : CompleteSpace E
inst✝² : NormedAddCommGroup F
inst✝¹ : InnerProductSpace ℂ F
inst✝ : CompleteSpace F
T : E →ₗ.[ℂ] F
hDense : Dense ↑T.domain
y : F
z : E
hGraph : (y, z) ∈ T†.graph
x : ↥T.domain
y' : ↥T†.domain
hy' : ↑y' = (y, z).1
hz' : ↑T† y' = (y, z).2
⊢ ⟪↑x, z⟫_ℂ = ⟪↑T x, y⟫_ℂ
PrimalitySheafVerification/Mock2_FunctionalAnalysis.lean:44308:30: error: Tactic `rewrite` failed: Did not find an occurrence of the pattern
  ↑(physicalLowerFromSucc ?n) ?x
in the target expression
  ⟪↑y, (raiseProjection n) x⟫_ℂ = ⟪-↑(physicalLowerFromSucc (n + 1)) y, (baseProjection n) x⟫_ℂ

case mp
n : ℤ
x : WeakCoordinateAmbient n
hWeak : ∀ (v : HalfWeightDifferentialOperators.InverseEtaFixedPhaseCore (n + 1 + 1)), (raisingDefect n v) x = 0
y : ↥(-physicalLowerFromSucc (n + 1)).domain
v : HalfWeightDifferentialOperators.InverseEtaFixedPhaseCore (n + 1 + 1) := (l2CoreRangeEquiv (n + 1 + 1)).symm y
hv :
  ⟪(l2Coordinate (n + 1 + 1)) v, (raiseProjection n) x⟫_ℂ +
      ⟪(lowerFromSuccCoordinate (n + 1)) v, (baseProjection n) x⟫_ℂ =
    0
⊢ ⟪↑y, (raiseProjection n) x⟫_ℂ = ⟪-↑(physicalLowerFromSucc (n + 1)) y, (baseProjection n) x⟫_ℂ
PrimalitySheafVerification/Mock2_FunctionalAnalysis.lean:44322:4: error: ring failed, ring expressions not equal
n : ℤ
x : WeakCoordinateAmbient n
hGraph :
  ∀ (x_1 : ↥(-physicalLowerFromSucc (n + 1)).domain),
    ⟪↑x_1, (raiseProjection n) x⟫_ℂ = ⟪↑(-physicalLowerFromSucc (n + 1)) x_1, (baseProjection n) x⟫_ℂ
v : HalfWeightDifferentialOperators.InverseEtaFixedPhaseCore (n + 1 + 1)
hv :
  ⟪(l2Coordinate (n + 1 + 1)) v, (raiseProjection n) x⟫_ℂ =
    ⟪↑(-physicalLowerFromSucc (n + 1)) ((l2CoreRangeEquiv (n + 1 + 1)) v), (baseProjection n) x⟫_ℂ
⊢ ⟪(lowerFromSuccCoordinate (n + 1)) v, (baseProjection n) x⟫_ℂ +
      ⟪↑(-physicalLowerFromSucc (n + 1)) ((l2CoreRangeEquiv (n + 1 + 1)) v), (baseProjection n) x⟫_ℂ =
    0
PrimalitySheafVerification/Mock2_FunctionalAnalysis.lean:44320:37: warning: This simp argument is unused:
  LinearPMap.neg_apply

Hint: Omit it from the simp argument list.
  [apply] simp only [l2CoreRangeEquiv_coe, physicalLowerFromSucc_on_core, inner_neg_left] at hv

Note: This linter can be disabled with `set_option linter.unusedSimpArgs false`
PrimalitySheafVerification/Mock2_FunctionalAnalysis.lean:44321:6: warning: This simp argument is unused:
  physicalLowerFromSucc_on_core

Hint: Omit it from the simp argument list.
  [apply] simp only [l2CoreRangeEquiv_coe, LinearPMap.neg_apply, inner_neg_left] at hv

Note: This linter can be disabled with `set_option linter.unusedSimpArgs false`
PrimalitySheafVerification/Mock2_FunctionalAnalysis.lean:44321:37: warning: This simp argument is unused:
  inner_neg_left

Hint: Omit it from the simp argument list.
  [apply] simp only [l2CoreRangeEquiv_coe, LinearPMap.neg_apply, physicalLowerFromSucc_on_core] at hv

Note: This linter can be disabled with `set_option linter.unusedSimpArgs false`
PrimalitySheafVerification/Mock2_FunctionalAnalysis.lean:44340:30: error: Tactic `rewrite` failed: Did not find an occurrence of the pattern
  ↑(physicalRaise ?n) ?x
in the target expression
  ⟪↑y, (lowerProjection n) x⟫_ℂ = ⟪-↑(physicalRaise n) y, (baseProjection n) x⟫_ℂ

case mp
n : ℤ
x : WeakCoordinateAmbient n
hWeak : ∀ (v : HalfWeightDifferentialOperators.InverseEtaFixedPhaseCore n), (loweringDefect n v) x = 0
y : ↥(-physicalRaise n).domain
v : HalfWeightDifferentialOperators.InverseEtaFixedPhaseCore n := (l2CoreRangeEquiv n).symm y
hv : ⟪(l2Coordinate n) v, (lowerProjection n) x⟫_ℂ + ⟪(raisedCoordinate n) v, (baseProjection n) x⟫_ℂ = 0
⊢ ⟪↑y, (lowerProjection n) x⟫_ℂ = ⟪-↑(physicalRaise n) y, (baseProjection n) x⟫_ℂ
PrimalitySheafVerification/Mock2_FunctionalAnalysis.lean:44351:4: error: ring failed, ring expressions not equal
n : ℤ
x : WeakCoordinateAmbient n
hGraph :
  ∀ (x_1 : ↥(-physicalRaise n).domain),
    ⟪↑x_1, (lowerProjection n) x⟫_ℂ = ⟪↑(-physicalRaise n) x_1, (baseProjection n) x⟫_ℂ
v : HalfWeightDifferentialOperators.InverseEtaFixedPhaseCore n
hv :
  ⟪(l2Coordinate n) v, (lowerProjection n) x⟫_ℂ = ⟪↑(-physicalRaise n) ((l2CoreRangeEquiv n) v), (baseProjection n) x⟫_ℂ
⊢ ⟪(raisedCoordinate n) v, (baseProjection n) x⟫_ℂ +
      ⟪↑(-physicalRaise n) ((l2CoreRangeEquiv n) v), (baseProjection n) x⟫_ℂ =
    0
PrimalitySheafVerification/Mock2_FunctionalAnalysis.lean:44349:37: warning: This simp argument is unused:
  LinearPMap.neg_apply

Hint: Omit it from the simp argument list.
  [apply] simp only [l2CoreRangeEquiv_coe, physicalRaise_on_core, inner_neg_left] at hv

Note: This linter can be disabled with `set_option linter.unusedSimpArgs false`
PrimalitySheafVerification/Mock2_FunctionalAnalysis.lean:44350:6: warning: This simp argument is unused:
  physicalRaise_on_core

Hint: Omit it from the simp argument list.
  [apply] simp only [l2CoreRangeEquiv_coe, LinearPMap.neg_apply, inner_neg_left] at hv

Note: This linter can be disabled with `set_option linter.unusedSimpArgs false`
PrimalitySheafVerification/Mock2_FunctionalAnalysis.lean:44350:29: warning: This simp argument is unused:
  inner_neg_left

Hint: Omit it from the simp argument list.
  [apply] simp only [l2CoreRangeEquiv_coe, LinearPMap.neg_apply, physicalRaise_on_core] at hv

Note: This linter can be disabled with `set_option linter.unusedSimpArgs false`
PrimalitySheafVerification/Mock2_FunctionalAnalysis.lean:44387:54: error: Application type mismatch: The argument
  v
has type
  Submodule ℂ (WeakCoordinateAmbient n)
but is expected to have type
  HalfWeightDifferentialOperators.InverseEtaFixedPhaseCore (n + 1 + 1)
in the application
  raisingDefect n v
PrimalitySheafVerification/Mock2_FunctionalAnalysis.lean:44394:55: error: Application type mismatch: The argument
  v
has type
  Submodule ℂ (WeakCoordinateAmbient n)
but is expected to have type
  HalfWeightDifferentialOperators.InverseEtaFixedPhaseCore n
in the application
  loweringDefect n v
PrimalitySheafVerification/Mock2_FunctionalAnalysis.lean:44400:6: error: unsolved goals
n : ℤ
x : WeakCoordinateAmbient n
⊢ x ∈ ↑(weakRaisingSubmodule n ⊓ weakLoweringSubmodule n) ↔
    x ∈ ↑(weakRaisingSubmodule n) ∧ x ∈ ↑(weakLoweringSubmodule n)
PrimalitySheafVerification/Mock2_FunctionalAnalysis.lean:44404:38: warning: This simp argument is unused:
  Submodule.mem_inf

Hint: Omit it from the simp argument list.
  [apply] simp only [weightedWeakSubmodule, Set.mem_inter_iff]

Note: This linter can be disabled with `set_option linter.unusedSimpArgs false`
PrimalitySheafVerification/Mock2_FunctionalAnalysis.lean:44425:5: error: type class instance expected
  HilbertSpace ℂ ↥(WeightedWeakSobolev n)
PrimalitySheafVerification/Mock2_FunctionalAnalysis.lean:44495:2: error: unsolved goals
case mp
n : ℤ
x : ↥(WeightedWeakSobolev n)
hx : ‖x‖ = 0
hx0 : x = 0
⊢ True ∧ True ∧ True
PrimalitySheafVerification/Mock2_FunctionalAnalysis.lean:44509:4: error(lean.synthInstanceFailed): failed to synthesize instance of type class
  AddCommGroup (HalfWeightDifferentialOperators.InverseEtaFixedPhaseCore (n + 1))

Hint: Type class instance resolution failures can be inspected with the `set_option trace.Meta.synthInstance true` command.
PrimalitySheafVerification/Mock2_FunctionalAnalysis.lean:44522:4: error: ring failed, ring expressions not equal
n : ℤ
u : HalfWeightDifferentialOperators.InverseEtaFixedPhaseCore (n + 1)
v : HalfWeightDifferentialOperators.InverseEtaFixedPhaseCore (n + 1 + 1)
h :
  ⟪(lowerFromSuccCoordinate (n + 1)) v, (l2Coordinate (n + 1)) u⟫_ℂ =
    -⟪(l2Coordinate (n + 1 + 1)) v, (raisedCoordinate (n + 1)) u⟫_ℂ
⊢ ⟪(l2Coordinate (n + 1 + 1)) v, (WithLp.snd sorry).fst⟫_ℂ + ⟪(lowerFromSuccCoordinate (n + 1)) v, WithLp.fst sorry⟫_ℂ -
        ⟪(l2Coordinate (n + 1 + 1)) v, (raisedCoordinate (n + 1)) u⟫_ℂ -
      ⟪(lowerFromSuccCoordinate (n + 1)) v, (l2Coordinate (n + 1)) u⟫_ℂ =
    0
PrimalitySheafVerification/Mock2_FunctionalAnalysis.lean:44533:4: error: ring failed, ring expressions not equal
n : ℤ
u : HalfWeightDifferentialOperators.InverseEtaFixedPhaseCore (n + 1)
v : HalfWeightDifferentialOperators.InverseEtaFixedPhaseCore n
h : ⟪(raisedCoordinate n) v, (l2Coordinate (n + 1)) u⟫_ℂ = -⟪(l2Coordinate n) v, (lowerFromSuccCoordinate n) u⟫_ℂ
⊢ ⟪(l2Coordinate n) v, (WithLp.snd sorry).snd⟫_ℂ + ⟪(raisedCoordinate n) v, WithLp.fst sorry⟫_ℂ -
        ⟪(l2Coordinate n) v, (lowerFromSuccCoordinate n) u⟫_ℂ -
      ⟪(raisedCoordinate n) v, (l2Coordinate (n + 1)) u⟫_ℂ =
    0
PrimalitySheafVerification/Mock2_FunctionalAnalysis.lean:44516:6: warning: This simp argument is unused:
  DefinitionOneSobolev.QuotientHilbertCoordinates.graph_fst

Hint: Omit it from the simp argument list.
  [apply] simp only [baseProjection_apply, raiseProjection_apply,
    DefinitionOneSobolev.QuotientHilbertCoordinates.graph_snd_fst, FixedPhaseClosedOperators.successorGraphCoordinates]

Note: This linter can be disabled with `set_option linter.unusedSimpArgs false`
PrimalitySheafVerification/Mock2_FunctionalAnalysis.lean:44517:6: warning: This simp argument is unused:
  DefinitionOneSobolev.QuotientHilbertCoordinates.graph_snd_fst

Hint: Omit it from the simp argument list.
  [apply] simp only [baseProjection_apply, raiseProjection_apply,
    DefinitionOneSobolev.QuotientHilbertCoordinates.graph_fst, FixedPhaseClosedOperators.successorGraphCoordinates]

Note: This linter can be disabled with `set_option linter.unusedSimpArgs false`
PrimalitySheafVerification/Mock2_FunctionalAnalysis.lean:44518:6: warning: This simp argument is unused:
  FixedPhaseClosedOperators.successorGraphCoordinates

Hint: Omit it from the simp argument list.
  [apply] simp only [baseProjection_apply, raiseProjection_apply,
    DefinitionOneSobolev.QuotientHilbertCoordinates.graph_fst,
    DefinitionOneSobolev.QuotientHilbertCoordinates.graph_snd_fst]

Note: This linter can be disabled with `set_option linter.unusedSimpArgs false`
PrimalitySheafVerification/Mock2_FunctionalAnalysis.lean:44526:6: warning: This simp argument is unused:
  DefinitionOneSobolev.QuotientHilbertCoordinates.graph_fst

Hint: Omit it from the simp argument list.
  [apply] simp only [baseProjection_apply, lowerProjection_apply,
    DefinitionOneSobolev.QuotientHilbertCoordinates.graph_snd_snd, FixedPhaseClosedOperators.successorGraphCoordinates,
    FixedPhaseClosedOperators.reindexedActualLoweredCoordinate_eq_lowerFromSuccCoordinate]

Note: This linter can be disabled with `set_option linter.unusedSimpArgs false`
PrimalitySheafVerification/Mock2_FunctionalAnalysis.lean:44527:6: warning: This simp argument is unused:
  DefinitionOneSobolev.QuotientHilbertCoordinates.graph_snd_snd

Hint: Omit it from the simp argument list.
  [apply] simp only [baseProjection_apply, lowerProjection_apply,
    DefinitionOneSobolev.QuotientHilbertCoordinates.graph_fst, FixedPhaseClosedOperators.successorGraphCoordinates,
    FixedPhaseClosedOperators.reindexedActualLoweredCoordinate_eq_lowerFromSuccCoordinate]

Note: This linter can be disabled with `set_option linter.unusedSimpArgs false`
PrimalitySheafVerification/Mock2_FunctionalAnalysis.lean:44528:6: warning: This simp argument is unused:
  FixedPhaseClosedOperators.successorGraphCoordinates

Hint: Omit it from the simp argument list.
  [apply] simp only [baseProjection_apply, lowerProjection_apply,
    DefinitionOneSobolev.QuotientHilbertCoordinates.graph_fst,
    DefinitionOneSobolev.QuotientHilbertCoordinates.graph_snd_snd,
    FixedPhaseClosedOperators.reindexedActualLoweredCoordinate_eq_lowerFromSuccCoordinate]

Note: This linter can be disabled with `set_option linter.unusedSimpArgs false`
PrimalitySheafVerification/Mock2_FunctionalAnalysis.lean:44529:6: warning: This simp argument is unused:
  FixedPhaseClosedOperators.reindexedActualLoweredCoordinate_eq_lowerFromSuccCoordinate

Hint: Omit it from the simp argument list.
  [apply] simp only [baseProjection_apply, lowerProjection_apply,
    DefinitionOneSobolev.QuotientHilbertCoordinates.graph_fst,
    DefinitionOneSobolev.QuotientHilbertCoordinates.graph_snd_snd, FixedPhaseClosedOperators.successorGraphCoordinates]

Note: This linter can be disabled with `set_option linter.unusedSimpArgs false`
PrimalitySheafVerification/Mock2_FunctionalAnalysis.lean:44540:2: error(lean.synthInstanceFailed): failed to synthesize instance of type class
  AddCommGroup (HalfWeightDifferentialOperators.InverseEtaFixedPhaseCore (n + 1))

Hint: Type class instance resolution failures can be inspected with the `set_option trace.Meta.synthInstance true` command.
PrimalitySheafVerification/Mock2_FunctionalAnalysis.lean:44556:6: error(lean.synthInstanceFailed): failed to synthesize instance of type class
  AddCommGroup (HalfWeightDifferentialOperators.InverseEtaFixedPhaseCore (n + 1))

Hint: Type class instance resolution failures can be inspected with the `set_option trace.Meta.synthInstance true` command.
PrimalitySheafVerification/Mock2_FunctionalAnalysis.lean:44567:5: error(lean.synthInstanceFailed): failed to synthesize instance of type class
  AddCommGroup (HalfWeightDifferentialOperators.InverseEtaFixedPhaseCore (n + 1))

Hint: Type class instance resolution failures can be inspected with the `set_option trace.Meta.synthInstance true` command.
PrimalitySheafVerification/Mock2_FunctionalAnalysis.lean:44575:2: error(lean.synthInstanceFailed): failed to synthesize instance of type class
  AddCommGroup (HalfWeightDifferentialOperators.InverseEtaFixedPhaseCore (n + 1))

Hint: Type class instance resolution failures can be inspected with the `set_option trace.Meta.synthInstance true` command.
PrimalitySheafVerification/Mock2_FunctionalAnalysis.lean:44581:75: error: Application type mismatch: The argument
  x
has type
  SuccessorGraphCompletion n
but is expected to have type
  QuotientHilbertCoordinates.SobolevCompletion (successorGraphCoordinates n)
in the application
  (QuotientHilbertCoordinates.graphExtension (successorGraphCoordinates n)) x
PrimalitySheafVerification/Mock2_FunctionalAnalysis.lean:44581:4: error(lean.synthInstanceFailed): failed to synthesize instance of type class
  AddCommGroup (HalfWeightDifferentialOperators.InverseEtaFixedPhaseCore (n + 1))

Hint: Type class instance resolution failures can be inspected with the `set_option trace.Meta.synthInstance true` command.
PrimalitySheafVerification/Mock2_FunctionalAnalysis.lean:44586:6: error(lean.synthInstanceFailed): failed to synthesize instance of type class
  AddCommGroup (HalfWeightDifferentialOperators.InverseEtaFixedPhaseCore (n + 1))

Hint: Type class instance resolution failures can be inspected with the `set_option trace.Meta.synthInstance true` command.
PrimalitySheafVerification/Mock2_FunctionalAnalysis.lean:44595:4: error(lean.synthInstanceFailed): failed to synthesize instance of type class
  SeminormedAddCommGroup (SuccessorGraphCompletion n)

Hint: Type class instance resolution failures can be inspected with the `set_option trace.Meta.synthInstance true` command.
PrimalitySheafVerification/Mock2_FunctionalAnalysis.lean:44613:9: error(lean.synthInstanceFailed): failed to synthesize instance of type class
  AddCommGroup (HalfWeightDifferentialOperators.InverseEtaFixedPhaseCore (n + 1))

Hint: Type class instance resolution failures can be inspected with the `set_option trace.Meta.synthInstance true` command.
PrimalitySheafVerification/Mock2_FunctionalAnalysis.lean:44612:4: error(lean.synthInstanceFailed): failed to synthesize instance of type class
  AddCommGroup (HalfWeightDifferentialOperators.InverseEtaFixedPhaseCore (n + 1))

Hint: Type class instance resolution failures can be inspected with the `set_option trace.Meta.synthInstance true` command.
PrimalitySheafVerification/Mock2_FunctionalAnalysis.lean:44614:6: error(lean.synthInstanceFailed): failed to synthesize instance of type class
  AddCommGroup (HalfWeightDifferentialOperators.InverseEtaFixedPhaseCore (n + 1))

Hint: Type class instance resolution failures can be inspected with the `set_option trace.Meta.synthInstance true` command.
PrimalitySheafVerification/Mock2_FunctionalAnalysis.lean:44634:2: warning: 'constructor' tactic does nothing

Note: This linter can be disabled with `set_option linter.unusedTactic false`
PrimalitySheafVerification/Mock2_FunctionalAnalysis.lean:44635:2: warning: '·
  intro hCore
  apply (DefinitionOneSobolev.denseRange_iff_surjective_linearIsometry_of_complete (graphCompletionToWeightedWeak n)).mp
  apply Dense.mono _ hCore
  rintro _ ⟨u, rfl⟩
  exact
    ⟨(FixedPhaseClosedOperators.successorGraphCoordinates n).sectionCoreMap u,
      (graphCompletionToWeightedWeak_sectionCoreMap n u).symm⟩' tactic does nothing

Note: This linter can be disabled with `set_option linter.unusedTactic false`
PrimalitySheafVerification/Mock2_FunctionalAnalysis.lean:44643:2: warning: '·
  intro hSurj
  have hOuter : DenseRange (graphCompletionToWeightedWeak n) := hSurj.denseRange
  have hComp :=
    hOuter.comp (FixedPhaseClosedOperators.successorGraphCoordinates n).denseRange_sectionCoreMap
      (graphCompletionToWeightedWeak n).continuous
  simpa only [Function.comp_apply, graphCompletionToWeightedWeak_sectionCoreMap] using hComp' tactic does nothing

Note: This linter can be disabled with `set_option linter.unusedTactic false`
PrimalitySheafVerification/Mock2_FunctionalAnalysis.lean:44634:2: warning: this tactic is never executed

Note: This linter can be disabled with `set_option linter.unreachableTactic false`
PrimalitySheafVerification/Mock2_FunctionalAnalysis.lean:44635:2: warning: this tactic is never executed

Note: This linter can be disabled with `set_option linter.unreachableTactic false`
PrimalitySheafVerification/Mock2_FunctionalAnalysis.lean:44643:2: warning: this tactic is never executed

Note: This linter can be disabled with `set_option linter.unreachableTactic false`
PrimalitySheafVerification/Mock2_FunctionalAnalysis.lean:44663:4: error(lean.synthInstanceFailed): failed to synthesize instance of type class
  SeminormedAddCommGroup (SuccessorGraphCompletion n)

Hint: Type class instance resolution failures can be inspected with the `set_option trace.Meta.synthInstance true` command.
PrimalitySheafVerification/Mock2_FunctionalAnalysis.lean:44666:6: error(lean.unknownIdentifier): Unknown identifier `jointGraphCoreDensityAt_iff_surjective_comparison`
'Mock2FA.PaperCorrections.AutomorphicSobolev.IndependentWeightedWeakSobolev.weightedWeakSubmodule_isClosed' depends on axioms: [propext,
 sorryAx,
 Classical.choice,
 Quot.sound]
'Mock2FA.PaperCorrections.AutomorphicSobolev.IndependentWeightedWeakSobolev.hilbertSpaceWitness' depends on axioms: [propext,
 sorryAx,
 Classical.choice,
 Quot.sound]
'Mock2FA.PaperCorrections.AutomorphicSobolev.IndependentWeightedWeakSobolev.norm_sq_eq_three_coordinates' depends on axioms: [propext,
 Classical.choice,
 Quot.sound]
'Mock2FA.PaperCorrections.AutomorphicSobolev.IndependentWeightedWeakSobolev.mem_adjoint_graph_iff_swapped_pairing' depends on axioms: [propext,
 sorryAx,
 Classical.choice,
 Quot.sound]
'Mock2FA.PaperCorrections.AutomorphicSobolev.IndependentWeightedWeakSobolev.mem_weightedWeakSubmodule_iff_maximalAdjointGraphs' depends on axioms: [propext,
 sorryAx,
 Classical.choice,
 Quot.sound]
'Mock2FA.PaperCorrections.AutomorphicSobolev.IndependentWeightedWeakSobolev.mem_weightedWeakSubmodule_iff_closedComponentGraphs' depends on axioms: [propext,
 sorryAx,
 Classical.choice,
 Quot.sound]
'Mock2FA.PaperCorrections.AutomorphicSobolev.IndependentWeightedWeakSobolev.successorSmoothGraph_mem_weightedWeakSubmodule' depends on axioms: [propext,
 sorryAx,
 Classical.choice,
 Quot.sound]
'Mock2FA.PaperCorrections.AutomorphicSobolev.IndependentWeightedWeakSobolev.graphCompletionToWeightedWeak' depends on axioms: [sorryAx]
PrimalitySheafVerification/Mock2_FunctionalAnalysis.lean:44680:14: error(lean.unknownIdentifier): Unknown constant `IndependentWeightedWeakSobolev.denseRange_smoothCoreMap_iff_surjective_comparison`
PrimalitySheafVerification/Mock2_FunctionalAnalysis.lean:44754:2: error(lean.unknownIdentifier): Unknown identifier `HasCompactCarrierSupport`
PrimalitySheafVerification/Mock2_FunctionalAnalysis.lean:44755:4: error(lean.unknownIdentifier): Unknown identifier `HasCompactCarrierSupport`
PrimalitySheafVerification/Mock2_FunctionalAnalysis.lean:44756:6: error(lean.unknownIdentifier): Unknown identifier `HasCompactCarrierSupport`
PrimalitySheafVerification/Mock2_FunctionalAnalysis.lean:44765:45: error(lean.invalidField): Invalid field `add`: The environment does not contain `Exists.add`, so it is not possible to project the field `add` from an expression
  intrinsicPeterssonCuspCutoff_hasCompactCarrierSupport j (n + 1 + 1) ((raiseProjection n) x)
of type
  ∃ K,
    IsCompact K ∧
      ∀ᵐ (z : ℍ) ∂PhysicalLocalL2.chosenEuclideanCarrierMeasure,
        z ∉ K →
          ↑↑((PhysicalLocalL2.orbitPeterssonEuclideanEmbedding (n + 1 + 1))
                    ((intrinsicPeterssonCuspCutoff j (n + 1 + 1)) ((raiseProjection n) x)))
              z =
            0
PrimalitySheafVerification/Mock2_FunctionalAnalysis.lean:44769:33: error(lean.invalidField): Invalid field `add`: The environment does not contain `Exists.add`, so it is not possible to project the field `add` from an expression
  intrinsicPeterssonCuspCutoff_hasCompactCarrierSupport j n ((lowerProjection n) x)
of type
  ∃ K,
    IsCompact K ∧
      ∀ᵐ (z : ℍ) ∂PhysicalLocalL2.chosenEuclideanCarrierMeasure,
        z ∉ K →
          ↑↑((PhysicalLocalL2.orbitPeterssonEuclideanEmbedding n)
                    ((intrinsicPeterssonCuspCutoff j n) ((lowerProjection n) x)))
              z =
            0
PrimalitySheafVerification/Mock2_FunctionalAnalysis.lean:44851:2: error: Type mismatch: After simplification, term
  Tendsto.prodMk_nhds hBase (Tendsto.prodMk_nhds hRaise hLower)
 has type
  Tendsto
    (fun c =>
      ((WithLp.toLp 2
            ((intrinsicPeterssonCuspCutoff c (n + 1)) (WithLp.fst x),
              WithLp.toLp 2
                ((intrinsicPeterssonCuspCutoff c (n + 1 + 1)) (WithLp.snd x).fst +
                    (intrinsicRaisePeterssonCommutator c (n + 1)) (WithLp.fst x),
                  (intrinsicPeterssonCuspCutoff c n) (WithLp.snd x).snd +
                    (intrinsicLowerFromSuccPeterssonCommutator c n) (WithLp.fst x)))).fst,
        (WithLp.toLp 2
              ((intrinsicPeterssonCuspCutoff c (n + 1)) (WithLp.fst x),
                WithLp.toLp 2
                  ((intrinsicPeterssonCuspCutoff c (n + 1 + 1)) (WithLp.snd x).fst +
                      (intrinsicRaisePeterssonCommutator c (n + 1)) (WithLp.fst x),
                    (intrinsicPeterssonCuspCutoff c n) (WithLp.snd x).snd +
                      (intrinsicLowerFromSuccPeterssonCommutator c n) (WithLp.fst x)))).snd.fst,
        (WithLp.toLp 2
              ((intrinsicPeterssonCuspCutoff c (n + 1)) (WithLp.fst x),
                WithLp.toLp 2
                  ((intrinsicPeterssonCuspCutoff c (n + 1 + 1)) (WithLp.snd x).fst +
                      (intrinsicRaisePeterssonCommutator c (n + 1)) (WithLp.fst x),
                    (intrinsicPeterssonCuspCutoff c n) (WithLp.snd x).snd +
                      (intrinsicLowerFromSuccPeterssonCommutator c n) (WithLp.fst x)))).snd.snd))
    atTop (𝓝 (WithLp.fst x, (WithLp.snd x).fst, (WithLp.snd x).snd))
but is expected to have type
  Tendsto
    (fun j =>
      WithLp.toLp 2
        ((intrinsicPeterssonCuspCutoff j (n + 1)) (WithLp.fst x),
          WithLp.toLp 2
            ((intrinsicPeterssonCuspCutoff j (n + 1 + 1)) (WithLp.snd x).fst +
                (intrinsicRaisePeterssonCommutator j (n + 1)) (WithLp.fst x),
              (intrinsicPeterssonCuspCutoff j n) (WithLp.snd x).snd +
                (intrinsicLowerFromSuccPeterssonCommutator j n) (WithLp.fst x))))
    atTop (𝓝 x)
'Mock2FA.PaperCorrections.AutomorphicSobolev.FixedPhaseIntrinsicJointLocalization.intrinsicJointCutoffTriple_mem_weightedWeakSubmodule' depends on axioms: [propext,
 sorryAx,
 Classical.choice,
 Quot.sound]
'Mock2FA.PaperCorrections.AutomorphicSobolev.FixedPhaseIntrinsicJointLocalization.intrinsicJointCutoffTriple_tendsto' depends on axioms: [propext,
 sorryAx,
 Classical.choice,
 Quot.sound]
'Mock2FA.PaperCorrections.AutomorphicSobolev.FixedPhaseIntrinsicJointLocalization.hasSequentialIntrinsicJointLocalizationAt_unconditional' depends on axioms: [propext,
 sorryAx,
 Classical.choice,
 Quot.sound]
'Mock2FA.PaperCorrections.AutomorphicSobolev.FixedPhaseIntrinsicJointLocalization.intrinsicJointCutoffTriple_eventually_three_dist_lt' depends on axioms: [propext,
 sorryAx,
 Classical.choice,
 Quot.sound]
PrimalitySheafVerification/Mock2_FunctionalAnalysis.lean:44952:0: warning: automatically included section variable(s) unused in theorem `Mock2FA.PaperCorrections.AutomorphicSobolev.P5LocalFourierRellich.finiteHilbertProjection_empty`:
  [CompleteSpace E]
consider restructuring your `variable` declarations so that the variables are not in scope or explicitly omit them:
  omit [CompleteSpace E] in theorem ...

Note: This linter can be disabled with `set_option linter.unusedSectionVars false`
PrimalitySheafVerification/Mock2_FunctionalAnalysis.lean:44962:38: warning: `ContinuousLinearMap.sum_apply` has been deprecated: Use `sum_apply` instead

Note: The updated constant is in a different namespace. Dot notation may need to be changed (e.g., from `x.sum_apply` to `sum_apply x`).
PrimalitySheafVerification/Mock2_FunctionalAnalysis.lean:44957:0: warning: automatically included section variable(s) unused in theorem `Mock2FA.PaperCorrections.AutomorphicSobolev.P5LocalFourierRellich.finiteHilbertProjection_apply`:
  [CompleteSpace E]
consider restructuring your `variable` declarations so that the variables are not in scope or explicitly omit them:
  omit [CompleteSpace E] in theorem ...

Note: This linter can be disabled with `set_option linter.unusedSectionVars false`
PrimalitySheafVerification/Mock2_FunctionalAnalysis.lean:44967:0: warning: automatically included section variable(s) unused in theorem `Mock2FA.PaperCorrections.AutomorphicSobolev.P5LocalFourierRellich.finiteHilbertProjection_isCompact`:
  [CompleteSpace E]
consider restructuring your `variable` declarations so that the variables are not in scope or explicitly omit them:
  omit [CompleteSpace E] in theorem ...

Note: This linter can be disabled with `set_option linter.unusedSectionVars false`
PrimalitySheafVerification/Mock2_FunctionalAnalysis.lean:45013:0: warning: automatically included section variable(s) unused in theorem `Mock2FA.PaperCorrections.AutomorphicSobolev.P5LocalFourierRellich.finiteModeLocalization_tendsto`:
  [CompleteSpace E]
consider restructuring your `variable` declarations so that the variables are not in scope or explicitly omit them:
  omit [CompleteSpace E] in theorem ...

Note: This linter can be disabled with `set_option linter.unusedSectionVars false`
PrimalitySheafVerification/Mock2_FunctionalAnalysis.lean:45051:2: error: Type mismatch
  UnitAddTorus.mFourierBasis
has type
  HilbertBasis (?m.6 → ℤ) ℂ
    { x :
      UnitAddTorus
          ?m.6 →ₘ[@volume (UnitAddTorus ?m.6)
          (@MeasureSpace.pi ?m.6 ?m.7 (fun a => UnitAddCircle) fun i => instMeasureSpaceUnitAddCircle)]
        ℂ //
      x ∈ Lp ℂ 2 volume }
but is expected to have type
  HilbertBasis (Fin 2 → ℤ) ℂ
    { x :
      TwoTorus →ₘ[@volume TwoTorus
          (@MeasureSpace.pi (Fin 2) (Fin.fintype 2) (fun a => UnitAddCircle) fun i => AddCircle.measureSpace 1)]
        ℂ //
      x ∈ TwoTorusL2 }
PrimalitySheafVerification/Mock2_FunctionalAnalysis.lean:45055:28: error: Type mismatch
  UnitAddTorus.mFourierLp 2
has type
  (?m.2 → ℤ) →
    { x :
      UnitAddTorus
          ?m.2 →ₘ[@volume (UnitAddTorus ?m.2)
          (@MeasureSpace.pi ?m.2 ?m.3 (fun a => UnitAddCircle) fun i => instMeasureSpaceUnitAddCircle)]
        ℂ //
      x ∈ Lp ℂ 2 volume }
but is expected to have type
  (Fin 2 → ℤ) →
    { x :
      TwoTorus →ₘ[@volume TwoTorus
          (@MeasureSpace.pi (Fin 2) (Fin.fintype 2) (fun a => UnitAddCircle) fun i => AddCircle.measureSpace 1)]
        ℂ //
      x ∈ TwoTorusL2 }
PrimalitySheafVerification/Mock2_FunctionalAnalysis.lean:45072:6: error: Type mismatch
  ∑ k ∈ s, UnitAddTorus.mFourierCoeff (↑↑f) k • UnitAddTorus.mFourierLp 2 k
has type
  { x :
    UnitAddTorus
        (Fin
          2) →ₘ[@volume (UnitAddTorus (Fin 2))
        (@MeasureSpace.pi (Fin 2) (Fin.fintype 2) (fun a => UnitAddCircle) fun i => instMeasureSpaceUnitAddCircle)]
      ℂ //
    x ∈ Lp ℂ 2 volume }
but is expected to have type
  { x :
    TwoTorus →ₘ[@volume TwoTorus
        (@MeasureSpace.pi (Fin 2) (Fin.fintype 2) (fun a => UnitAddCircle) fun i => AddCircle.measureSpace 1)]
      ℂ //
    x ∈ TwoTorusL2 }
PrimalitySheafVerification/Mock2_FunctionalAnalysis.lean:45068:2: error: Cannot add `simp` attribute to `twoTorusFiniteFourierProjection_apply`: It is not a proposition nor a definition (to unfold)

Note: The `[simp]` attribute can be added to lemmas that should be automatically used by the simplifier and to definitions that the simplifier should automatically unfold
PrimalitySheafVerification/Mock2_FunctionalAnalysis.lean:45075:6: error: Failed to rewrite using equation theorems for `twoTorusFiniteFourierProjection`
PrimalitySheafVerification/Mock2_FunctionalAnalysis.lean:45140:2: error: Type mismatch
  finite_chart_sum_isCompact localize reconstruct fun j =>
    twoTorus_isCompactOperator_of_fourierTail (modes j) (localize j) (hTail j)
has type
  IsCompactOperator (∑ j, ⇑(reconstruct j ∘SL localize j))
but is expected to have type
  IsCompactOperator ⇑(∑ j, reconstruct j ∘SL localize j)
'Mock2FA.PaperCorrections.AutomorphicSobolev.P5LocalFourierRellich.finiteHilbertProjection_isCompact' depends on axioms: [propext,
 Classical.choice,
 Quot.sound]
'Mock2FA.PaperCorrections.AutomorphicSobolev.P5LocalFourierRellich.finiteModeLocalization_isCompact' depends on axioms: [propext,
 Classical.choice,
 Quot.sound]
'Mock2FA.PaperCorrections.AutomorphicSobolev.P5LocalFourierRellich.isCompactOperator_of_vanishingFiniteModeTail' depends on axioms: [propext,
 Classical.choice,
 Quot.sound]
'Mock2FA.PaperCorrections.AutomorphicSobolev.P5LocalFourierRellich.twoTorusFiniteFourierProjection_isCompact' depends on axioms: [propext,
 sorryAx,
 Classical.choice,
 Quot.sound]
'Mock2FA.PaperCorrections.AutomorphicSobolev.P5LocalFourierRellich.twoTorus_isCompactOperator_of_fourierTail' depends on axioms: [propext,
 sorryAx,
 Classical.choice,
 Quot.sound]
'Mock2FA.PaperCorrections.AutomorphicSobolev.P5LocalFourierRellich.isCompactOperator_of_finite_torus_chart_decomposition' depends on axioms: [propext,
 sorryAx,
 Classical.choice,
 Quot.sound]
PrimalitySheafVerification/Mock2_FunctionalAnalysis.lean:45188:11: error: Function expected at
  v
but this term has type
  FullPlaneTest

Note: Expected a function because this term is being applied to the argument
  x
PrimalitySheafVerification/Mock2_FunctionalAnalysis.lean:45192:27: error(lean.synthInstanceFailed): failed to synthesize instance of type class
  HAdd FullPlaneTest FullPlaneTest ?m.4

Hint: Type class instance resolution failures can be inspected with the `set_option trace.Meta.synthInstance true` command.
PrimalitySheafVerification/Mock2_FunctionalAnalysis.lean:45201:27: error(lean.synthInstanceFailed): failed to synthesize instance of type class
  HSub FullPlaneTest FullPlaneTest ?m.4

Hint: Type class instance resolution failures can be inspected with the `set_option trace.Meta.synthInstance true` command.
PrimalitySheafVerification/Mock2_FunctionalAnalysis.lean:45210:27: error(lean.synthInstanceFailed): failed to synthesize instance of type class
  HSMul ℂ FullPlaneTest ?m.4

Hint: Type class instance resolution failures can be inspected with the `set_option trace.Meta.synthInstance true` command.
PrimalitySheafVerification/Mock2_FunctionalAnalysis.lean:45213:24: error: Function expected at
  v
but this term has type
  FullPlaneTest

Note: Expected a function because this term is being applied to the argument
  x
PrimalitySheafVerification/Mock2_FunctionalAnalysis.lean:45213:51: error: Function expected at
  v
but this term has type
  FullPlaneTest

Note: Expected a function because this term is being applied to the argument
  x
PrimalitySheafVerification/Mock2_FunctionalAnalysis.lean:45233:9: error(lean.unknownIdentifier): Unknown identifier `lsmul`
PrimalitySheafVerification/Mock2_FunctionalAnalysis.lean:45225:61: error: unsolved goals
j : ℕ
u : ↥AmbientPlaneL2
w xi : ℂ
hLocal : LocallyIntegrable (↑↑u) volume
hRhoOne : ContDiff ℝ 1 (friedrichsMollifierReal j)
⊢ (fderiv ℝ (friedrichsMollifiedRepresentative j u) w) xi =
    ∫ (x : ℂ), (fderiv ℝ (friedrichsMollifier j) (w - x)) xi * ↑↑u x
PrimalitySheafVerification/Mock2_FunctionalAnalysis.lean:45256:6: warning: declaration uses `sorry`
PrimalitySheafVerification/Mock2_FunctionalAnalysis.lean:45251:8: warning: declaration uses `sorry`
PrimalitySheafVerification/Mock2_FunctionalAnalysis.lean:45257:2: warning: 'unfold fullPlaneBilinearPair' tactic does nothing

Note: This linter can be disabled with `set_option linter.unusedTactic false`
PrimalitySheafVerification/Mock2_FunctionalAnalysis.lean:45258:2: warning: 'apply integral_congr_ae' tactic does nothing

Note: This linter can be disabled with `set_option linter.unusedTactic false`
PrimalitySheafVerification/Mock2_FunctionalAnalysis.lean:45259:2: warning: 'filter_upwards with x' tactic does nothing

Note: This linter can be disabled with `set_option linter.unusedTactic false`
PrimalitySheafVerification/Mock2_FunctionalAnalysis.lean:45260:2: warning: 'simp only [friedrichsTranslatedMollifierTest_apply, friedrichsMollifier, Complex.real_smul]' tactic does nothing

Note: This linter can be disabled with `set_option linter.unusedTactic false`
PrimalitySheafVerification/Mock2_FunctionalAnalysis.lean:45257:2: warning: this tactic is never executed

Note: This linter can be disabled with `set_option linter.unreachableTactic false`
PrimalitySheafVerification/Mock2_FunctionalAnalysis.lean:45258:2: warning: this tactic is never executed

Note: This linter can be disabled with `set_option linter.unreachableTactic false`
PrimalitySheafVerification/Mock2_FunctionalAnalysis.lean:45259:2: warning: this tactic is never executed

Note: This linter can be disabled with `set_option linter.unreachableTactic false`
PrimalitySheafVerification/Mock2_FunctionalAnalysis.lean:45260:2: warning: this tactic is never executed

Note: This linter can be disabled with `set_option linter.unreachableTactic false`
PrimalitySheafVerification/Mock2_FunctionalAnalysis.lean:45276:6: error(lean.unknownIdentifier): Unknown identifier `fullPlaneDirectionalDerivative_apply`
PrimalitySheafVerification/Mock2_FunctionalAnalysis.lean:45270:56: error: unsolved goals
j : ℕ
u : ↥AmbientPlaneL2
w xi x : ℂ
⊢ (fderiv ℝ (friedrichsMollifier j) (w - x)) xi * ↑↑u x = -(sorry * ↑↑u x)
PrimalitySheafVerification/Mock2_FunctionalAnalysis.lean:45284:2: error(lean.synthInstanceFailed): failed to synthesize instance of type class
  HSMul ℂ FullPlaneTest ?m.13

Hint: Type class instance resolution failures can be inspected with the `set_option trace.Meta.synthInstance true` command.
PrimalitySheafVerification/Mock2_FunctionalAnalysis.lean:45295:4: error: Function expected at
  friedrichsAffineForwardTranslateTest sigma c j w
but this term has type
  FullPlaneTest

Note: Expected a function because this term is being applied to the argument
  x
PrimalitySheafVerification/Mock2_FunctionalAnalysis.lean:45303:4: error(lean.unknownIdentifier): Unknown identifier `fullPlaneDirectionalDerivative_apply`
PrimalitySheafVerification/Mock2_FunctionalAnalysis.lean:45301:13: warning: declaration uses `sorry`
Try this:
  [apply] ring_nf
  
  The `ring` tactic failed to close the goal. Use `ring_nf` to obtain a normal form.
    
  Note that `ring` works primarily in *commutative* rings. If you have a noncommutative ring, abelian group or module, consider using `noncomm_ring`, `abel` or `module` instead.
PrimalitySheafVerification/Mock2_FunctionalAnalysis.lean:45315:64: error: unsolved goals
sigma c : ℂ
j : ℕ
u : ↥AmbientPlaneL2
w : ℂ
⊢ -(↑w.im * sigma *
            fullPlaneBilinearPair (fullPlaneDirectionalDerivative 1 (friedrichsTranslatedMollifierTest j w)) u) -
        ↑w.im *
          fullPlaneBilinearPair (fullPlaneDirectionalDerivative Complex.I (friedrichsTranslatedMollifierTest j w)) u +
      c * fullPlaneBilinearPair (friedrichsTranslatedMollifierTest j w) u =
    fullPlaneBilinearPair sorry u
PrimalitySheafVerification/Mock2_FunctionalAnalysis.lean:45320:13: warning: declaration uses `sorry`
PrimalitySheafVerification/Mock2_FunctionalAnalysis.lean:45321:4: warning: This simp argument is unused:
  fullPlaneBilinearPair_add

Hint: Omit it from the simp argument list.
  [apply] simp only [friedrichsAffineForwardTranslateTest, fullPlaneBilinearPair_smul]

Note: This linter can be disabled with `set_option linter.unusedSimpArgs false`
PrimalitySheafVerification/Mock2_FunctionalAnalysis.lean:45321:31: warning: This simp argument is unused:
  fullPlaneBilinearPair_smul

Hint: Omit it from the simp argument list.
  [apply] simp only [friedrichsAffineForwardTranslateTest, fullPlaneBilinearPair_add]

Note: This linter can be disabled with `set_option linter.unusedSimpArgs false`
PrimalitySheafVerification/Mock2_FunctionalAnalysis.lean:45329:2: error(lean.synthInstanceFailed): failed to synthesize instance of type class
  HSub FullPlaneTest FullPlaneTest ?m.3

Hint: Type class instance resolution failures can be inspected with the `set_option trace.Meta.synthInstance true` command.
PrimalitySheafVerification/Mock2_FunctionalAnalysis.lean:45338:4: error: Function expected at
  friedrichsAffineCommutatorTranslateTest sigma c j w
but this term has type
  FullPlaneTest

Note: Expected a function because this term is being applied to the argument
  x
PrimalitySheafVerification/Mock2_FunctionalAnalysis.lean:45340:6: error: Failed to rewrite using equation theorems for `friedrichsAffineCommutatorTranslateTest`
PrimalitySheafVerification/Mock2_FunctionalAnalysis.lean:45340:6: warning: declaration uses `sorry`
PrimalitySheafVerification/Mock2_FunctionalAnalysis.lean:45359:66: error: unsolved goals
case c
sigma c : ℂ
j : ℕ
u : ↥AmbientPlaneL2
w x : ℂ
⊢ ℂ
PrimalitySheafVerification/Mock2_FunctionalAnalysis.lean:45369:8: warning: declaration uses `sorry`
PrimalitySheafVerification/Mock2_FunctionalAnalysis.lean:45379:2: warning: 'change
  fullPlaneBilinearPair (friedrichsTranslatedMollifierTest j w) Pu =
    fullPlaneBilinearPair (fullPlaneAffineTranspose sigma c (friedrichsTranslatedMollifierTest j w))
      u at hTranslated' tactic does nothing

Note: This linter can be disabled with `set_option linter.unusedTactic false`
PrimalitySheafVerification/Mock2_FunctionalAnalysis.lean:45385:2: warning: 'calc
  ambientAffineMaass sigma c (friedrichsMollifiedRepresentative j u) w =
      fullPlaneBilinearPair (friedrichsAffineForwardTranslateTest sigma c j w) u :=
    ambientAffineMaass_friedrichsMollifiedRepresentative sigma c j u w
  _ =
      fullPlaneBilinearPair (fullPlaneAffineTranspose sigma c (friedrichsTranslatedMollifierTest j w)) u +
        fullPlaneBilinearPair (friedrichsAffineCommutatorTranslateTest sigma c j w) u :=
    by
    rw [friedrichsAffineCommutatorTranslateTest, fullPlaneBilinearPair_sub]
    ring
  _ =
      fullPlaneBilinearPair (friedrichsTranslatedMollifierTest j w) Pu +
        fullPlaneBilinearPair (friedrichsAffineCommutatorTranslateTest sigma c j w) u :=
    by rw [hTranslated]
  _ = friedrichsMollifiedRepresentative j Pu w + ∫ x : ℂ, friedrichsAffineCommutatorKernel sigma j (w - x) * u x := by
    rw [← friedrichsMollifiedRepresentative_eq_pair,
      fullPlaneBilinearPair_friedrichsAffineCommutatorTranslateTest]' tactic does nothing

Note: This linter can be disabled with `set_option linter.unusedTactic false`
PrimalitySheafVerification/Mock2_FunctionalAnalysis.lean:45385:2: warning: this tactic is never executed

Note: This linter can be disabled with `set_option linter.unreachableTactic false`
'Mock2FA.PaperCorrections.AutomorphicSobolev.FixedPhaseNormalizedFriedrichs.fderiv_friedrichsMollifiedRepresentative_apply' depends on axioms: [propext,
 sorryAx,
 Classical.choice,
 Quot.sound]
'Mock2FA.PaperCorrections.AutomorphicSobolev.FixedPhaseNormalizedFriedrichs.friedrichsAffineCommutatorTranslateTest_apply' depends on axioms: [propext,
 sorryAx,
 Classical.choice,
 Quot.sound]
'Mock2FA.PaperCorrections.AutomorphicSobolev.FixedPhaseNormalizedFriedrichs.IsPlanarAffineWeakGraph.friedrichs_identity' depends on axioms: [propext,
 sorryAx,
 Classical.choice,
 Quot.sound]
'Mock2FA.PaperCorrections.AutomorphicSobolev.FixedPhaseNormalizedFriedrichs.IsPlanarAffineWeakGraph.friedrichs_raising_identity' depends on axioms: [propext,
 sorryAx,
 Classical.choice,
 Quot.sound]
'Mock2FA.PaperCorrections.AutomorphicSobolev.FixedPhaseNormalizedFriedrichs.IsPlanarAffineWeakGraph.friedrichs_loweringFromSucc_identity' depends on axioms: [propext,
 sorryAx,
 Classical.choice,
 Quot.sound]
PrimalitySheafVerification/Mock2_FunctionalAnalysis.lean:45495:2: error: Type mismatch: After simplification, term
  tendsto_one_div_add_atTop_nhds_zero_nat
 has type
  @Tendsto ℕ ℝ (fun n => 1 / (↑n + 1)) atTop (𝓝 0)
but is expected to have type
  @Tendsto ℕ ℝ discriminantCuspEpsilon atTop (𝓝 0)
PrimalitySheafVerification/Mock2_FunctionalAnalysis.lean:45554:2: error: failed to synthesize
  NeBot ?l

Hint: Additional diagnostic information may be available using the `set_option diagnostics true` command.
'Mock2FA.PaperCorrections.AutomorphicSobolev.P5DiscriminantHardTruncation.discriminantCuspEpsilon_tendsto_zero' depends on axioms: [propext,
 sorryAx,
 Classical.choice,
 Quot.sound]
'Mock2FA.PaperCorrections.AutomorphicSobolev.P5DiscriminantHardTruncation.potential_le_discriminantCuspEpsilon_outside_literalStage' depends on axioms: [propext,
 Classical.choice,
 Quot.sound]
'Mock2FA.PaperCorrections.AutomorphicSobolev.P5DiscriminantHardTruncation.hardStagePotentialFactor_isCompact' depends on axioms: [propext,
 Classical.choice,
 Quot.sound]
'Mock2FA.PaperCorrections.AutomorphicSobolev.P5DiscriminantHardTruncation.graphPotentialOperator_isCompact_of_literalStageFactorization' depends on axioms: [propext,
 sorryAx,
 Classical.choice,
 Quot.sound]
PrimalitySheafVerification/Mock2_FunctionalAnalysis.lean:45620:44: error: Application type mismatch: The argument
  f
has type
  { x :
    TwoTorus →ₘ[@volume TwoTorus
        (@MeasureSpace.pi (Fin 2) (Fin.fintype 2) (fun a => UnitAddCircle) fun i => AddCircle.measureSpace 1)]
      ℂ //
    x ∈ TwoTorusL2 }
but is expected to have type
  { x :
    UnitAddTorus
        (Fin
          2) →ₘ[@volume (UnitAddTorus (Fin 2))
        (@MeasureSpace.pi (Fin 2) (Fin.fintype 2) (fun a => UnitAddCircle) fun i => instMeasureSpaceUnitAddCircle)]
      ℂ //
    x ∈ Lp ℂ 2 volume }
in the application
  UnitAddTorus.hasSum_mFourier_series_L2 f
'Mock2FA.PaperCorrections.AutomorphicSobolev.P5LocalFourierRellich.twoTorusCanonicalModes_tendsto_atTop' depends on axioms: [propext,
 Classical.choice,
 Quot.sound]
'Mock2FA.PaperCorrections.AutomorphicSobolev.P5LocalFourierRellich.twoTorusFiniteFourierProjection_tendsto' depends on axioms: [propext,
 sorryAx,
 Classical.choice,
 Quot.sound]
PrimalitySheafVerification/Mock2_FunctionalAnalysis.lean:45690:45: error(lean.unknownIdentifier): Unknown identifier `map_ofReal`
PrimalitySheafVerification/Mock2_FunctionalAnalysis.lean:45696:45: error(lean.unknownIdentifier): Unknown identifier `map_ofReal`
PrimalitySheafVerification/Mock2_FunctionalAnalysis.lean:45704:18: error: Invalid rewrite argument: Expected an equality or iff proof or definition name, but `d` is a value of type
  H
PrimalitySheafVerification/Mock2_FunctionalAnalysis.lean:45726:18: error: unsolved goals
H : Type u_1
inst✝⁵ : NormedAddCommGroup H
inst✝⁴ : InnerProductSpace ℂ H
inst✝³ : CompleteSpace H
V : Type u_2
inst✝² : NormedAddCommGroup V
inst✝¹ : InnerProductSpace ℂ V
inst✝ : CompleteSpace V
J : V →L[ℂ] H
u w v : V
⊢ ((innerSLFlip ℂ) (J u) + (innerSLFlip ℂ) (J w)) (J v) = ((innerSLFlip ℂ) (J u) ∘SL J + (innerSLFlip ℂ) (J w) ∘SL J) v
PrimalitySheafVerification/Mock2_FunctionalAnalysis.lean:45730:19: error: unsolved goals
H : Type u_1
inst✝⁵ : NormedAddCommGroup H
inst✝⁴ : InnerProductSpace ℂ H
inst✝³ : CompleteSpace H
V : Type u_2
inst✝² : NormedAddCommGroup V
inst✝¹ : InnerProductSpace ℂ V
inst✝ : CompleteSpace V
J : V →L[ℂ] H
a : ℂ
u v : V
⊢ (a • (innerSLFlip ℂ) (J u)) (J v) = ((RingHom.id ℂ) a • (innerSLFlip ℂ) (J u) ∘SL J) v
PrimalitySheafVerification/Mock2_FunctionalAnalysis.lean:45729:6: warning: This simp argument is unused:
  innerSLFlip_apply_apply

Hint: Omit it from the simp argument list.
  [apply] simp only [ContinuousLinearMap.comp_apply, map_add, inner_add_right]

Note: This linter can be disabled with `set_option linter.unusedSimpArgs false`
PrimalitySheafVerification/Mock2_FunctionalAnalysis.lean:45729:31: warning: This simp argument is unused:
  inner_add_right

Hint: Omit it from the simp argument list.
  [apply] simp only [ContinuousLinearMap.comp_apply, map_add, innerSLFlip_apply_apply]

Note: This linter can be disabled with `set_option linter.unusedSimpArgs false`
PrimalitySheafVerification/Mock2_FunctionalAnalysis.lean:45733:6: warning: This simp argument is unused:
  innerSLFlip_apply_apply

Hint: Omit it from the simp argument list.
  [apply] simp only [ContinuousLinearMap.comp_apply, map_smul, inner_smul_right]

Note: This linter can be disabled with `set_option linter.unusedSimpArgs false`
PrimalitySheafVerification/Mock2_FunctionalAnalysis.lean:45733:31: warning: This simp argument is unused:
  inner_smul_right

Hint: Omit it from the simp argument list.
  [apply] simp only [ContinuousLinearMap.comp_apply, map_smul, innerSLFlip_apply_apply]

Note: This linter can be disabled with `set_option linter.unusedSimpArgs false`
PrimalitySheafVerification/Mock2_FunctionalAnalysis.lean:45736:0: warning: automatically included section variable(s) unused in theorem `Mock2FA.PaperCorrections.AutomorphicSobolev.P9ClosedFormRealization.embeddedMassLinear_apply`:
  [CompleteSpace H]
  [CompleteSpace V]
consider restructuring your `variable` declarations so that the variables are not in scope or explicitly omit them:
  omit [CompleteSpace H] [CompleteSpace V] in theorem ...

Note: This linter can be disabled with `set_option linter.unusedSectionVars false`
PrimalitySheafVerification/Mock2_FunctionalAnalysis.lean:45740:0: warning: automatically included section variable(s) unused in theorem `Mock2FA.PaperCorrections.AutomorphicSobolev.P9ClosedFormRealization.embeddedMassLinear_bound`:
  [CompleteSpace H]
  [CompleteSpace V]
consider restructuring your `variable` declarations so that the variables are not in scope or explicitly omit them:
  omit [CompleteSpace H] [CompleteSpace V] in theorem ...

Note: This linter can be disabled with `set_option linter.unusedSectionVars false`
PrimalitySheafVerification/Mock2_FunctionalAnalysis.lean:45755:4: error: Application type mismatch: The argument
  embeddedMassLinear_bound J
has type
  ∀ (u v : V), ‖((embeddedMassLinear J) u) v‖ ≤ ‖J‖ ^ 2 * ‖u‖ * ‖v‖
but is expected to have type
  ∀ (x y : V), ‖(?m.44 x) y‖ ≤ ‖J‖ ^ 2 * ‖x‖ * ‖y‖
in the application
  LinearMap.mkContinuous₂ ?m.44 (‖J‖ ^ 2) ⋯
PrimalitySheafVerification/Mock2_FunctionalAnalysis.lean:45757:0: error: Not a definitional equality: the left-hand side
  ((embeddedMassForm J) u) v
is not definitionally equal to the right-hand side
  ⟪J v, J u⟫_ℂ
PrimalitySheafVerification/Mock2_FunctionalAnalysis.lean:45760:2: error: Type mismatch
  rfl
has type
  ?m.32 = ?m.32
but is expected to have type
  ((embeddedMassForm J) u) v = ⟪J v, J u⟫_ℂ
PrimalitySheafVerification/Mock2_FunctionalAnalysis.lean:45763:62: error: unsolved goals
H : Type u_1
inst✝⁵ : NormedAddCommGroup H
inst✝⁴ : InnerProductSpace ℂ H
inst✝³ : CompleteSpace H
V : Type u_2
inst✝² : NormedAddCommGroup V
inst✝¹ : InnerProductSpace ℂ V
inst✝ : CompleteSpace V
J : V →L[ℂ] H
u v : V
⊢ star ⟪J u, J v⟫_ℂ = ⟪J v, J u⟫_ℂ
PrimalitySheafVerification/Mock2_FunctionalAnalysis.lean:45764:37: warning: This simp argument is unused:
  inner_conj_symm

Hint: Omit it from the simp argument list.
  [apply] simp only [embeddedMassForm_apply]

Note: This linter can be disabled with `set_option linter.unusedSimpArgs false`
PrimalitySheafVerification/Mock2_FunctionalAnalysis.lean:45782:24: warning: `ContinuousLinearMap.add_apply` has been deprecated: Use `add_apply` instead

Note: The updated constant is in a different namespace. Dot notation may need to be changed (e.g., from `x.add_apply` to `add_apply x`).
PrimalitySheafVerification/Mock2_FunctionalAnalysis.lean:45786:19: error: unsolved goals
H : Type u_1
inst✝⁵ : NormedAddCommGroup H
inst✝⁴ : InnerProductSpace ℂ H
inst✝³ : CompleteSpace H
V : Type u_2
inst✝² : NormedAddCommGroup V
inst✝¹ : InnerProductSpace ℂ V
inst✝ : CompleteSpace V
J : V →L[ℂ] H
B : ContinuousSesquilinearForm V
a : ℂ
p : H × H
u : V
hu : J u = p.1
hBu : ∀ (v : V), (B u) v = ⟪J v, p.2⟫_ℂ
⊢ a • p.1 = (a • p).1
PrimalitySheafVerification/Mock2_FunctionalAnalysis.lean:45788:25: warning: `ContinuousLinearMap.smul_apply` has been deprecated: Use `smul_apply` instead

Note: The updated constant is in a different namespace. Dot notation may need to be changed (e.g., from `x.smul_apply` to `smul_apply x`).
PrimalitySheafVerification/Mock2_FunctionalAnalysis.lean:45784:15: error: unsolved goals
H : Type u_1
inst✝⁵ : NormedAddCommGroup H
inst✝⁴ : InnerProductSpace ℂ H
inst✝³ : CompleteSpace H
V : Type u_2
inst✝² : NormedAddCommGroup V
inst✝¹ : InnerProductSpace ℂ V
inst✝ : CompleteSpace V
J : V →L[ℂ] H
B : ContinuousSesquilinearForm V
a : ℂ
p : H × H
u : V
hu : J u = p.1
hBu : ∀ (v : V), (B u) v = ⟪J v, p.2⟫_ℂ
v : V
⊢ a • ⟪J v, p.2⟫_ℂ = ⟪J v, (a • p).2⟫_ℂ
PrimalitySheafVerification/Mock2_FunctionalAnalysis.lean:45786:47: warning: This simp argument is unused:
  Prod.fst_smul

Hint: Omit it from the simp argument list.
  [apply] simp only [map_smul, hu]

Note: This linter can be disabled with `set_option linter.unusedSimpArgs false`
PrimalitySheafVerification/Mock2_FunctionalAnalysis.lean:45789:6: warning: This simp argument is unused:
  Prod.snd_smul

Hint: Omit it from the simp argument list.
  [apply] simp only [map_smul, ContinuousLinearMap.smul_apply, hBu v, inner_smul_right]

Note: This linter can be disabled with `set_option linter.unusedSimpArgs false`
PrimalitySheafVerification/Mock2_FunctionalAnalysis.lean:45789:21: warning: This simp argument is unused:
  inner_smul_right

Hint: Omit it from the simp argument list.
  [apply] simp only [map_smul, ContinuousLinearMap.smul_apply, hBu v, Prod.snd_smul]

Note: This linter can be disabled with `set_option linter.unusedSimpArgs false`
PrimalitySheafVerification/Mock2_FunctionalAnalysis.lean:45792:0: warning: automatically included section variable(s) unused in theorem `Mock2FA.PaperCorrections.AutomorphicSobolev.P9ClosedFormRealization.mem_associatedFormGraph_iff`:
  [CompleteSpace H]
  [CompleteSpace V]
consider restructuring your `variable` declarations so that the variables are not in scope or explicitly omit them:
  omit [CompleteSpace H] [CompleteSpace V] in theorem ...

Note: This linter can be disabled with `set_option linter.unusedSectionVars false`
PrimalitySheafVerification/Mock2_FunctionalAnalysis.lean:45806:32: error: Type mismatch: After simplification, term
  hu
 has type
  J u = 0
but is expected to have type
  J u = J 0
PrimalitySheafVerification/Mock2_FunctionalAnalysis.lean:45807:8: error(lean.synthInstanceFailed): failed to synthesize instance of type class
  RCLike 𝕜✝

Hint: Type class instance resolution failures can be inspected with the `set_option trace.Meta.synthInstance true` command.
PrimalitySheafVerification/Mock2_FunctionalAnalysis.lean:45808:8: error: No goals to be solved
PrimalitySheafVerification/Mock2_FunctionalAnalysis.lean:45819:5: warning: Variable name `hJinj` is not explicitly referenced.

Hint: The binding can be removed (if unused) or named `_` (if used implicitly). Alternatively, prefix the name with `_` to silence this warning:
  [apply] _hJinj

Note: This linter can be disabled with `set_option linter.unusedVariables false`
PrimalitySheafVerification/Mock2_FunctionalAnalysis.lean:45819:36: warning: Variable name `hJdense` is not explicitly referenced.

Hint: The binding can be removed (if unused) or named `_` (if used implicitly). Alternatively, prefix the name with `_` to silence this warning:
  [apply] _hJdense

Note: This linter can be disabled with `set_option linter.unusedVariables false`
PrimalitySheafVerification/Mock2_FunctionalAnalysis.lean:45831:2: error: Type mismatch: After simplification, term
  hp
 has type
  p ∈ associatedFormGraph J B
but is expected to have type
  (0, p.2) ∈ associatedFormGraph J B
PrimalitySheafVerification/Mock2_FunctionalAnalysis.lean:45861:34: warning: `ContinuousLinearMap.add_apply` has been deprecated: Use `add_apply` instead

Note: The updated constant is in a different namespace. Dot notation may need to be changed (e.g., from `x.add_apply` to `add_apply x`).
PrimalitySheafVerification/Mock2_FunctionalAnalysis.lean:45862:4: warning: `ContinuousLinearMap.smul_apply` has been deprecated: Use `smul_apply` instead

Note: The updated constant is in a different namespace. Dot notation may need to be changed (e.g., from `x.smul_apply` to `smul_apply x`).
PrimalitySheafVerification/Mock2_FunctionalAnalysis.lean:45869:58: error(lean.unknownIdentifier): Unknown identifier `map_ofReal`
PrimalitySheafVerification/Mock2_FunctionalAnalysis.lean:45871:6: error: Tactic `rewrite` failed: Did not find an occurrence of the pattern
  star ((B ?v) ?u)
in the target expression
  star ((B v) u + ↑c * ⟪J u, J v⟫_ℂ) = (B u) v + ↑c * ⟪J v, J u⟫_ℂ

H : Type u_1
inst✝⁵ : NormedAddCommGroup H
inst✝⁴ : InnerProductSpace ℂ H
inst✝³ : CompleteSpace H
V : Type u_2
inst✝² : NormedAddCommGroup V
inst✝¹ : InnerProductSpace ℂ V
inst✝ : CompleteSpace V
J : V →L[ℂ] H
B : ContinuousSesquilinearForm V
hB : IsHermitianForm B
c : ℝ
u v : V
⊢ star ((B v) u + ↑c * ⟪J u, J v⟫_ℂ) = (B u) v + ↑c * ⟪J v, J u⟫_ℂ
PrimalitySheafVerification/Mock2_FunctionalAnalysis.lean:45869:40: warning: This simp argument is unused:
  map_add

Hint: Omit it from the simp argument list.
  [apply] simp only [embeddedShiftedForm_apply, map_mul, map_ofReal, inner_conj_symm]

Note: This linter can be disabled with `set_option linter.unusedSimpArgs false`
PrimalitySheafVerification/Mock2_FunctionalAnalysis.lean:45869:49: warning: This simp argument is unused:
  map_mul

Hint: Omit it from the simp argument list.
  [apply] simp only [embeddedShiftedForm_apply, map_add, map_ofReal, inner_conj_symm]

Note: This linter can be disabled with `set_option linter.unusedSimpArgs false`
PrimalitySheafVerification/Mock2_FunctionalAnalysis.lean:45870:4: warning: This simp argument is unused:
  inner_conj_symm

Hint: Omit it from the simp argument list.
  [apply] simp only [embeddedShiftedForm_apply, map_add, map_mul, map_ofReal]

Note: This linter can be disabled with `set_option linter.unusedSimpArgs false`
PrimalitySheafVerification/Mock2_FunctionalAnalysis.lean:45879:0: warning: automatically included section variable(s) unused in theorem `Mock2FA.PaperCorrections.AutomorphicSobolev.P9ClosedFormRealization.embeddedAntiDual_apply`:
  [CompleteSpace H]
  [CompleteSpace V]
consider restructuring your `variable` declarations so that the variables are not in scope or explicitly omit them:
  omit [CompleteSpace H] [CompleteSpace V] in theorem ...

Note: This linter can be disabled with `set_option linter.unusedSectionVars false`
PrimalitySheafVerification/Mock2_FunctionalAnalysis.lean:45893:0: warning: automatically included section variable(s) unused in theorem `Mock2FA.PaperCorrections.AutomorphicSobolev.P9ClosedFormRealization.embeddedFormResolventSolution_spec`:
  [CompleteSpace H]
consider restructuring your `variable` declarations so that the variables are not in scope or explicitly omit them:
  omit [CompleteSpace H] in theorem ...

Note: This linter can be disabled with `set_option linter.unusedSectionVars false`
PrimalitySheafVerification/Mock2_FunctionalAnalysis.lean:45948:6: error: Tactic `rewrite` failed: Did not find an occurrence of the pattern
  (J u, y - ↑c • J u).1
in the target expression
  ↑c • ↑x + ↑(associatedFormOperator J B hJinj hJdense) x = y

H : Type u_1
inst✝⁵ : NormedAddCommGroup H
inst✝⁴ : InnerProductSpace ℂ H
inst✝³ : CompleteSpace H
V : Type u_2
inst✝² : NormedAddCommGroup V
inst✝¹ : InnerProductSpace ℂ V
inst✝ : CompleteSpace V
J : V →L[ℂ] H
B : ContinuousSesquilinearForm V
hJinj : Function.Injective ⇑J
hJdense : DenseRange ⇑J
c α : ℝ
hCoercive : ComplexCoerciveWith α (embeddedShiftedForm J B c)
y : H
u : V := embeddedFormResolventSolution J B c α hCoercive y
x : ↥(associatedFormOperator J B hJinj hJdense).domain
hx : ↑x = (J u, y - ↑c • J u).1
hAx : ↑(associatedFormOperator J B hJinj hJdense) x = (J u, y - ↑c • J u).2
⊢ ↑c • ↑x + ↑(associatedFormOperator J B hJinj hJdense) x = y
PrimalitySheafVerification/Mock2_FunctionalAnalysis.lean:45972:6: error: Type mismatch
  inner_conj_symm ?m.184 ?m.185
has type
  (starRingEnd ?m.179) ⟪?m.185, ?m.184⟫_?m.179 = ⟪?m.184, ?m.185⟫_?m.179
but is expected to have type
  ⟪↑(associatedFormOperator J B hJinj hJdense) x, ↑y⟫_ℂ = star ⟪↑y, ↑(associatedFormOperator J B hJinj hJdense) x⟫_ℂ
PrimalitySheafVerification/Mock2_FunctionalAnalysis.lean:46008:4: error: Type mismatch: After simplification, term
  xz.property
 has type
  ↑xz ∈ (associatedFormOperator J B hJinj hJdense).domain
but is expected to have type
  J uz ∈ (associatedFormOperator J B hJinj hJdense).domain
PrimalitySheafVerification/Mock2_FunctionalAnalysis.lean:46024:6: error: Type mismatch: After simplification, term
  xy.property
 has type
  ↑xy ∈ (associatedFormOperator J B hJinj hJdense).domain
but is expected to have type
  J uy ∈ (associatedFormOperator J B hJinj hJdense).domain
PrimalitySheafVerification/Mock2_FunctionalAnalysis.lean:46036:27: error: Tactic `rewrite` failed: Did not find an occurrence of the pattern
  ?f 0
in the target expression
  star 0 = 0

H : Type u_1
inst✝⁵ : NormedAddCommGroup H
inst✝⁴ : InnerProductSpace ℂ H
inst✝³ : CompleteSpace H
V : Type u_2
inst✝² : NormedAddCommGroup V
inst✝¹ : InnerProductSpace ℂ V
inst✝ : CompleteSpace V
J : V →L[ℂ] H
B : ContinuousSesquilinearForm V
hJinj : Function.Injective ⇑J
hJdense : DenseRange ⇑J
hB : IsHermitianForm B
c α : ℝ
hCoercive : ComplexCoerciveWith α (embeddedShiftedForm J B c)
z : H
hz : z ∈ (associatedFormOperator J B hJinj hJdense).domain.topologicalClosureᗮ
hzDomain : ∀ (x : ↥(associatedFormOperator J B hJinj hJdense).domain), ⟪↑x, z⟫_ℂ = 0
uz : V := embeddedFormResolventSolution J B c α hCoercive z
huzGraph :
  have u := embeddedFormResolventSolution J B c α hCoercive z;
  (J u, z - ↑c • J u) ∈ associatedFormGraph J B
xz : ↥(associatedFormOperator J B hJinj hJdense).domain
hxz : ↑xz = (J uz, z - ↑c • J uz).1
right✝¹ : ↑(associatedFormOperator J B hJinj hJdense) xz = (J uz, z - ↑c • J uz).2
hJuzDomain : J uz ∈ (associatedFormOperator J B hJinj hJdense).domain
hShiftHermitian : IsHermitianForm (embeddedShiftedForm J B c)
y : H
uy : V := embeddedFormResolventSolution J B c α hCoercive y
huyGraph :
  have u := embeddedFormResolventSolution J B c α hCoercive y;
  (J u, y - ↑c • J u) ∈ associatedFormGraph J B
xy : ↥(associatedFormOperator J B hJinj hJdense).domain
hxy : ↑xy = (J uy, y - ↑c • J uy).1
right✝ : ↑(associatedFormOperator J B hJinj hJdense) xy = (J uy, y - ↑c • J uy).2
hJuyDomain : J uy ∈ (associatedFormOperator J B hJinj hJdense).domain
hzy : ⟪J uy, z⟫_ℂ = 0
hSzUy : ((embeddedShiftedForm J B c) (embeddedFormResolventSolution J B c α hCoercive z)) uy = ⟪J uy, z⟫_ℂ
hSyUz : ((embeddedShiftedForm J B c) (embeddedFormResolventSolution J B c α hCoercive y)) uz = ⟪J uz, y⟫_ℂ
⊢ star 0 = 0
PrimalitySheafVerification/Mock2_FunctionalAnalysis.lean:46041:8: error(lean.synthInstanceFailed): failed to synthesize instance of type class
  RCLike 𝕜✝

Hint: Type class instance resolution failures can be inspected with the `set_option trace.Meta.synthInstance true` command.
PrimalitySheafVerification/Mock2_FunctionalAnalysis.lean:46042:8: error: No goals to be solved
PrimalitySheafVerification/Mock2_FunctionalAnalysis.lean:46143:4: error(lean.unknownIdentifier): Unknown identifier `map_ofReal`
PrimalitySheafVerification/Mock2_FunctionalAnalysis.lean:46144:6: error: Tactic `rewrite` failed: Did not find an occurrence of the pattern
  star (((graphPotentialOperator ?n) ?v) ?u)
in the target expression
  star (⟪u, v⟫_ℂ - ↑t * ((graphPotentialOperator n) v) u) = ⟪v, u⟫_ℂ - ↑t * ((graphPotentialOperator n) u) v

n : ℤ
t : ℝ
u v : ActualHOne n
⊢ star (⟪u, v⟫_ℂ - ↑t * ((graphPotentialOperator n) v) u) = ⟪v, u⟫_ℂ - ↑t * ((graphPotentialOperator n) u) v
PrimalitySheafVerification/Mock2_FunctionalAnalysis.lean:46142:44: warning: This simp argument is unused:
  map_sub

Hint: Omit it from the simp argument list.
  [apply] simp only [weakSchrodingerOperator_apply, map_mul, map_ofReal, inner_conj_symm]

Note: This linter can be disabled with `set_option linter.unusedSimpArgs false`
PrimalitySheafVerification/Mock2_FunctionalAnalysis.lean:46142:53: warning: This simp argument is unused:
  map_mul

Hint: Omit it from the simp argument list.
  [apply] simp only [weakSchrodingerOperator_apply, map_sub, map_ofReal, inner_conj_symm]

Note: This linter can be disabled with `set_option linter.unusedSimpArgs false`
PrimalitySheafVerification/Mock2_FunctionalAnalysis.lean:46143:16: warning: This simp argument is unused:
  inner_conj_symm

Hint: Omit it from the simp argument list.
  [apply] simp only [weakSchrodingerOperator_apply, map_sub, map_mul, map_ofReal]

Note: This linter can be disabled with `set_option linter.unusedSimpArgs false`
Try this:
  [apply] ring_nf
  
  The `ring` tactic failed to close the goal. Use `ring_nf` to obtain a normal form.
    
  Note that `ring` works primarily in *commutative* rings. If you have a noncommutative ring, abelian group or module, consider using `noncomm_ring`, `abel` or `module` instead.
PrimalitySheafVerification/Mock2_FunctionalAnalysis.lean:46207:63: error: unsolved goals
n : ℤ
t : ℝ
u : GraphSobolevCompletion n
⊢ (⟪u, u⟫_ℂ).re - t * (((graphPotentialOperator n) u) u).re +
      discriminantMassShift t * (⟪(baseExtension n) u, (baseExtension n) u⟫_ℂ).re =
    -(t * (((graphPotentialOperator n) u) u).re) + discriminantMassShift t * ‖(baseExtension n) u‖ ^ 2 + ‖u‖ ^ 2
PrimalitySheafVerification/Mock2_FunctionalAnalysis.lean:46211:6: warning: This simp argument is unused:
  inner_self_eq_norm_sq

Hint: Omit it from the simp argument list.
  [apply] simp only [embeddedShiftedForm_apply, weakSchrodingerOperator_apply, Complex.add_re, Complex.sub_re,
    Complex.mul_re, Complex.ofReal_re, Complex.ofReal_im, zero_mul, sub_zero]

Note: This linter can be disabled with `set_option linter.unusedSimpArgs false`
'Mock2FA.PaperCorrections.AutomorphicSobolev.P5PhysicalHardStageRestriction.coeFn_graphLiteralStageRestriction_core' depends on axioms: [propext,
 Classical.choice,
 Quot.sound]
'Mock2FA.PaperCorrections.AutomorphicSobolev.P5PhysicalHardStageRestriction.norm_graphLiteralStageRestriction_le' depends on axioms: [propext,
 Classical.choice,
 Quot.sound]
'Mock2FA.PaperCorrections.AutomorphicSobolev.P5PhysicalHardStageRestriction.literalStage_isCompact' depends on axioms: [propext,
 Classical.choice,
 Quot.sound]
PrimalitySheafVerification/Mock2_FunctionalAnalysis.lean:46486:2: error: (deterministic) timeout at `isDefEq`, maximum number of heartbeats (200000) has been reached

Note: Use `set_option maxHeartbeats <num>` to set the limit.

Hint: Additional diagnostic information may be available using the `set_option diagnostics true` command.
PrimalitySheafVerification/Mock2_FunctionalAnalysis.lean:46527:2: error: Type mismatch: After simplification, term
  Tendsto.mul tendsto_const_nhds tendsto_one_div_add_atTop_nhds_zero_nat
 has type
  Tendsto (fun x => ?m.25 * (1 * (↑x + 1)⁻¹)) atTop (𝓝 0)
but is expected to have type
  Tendsto (reciprocalFourierTail C) atTop (𝓝 0)
'Mock2FA.PaperCorrections.AutomorphicSobolev.P5LocalFourierRellich.hasVanishingFiniteModeTail_of_quantitative' depends on axioms: [propext,
 sorryAx,
 Classical.choice,
 Quot.sound]
'Mock2FA.PaperCorrections.AutomorphicSobolev.P5LocalFourierRellich.twoTorus_isCompactOperator_of_quantitativeTail' depends on axioms: [propext,
 sorryAx,
 Classical.choice,
 Quot.sound]
'Mock2FA.PaperCorrections.AutomorphicSobolev.P5LocalFourierRellich.twoTorus_isCompactOperator_of_reciprocalTail' depends on axioms: [propext,
 sorryAx,
 Classical.choice,
 Quot.sound]
PrimalitySheafVerification/Mock2_FunctionalAnalysis.lean:46574:5: error(lean.unknownIdentifier): Unknown identifier `gammaTwoCuspScaling`
PrimalitySheafVerification/Mock2_FunctionalAnalysis.lean:46579:43: error: Function expected at
  gammaTwoCuspHeight
but this term has type
  ?m.2

Note: Expected a function because this term is being applied to the argument
  κ

Hint: The identifier `gammaTwoCuspHeight` is unknown, and Lean's `autoImplicit` option causes an unknown identifier to be treated as an implicitly bound variable with an unknown type. However, the unknown type cannot be a function, and a function is what Lean expects here. This is often the result of a typo or a missing `import` or `open` statement.
PrimalitySheafVerification/Mock2_FunctionalAnalysis.lean:46580:37: error: Invalid argument: Variable `gammaTwoCuspHeight` is not a proposition or let-declaration
PrimalitySheafVerification/Mock2_FunctionalAnalysis.lean:46579:69: error: unsolved goals
GammaTwoCusp : Sort u_1
x✝ : Sort u_2
gammaTwoCuspHeight : x✝
κ : GammaTwoCusp
z : ℍ
⊢ (sorry κ z).im = sorry ()
PrimalitySheafVerification/Mock2_FunctionalAnalysis.lean:46580:8: warning: declaration uses `sorry`
PrimalitySheafVerification/Mock2_FunctionalAnalysis.lean:46586:35: error: Function expected at
  gammaTwoCuspTranslation
but this term has type
  ?m.2

Note: Expected a function because this term is being applied to the argument
  κ

Hint: The identifier `gammaTwoCuspTranslation` is unknown, and Lean's `autoImplicit` option causes an unknown identifier to be treated as an implicitly bound variable with an unknown type. However, the unknown type cannot be a function, and a function is what Lean expects here. This is often the result of a typo or a missing `import` or `open` statement.
PrimalitySheafVerification/Mock2_FunctionalAnalysis.lean:46588:42: error: Invalid argument: Variable `gammaTwoCuspTranslation` is not a proposition or let-declaration
PrimalitySheafVerification/Mock2_FunctionalAnalysis.lean:46588:13: warning: declaration uses `sorry`
PrimalitySheafVerification/Mock2_FunctionalAnalysis.lean:46589:4: warning: This simp argument is unused:
  mul_smul

Hint: Omit it from the simp argument list.
  [apply] simp only [gammaTwoLocalCuspCoordinate, gammaTwoCuspTranslation, inv_smul_smul]

Note: This linter can be disabled with `set_option linter.unusedSimpArgs false`
PrimalitySheafVerification/Mock2_FunctionalAnalysis.lean:46589:14: warning: This simp argument is unused:
  inv_smul_smul

Hint: Omit it from the simp argument list.
  [apply] simp only [gammaTwoLocalCuspCoordinate, gammaTwoCuspTranslation, mul_smul]

Note: This linter can be disabled with `set_option linter.unusedSimpArgs false`
PrimalitySheafVerification/Mock2_FunctionalAnalysis.lean:46595:3: error(lean.unknownIdentifier): Unknown identifier `gammaTwoCuspScaling`
PrimalitySheafVerification/Mock2_FunctionalAnalysis.lean:46595:32: error(lean.unknownIdentifier): Unknown identifier `gammaTwoCuspScaling`
PrimalitySheafVerification/Mock2_FunctionalAnalysis.lean:46603:10: error: Function expected at
  gammaTwoCuspScaling
but this term has type
  ?m.2

Note: Expected a function because this term is being applied to the argument
  κ

Hint: The identifier `gammaTwoCuspScaling` is unknown, and Lean's `autoImplicit` option causes an unknown identifier to be treated as an implicitly bound variable with an unknown type. However, the unknown type cannot be a function, and a function is what Lean expects here. This is often the result of a typo or a missing `import` or `open` statement.
PrimalitySheafVerification/Mock2_FunctionalAnalysis.lean:46603:53: error: unsolved goals
GammaTwoCusp : Sort u_1
x✝ : Sort u_2
gammaTwoCuspScaling : x✝
κ lam : GammaTwoCusp
z : ℍ
⊢ sorry lam z = ↑((sorry ())⁻¹ • z)
PrimalitySheafVerification/Mock2_FunctionalAnalysis.lean:46604:37: warning: declaration uses `sorry`
PrimalitySheafVerification/Mock2_FunctionalAnalysis.lean:46605:4: warning: This simp argument is unused:
  mul_smul

Hint: Omit it from the simp argument list.
  [apply] simp [gammaTwoLocalCuspCoordinate, gammaTwoCuspCoordinateTransition]

Note: This linter can be disabled with `set_option linter.unusedSimpArgs false`
PrimalitySheafVerification/Mock2_FunctionalAnalysis.lean:46618:12: error: Function expected at
  gammaTwoCuspScaling
but this term has type
  ?m.2

Note: Expected a function because this term is being applied to the argument
  κ

Hint: The identifier `gammaTwoCuspScaling` is unknown, and Lean's `autoImplicit` option causes an unknown identifier to be treated as an implicitly bound variable with an unknown type. However, the unknown type cannot be a function, and a function is what Lean expects here. This is often the result of a typo or a missing `import` or `open` statement.
PrimalitySheafVerification/Mock2_FunctionalAnalysis.lean:46619:6: error: Failed to rewrite using equation theorems for `gammaTwoLocalCuspQ`
PrimalitySheafVerification/Mock2_FunctionalAnalysis.lean:46631:6: error: Tactic `rewrite` failed: Did not find an occurrence of the pattern
  2 * ↑Real.pi * Complex.I * (w + 2) / 2
in the target expression
  Complex.exp (2 * ↑Real.pi * Complex.I * (w + 2) / ↑2) = Complex.exp (2 * ↑Real.pi * Complex.I * w / ↑2)

w : ℂ
harg : 2 * ↑Real.pi * Complex.I * (w + 2) / 2 = 2 * ↑Real.pi * Complex.I * w / 2 + 2 * ↑Real.pi * Complex.I
⊢ Complex.exp (2 * ↑Real.pi * Complex.I * (w + 2) / ↑2) = Complex.exp (2 * ↑Real.pi * Complex.I * w / ↑2)
PrimalitySheafVerification/Mock2_FunctionalAnalysis.lean:46637:26: error: Function expected at
  gammaTwoCuspTranslation
but this term has type
  ?m.2

Note: Expected a function because this term is being applied to the argument
  κ

Hint: The identifier `gammaTwoCuspTranslation` is unknown, and Lean's `autoImplicit` option causes an unknown identifier to be treated as an implicitly bound variable with an unknown type. However, the unknown type cannot be a function, and a function is what Lean expects here. This is often the result of a typo or a missing `import` or `open` statement.
PrimalitySheafVerification/Mock2_FunctionalAnalysis.lean:46639:26: error(lean.unknownIdentifier): Unknown identifier `gammaTwoLocalCuspCoordinate_translation`
PrimalitySheafVerification/Mock2_FunctionalAnalysis.lean:46638:32: error: unsolved goals
GammaTwoCusp : Sort u_1
x✝ : Sort u_2
gammaTwoCuspTranslation : x✝
κ : GammaTwoCusp
n : ℤ
z : ℍ
⊢ Function.Periodic.qParam 2 (gammaTwoLocalCuspCoordinate κ (sorry • z)) = gammaTwoLocalCuspQ κ z
PrimalitySheafVerification/Mock2_FunctionalAnalysis.lean:46650:8: error(lean.unknownIdentifier): Unknown identifier `gammaTwoCuspScaling`
PrimalitySheafVerification/Mock2_FunctionalAnalysis.lean:46648:2: error: (deterministic) timeout at `isDefEq`, maximum number of heartbeats (200000) has been reached

Note: Use `set_option maxHeartbeats <num>` to set the limit.

Hint: Additional diagnostic information may be available using the `set_option diagnostics true` command.
PrimalitySheafVerification/Mock2_FunctionalAnalysis.lean:46669:27: error: Function expected at
  gammaTwoCuspHeight
but this term has type
  ?m.2

Note: Expected a function because this term is being applied to the argument
  κ

Hint: The identifier `gammaTwoCuspHeight` is unknown, and Lean's `autoImplicit` option causes an unknown identifier to be treated as an implicitly bound variable with an unknown type. However, the unknown type cannot be a function, and a function is what Lean expects here. This is often the result of a typo or a missing `import` or `open` statement.
PrimalitySheafVerification/Mock2_FunctionalAnalysis.lean:46797:4: error: Type mismatch: After simplification, term
  analyticOnNhd_const
 has type
  @AnalyticOnNhd ℂ ℂ ℂ DenselyNormedField.toNontriviallyNormedField Complex.instNormedAddCommGroup
    (CommCStarAlgebra.toNonUnitalCommCStarAlgebra ℂ).toNonUnitalCStarAlgebra.toNormedSpace
    Complex.instNormedAddCommGroup
    (CommCStarAlgebra.toNonUnitalCommCStarAlgebra ℂ).toNonUnitalCStarAlgebra.toNormedSpace (fun x => 0) univ
but is expected to have type
  @AnalyticOnNhd ℂ ℂ ℂ DenselyNormedField.toNontriviallyNormedField Complex.instNormedAddCommGroup
    (CommCStarAlgebra.toNonUnitalCommCStarAlgebra ℂ).toNonUnitalCStarAlgebra.toNormedSpace
    Complex.instNormedAddCommGroup
    (CommCStarAlgebra.toNonUnitalCommCStarAlgebra ℂ).toNonUnitalCStarAlgebra.toNormedSpace 0 univ
PrimalitySheafVerification/Mock2_FunctionalAnalysis.lean:46811:2: error: linarith failed to find a contradiction
β T : ℝ
hT : 0 < T
⊢ False
failed
Try this:
  [apply] ring_nf
  
  The `ring` tactic failed to close the goal. Use `ring_nf` to obtain a normal form.
    
  Note that `ring` works primarily in *commutative* rings. If you have a noncommutative ring, abelian group or module, consider using `noncomm_ring`, `abel` or `module` instead.
PrimalitySheafVerification/Mock2_FunctionalAnalysis.lean:46830:75: warning: Used `tac1 <;> tac2` where `(tac1; tac2)` would suffice

Note: This linter can be disabled with `set_option linter.unnecessarySeqFocus false`
PrimalitySheafVerification/Mock2_FunctionalAnalysis.lean:46869:0: warning: automatically included section variable(s) unused in theorem `Mock2FA.PaperCorrections.FredholmBypass.fredholmDefect_ker_eq_eigenspace_one`:
  [CompleteSpace X]
consider restructuring your `variable` declarations so that the variables are not in scope or explicitly omit them:
  omit [CompleteSpace X] in theorem ...

Note: This linter can be disabled with `set_option linter.unusedSectionVars false`
PrimalitySheafVerification/Mock2_FunctionalAnalysis.lean:46873:4: warning: This simp argument is unused:
  fredholmDefect_apply

Hint: Omit it from the simp argument list.
  [apply] simp only [LinearMap.mem_ker, mem_eigenspace_iff, one_smul]

Note: This linter can be disabled with `set_option linter.unusedSimpArgs false`
PrimalitySheafVerification/Mock2_FunctionalAnalysis.lean:46911:8: error: Type mismatch
  real_inner_le_norm ?m.199 ?m.200
has type
  ⟪?m.199, ?m.200⟫_ℝ ≤ ‖?m.199‖ * ‖?m.200‖
but is expected to have type
  (⟪K ↑u, ↑u⟫_ℂ).re ≤ ‖K ↑u‖ * ‖↑u‖
PrimalitySheafVerification/Mock2_FunctionalAnalysis.lean:46912:49: error(lean.invalidField): Invalid field `mp`: The environment does not contain `Function.mp`, so it is not possible to project the field `mp` from an expression
  mul_le_mul_right ?m.214
of type
  ∀ (a : ?m.203), a * ?m.207 ≤ a * ?m.208
PrimalitySheafVerification/Mock2_FunctionalAnalysis.lean:46912:26: error: Application type mismatch: The argument
  norm_pos_iff.mpr hu
has type
  0 < ‖↑u‖
but is expected to have type
  ?m.207 ≤ ?m.208
in the application
  mul_le_mul_right (norm_pos_iff.mpr hu)
PrimalitySheafVerification/Mock2_FunctionalAnalysis.lean:46920:0: warning: automatically included section variable(s) unused in theorem `Mock2FA.PaperCorrections.FredholmBypass.compactCokernelControl_apply`:
  [CompleteSpace X]
consider restructuring your `variable` declarations so that the variables are not in scope or explicitly omit them:
  omit [CompleteSpace X] in theorem ...

Note: This linter can be disabled with `set_option linter.unusedSectionVars false`
PrimalitySheafVerification/Mock2_FunctionalAnalysis.lean:46937:33: error(lean.synthInstanceFailed): failed to synthesize instance of type class
  LE Type

Hint: Type class instance resolution failures can be inspected with the `set_option trace.Meta.synthInstance true` command.
PrimalitySheafVerification/Mock2_FunctionalAnalysis.lean:46937:35: error(lean.synthInstanceFailed): failed to synthesize instance of type class
  OfNat Type 0
numerals are polymorphic in Lean, but the numeral `0` cannot be used in a context where the expected type is
  Type
due to the absence of the instance above

Hint: Type class instance resolution failures can be inspected with the `set_option trace.Meta.synthInstance true` command.
PrimalitySheafVerification/Mock2_FunctionalAnalysis.lean:46931:53: error: unsolved goals
X : Type u_1
inst✝² : NormedAddCommGroup X
inst✝¹ : InnerProductSpace ℂ X
inst✝ : CompleteSpace X
K : X →L[ℂ] X
hK : IsCompactOperator ⇑K
R : ↥(↑(fredholmDefect K)).rangeᗮ →L[ℂ] X := compactCokernelControl K
hRcompact : IsCompactOperator ⇑R
hRbound : ↥(↑(fredholmDefect K)).rangeᗮ → sorry
⊢ FiniteDimensional ℂ ↥(↑(fredholmDefect K)).rangeᗮ
PrimalitySheafVerification/Mock2_FunctionalAnalysis.lean:46982:0: warning: automatically included section variable(s) unused in theorem `Mock2FA.PaperCorrections.FredholmBypass.ShiftedCompactDecomposition.kernel_eq_fredholmDefect_kernel`:
  [CompleteSpace V]
  [CompleteSpace W]
consider restructuring your `variable` declarations so that the variables are not in scope or explicitly omit them:
  omit [CompleteSpace V] [CompleteSpace W] in theorem ...

Note: This linter can be disabled with `set_option linter.unusedSectionVars false`
PrimalitySheafVerification/Mock2_FunctionalAnalysis.lean:47081:2: warning: Try this: 
  letI̵

The goal is a proposition, so `let` is preferred over `letI`.
The difference between `let` and `letI` is that `letI` inlines the value.
But this is not relevant for proofs because of proof irrelevance.

Note: This linter can be disabled with `set_option linter.style.haveILetI false`
PrimalitySheafVerification/Mock2_FunctionalAnalysis.lean:47096:5: warning: Variable name `d` is not explicitly referenced.

Hint: The binding can be removed (if unused) or named `_` (if used implicitly). Alternatively, prefix the name with `_` to silence this warning:
  [apply] _d

Note: This linter can be disabled with `set_option linter.unusedVariables false`
PrimalitySheafVerification/Mock2_FunctionalAnalysis.lean:47112:5: warning: Variable name `d` is not explicitly referenced.

Hint: The binding can be removed (if unused) or named `_` (if used implicitly). Alternatively, prefix the name with `_` to silence this warning:
  [apply] _d

Note: This linter can be disabled with `set_option linter.unusedVariables false`
PrimalitySheafVerification/Mock2_FunctionalAnalysis.lean:47121:2: warning: Try this: 
  letI̵

The goal is a proposition, so `let` is preferred over `letI`.
The difference between `let` and `letI` is that `letI` inlines the value.
But this is not relevant for proofs because of proof irrelevance.

Note: This linter can be disabled with `set_option linter.style.haveILetI false`
PrimalitySheafVerification/Mock2_FunctionalAnalysis.lean:47141:2: warning: Try this: 
  letI̵

The goal is a proposition, so `let` is preferred over `letI`.
The difference between `let` and `letI` is that `letI` inlines the value.
But this is not relevant for proofs because of proof irrelevance.

Note: This linter can be disabled with `set_option linter.style.haveILetI false`
PrimalitySheafVerification/Mock2_FunctionalAnalysis.lean:47192:35: error: Function expected at
  graphPotentialOperator
but this term has type
  ?m.1

Note: Expected a function because this term is being applied to the argument
  n

Hint: The identifier `graphPotentialOperator` is unknown, and Lean's `autoImplicit` option causes an unknown identifier to be treated as an implicitly bound variable with an unknown type. However, the unknown type cannot be a function, and a function is what Lean expects here. This is often the result of a typo or a missing `import` or `open` statement.
PrimalitySheafVerification/Mock2_FunctionalAnalysis.lean:47194:3: error(lean.unknownIdentifier): Unknown identifier `fredholmData_of_compactPotential`
PrimalitySheafVerification/Mock2_FunctionalAnalysis.lean:47200:35: error: Function expected at
  graphPotentialOperator
but this term has type
  ?m.1

Note: Expected a function because this term is being applied to the argument
  n

Hint: The identifier `graphPotentialOperator` is unknown, and Lean's `autoImplicit` option causes an unknown identifier to be treated as an implicitly bound variable with an unknown type. However, the unknown type cannot be a function, and a function is what Lean expects here. This is often the result of a typo or a missing `import` or `open` statement.
PrimalitySheafVerification/Mock2_FunctionalAnalysis.lean:47203:8: error: Application type mismatch: The argument
  weakSchrodingerOperator n t
has type
  @ContinuousLinearMap ℂ ℂ Complex.instSemiring Complex.instSemiring (RingHom.id ℂ) (ActualHOne n)
    (UniformSpace.Completion.uniformSpace
        ↥(DefinitionOneSobolev.FixedPhaseGraphCompletion.coordinates n).GraphRange).toTopologicalSpace
    UniformSpace.Completion.instAddCommGroup.toAddCommMonoid (ActualHMinusOne n) ContinuousLinearMap.topologicalSpace
    ContinuousLinearMap.addCommMonoid UniformSpace.Completion.instModule ContinuousLinearMap.module
but is expected to have type
  @ContinuousLinearMap ?m.21 ?m.21 Field.toSemifield.toDivisionSemiring.toSemiring
    Field.toSemifield.toDivisionSemiring.toSemiring (RingHom.id ?m.21) ?m.23
    PseudoMetricSpace.toUniformSpace.toTopologicalSpace NormedAddCommGroup.toAddCommGroup.toAddCommMonoid ?m.22
    PseudoMetricSpace.toUniformSpace.toTopologicalSpace NormedAddCommGroup.toAddCommGroup.toAddCommMonoid
    toNormedSpace.toModule toNormedSpace.toModule
in the application
  ContinuousLinearMap.adjoint (weakSchrodingerOperator n t)
PrimalitySheafVerification/Mock2_FunctionalAnalysis.lean:47211:35: error: Function expected at
  graphPotentialOperator
but this term has type
  ?m.1

Note: Expected a function because this term is being applied to the argument
  n

Hint: The identifier `graphPotentialOperator` is unknown, and Lean's `autoImplicit` option causes an unknown identifier to be treated as an implicitly bound variable with an unknown type. However, the unknown type cannot be a function, and a function is what Lean expects here. This is often the result of a typo or a missing `import` or `open` statement.
PrimalitySheafVerification/Mock2_FunctionalAnalysis.lean:47214:8: error: Application type mismatch: The argument
  weakSchrodingerOperator n t
has type
  @ContinuousLinearMap ℂ ℂ Complex.instSemiring Complex.instSemiring (RingHom.id ℂ) (ActualHOne n)
    (UniformSpace.Completion.uniformSpace
        ↥(DefinitionOneSobolev.FixedPhaseGraphCompletion.coordinates n).GraphRange).toTopologicalSpace
    UniformSpace.Completion.instAddCommGroup.toAddCommMonoid (ActualHMinusOne n) ContinuousLinearMap.topologicalSpace
    ContinuousLinearMap.addCommMonoid UniformSpace.Completion.instModule ContinuousLinearMap.module
but is expected to have type
  @ContinuousLinearMap ℂ ℂ Complex.instSemiring Complex.instSemiring (RingHom.id ℂ) ?m.8
    PseudoMetricSpace.toUniformSpace.toTopologicalSpace NormedAddCommGroup.toAddCommGroup.toAddCommMonoid ?m.9
    PseudoMetricSpace.toUniformSpace.toTopologicalSpace NormedAddCommGroup.toAddCommGroup.toAddCommMonoid
    toNormedSpace.toModule toNormedSpace.toModule
in the application
  ShiftedCompactDecomposition.FredholmCokernel (weakSchrodingerOperator n t)
PrimalitySheafVerification/Mock2_FunctionalAnalysis.lean:47221:14: error(lean.unknownIdentifier): Unknown constant `Mock2FA.PaperCorrections.AutomorphicSobolev.GammaTwoFundamentalDomain.gammaTwoLocalCuspQ_translation`
PrimalitySheafVerification/Mock2_FunctionalAnalysis.lean:47222:14: error(lean.unknownIdentifier): Unknown constant `Mock2FA.PaperCorrections.AutomorphicSobolev.GammaTwoFundamentalDomain.gammaTwoLocalCuspQ_transition`
'Mock2FA.PaperCorrections.AutomorphicSobolev.GammaTwoFundamentalDomain.gammaTwoLocalCuspQ_norm_lt_one' depends on axioms: [propext,
 sorryAx,
 Classical.choice,
 Quot.sound]
'Mock2FA.PaperCorrections.unitary_scattering_does_not_force_positive_logDerivative' depends on axioms: [propext,
 Classical.choice,
 Quot.sound]
'Mock2FA.PaperCorrections.RefutedGlobalQModel.radiusFiber_eq_solution_or_empty' depends on axioms: [propext,
 Classical.choice,
 Quot.sound]
'Mock2FA.PaperCorrections.quadratic_growth_not_uniformly_absorbed_by_linear' depends on axioms: [propext,
 Classical.choice,
 Quot.sound]
'Mock2FA.PaperCorrections.entire_test_eq_zero_of_eventually_zero' depends on axioms: [propext,
 sorryAx,
 Classical.choice,
 Quot.sound]
'Mock2FA.PaperCorrections.rankin_origin_power_integrable_iff' depends on axioms: [propext,
 sorryAx,
 Classical.choice,
 Quot.sound]
'Mock2FA.PaperCorrections.rankin_beta_one_origin_power_not_integrable' depends on axioms: [propext,
 sorryAx,
 Classical.choice,
 Quot.sound]
'Mock2FA.PaperCorrections.P11ConditionalReduction.false_of_exactLowerUpperCrossoverInput' depends on axioms: [propext,
 Classical.choice,
 Quot.sound]
'Mock2FA.PaperCorrections.P11ConditionalReduction.nonneg_on_of_hasUniformLowerActivity' depends on axioms: [propext,
 Classical.choice,
 Quot.sound]
'Mock2FA.PaperCorrections.P11ConditionalReduction.fixedLower_polynomialUpper_has_no_forced_contradiction' depends on axioms: [propext,
 Classical.choice,
 Quot.sound]
PrimalitySheafVerification/Mock2_FunctionalAnalysis.lean:47331:9: error(nested.lean.propRecLargeElim): Tactic `cases` failed with a nested error:
Tactic `induction` failed: recursor `Exists.casesOn` can only eliminate into `Prop`

K U : Set ℂ
hK : IsCompact K
hU : IsOpen U
hKU : K ⊆ U
x✝ : ∃ δ, 0 < δ ∧ cthickening δ K ⊆ U
⊢ CompactChartBuffer K U
PrimalitySheafVerification/Mock2_FunctionalAnalysis.lean:47357:4: error: Type mismatch: After simplification, term
  ht
 has type
  t ∈ support (friedrichsMollifierReal j)
but is expected to have type
  friedrichsMollifierReal j t ≠ 0
PrimalitySheafVerification/Mock2_FunctionalAnalysis.lean:47377:43: error(lean.unknownIdentifier): Unknown identifier `lsmul`
PrimalitySheafVerification/Mock2_FunctionalAnalysis.lean:47394:12: error: Function expected at
  lsmul
but this term has type
  ?m.1

Note: Expected a function because this term is being applied to the argument
  ℂ

Hint: The identifier `lsmul` is unknown, and Lean's `autoImplicit` option causes an unknown identifier to be treated as an implicitly bound variable with an unknown type. However, the unknown type cannot be a function, and a function is what Lean expects here. This is often the result of a typo or a missing `import` or `open` statement.
PrimalitySheafVerification/Mock2_FunctionalAnalysis.lean:47396:43: error: Function expected at
  lsmul
but this term has type
  x✝

Note: Expected a function because this term is being applied to the argument
  ℂ
PrimalitySheafVerification/Mock2_FunctionalAnalysis.lean:47429:14: error: Function expected at
  lsmul
but this term has type
  ?m.1

Note: Expected a function because this term is being applied to the argument
  ℂ

Hint: The identifier `lsmul` is unknown, and Lean's `autoImplicit` option causes an unknown identifier to be treated as an implicitly bound variable with an unknown type. However, the unknown type cannot be a function, and a function is what Lean expects here. This is often the result of a typo or a missing `import` or `open` statement.
PrimalitySheafVerification/Mock2_FunctionalAnalysis.lean:47432:14: error: Function expected at
  lsmul
but this term has type
  ?m.1

Note: Expected a function because this term is being applied to the argument
  ℂ

Hint: The identifier `lsmul` is unknown, and Lean's `autoImplicit` option causes an unknown identifier to be treated as an implicitly bound variable with an unknown type. However, the unknown type cannot be a function, and a function is what Lean expects here. This is often the result of a typo or a missing `import` or `open` statement.
PrimalitySheafVerification/Mock2_FunctionalAnalysis.lean:47440:5: error(lean.unknownIdentifier): Unknown identifier `support_affineCommutatorConvolution_subset_cthickening`
PrimalitySheafVerification/Mock2_FunctionalAnalysis.lean:47442:5: error(lean.unknownIdentifier): Unknown identifier `support_affineCommutatorConvolution_subset_cthickening`
PrimalitySheafVerification/Mock2_FunctionalAnalysis.lean:47467:4: error: Function expected at
  bufferedFriedrichsFullPlaneTest hK j u hu
but this term has type
  FullPlaneTest

Note: Expected a function because this term is being applied to the argument
  w
PrimalitySheafVerification/Mock2_FunctionalAnalysis.lean:47475:13: error: Type mismatch
  bufferedFriedrichsFullPlaneTest hK j u hu
has type
  FullPlaneTest
but is expected to have type
  ℂ → ℂ
PrimalitySheafVerification/Mock2_FunctionalAnalysis.lean:47487:19: error: Type mismatch
  v
has type
  FullPlaneTest
but is expected to have type
  ℂ → ℂ
PrimalitySheafVerification/Mock2_FunctionalAnalysis.lean:47498:19: error: Type mismatch
  v
has type
  FullPlaneTest
but is expected to have type
  ℂ → ℂ
PrimalitySheafVerification/Mock2_FunctionalAnalysis.lean:47500:44: error: Function expected at
  v
but this term has type
  FullPlaneTest

Note: Expected a function because this term is being applied to the argument
  w
PrimalitySheafVerification/Mock2_FunctionalAnalysis.lean:47500:4: error: Function expected at
  fullPlaneTestToAmbientTestCore
but this term has type
  ?m.1

Note: Expected a function because this term is being applied to the argument
  v

Hint: The identifier `fullPlaneTestToAmbientTestCore` is unknown, and Lean's `autoImplicit` option causes an unknown identifier to be treated as an implicitly bound variable with an unknown type. However, the unknown type cannot be a function, and a function is what Lean expects here. This is often the result of a typo or a missing `import` or `open` statement.
PrimalitySheafVerification/Mock2_FunctionalAnalysis.lean:47515:2: error(lean.unknownIdentifier): Unknown identifier `fullPlaneTestToAmbientTestCore`
PrimalitySheafVerification/Mock2_FunctionalAnalysis.lean:47522:0: error: Not a definitional equality: the left-hand side
  (bufferedFriedrichsAmbientTest hK hU hKU hUupper j hj u hu) w
is not definitionally equal to the right-hand side
  friedrichsMollifiedRepresentative j u w
PrimalitySheafVerification/Mock2_FunctionalAnalysis.lean:47534:2: error: Type mismatch
  rfl
has type
  ?m.27 = ?m.27
but is expected to have type
  (bufferedFriedrichsAmbientTest hK hU hKU hUupper j hj u hu) w = friedrichsMollifiedRepresentative j u w
PrimalitySheafVerification/Mock2_FunctionalAnalysis.lean:47548:3: error(lean.unknownIdentifier): Unknown identifier `tsupport_bufferedFriedrichsFullPlaneTest_subset_cthickening`
'Mock2FA.PaperCorrections.AutomorphicSobolev.FixedPhaseReducedChartFriedrichs.compactChartBuffer' depends on axioms: [propext,
 sorryAx,
 Classical.choice,
 Quot.sound]
'Mock2FA.PaperCorrections.AutomorphicSobolev.FixedPhaseReducedChartFriedrichs.support_friedrichsMollifiedRepresentative_subset_cthickening' depends on axioms: [propext,
 sorryAx,
 Classical.choice,
 Quot.sound]
PrimalitySheafVerification/Mock2_FunctionalAnalysis.lean:47559:14: error(lean.unknownIdentifier): Unknown constant `FixedPhaseReducedChartFriedrichs.eventually_three_friedrichs_supports_subset_chart`
'Mock2FA.PaperCorrections.AutomorphicSobolev.FixedPhaseReducedChartFriedrichs.bufferedFriedrichsAmbientTest' depends on axioms: [propext,
 sorryAx,
 Classical.choice,
 Quot.sound]
PrimalitySheafVerification/Mock2_FunctionalAnalysis.lean:47633:52: error: Tactic `rewrite` failed: Did not find an occurrence of the pattern
  ↑(toSection u₀) (γ • z)
in the target expression
  ↑(upstairsPotential z) * ↑(toSection u₀) (↑γ • z) =
    (OrbitMultiplier n).factor γ z * (↑(upstairsPotential z) * ↑(toSection u₀) z)

n : ℤ
u : InverseEtaFixedPhaseCore n
u₀ : ↥(SmoothCompactWeightCore (OrbitMultiplier n)) := (toSmoothCompactWeightCore n) u
γ : ↥GammaTwoQuotientGeometry.GammaTwo
z : ℍ
⊢ ↑(upstairsPotential z) * ↑(toSection u₀) (↑γ • z) =
    (OrbitMultiplier n).factor γ z * (↑(upstairsPotential z) * ↑(toSection u₀) z)
PrimalitySheafVerification/Mock2_FunctionalAnalysis.lean:47716:2: error: `simp` made no progress
PrimalitySheafVerification/Mock2_FunctionalAnalysis.lean:47746:2: error(lean.synthInstanceFailed): failed to synthesize instance of type class
  HSub (InverseEtaFixedPhaseCore n →ₗ[ℂ] InverseEtaFixedPhaseCore n)
    (InverseEtaFixedPhaseCore n →ₗ[ℂ] InverseEtaFixedPhaseCore n) ?m.64

Hint: Type class instance resolution failures can be inspected with the `set_option trace.Meta.synthInstance true` command.
PrimalitySheafVerification/Mock2_FunctionalAnalysis.lean:47757:6: error(lean.synthInstanceFailed): failed to synthesize instance of type class
  HSub (InverseEtaFixedPhaseCore n) (InverseEtaFixedPhaseCore n) ?m.8

Hint: Type class instance resolution failures can be inspected with the `set_option trace.Meta.synthInstance true` command.
PrimalitySheafVerification/Mock2_FunctionalAnalysis.lean:47753:2: error: Cannot add `simp` attribute to `strongPrincipalCore_apply`: It is not a proposition nor a definition (to unfold)

Note: The `[simp]` attribute can be added to lemmas that should be automatically used by the simplifier and to definitions that the simplifier should automatically unfold
PrimalitySheafVerification/Mock2_FunctionalAnalysis.lean:47766:8: warning: declaration uses `sorry`
PrimalitySheafVerification/Mock2_FunctionalAnalysis.lean:47774:2: warning: 'rw [strongPrincipalCore_apply]' tactic does nothing

Note: This linter can be disabled with `set_option linter.unusedTactic false`
PrimalitySheafVerification/Mock2_FunctionalAnalysis.lean:47775:2: warning: 'change
  (u : SmoothQuotientCompactFunction) z -
        (((Mock2FA.PaperCorrections.AutomorphicSobolev.HalfWeightDifferentialOperators.InverseEtaFixedPhaseCore.lowerFromSucc
                n
                (Mock2FA.PaperCorrections.AutomorphicSobolev.HalfWeightDifferentialOperators.InverseEtaFixedPhaseCore.raise
                  n u) :
              Mock2FA.PaperCorrections.AutomorphicSobolev.HalfWeightDifferentialOperators.InverseEtaFixedPhaseCore n) :
            SmoothQuotientCompactFunction)
          z) -
      (((Mock2FA.PaperCorrections.AutomorphicSobolev.HalfWeightDifferentialOperators.InverseEtaFixedPhaseCore.raiseFromPred
              n
              (Mock2FA.PaperCorrections.AutomorphicSobolev.HalfWeightDifferentialOperators.InverseEtaFixedPhaseCore.lower
                n u) :
            Mock2FA.PaperCorrections.AutomorphicSobolev.HalfWeightDifferentialOperators.InverseEtaFixedPhaseCore n) :
          SmoothQuotientCompactFunction)
        z) =
    ((1 : ℂ) + physicalExponent (paperOrbitExponent n)) * (u : SmoothQuotientCompactFunction) z +
      2 * laplaceRaw (paperOrbitExponent n) (u : SmoothQuotientCompactFunction) z' tactic does nothing

Note: This linter can be disabled with `set_option linter.unusedTactic false`
PrimalitySheafVerification/Mock2_FunctionalAnalysis.lean:47789:2: warning: 'have hLR :=
  Mock2FA.PaperCorrections.AutomorphicSobolev.HalfWeightDifferentialOperators.InverseEtaFixedPhaseCore.lower_raise_factorization
    n u z' tactic does nothing

Note: This linter can be disabled with `set_option linter.unusedTactic false`
PrimalitySheafVerification/Mock2_FunctionalAnalysis.lean:47790:2: warning: 'have hRL :=
  Mock2FA.PaperCorrections.AutomorphicSobolev.HalfWeightDifferentialOperators.InverseEtaFixedPhaseCore.raise_lower_factorization
    n u z' tactic does nothing

Note: This linter can be disabled with `set_option linter.unusedTactic false`
PrimalitySheafVerification/Mock2_FunctionalAnalysis.lean:47791:2: warning: 'linear_combination hLR + hRL' tactic does nothing

Note: This linter can be disabled with `set_option linter.unusedTactic false`
PrimalitySheafVerification/Mock2_FunctionalAnalysis.lean:47775:2: warning: this tactic is never executed

Note: This linter can be disabled with `set_option linter.unreachableTactic false`
PrimalitySheafVerification/Mock2_FunctionalAnalysis.lean:47789:2: warning: this tactic is never executed

Note: This linter can be disabled with `set_option linter.unreachableTactic false`
PrimalitySheafVerification/Mock2_FunctionalAnalysis.lean:47790:2: warning: this tactic is never executed

Note: This linter can be disabled with `set_option linter.unreachableTactic false`
PrimalitySheafVerification/Mock2_FunctionalAnalysis.lean:47791:2: warning: this tactic is never executed

Note: This linter can be disabled with `set_option linter.unreachableTactic false`
PrimalitySheafVerification/Mock2_FunctionalAnalysis.lean:47796:2: error(lean.synthInstanceFailed): failed to synthesize instance of type class
  HSub (InverseEtaFixedPhaseCore n →ₗ[ℂ] InverseEtaFixedPhaseCore n)
    (InverseEtaFixedPhaseCore n →ₗ[ℂ] InverseEtaFixedPhaseCore n) ?m.16

Hint: Type class instance resolution failures can be inspected with the `set_option trace.Meta.synthInstance true` command.
PrimalitySheafVerification/Mock2_FunctionalAnalysis.lean:47803:6: error(lean.synthInstanceFailed): failed to synthesize instance of type class
  HSub (InverseEtaFixedPhaseCore n) (InverseEtaFixedPhaseCore n) ?m.10

Hint: Type class instance resolution failures can be inspected with the `set_option trace.Meta.synthInstance true` command.
PrimalitySheafVerification/Mock2_FunctionalAnalysis.lean:47799:2: error: Cannot add `simp` attribute to `strongSchrodingerCore_apply`: It is not a proposition nor a definition (to unfold)

Note: The `[simp]` attribute can be added to lemmas that should be automatically used by the simplifier and to definitions that the simplifier should automatically unfold
PrimalitySheafVerification/Mock2_FunctionalAnalysis.lean:47820:8: warning: declaration uses `sorry`
PrimalitySheafVerification/Mock2_FunctionalAnalysis.lean:47825:2: warning: 'rw [strongSchrodingerCore_apply]' tactic does nothing

Note: This linter can be disabled with `set_option linter.unusedTactic false`
PrimalitySheafVerification/Mock2_FunctionalAnalysis.lean:47826:2: warning: 'change
  ((strongPrincipalCore n u :
            Mock2FA.PaperCorrections.AutomorphicSobolev.HalfWeightDifferentialOperators.InverseEtaFixedPhaseCore n) :
          SmoothQuotientCompactFunction)
        z -
      (t : ℂ) *
        (((potentialMultiplicationCore n u :
              Mock2FA.PaperCorrections.AutomorphicSobolev.HalfWeightDifferentialOperators.InverseEtaFixedPhaseCore n) :
            SmoothQuotientCompactFunction)
          z) =
    _' tactic does nothing

Note: This linter can be disabled with `set_option linter.unusedTactic false`
PrimalitySheafVerification/Mock2_FunctionalAnalysis.lean:47833:2: warning: 'rw [strongPrincipalCore_apply_pointwise, potentialMultiplicationCore_apply]' tactic does nothing

Note: This linter can be disabled with `set_option linter.unusedTactic false`
PrimalitySheafVerification/Mock2_FunctionalAnalysis.lean:47835:2: warning: 'ring' tactic does nothing

Note: This linter can be disabled with `set_option linter.unusedTactic false`
PrimalitySheafVerification/Mock2_FunctionalAnalysis.lean:47826:2: warning: this tactic is never executed

Note: This linter can be disabled with `set_option linter.unreachableTactic false`
PrimalitySheafVerification/Mock2_FunctionalAnalysis.lean:47833:2: warning: this tactic is never executed

Note: This linter can be disabled with `set_option linter.unreachableTactic false`
PrimalitySheafVerification/Mock2_FunctionalAnalysis.lean:47835:2: warning: this tactic is never executed

Note: This linter can be disabled with `set_option linter.unreachableTactic false`
PrimalitySheafVerification/Mock2_FunctionalAnalysis.lean:47864:4: error(lean.synthInstanceFailed): failed to synthesize instance of type class
  AddCommGroup (InverseEtaFixedPhaseCore (n + 1))

Hint: Type class instance resolution failures can be inspected with the `set_option trace.Meta.synthInstance true` command.
PrimalitySheafVerification/Mock2_FunctionalAnalysis.lean:47891:6: error(lean.synthInstanceFailed): failed to synthesize instance of type class
  AddCommGroup (InverseEtaFixedPhaseCore (n + 1))

Hint: Type class instance resolution failures can be inspected with the `set_option trace.Meta.synthInstance true` command.
PrimalitySheafVerification/Mock2_FunctionalAnalysis.lean:47866:66: error: unsolved goals
n : ℤ
v u : InverseEtaFixedPhaseCore (n + 1)
hRaise :
  ⟪(l2Coordinate (n + 1 + 1)) ((raise (n + 1)) v), (l2Coordinate (n + 1 + 1)) ((raise (n + 1)) u)⟫_ℂ =
    -⟪(l2Coordinate (n + 1)) v, (l2Coordinate (n + 1)) ((lowerFromSucc (n + 1)) ((raise (n + 1)) u))⟫_ℂ
hLower :
  ⟪(l2Coordinate n) ((lowerFromSucc n) v), (l2Coordinate n) ((lowerFromSucc n) u)⟫_ℂ =
    -⟪(l2Coordinate (n + 1)) v, (l2Coordinate (n + 1)) ((raise n) ((lowerFromSucc n) u))⟫_ℂ
⊢ sorry = ⟪(l2Coordinate (n + 1)) v, (l2Coordinate (n + 1)) ((strongPrincipalCore (n + 1)) u)⟫_ℂ
PrimalitySheafVerification/Mock2_FunctionalAnalysis.lean:47904:4: error(lean.synthInstanceFailed): failed to synthesize instance of type class
  AddCommGroup (InverseEtaFixedPhaseCore n)

Hint: Type class instance resolution failures can be inspected with the `set_option trace.Meta.synthInstance true` command.
PrimalitySheafVerification/Mock2_FunctionalAnalysis.lean:47908:12: error: Application type mismatch: The argument
  v
has type
  InverseEtaFixedPhaseCore n
but is expected to have type
  InverseEtaFixedPhaseCore (n - 1 + 1)
in the application
  successorEnergyForm_eq_inner_strongPrincipalCore (n - 1) v
PrimalitySheafVerification/Mock2_FunctionalAnalysis.lean:47927:8: warning: declaration uses `sorry`
PrimalitySheafVerification/Mock2_FunctionalAnalysis.lean:47965:51: error(lean.unknownIdentifier): Unknown identifier `inner_zero`
PrimalitySheafVerification/Mock2_FunctionalAnalysis.lean:47963:36: error: unsolved goals
n : ℤ
v : ActualHOne n
⊢ ⟪(baseExtension n) v, 0⟫_ℂ = 0 v
PrimalitySheafVerification/Mock2_FunctionalAnalysis.lean:47976:116: error(lean.synthInstanceFailed): failed to synthesize instance of type class
  HSub (InverseEtaFixedPhaseCore n) (InverseEtaFixedPhaseCore n) ?m.14

Hint: Type class instance resolution failures can be inspected with the `set_option trace.Meta.synthInstance true` command.
PrimalitySheafVerification/Mock2_FunctionalAnalysis.lean:47988:9: error(lean.synthInstanceFailed): failed to synthesize instance of type class
  HSub (InverseEtaFixedPhaseCore n) (InverseEtaFixedPhaseCore n) ?m.74

Hint: Type class instance resolution failures can be inspected with the `set_option trace.Meta.synthInstance true` command.
'Mock2FA.PaperCorrections.AutomorphicSobolev.ActualScalarDiscriminantPDE.potentialMultiplicationCore_apply' depends on axioms: [propext,
 sorryAx,
 Classical.choice,
 Quot.sound]
'Mock2FA.PaperCorrections.AutomorphicSobolev.ActualScalarDiscriminantPDE.strongPrincipalCore_apply_pointwise' depends on axioms: [propext,
 sorryAx,
 Classical.choice,
 Quot.sound]
'Mock2FA.PaperCorrections.AutomorphicSobolev.ActualScalarDiscriminantPDE.strongSchrodingerCore_apply_pointwise' depends on axioms: [propext,
 sorryAx,
 Classical.choice,
 Quot.sound]
'Mock2FA.PaperCorrections.AutomorphicSobolev.ActualScalarDiscriminantPDE.energyForm_eq_inner_strongPrincipalCore' depends on axioms: [propext,
 sorryAx,
 Classical.choice,
 Quot.sound]
'Mock2FA.PaperCorrections.AutomorphicSobolev.ActualScalarDiscriminantPDE.weakSchrodingerOperator_apply_core_eq_inner_strong' depends on axioms: [propext,
 sorryAx,
 Classical.choice,
 Quot.sound]
'Mock2FA.PaperCorrections.AutomorphicSobolev.ActualScalarDiscriminantPDE.strongCoreEquation_implies_weakEquation' depends on axioms: [propext,
 sorryAx,
 Classical.choice,
 Quot.sound]
'Mock2FA.PaperCorrections.AutomorphicSobolev.ActualScalarDiscriminantPDE.weakEquation_implies_strongCoreEquation' depends on axioms: [propext,
 sorryAx,
 Classical.choice,
 Quot.sound]
'Mock2FA.PaperCorrections.AutomorphicSobolev.ActualScalarDiscriminantPDE.strongCoreEquation_iff_weakEquation' depends on axioms: [propext,
 sorryAx,
 Classical.choice,
 Quot.sound]
'Mock2FA.PaperCorrections.AutomorphicSobolev.ActualScalarDiscriminantPDE.smoothHomogeneousWeak_iff_strong' depends on axioms: [propext,
 sorryAx,
 Classical.choice,
 Quot.sound]
PrimalitySheafVerification/Mock2_FunctionalAnalysis.lean:48085:18: warning: declaration uses `sorry`
PrimalitySheafVerification/Mock2_FunctionalAnalysis.lean:48091:6: error: Type mismatch
  v
has type
  FullPlaneTest
but is expected to have type
  ℂ → ℂ
PrimalitySheafVerification/Mock2_FunctionalAnalysis.lean:48100:7: error: Function expected at
  lsmul
but this term has type
  ?m.1

Note: Expected a function because this term is being applied to the argument
  ℂ

Hint: The identifier `lsmul` is unknown, and Lean's `autoImplicit` option causes an unknown identifier to be treated as an implicitly bound variable with an unknown type. However, the unknown type cannot be a function, and a function is what Lean expects here. This is often the result of a typo or a missing `import` or `open` statement.
PrimalitySheafVerification/Mock2_FunctionalAnalysis.lean:48112:28: error: Function expected at
  v
but this term has type
  FullPlaneTest

Note: Expected a function because this term is being applied to the argument
  x
PrimalitySheafVerification/Mock2_FunctionalAnalysis.lean:48118:9: error: Function expected at
  v
but this term has type
  FullPlaneTest

Note: Expected a function because this term is being applied to the argument
  x
PrimalitySheafVerification/Mock2_FunctionalAnalysis.lean:48118:22: error: Function expected at
  v
but this term has type
  FullPlaneTest

Note: Expected a function because this term is being applied to the argument
  x
PrimalitySheafVerification/Mock2_FunctionalAnalysis.lean:48133:38: error: Function expected at
  v
but this term has type
  FullPlaneTest

Note: Expected a function because this term is being applied to the argument
  x
PrimalitySheafVerification/Mock2_FunctionalAnalysis.lean:48136:16: error(lean.unknownIdentifier): Unknown identifier `lsmul`
PrimalitySheafVerification/Mock2_FunctionalAnalysis.lean:48134:58: error: unsolved goals
K : ℂ → ℂ
hK : Integrable K volume
v : FullPlaneTest
u : ↥AmbientPlaneL2
V : ↥AmbientPlaneL2 := fullPlaneTestToL2 v
⊢ Integrable (uncurry fun x t => sorry * K t * ↑↑u (x - t)) (volume.prod volume)
PrimalitySheafVerification/Mock2_FunctionalAnalysis.lean:48220:24: error: Function expected at
  v
but this term has type
  FullPlaneTest

Note: Expected a function because this term is being applied to the argument
  x
PrimalitySheafVerification/Mock2_FunctionalAnalysis.lean:48218:5: error: Function expected at
  lsmul
but this term has type
  ?m.1

Note: Expected a function because this term is being applied to the argument
  ℂ

Hint: The identifier `lsmul` is unknown, and Lean's `autoImplicit` option causes an unknown identifier to be treated as an implicitly bound variable with an unknown type. However, the unknown type cannot be a function, and a function is what Lean expects here. This is often the result of a typo or a missing `import` or `open` statement.
PrimalitySheafVerification/Mock2_FunctionalAnalysis.lean:48223:5: error: Function expected at
  lsmul
but this term has type
  x✝

Note: Expected a function because this term is being applied to the argument
  ℂ
PrimalitySheafVerification/Mock2_FunctionalAnalysis.lean:48226:6: error: Failed to rewrite using equation theorems for `kernelTranslationAction`
PrimalitySheafVerification/Mock2_FunctionalAnalysis.lean:48263:14: error: Function expected at
  v
but this term has type
  FullPlaneTest

Note: Expected a function because this term is being applied to the argument
  x
PrimalitySheafVerification/Mock2_FunctionalAnalysis.lean:48265:24: error: Function expected at
  v
but this term has type
  FullPlaneTest

Note: Expected a function because this term is being applied to the argument
  x
PrimalitySheafVerification/Mock2_FunctionalAnalysis.lean:48281:15: error: Function expected at
  v
but this term has type
  FullPlaneTest

Note: Expected a function because this term is being applied to the argument
  x
PrimalitySheafVerification/Mock2_FunctionalAnalysis.lean:48297:8: warning: declaration uses `sorry`
PrimalitySheafVerification/Mock2_FunctionalAnalysis.lean:48302:2: warning: 'rw [convolution_lsmul]' tactic does nothing

Note: This linter can be disabled with `set_option linter.unusedTactic false`
PrimalitySheafVerification/Mock2_FunctionalAnalysis.lean:48303:2: warning: 'apply integral_congr_ae' tactic does nothing

Note: This linter can be disabled with `set_option linter.unusedTactic false`
PrimalitySheafVerification/Mock2_FunctionalAnalysis.lean:48304:2: warning: 'filter_upwards with t' tactic does nothing

Note: This linter can be disabled with `set_option linter.unusedTactic false`
PrimalitySheafVerification/Mock2_FunctionalAnalysis.lean:48305:2: warning: 'simp only [friedrichsMollifier, lsmul_apply, Complex.real_smul]' tactic does nothing

Note: This linter can be disabled with `set_option linter.unusedTactic false`
PrimalitySheafVerification/Mock2_FunctionalAnalysis.lean:48303:2: warning: this tactic is never executed

Note: This linter can be disabled with `set_option linter.unreachableTactic false`
PrimalitySheafVerification/Mock2_FunctionalAnalysis.lean:48304:2: warning: this tactic is never executed

Note: This linter can be disabled with `set_option linter.unreachableTactic false`
PrimalitySheafVerification/Mock2_FunctionalAnalysis.lean:48305:2: warning: this tactic is never executed

Note: This linter can be disabled with `set_option linter.unreachableTactic false`
PrimalitySheafVerification/Mock2_FunctionalAnalysis.lean:48311:15: error: Function expected at
  v
but this term has type
  FullPlaneTest

Note: Expected a function because this term is being applied to the argument
  x
PrimalitySheafVerification/Mock2_FunctionalAnalysis.lean:48319:18: warning: declaration uses `sorry`
PrimalitySheafVerification/Mock2_FunctionalAnalysis.lean:48320:17: warning: Variable name `hg` is not explicitly referenced.

Hint: The binding can be removed (if unused) or named `_` (if used implicitly). Alternatively, prefix the name with `_` to silence this warning:
  [apply] _hg

Note: This linter can be disabled with `set_option linter.unusedVariables false`
PrimalitySheafVerification/Mock2_FunctionalAnalysis.lean:48321:5: warning: Variable name `hcompact` is not explicitly referenced.

Hint: The binding can be removed (if unused) or named `_` (if used implicitly). Alternatively, prefix the name with `_` to silence this warning:
  [apply] _hcompact

Note: This linter can be disabled with `set_option linter.unusedVariables false`
PrimalitySheafVerification/Mock2_FunctionalAnalysis.lean:48331:4: error: Function expected at
  realFullPlaneTest g hg hcompact
but this term has type
  FullPlaneTest

Note: Expected a function because this term is being applied to the argument
  x
PrimalitySheafVerification/Mock2_FunctionalAnalysis.lean:48352:19: error: Function expected at
  friedrichsUnitAffineCommutatorTest sigma
but this term has type
  FullPlaneTest

Note: Expected a function because this term is being applied to the argument
  (friedrichsScale j • t)
PrimalitySheafVerification/Mock2_FunctionalAnalysis.lean:48350:63: error: unsolved goals
sigma : ℂ
j : ℕ
⊢ ContDiff ℝ ∞ (friedrichsAffineCommutatorKernel sigma j)
PrimalitySheafVerification/Mock2_FunctionalAnalysis.lean:48370:8: error(lean.unknownIdentifier): Unknown identifier `mul`
PrimalitySheafVerification/Mock2_FunctionalAnalysis.lean:48378:8: warning: declaration uses `sorry`
PrimalitySheafVerification/Mock2_FunctionalAnalysis.lean:48393:8: warning: declaration uses `sorry`
'Mock2FA.PaperCorrections.AutomorphicSobolev.FixedPhaseNormalizedFriedrichs.integrable_fullPlaneTest_mul_kernel_mul_translate' depends on axioms: [propext,
 sorryAx,
 Classical.choice,
 Quot.sound]
'Mock2FA.PaperCorrections.AutomorphicSobolev.FixedPhaseNormalizedFriedrichs.fullPlaneBilinearPair_kernelTranslationAction_eq_pointwise' depends on axioms: [propext,
 sorryAx,
 Classical.choice,
 Quot.sound]
'Mock2FA.PaperCorrections.AutomorphicSobolev.FixedPhaseNormalizedFriedrichs.friedrichsMollifierAction_ae_eq_mollifiedRepresentative' depends on axioms: [propext,
 sorryAx,
 Classical.choice,
 Quot.sound]
'Mock2FA.PaperCorrections.AutomorphicSobolev.FixedPhaseNormalizedFriedrichs.friedrichsAffineCommutatorAction_ae_eq_pointwise' depends on axioms: [propext,
 sorryAx,
 Classical.choice,
 Quot.sound]
PrimalitySheafVerification/Mock2_FunctionalAnalysis.lean:48534:4: error: Type mismatch: After simplification, term
  physicalRaisingGreenIdentityOnCore_unconditional ((InverseEtaFixedPhaseCore.lowerFromSucc n) u) u
 has type
  @Eq ℂ (⟪(raisedCoordinate n) ((InverseEtaFixedPhaseCore.lowerFromSucc n) u), (l2Coordinate (n + 1)) u⟫_ℂ)
    (-⟪(l2Coordinate n) ((InverseEtaFixedPhaseCore.lowerFromSucc n) u), (lowerFromSuccCoordinate n) u⟫_ℂ)
but is expected to have type
  @Eq ℂ (⟪(raisedCoordinate n) ((InverseEtaFixedPhaseCore.lowerFromSucc n) u), (l2Coordinate (n + 1)) u⟫_ℂ)
    (-⟪(lowerFromSuccCoordinate n) u, (lowerFromSuccCoordinate n) u⟫_ℂ)
PrimalitySheafVerification/Mock2_FunctionalAnalysis.lean:48544:4: error: Type mismatch
  inner_re_symm U RL
has type
  RCLike.re ⟪U, RL⟫_?m.240 = RCLike.re ⟪RL, U⟫_?m.240
but is expected to have type
  (⟪U, RL⟫_ℂ).re = (⟪RL, U⟫_ℂ).re
PrimalitySheafVerification/Mock2_FunctionalAnalysis.lean:48539:48: warning: This simp argument is unused:
  smul_eq_mul

Hint: Omit it from the simp argument list.
  [apply] simp only [inner_add_right, inner_smul_right] at hPair

Note: This linter can be disabled with `set_option linter.unusedSimpArgs false`
PrimalitySheafVerification/Mock2_FunctionalAnalysis.lean:48600:11: error(lean.synthInstanceFailed): failed to synthesize instance of type class
  HSub (InverseEtaFixedPhaseCore (n + 1)) (InverseEtaFixedPhaseCore (n + 1)) ?m.301

Hint: Type class instance resolution failures can be inspected with the `set_option trace.Meta.synthInstance true` command.
PrimalitySheafVerification/Mock2_FunctionalAnalysis.lean:48608:4: error: Type mismatch: After simplification, term
  hSqrt
 has type
  Tendsto ((fun x => √x) ∘ fun jk => ‖(lowerFromSuccCoordinate n) (u jk.1) - (lowerFromSuccCoordinate n) (u jk.2)‖ ^ 2)
    atTop (𝓝 0)
but is expected to have type
  Tendsto (fun jk => ‖(lowerFromSuccCoordinate n) (u jk.1) - (lowerFromSuccCoordinate n) (u jk.2)‖) atTop (𝓝 0)
PrimalitySheafVerification/Mock2_FunctionalAnalysis.lean:48622:31: error: Tactic `rewrite` failed: Did not find an occurrence of the pattern
  Dense ?m.12
in the target expression
  DenseRange ⇑(smoothCoreMap n)

n : ℤ
hLower : StrongCrossAdjointAt n
hRaise : StrongCrossAdjointAt (n + 1)
⊢ DenseRange ⇑(smoothCoreMap n)
'Mock2FA.PaperCorrections.AutomorphicSobolev.FixedPhaseJointGraphNormClosure.lowerRaise_add_mass_eq_raiseLower' depends on axioms: [propext,
 Classical.choice,
 Quot.sound]
'Mock2FA.PaperCorrections.AutomorphicSobolev.FixedPhaseJointGraphNormClosure.raised_norm_sq_sub_lowered_norm_sq' depends on axioms: [propext,
 sorryAx,
 Classical.choice,
 Quot.sound]
'Mock2FA.PaperCorrections.AutomorphicSobolev.FixedPhaseJointGraphNormClosure.cauchySeq_lowerFromSuccCoordinate_of_base_raise_tendsto' depends on axioms: [propext,
 sorryAx,
 Classical.choice,
 Quot.sound]
'Mock2FA.PaperCorrections.AutomorphicSobolev.FixedPhaseJointGraphNormClosure.jointGraphCoreDensityAt_of_strongCrossAdjoints' depends on axioms: [propext,
 sorryAx,
 Classical.choice,
 Quot.sound]
PrimalitySheafVerification/Mock2_FunctionalAnalysis.lean:48795:16: error: Application type mismatch: The argument
  norm_nonneg ?m.36
has type
  0 ≤ @norm ?m.34 SeminormedAddGroup.toNorm ?m.36
but is expected to have type
  0 ≤ @norm (GraphSobolevCompletion n →L[ℂ] OrbitPeterssonHilbert n) ContinuousLinearMap.hasOpNorm (baseExtension n)
in the application
  mul_nonneg (norm_nonneg ?m.36)
PrimalitySheafVerification/Mock2_FunctionalAnalysis.lean:48824:4: error: Application type mismatch: The argument
  peterssonPivotLinear_norm_le n
has type
  ∀ (y : OrbitPeterssonHilbert n),
    ‖(peterssonPivotLinear n) y‖ ≤
      @norm (GraphSobolevCompletion n →L[ℂ] OrbitPeterssonHilbert n) ContinuousLinearMap.hasOpNorm (baseExtension n) *
        ‖y‖
but is expected to have type
  ∀ (x : ?m.10), ‖?m.19 x‖ ≤ @norm ?m.21 SeminormedAddGroup.toNorm ?m.23 * ‖x‖
in the application
  LinearMap.mkContinuous_norm_le ?m.19 (norm_nonneg ?m.23) (peterssonPivotLinear_norm_le n)
PrimalitySheafVerification/Mock2_FunctionalAnalysis.lean:48850:10: error(lean.synthInstanceFailed): failed to synthesize instance of type class
  RCLike 𝕜✝

Hint: Type class instance resolution failures can be inspected with the `set_option trace.Meta.synthInstance true` command.
PrimalitySheafVerification/Mock2_FunctionalAnalysis.lean:48851:10: error: No goals to be solved
PrimalitySheafVerification/Mock2_FunctionalAnalysis.lean:48925:2: error: Type mismatch: After simplification, term
  denseRange_l2Coordinate n
 has type
  DenseRange ⇑(l2Coordinate n)
but is expected to have type
  Dense (Set.range ⇑(l2Coordinate n))
PrimalitySheafVerification/Mock2_FunctionalAnalysis.lean:48971:10: error: Tactic `rewrite` failed: Did not find an occurrence of the pattern
  (x, f).2
in the target expression
  (l2Coordinate n) ((strongSchrodingerCore n t) u) = f

case mp.refine_2
n : ℤ
t : ℝ
x f : OrbitPeterssonHilbert n
hGraph : (x, f) ∈ (minimalStrongSchrodinger n t).graph
y : ↥(minimalStrongSchrodinger n t).domain
hy : ↑y = (x, f).1
hf : ↑(minimalStrongSchrodinger n t) y = (x, f).2
u : InverseEtaFixedPhaseCore n := (l2CoreRangeEquiv n).symm y
⊢ (l2Coordinate n) ((strongSchrodingerCore n t) u) = f
PrimalitySheafVerification/Mock2_FunctionalAnalysis.lean:49176:8: error: Tactic `rewrite` failed: Did not find an occurrence of the pattern
  (x, f).1
in the target expression
  ⟪↑(minimalStrongSchrodinger n t) y, x⟫_ℂ = ⟪↑y, f⟫_ℂ

case mp
n : ℤ
t : ℝ
x f : OrbitPeterssonHilbert n
hGraph : (x, f) ∈ (maximalStrongSchrodinger n t).graph
y : ↥(minimalStrongSchrodinger n t).domain
xAdj : ↥(maximalStrongSchrodinger n t).domain
hx : ↑xAdj = (x, f).1
hf : ↑(maximalStrongSchrodinger n t) xAdj = (x, f).2
hFormal : (minimalStrongSchrodinger n t)†.IsFormalAdjoint (minimalStrongSchrodinger n t)
hPair : ⟪↑(minimalStrongSchrodinger n t) y, ↑xAdj⟫_ℂ = ⟪↑y, ↑(minimalStrongSchrodinger n t)† xAdj⟫_ℂ
⊢ ⟪↑(minimalStrongSchrodinger n t) y, x⟫_ℂ = ⟪↑y, f⟫_ℂ
PrimalitySheafVerification/Mock2_FunctionalAnalysis.lean:49187:10: error: Type mismatch
  inner_conj_symm ?m.132 ?m.133
has type
  (starRingEnd ?m.127) ⟪?m.133, ?m.132⟫_?m.127 = ⟪?m.132, ?m.133⟫_?m.127
but is expected to have type
  ⟪f, ↑y⟫_ℂ = star ⟪↑y, f⟫_ℂ
PrimalitySheafVerification/Mock2_FunctionalAnalysis.lean:49219:4: error: Type mismatch: After simplification, term
  h u
 has type
  ⟪(l2Coordinate n) ((strongSchrodingerCore n t) ((l2CoreRangeEquiv n).symm y)), x⟫_ℂ =
    ⟪(l2Coordinate n) ((l2CoreRangeEquiv n).symm y), f⟫_ℂ
but is expected to have type
  ⟪↑(minimalStrongSchrodinger n t) y, x⟫_ℂ = ⟪↑y, f⟫_ℂ
PrimalitySheafVerification/Mock2_FunctionalAnalysis.lean:49293:6: error: Type mismatch: After simplification, term
  hTriple
 has type
  (minimalStrongSchrodinger n t)††† = (minimalStrongSchrodinger n t)†.closure
but is expected to have type
  (minimalStrongSchrodinger n t)††† = (minimalStrongSchrodinger n t)†
'Mock2FA.PaperCorrections.AutomorphicSobolev.P9MinimalMaximalCore.peterssonPivotEmbedding_apply' depends on axioms: [propext,
 sorryAx,
 Classical.choice,
 Quot.sound]
'Mock2FA.PaperCorrections.AutomorphicSobolev.P9MinimalMaximalCore.norm_peterssonPivotEmbedding_le_one' depends on axioms: [propext,
 sorryAx,
 Classical.choice,
 Quot.sound]
'Mock2FA.PaperCorrections.AutomorphicSobolev.P9MinimalMaximalCore.peterssonPivotEmbedding_injective' depends on axioms: [propext,
 sorryAx,
 Classical.choice,
 Quot.sound]
'Mock2FA.PaperCorrections.AutomorphicSobolev.P9MinimalMaximalCore.corePeterssonForcing_eq_peterssonPivotEmbedding' depends on axioms: [propext,
 sorryAx,
 Classical.choice,
 Quot.sound]
'Mock2FA.PaperCorrections.AutomorphicSobolev.P9MinimalMaximalCore.minimalStrongSchrodinger_on_core' depends on axioms: [propext,
 sorryAx,
 Classical.choice,
 Quot.sound]
'Mock2FA.PaperCorrections.AutomorphicSobolev.P9MinimalMaximalCore.strongCore_pair_mem_modularAssociatedOperator_graph' depends on axioms: [propext,
 sorryAx,
 Classical.choice,
 Quot.sound]
'Mock2FA.PaperCorrections.AutomorphicSobolev.P9MinimalMaximalCore.minimalStrongSchrodinger_le_modularAssociatedOperator' depends on axioms: [propext,
 sorryAx,
 Classical.choice,
 Quot.sound]
'Mock2FA.PaperCorrections.AutomorphicSobolev.P9MinimalMaximalCore.minimalStrongSchrodinger_isClosable' depends on axioms: [propext,
 sorryAx,
 Classical.choice,
 Quot.sound]
'Mock2FA.PaperCorrections.AutomorphicSobolev.P9MinimalMaximalCore.minimalStrongSchrodinger_closure_le_modularAssociatedOperator' depends on axioms: [propext,
 sorryAx,
 Classical.choice,
 Quot.sound]
'Mock2FA.PaperCorrections.AutomorphicSobolev.P9MinimalMaximalCore.minimalStrongSchrodinger_isFormalAdjoint_associated' depends on axioms: [propext,
 sorryAx,
 Classical.choice,
 Quot.sound]
'Mock2FA.PaperCorrections.AutomorphicSobolev.P9MinimalMaximalCore.modularAssociatedOperator_le_maximalStrongSchrodinger' depends on axioms: [propext,
 sorryAx,
 Classical.choice,
 Quot.sound]
'Mock2FA.PaperCorrections.AutomorphicSobolev.P9MinimalMaximalCore.maximalStrongSchrodinger_adjoint_eq_minimalClosure' depends on axioms: [propext,
 sorryAx,
 Classical.choice,
 Quot.sound]
'Mock2FA.PaperCorrections.AutomorphicSobolev.P9MinimalMaximalCore.mem_maximalStrongSchrodinger_graph_iff_core_tests' depends on axioms: [propext,
 sorryAx,
 Classical.choice,
 Quot.sound]
'Mock2FA.PaperCorrections.AutomorphicSobolev.P9MinimalMaximalCore.smoothCoreIsOperatorCore_iff_closure_eq_associated' depends on axioms: [propext,
 sorryAx,
 Classical.choice,
 Quot.sound]
'Mock2FA.PaperCorrections.AutomorphicSobolev.P9MinimalMaximalCore.closure_eq_associated_iff_closure_eq_maximal' depends on axioms: [propext,
 sorryAx,
 Classical.choice,
 Quot.sound]
'Mock2FA.PaperCorrections.AutomorphicSobolev.P9MinimalMaximalCore.smoothCore_operatorCore_iff_minimal_eq_maximal' depends on axioms: [propext,
 sorryAx,
 Classical.choice,
 Quot.sound]
'Mock2FA.PaperCorrections.AutomorphicSobolev.P9MinimalMaximalCore.not_smoothCoreIsOperatorCore_of_closure_ne_maximal' depends on axioms: [propext,
 sorryAx,
 Classical.choice,
 Quot.sound]
PrimalitySheafVerification/Mock2_FunctionalAnalysis.lean:49390:12: error: Type mismatch
  ?m.76 + ?m.77
has type
  ?m.74
of sort `Type ?u.36` but is expected to have type
  x + y ∈ A.domain
of sort `Prop`
PrimalitySheafVerification/Mock2_FunctionalAnalysis.lean:49386:12: error: numerals are data in Lean, but the expected type is a proposition
  0 ∈ A.domain : Prop
PrimalitySheafVerification/Mock2_FunctionalAnalysis.lean:49385:15: error: unsolved goals
H : Type u_1
inst✝¹ : NormedAddCommGroup H
inst✝ : InnerProductSpace ℂ H
A : H →ₗ.[ℂ] H
μ : ℂ
⊢ ↑A ⟨0, ⋯⟩ = 0
PrimalitySheafVerification/Mock2_FunctionalAnalysis.lean:49394:12: error: Type mismatch
  c • ?m.104
has type
  ?m.102
of sort `Type ?u.42` but is expected to have type
  c • x ∈ A.domain
of sort `Prop`
PrimalitySheafVerification/Mock2_FunctionalAnalysis.lean:49431:2: error: `simp` made no progress
PrimalitySheafVerification/Mock2_FunctionalAnalysis.lean:49452:17: error: Tactic `rewrite` failed: Did not find an occurrence of the pattern
  (starRingEnd ℂ) μ * ⟪x, y⟫_ℂ
in the target expression
  star μ * ⟪x, y⟫_ℂ - ν * ⟪x, y⟫_ℂ = 0

H : Type u_1
inst✝¹ : NormedAddCommGroup H
inst✝ : InnerProductSpace ℂ H
A : H →ₗ.[ℂ] H
hA : A.IsFormalAdjoint A
μ ν : ℂ
hμν : star μ ≠ ν
x y : H
hx : x ∈ A.domain
hAx : ↑A ⟨x, hx⟩ = μ • x
hy : y ∈ A.domain
hAy : ↑A ⟨y, hy⟩ = ν • y
xd : ↥A.domain := ⟨x, hx⟩
yd : ↥A.domain := ⟨y, hy⟩
hSymm : (starRingEnd ℂ) μ * ⟪x, y⟫_ℂ = ν * ⟪x, y⟫_ℂ
⊢ star μ * ⟪x, y⟫_ℂ - ν * ⟪x, y⟫_ℂ = 0
PrimalitySheafVerification/Mock2_FunctionalAnalysis.lean:49461:5: warning: Variable name `hν` is not explicitly referenced.

Hint: The binding can be removed (if unused) or named `_` (if used implicitly). Alternatively, prefix the name with `_` to silence this warning:
  [apply] _hν

Note: This linter can be disabled with `set_option linter.unusedVariables false`
PrimalitySheafVerification/Mock2_FunctionalAnalysis.lean:49522:4: error: Type mismatch: After simplification, term
  hRaw
 has type
  (↑xd, ↑(modularAssociatedOperator n t) xd) ∈ (modularAssociatedOperator n t).graph
but is expected to have type
  (x, μ • x) ∈ (modularAssociatedOperator n t).graph
Try this:
  [apply] ring_nf
  
  The `ring` tactic failed to close the goal. Use `ring_nf` to obtain a normal form.
    
  Note that `ring` works primarily in *commutative* rings. If you have a noncommutative ring, abelian group or module, consider using `noncomm_ring`, `abel` or `module` instead.
PrimalitySheafVerification/Mock2_FunctionalAnalysis.lean:49533:54: error: unsolved goals
n : ℤ
t : ℝ
μ : ℂ
x : OrbitPeterssonHilbert n
hx0 : x ≠ 0
hx : x ∈ (modularAssociatedOperator n t).domain
hAx : ↑(modularAssociatedOperator n t) ⟨x, hx⟩ = μ • x
xd : ↥(modularAssociatedOperator n t).domain := ⟨x, hx⟩
hGraph : (x, μ • x) ∈ (modularAssociatedOperator n t).graph
u : GraphSobolevCompletion n
hu : (baseExtension n) u = x
hForm :
  ∀ (v : GraphSobolevCompletion n),
    ⟪v, u⟫_ℂ - ↑t * ((ExplicitDiscriminantPotential.FixedPhaseGraphPotential.graphPotentialOperator n) u) v =
      ⟪(baseExtension n) v, μ • x⟫_ℂ
hWeak : ((weakSchrodingerOperator n t) u) u = ⟪(baseExtension n) u, μ • x⟫_ℂ
⊢ μ.re * (⟪x, x⟫_ℂ).re + (⟪x, x⟫_ℂ).re * discriminantMassShift t - μ.im * (⟪x, x⟫_ℂ).im =
    μ.re * ‖x‖ ^ 2 + discriminantMassShift t * ‖x‖ ^ 2
PrimalitySheafVerification/Mock2_FunctionalAnalysis.lean:49535:33: warning: This simp argument is unused:
  inner_self_eq_norm_sq

Hint: Omit it from the simp argument list.
  [apply] simp only [inner_smul_right, Complex.add_re, Complex.mul_re, Complex.ofReal_re, Complex.ofReal_im, zero_mul,
    sub_zero]

Note: This linter can be disabled with `set_option linter.unusedSimpArgs false`
'Mock2FA.PaperCorrections.AutomorphicSobolev.P9PartialSpectralConsequences.partialEigenspace' depends on axioms: [propext,
 sorryAx,
 Classical.choice,
 Quot.sound]
'Mock2FA.PaperCorrections.AutomorphicSobolev.P9PartialSpectralConsequences.conj_eq_self_of_hasPartialEigenvalue' depends on axioms: [propext,
 sorryAx,
 Classical.choice,
 Quot.sound]
'Mock2FA.PaperCorrections.AutomorphicSobolev.P9PartialSpectralConsequences.im_eq_zero_of_hasPartialEigenvalue' depends on axioms: [propext,
 sorryAx,
 Classical.choice,
 Quot.sound]
'Mock2FA.PaperCorrections.AutomorphicSobolev.P9PartialSpectralConsequences.inner_eq_zero_of_distinct_partialEigenvalues' depends on axioms: [propext,
 sorryAx,
 Classical.choice,
 Quot.sound]
'Mock2FA.PaperCorrections.AutomorphicSobolev.P9PartialSpectralConsequences.modularAssociatedOperator_eigenvalue_conj_eq_self' depends on axioms: [propext,
 sorryAx,
 Classical.choice,
 Quot.sound]
'Mock2FA.PaperCorrections.AutomorphicSobolev.P9PartialSpectralConsequences.modularAssociatedOperator_distinct_eigenspaces_orthogonal' depends on axioms: [propext,
 sorryAx,
 Classical.choice,
 Quot.sound]
'Mock2FA.PaperCorrections.AutomorphicSobolev.P9PartialSpectralConsequences.modularAssociatedOperator_eigenvalue_re_lower_bound' depends on axioms: [propext,
 sorryAx,
 Classical.choice,
 Quot.sound]
PrimalitySheafVerification/Mock2_FunctionalAnalysis.lean:49599:29: error: expected token
PrimalitySheafVerification/Mock2_FunctionalAnalysis.lean:49599:4: error(lean.synthInstanceFailed): failed to synthesize instance of type class
  TopologicalSpace M✝

Hint: Type class instance resolution failures can be inspected with the `set_option trace.Meta.synthInstance true` command.
PrimalitySheafVerification/Mock2_FunctionalAnalysis.lean:49612:8: warning: declaration uses `sorry`
PrimalitySheafVerification/Mock2_FunctionalAnalysis.lean:49620:4: warning: declaration uses `sorry`
PrimalitySheafVerification/Mock2_FunctionalAnalysis.lean:49621:3: warning: Variable name `z` is not explicitly referenced.

Hint: The binding can be removed (if unused) or named `_` (if used implicitly). Alternatively, prefix the name with `_` to silence this warning:
  [apply] _z

Note: This linter can be disabled with `set_option linter.unusedVariables false`
PrimalitySheafVerification/Mock2_FunctionalAnalysis.lean:49627:2: error: Type mismatch
  (Classical.choose_spec
        (exists_smoothPartitionOfUnity_gammaTwoReducedChart (gammaTwoThreeCuspTruncation_isCompact Y))).right.right
has type
  {z | (tsupport ⇑((Classical.choose ⋯) z) ∩ UpperHalfPlane.coe '' gammaTwoThreeCuspTruncation Y).Nonempty}.Finite
but is expected to have type
  (literalStageActiveCenterSet Y).Finite
PrimalitySheafVerification/Mock2_FunctionalAnalysis.lean:49636:8: warning: declaration uses `sorry`
PrimalitySheafVerification/Mock2_FunctionalAnalysis.lean:49635:2: warning: declaration uses `sorry`
PrimalitySheafVerification/Mock2_FunctionalAnalysis.lean:49646:18: warning: declaration uses `sorry`
PrimalitySheafVerification/Mock2_FunctionalAnalysis.lean:49647:6: warning: Variable name `w` is not explicitly referenced.

Hint: The binding can be removed (if unused) or named `_` (if used implicitly). Alternatively, prefix the name with `_` to silence this warning:
  [apply] _w

Note: This linter can be disabled with `set_option linter.unusedVariables false`
PrimalitySheafVerification/Mock2_FunctionalAnalysis.lean:49647:12: warning: Variable name `z` is not explicitly referenced.

Hint: The binding can be removed (if unused) or named `_` (if used implicitly). Alternatively, prefix the name with `_` to silence this warning:
  [apply] _z

Note: This linter can be disabled with `set_option linter.unusedVariables false`
PrimalitySheafVerification/Mock2_FunctionalAnalysis.lean:49650:8: warning: declaration uses `sorry`
PrimalitySheafVerification/Mock2_FunctionalAnalysis.lean:49656:8: warning: declaration uses `sorry`
PrimalitySheafVerification/Mock2_FunctionalAnalysis.lean:49666:8: warning: declaration uses `sorry`
PrimalitySheafVerification/Mock2_FunctionalAnalysis.lean:49691:6: error: typeclass instance problem is stuck
  Zero ?m.11

Note: Lean will not try to resolve this typeclass instance problem because the type argument to `Zero` is a metavariable. This argument must be fully determined before Lean will try to resolve the typeclass.

Hint: Adding type annotations and supplying implicit arguments to functions can give Lean more information for typeclass resolution. For example, if you have a variable `x` that you intend to be a `Nat`, but Lean reports it as having an unresolved type like `?m`, replacing `x` with `(x : Nat)` can get typeclass resolution un-stuck.
PrimalitySheafVerification/Mock2_FunctionalAnalysis.lean:49748:6: error: Function expected at
  upperLift
but this term has type
  ?m.1

Note: Expected a function because this term is being applied to the argument
  (fixedPhaseEuclideanGauge n u)

Hint: The identifier `upperLift` is unknown, and Lean's `autoImplicit` option causes an unknown identifier to be treated as an implicitly bound variable with an unknown type. However, the unknown type cannot be a function, and a function is what Lean expects here. This is often the result of a typo or a missing `import` or `open` statement.
PrimalitySheafVerification/Mock2_FunctionalAnalysis.lean:49757:40: error(lean.unknownIdentifier): Unknown identifier `upperLift_apply`
PrimalitySheafVerification/Mock2_FunctionalAnalysis.lean:49756:40: error: unsolved goals
Y : ℝ
n : ℤ
u : HalfWeightDifferentialOperators.InverseEtaFixedPhaseCore n
z : ℍ
hz : z ∈ gammaTwoThreeCuspTruncation Y
⊢ sorry * (literalStageCutoff Y) ↑z = fixedPhaseEuclideanGauge n u z

Y : ℝ
n : ℤ
u : HalfWeightDifferentialOperators.InverseEtaFixedPhaseCore n
z : ℍ
hz : z ∈ gammaTwoThreeCuspTruncation Y
⊢ Sort ?u.12

Y : ℝ
n : ℤ
u : HalfWeightDifferentialOperators.InverseEtaFixedPhaseCore n
z : ℍ
hz : z ∈ gammaTwoThreeCuspTruncation Y
⊢ ?m.7
PrimalitySheafVerification/Mock2_FunctionalAnalysis.lean:49848:62: error: Application type mismatch: The argument
  hw₀
has type
  w₀ ∈ K
but is expected to have type
  w₀ ∈ tsupport (?m.123 ∘ literalStageCutoffReal Y)
in the application
  tsupport_comp_subset ?m.126 (literalStageCutoffReal Y) hw₀
PrimalitySheafVerification/Mock2_FunctionalAnalysis.lean:49848:30: error: Application type mismatch: The argument
  rfl
has type
  ?m.125 = ?m.125
but is expected to have type
  ?m.123 0 = 0
in the application
  tsupport_comp_subset rfl
PrimalitySheafVerification/Mock2_FunctionalAnalysis.lean:49892:6: error: Function expected at
  dx
but this term has type
  ?m.1

Note: Expected a function because this term is being applied to the argument
  (fixedPhaseEuclideanGauge n u)

Hint: The identifier `dx` is unknown, and Lean's `autoImplicit` option causes an unknown identifier to be treated as an implicitly bound variable with an unknown type. However, the unknown type cannot be a function, and a function is what Lean expects here. This is often the result of a typo or a missing `import` or `open` statement.
PrimalitySheafVerification/Mock2_FunctionalAnalysis.lean:49908:6: error: Function expected at
  dy
but this term has type
  ?m.1

Note: Expected a function because this term is being applied to the argument
  (fixedPhaseEuclideanGauge n u)

Hint: The identifier `dy` is unknown, and Lean's `autoImplicit` option causes an unknown identifier to be treated as an implicitly bound variable with an unknown type. However, the unknown type cannot be a function, and a function is what Lean expects here. This is often the result of a typo or a missing `import` or `open` statement.
PrimalitySheafVerification/Mock2_FunctionalAnalysis.lean:49981:8: error: Function expected at
  logHeightTraceBaseCoeff
but this term has type
  ?m.1

Note: Expected a function because this term is being applied to the argument
  n

Hint: The identifier `logHeightTraceBaseCoeff` is unknown, and Lean's `autoImplicit` option causes an unknown identifier to be treated as an implicitly bound variable with an unknown type. However, the unknown type cannot be a function, and a function is what Lean expects here. This is often the result of a typo or a missing `import` or `open` statement.
PrimalitySheafVerification/Mock2_FunctionalAnalysis.lean:49982:9: error: Tactic `unfold` failed: Local variable `logHeightTraceBaseCoeff` has no definition
PrimalitySheafVerification/Mock2_FunctionalAnalysis.lean:49991:18: error: Function expected at
  euclideanHorizontalDrift
but this term has type
  ?m.1

Note: Expected a function because this term is being applied to the argument
  n

Hint: The identifier `euclideanHorizontalDrift` is unknown, and Lean's `autoImplicit` option causes an unknown identifier to be treated as an implicitly bound variable with an unknown type. However, the unknown type cannot be a function, and a function is what Lean expects here. This is often the result of a typo or a missing `import` or `open` statement.
PrimalitySheafVerification/Mock2_FunctionalAnalysis.lean:49992:6: error: Function expected at
  logHeightTraceBaseCoeff
but this term has type
  ?m.2

Note: Expected a function because this term is being applied to the argument
  n

Hint: The identifier `logHeightTraceBaseCoeff` is unknown, and Lean's `autoImplicit` option causes an unknown identifier to be treated as an implicitly bound variable with an unknown type. However, the unknown type cannot be a function, and a function is what Lean expects here. This is often the result of a typo or a missing `import` or `open` statement.
PrimalitySheafVerification/Mock2_FunctionalAnalysis.lean:49993:9: error: Tactic `unfold` failed: Local variable `logHeightTraceBaseCoeff` has no definition
PrimalitySheafVerification/Mock2_FunctionalAnalysis.lean:50004:5: error: Function expected at
  heightC
but this term has type
  ?m.1

Note: Expected a function because this term is being applied to the argument
  z

Hint: The identifier `heightC` is unknown, and Lean's `autoImplicit` option causes an unknown identifier to be treated as an implicitly bound variable with an unknown type. However, the unknown type cannot be a function, and a function is what Lean expects here. This is often the result of a typo or a missing `import` or `open` statement.
PrimalitySheafVerification/Mock2_FunctionalAnalysis.lean:50004:17: error: Function expected at
  dx
but this term has type
  ?m.2

Note: Expected a function because this term is being applied to the argument
  (fixedPhaseEuclideanGauge n u)

Hint: The identifier `dx` is unknown, and Lean's `autoImplicit` option causes an unknown identifier to be treated as an implicitly bound variable with an unknown type. However, the unknown type cannot be a function, and a function is what Lean expects here. This is often the result of a typo or a missing `import` or `open` statement.
PrimalitySheafVerification/Mock2_FunctionalAnalysis.lean:50005:6: error: Function expected at
  fixedPhaseEuclideanGraphDensity
but this term has type
  ?m.3

Note: Expected a function because this term is being applied to the argument
  n

Hint: The identifier `fixedPhaseEuclideanGraphDensity` is unknown, and Lean's `autoImplicit` option causes an unknown identifier to be treated as an implicitly bound variable with an unknown type. However, the unknown type cannot be a function, and a function is what Lean expects here. This is often the result of a typo or a missing `import` or `open` statement.
PrimalitySheafVerification/Mock2_FunctionalAnalysis.lean:50011:11: error(lean.unknownIdentifier): Unknown identifier `euclideanHorizontalDrift`
PrimalitySheafVerification/Mock2_FunctionalAnalysis.lean:50005:47: error: unsolved goals
x✝² : Sort u_1
heightC : x✝²
x✝¹ : Sort u_2
dx : x✝¹
x✝ : Sort u_3
fixedPhaseEuclideanGraphDensity : x✝
n : ℤ
u : HalfWeightDifferentialOperators.InverseEtaFixedPhaseCore n
z : ℍ
F : ℝ := ‖fixedPhaseEuclideanGauge n u z‖
R : ℝ := ‖fixedPhaseEuclideanGauge (n + 1) ((HalfWeightDifferentialOperators.InverseEtaFixedPhaseCore.raise n) u) z‖
L : ℝ := ‖fixedPhaseEuclideanGauge (n - 1) ((HalfWeightDifferentialOperators.InverseEtaFixedPhaseCore.lower n) u) z‖
⊢ ‖sorry * sorry‖ ^ 2 ≤ sorry
PrimalitySheafVerification/Mock2_FunctionalAnalysis.lean:50040:5: error: Function expected at
  heightC
but this term has type
  ?m.1

Note: Expected a function because this term is being applied to the argument
  z

Hint: The identifier `heightC` is unknown, and Lean's `autoImplicit` option causes an unknown identifier to be treated as an implicitly bound variable with an unknown type. However, the unknown type cannot be a function, and a function is what Lean expects here. This is often the result of a typo or a missing `import` or `open` statement.
PrimalitySheafVerification/Mock2_FunctionalAnalysis.lean:50040:17: error: Function expected at
  dy
but this term has type
  ?m.2

Note: Expected a function because this term is being applied to the argument
  (fixedPhaseEuclideanGauge n u)

Hint: The identifier `dy` is unknown, and Lean's `autoImplicit` option causes an unknown identifier to be treated as an implicitly bound variable with an unknown type. However, the unknown type cannot be a function, and a function is what Lean expects here. This is often the result of a typo or a missing `import` or `open` statement.
PrimalitySheafVerification/Mock2_FunctionalAnalysis.lean:50041:6: error: Function expected at
  fixedPhaseEuclideanGraphDensity
but this term has type
  ?m.3

Note: Expected a function because this term is being applied to the argument
  n

Hint: The identifier `fixedPhaseEuclideanGraphDensity` is unknown, and Lean's `autoImplicit` option causes an unknown identifier to be treated as an implicitly bound variable with an unknown type. However, the unknown type cannot be a function, and a function is what Lean expects here. This is often the result of a typo or a missing `import` or `open` statement.
PrimalitySheafVerification/Mock2_FunctionalAnalysis.lean:50047:17: error(lean.unknownIdentifier): Unknown identifier `norm_height_mul_dy_le_euclideanGraph`
PrimalitySheafVerification/Mock2_FunctionalAnalysis.lean:50041:47: error: unsolved goals
x✝² : Sort u_1
heightC : x✝²
x✝¹ : Sort u_2
dy : x✝¹
x✝ : Sort u_3
fixedPhaseEuclideanGraphDensity : x✝
n : ℤ
u : HalfWeightDifferentialOperators.InverseEtaFixedPhaseCore n
z : ℍ
F : ℝ := ‖fixedPhaseEuclideanGauge n u z‖
R : ℝ := ‖fixedPhaseEuclideanGauge (n + 1) ((HalfWeightDifferentialOperators.InverseEtaFixedPhaseCore.raise n) u) z‖
L : ℝ := ‖fixedPhaseEuclideanGauge (n - 1) ((HalfWeightDifferentialOperators.InverseEtaFixedPhaseCore.lower n) u) z‖
⊢ ‖sorry * sorry‖ ^ 2 ≤ sorry
PrimalitySheafVerification/Mock2_FunctionalAnalysis.lean:50076:5: error: Function expected at
  dx
but this term has type
  ?m.1

Note: Expected a function because this term is being applied to the argument
  (fixedPhaseEuclideanGauge n u)

Hint: The identifier `dx` is unknown, and Lean's `autoImplicit` option causes an unknown identifier to be treated as an implicitly bound variable with an unknown type. However, the unknown type cannot be a function, and a function is what Lean expects here. This is often the result of a typo or a missing `import` or `open` statement.
PrimalitySheafVerification/Mock2_FunctionalAnalysis.lean:50078:8: error: Function expected at
  fixedPhaseEuclideanGraphDensity
but this term has type
  ?m.2

Note: Expected a function because this term is being applied to the argument
  n

Hint: The identifier `fixedPhaseEuclideanGraphDensity` is unknown, and Lean's `autoImplicit` option causes an unknown identifier to be treated as an implicitly bound variable with an unknown type. However, the unknown type cannot be a function, and a function is what Lean expects here. This is often the result of a typo or a missing `import` or `open` statement.
PrimalitySheafVerification/Mock2_FunctionalAnalysis.lean:50083:14: error(lean.unknownIdentifier): Unknown identifier `heightC`
PrimalitySheafVerification/Mock2_FunctionalAnalysis.lean:50078:49: error: unsolved goals
x✝¹ : Sort u_1
dx : x✝¹
x✝ : Sort u_2
fixedPhaseEuclideanGraphDensity : x✝
Y : ℝ
n : ℤ
u : HalfWeightDifferentialOperators.InverseEtaFixedPhaseCore n
z : ℍ
hz : z ∈ gammaTwoThreeCuspTruncation Y
hy₀ : 0 < literalStageLowerHeight Y
hy : literalStageLowerHeight Y ≤ z.im
⊢ ‖sorry‖ ^ 2 ≤ (literalStageLowerHeight Y)⁻¹ ^ 2 * sorry
PrimalitySheafVerification/Mock2_FunctionalAnalysis.lean:50111:5: error: Function expected at
  dy
but this term has type
  ?m.1

Note: Expected a function because this term is being applied to the argument
  (fixedPhaseEuclideanGauge n u)

Hint: The identifier `dy` is unknown, and Lean's `autoImplicit` option causes an unknown identifier to be treated as an implicitly bound variable with an unknown type. However, the unknown type cannot be a function, and a function is what Lean expects here. This is often the result of a typo or a missing `import` or `open` statement.
PrimalitySheafVerification/Mock2_FunctionalAnalysis.lean:50113:8: error: Function expected at
  fixedPhaseEuclideanGraphDensity
but this term has type
  ?m.2

Note: Expected a function because this term is being applied to the argument
  n

Hint: The identifier `fixedPhaseEuclideanGraphDensity` is unknown, and Lean's `autoImplicit` option causes an unknown identifier to be treated as an implicitly bound variable with an unknown type. However, the unknown type cannot be a function, and a function is what Lean expects here. This is often the result of a typo or a missing `import` or `open` statement.
PrimalitySheafVerification/Mock2_FunctionalAnalysis.lean:50118:14: error(lean.unknownIdentifier): Unknown identifier `heightC`
PrimalitySheafVerification/Mock2_FunctionalAnalysis.lean:50113:49: error: unsolved goals
x✝¹ : Sort u_1
dy : x✝¹
x✝ : Sort u_2
fixedPhaseEuclideanGraphDensity : x✝
Y : ℝ
n : ℤ
u : HalfWeightDifferentialOperators.InverseEtaFixedPhaseCore n
z : ℍ
hz : z ∈ gammaTwoThreeCuspTruncation Y
hy₀ : 0 < literalStageLowerHeight Y
hy : literalStageLowerHeight Y ≤ z.im
⊢ ‖sorry‖ ^ 2 ≤ (literalStageLowerHeight Y)⁻¹ ^ 2 * sorry
PrimalitySheafVerification/Mock2_FunctionalAnalysis.lean:50149:6: error: Function expected at
  fixedPhaseEuclideanGraphDensity
but this term has type
  ?m.1

Note: Expected a function because this term is being applied to the argument
  n

Hint: The identifier `fixedPhaseEuclideanGraphDensity` is unknown, and Lean's `autoImplicit` option causes an unknown identifier to be treated as an implicitly bound variable with an unknown type. However, the unknown type cannot be a function, and a function is what Lean expects here. This is often the result of a typo or a missing `import` or `open` statement.
PrimalitySheafVerification/Mock2_FunctionalAnalysis.lean:50149:47: error: unsolved goals
x✝ : Sort u_1
fixedPhaseEuclideanGraphDensity : x✝
n : ℤ
u : HalfWeightDifferentialOperators.InverseEtaFixedPhaseCore n
z : ℍ
⊢ ‖fixedPhaseEuclideanGauge n u z‖ ^ 2 ≤ sorry
PrimalitySheafVerification/Mock2_FunctionalAnalysis.lean:50162:5: error: Function expected at
  dx
but this term has type
  ?m.1

Note: Expected a function because this term is being applied to the argument
  (fixedPhaseEuclideanGauge n u)

Hint: The identifier `dx` is unknown, and Lean's `autoImplicit` option causes an unknown identifier to be treated as an implicitly bound variable with an unknown type. However, the unknown type cannot be a function, and a function is what Lean expects here. This is often the result of a typo or a missing `import` or `open` statement.
PrimalitySheafVerification/Mock2_FunctionalAnalysis.lean:50164:8: error: Function expected at
  fixedPhaseEuclideanGraphDensity
but this term has type
  ?m.2

Note: Expected a function because this term is being applied to the argument
  n

Hint: The identifier `fixedPhaseEuclideanGraphDensity` is unknown, and Lean's `autoImplicit` option causes an unknown identifier to be treated as an implicitly bound variable with an unknown type. However, the unknown type cannot be a function, and a function is what Lean expects here. This is often the result of a typo or a missing `import` or `open` statement.
PrimalitySheafVerification/Mock2_FunctionalAnalysis.lean:50169:14: error(lean.unknownIdentifier): Unknown identifier `heightC`
PrimalitySheafVerification/Mock2_FunctionalAnalysis.lean:50164:49: error: unsolved goals
x✝¹ : Sort u_1
dx : x✝¹
x✝ : Sort u_2
fixedPhaseEuclideanGraphDensity : x✝
Y : ℝ
n : ℤ
u : HalfWeightDifferentialOperators.InverseEtaFixedPhaseCore n
z : ℍ
hz : ↑z ∈ tsupport ⇑(literalStageCutoff Y)
hy₀ : 0 < literalStageCutoffSupportLowerHeight Y
hy : literalStageCutoffSupportLowerHeight Y ≤ z.im
⊢ ‖sorry‖ ^ 2 ≤ (literalStageCutoffSupportLowerHeight Y)⁻¹ ^ 2 * sorry
PrimalitySheafVerification/Mock2_FunctionalAnalysis.lean:50195:5: error: Function expected at
  dy
but this term has type
  ?m.1

Note: Expected a function because this term is being applied to the argument
  (fixedPhaseEuclideanGauge n u)

Hint: The identifier `dy` is unknown, and Lean's `autoImplicit` option causes an unknown identifier to be treated as an implicitly bound variable with an unknown type. However, the unknown type cannot be a function, and a function is what Lean expects here. This is often the result of a typo or a missing `import` or `open` statement.
PrimalitySheafVerification/Mock2_FunctionalAnalysis.lean:50197:8: error: Function expected at
  fixedPhaseEuclideanGraphDensity
but this term has type
  ?m.2

Note: Expected a function because this term is being applied to the argument
  n

Hint: The identifier `fixedPhaseEuclideanGraphDensity` is unknown, and Lean's `autoImplicit` option causes an unknown identifier to be treated as an implicitly bound variable with an unknown type. However, the unknown type cannot be a function, and a function is what Lean expects here. This is often the result of a typo or a missing `import` or `open` statement.
PrimalitySheafVerification/Mock2_FunctionalAnalysis.lean:50202:14: error(lean.unknownIdentifier): Unknown identifier `heightC`
PrimalitySheafVerification/Mock2_FunctionalAnalysis.lean:50197:49: error: unsolved goals
x✝¹ : Sort u_1
dy : x✝¹
x✝ : Sort u_2
fixedPhaseEuclideanGraphDensity : x✝
Y : ℝ
n : ℤ
u : HalfWeightDifferentialOperators.InverseEtaFixedPhaseCore n
z : ℍ
hz : ↑z ∈ tsupport ⇑(literalStageCutoff Y)
hy₀ : 0 < literalStageCutoffSupportLowerHeight Y
hy : literalStageCutoffSupportLowerHeight Y ≤ z.im
⊢ ‖sorry‖ ^ 2 ≤ (literalStageCutoffSupportLowerHeight Y)⁻¹ ^ 2 * sorry
PrimalitySheafVerification/Mock2_FunctionalAnalysis.lean:50246:8: error: Function expected at
  fixedPhaseEuclideanGraphDensity
but this term has type
  ?m.1

Note: Expected a function because this term is being applied to the argument
  n

Hint: The identifier `fixedPhaseEuclideanGraphDensity` is unknown, and Lean's `autoImplicit` option causes an unknown identifier to be treated as an implicitly bound variable with an unknown type. However, the unknown type cannot be a function, and a function is what Lean expects here. This is often the result of a typo or a missing `import` or `open` statement.
PrimalitySheafVerification/Mock2_FunctionalAnalysis.lean:50249:11: error: Function expected at
  fixedPhaseEuclideanGraphDensity
but this term has type
  x✝

Note: Expected a function because this term is being applied to the argument
  n
PrimalitySheafVerification/Mock2_FunctionalAnalysis.lean:50246:49: error: unsolved goals
x✝ : Sort u_1
fixedPhaseEuclideanGraphDensity : x✝
Y : ℝ
n : ℤ
u : HalfWeightDifferentialOperators.InverseEtaFixedPhaseCore n
z : ℍ
hz : ↑z ∈ tsupport ⇑(literalStageCutoff Y)
C : ℝ := literalStageCutoffC1Bound Y
h : ℝ := (literalStageCutoffSupportLowerHeight Y)⁻¹ ^ 2
⊢ ‖(literalStageLocalizedGauge Y n u) ↑z‖ ^ 2 +
        ‖(HalfWeightCompactCoordinateGreen.dx (literalStageLocalizedGauge Y n u)) ↑z‖ ^ 2 +
      ‖(HalfWeightCompactCoordinateGreen.dy (literalStageLocalizedGauge Y n u)) ↑z‖ ^ 2 ≤
    literalStageLocalizationDensityConstant Y * sorry
PrimalitySheafVerification/Mock2_FunctionalAnalysis.lean:50345:8: error: Function expected at
  fixedPhaseEuclideanGraphDensity
but this term has type
  ?m.1

Note: Expected a function because this term is being applied to the argument
  n

Hint: The identifier `fixedPhaseEuclideanGraphDensity` is unknown, and Lean's `autoImplicit` option causes an unknown identifier to be treated as an implicitly bound variable with an unknown type. However, the unknown type cannot be a function, and a function is what Lean expects here. This is often the result of a typo or a missing `import` or `open` statement.
PrimalitySheafVerification/Mock2_FunctionalAnalysis.lean:50368:7: error(lean.unknownIdentifier): Unknown identifier `fixedPhaseEuclideanGraphDensity_nonneg`
PrimalitySheafVerification/Mock2_FunctionalAnalysis.lean:50461:49: error: Application type mismatch: The argument
  hwq
has type
  gammaTwoQuotientMk w = gammaTwoQuotientMk z
but is expected to have type
  Quotient.mk'' z = Quotient.mk'' w
in the application
  Quotient.exact' hwq
PrimalitySheafVerification/Mock2_FunctionalAnalysis.lean:50477:4: error(lean.unknownIdentifier): Unknown identifier `logHeightTraceBaseCoeff`
PrimalitySheafVerification/Mock2_FunctionalAnalysis.lean:50491:2: error: failed to prove positivity/nonnegativity/nonzeroness
PrimalitySheafVerification/Mock2_FunctionalAnalysis.lean:50493:8: warning: declaration uses `sorry`
PrimalitySheafVerification/Mock2_FunctionalAnalysis.lean:50513:8: warning: declaration uses `sorry`
PrimalitySheafVerification/Mock2_FunctionalAnalysis.lean:50527:4: error: Function expected at
  fixedPhaseEuclideanGraphDensity
but this term has type
  ?m.1

Note: Expected a function because this term is being applied to the argument
  n

Hint: The identifier `fixedPhaseEuclideanGraphDensity` is unknown, and Lean's `autoImplicit` option causes an unknown identifier to be treated as an implicitly bound variable with an unknown type. However, the unknown type cannot be a function, and a function is what Lean expects here. This is often the result of a typo or a missing `import` or `open` statement.
PrimalitySheafVerification/Mock2_FunctionalAnalysis.lean:50530:9: error: Tactic `unfold` failed: Local variable `fixedPhaseEuclideanGraphDensity` has no definition
PrimalitySheafVerification/Mock2_FunctionalAnalysis.lean:50595:2: error: Type mismatch: After simplification, term
  Integrable.re hInner
 has type
  Integrable
    (fun x =>
      RCLike.re
        ↑((HalfIntegralMultiplier.InvariantFiberMetric.weightFiberMetric (OrbitMultiplier m)).pointwiseNormSq
            (SmoothCompactCoreGeometry.SmoothCompactWeightCore.toSection
              ((HalfWeightDifferentialOperators.InverseEtaFixedPhaseCore.toSmoothCompactWeightCore m) v))
            x))
    (hyperbolicMeasure.restrict chosenGammaTwoFundamentalDomain.carrier)
but is expected to have type
  IntegrableOn
    (WeightCorePetersson.upstairsNormSqDensity (OrbitMultiplier m)
      ((HalfWeightDifferentialOperators.InverseEtaFixedPhaseCore.toSmoothCompactWeightCore m) v))
    chosenGammaTwoFundamentalDomain.carrier hyperbolicMeasure
PrimalitySheafVerification/Mock2_FunctionalAnalysis.lean:50598:8: warning: declaration uses `sorry`
PrimalitySheafVerification/Mock2_FunctionalAnalysis.lean:50613:6: error: Function expected at
  logHeightTraceBaseCoeff
but this term has type
  ?m.1

Note: Expected a function because this term is being applied to the argument
  n

Hint: The identifier `logHeightTraceBaseCoeff` is unknown, and Lean's `autoImplicit` option causes an unknown identifier to be treated as an implicitly bound variable with an unknown type. However, the unknown type cannot be a function, and a function is what Lean expects here. This is often the result of a typo or a missing `import` or `open` statement.
PrimalitySheafVerification/Mock2_FunctionalAnalysis.lean:50659:6: error: Tactic `apply` failed: could not unify the conclusion of the term
  ?s ∈ ?f
with the goal
  MeasurableSet S

Note: The full type of the term is
  ∀ {α : Type ?u.59} {f : Filter α} {s : Set α}, (∀ (a : α), a ∈ s) → s ∈ f

case hs
n : ℤ
u : HalfWeightDifferentialOperators.InverseEtaFixedPhaseCore n
a : GammaTwoEffective
S : Set ℍ
hChange :
  ∫ (y : ℍ) in (fun x => a • x) '' S, fixedPhaseHyperbolicGraphDensity n u y ∂hyperbolicMeasure =
    ∫ (x : ℍ) in S, fixedPhaseHyperbolicGraphDensity n u (a • x) ∂hyperbolicMeasure
⊢ MeasurableSet S
PrimalitySheafVerification/Mock2_FunctionalAnalysis.lean:50687:23: warning: `Set.diff_subset` has been deprecated: Use `Set.sdiff_subset` instead
PrimalitySheafVerification/Mock2_FunctionalAnalysis.lean:50699:36: warning: `Set.mem_diff` has been deprecated: Use `Set.mem_sdiff` instead
PrimalitySheafVerification/Mock2_FunctionalAnalysis.lean:50708:16: warning: `Set.diff_subset` has been deprecated: Use `Set.sdiff_subset` instead
PrimalitySheafVerification/Mock2_FunctionalAnalysis.lean:50719:9: error: Function expected at
  selectedCuspTraceEnergyConstant
but this term has type
  ?m.1

Note: Expected a function because this term is being applied to the argument
  n

Hint: The identifier `selectedCuspTraceEnergyConstant` is unknown, and Lean's `autoImplicit` option causes an unknown identifier to be treated as an implicitly bound variable with an unknown type. However, the unknown type cannot be a function, and a function is what Lean expects here. This is often the result of a typo or a missing `import` or `open` statement.
PrimalitySheafVerification/Mock2_FunctionalAnalysis.lean:50771:8: error: Function expected at
  selectedCuspTraceEnergyConstant
but this term has type
  x✝

Note: Expected a function because this term is being applied to the argument
  n
PrimalitySheafVerification/Mock2_FunctionalAnalysis.lean:50773:10: error(lean.unknownIdentifier): Unknown identifier `weighted_coordinate_energy_le_coreMap`
PrimalitySheafVerification/Mock2_FunctionalAnalysis.lean:50771:65: error: unsolved goals
x✝ : Sort u_1
selectedCuspTraceEnergyConstant : x✝
Y : ℝ
n : ℤ
u : HalfWeightDifferentialOperators.InverseEtaFixedPhaseCore n
A : Finset GammaTwoEffective := ⋯
L : Set ℍ := ⋯
U : Set ℍ := ⋯
hL : IsCompact L
hU : IsCompact U
hUInt : IntegrableOn (fixedPhaseHyperbolicGraphDensity n u) U hyperbolicMeasure
hSupportLeUnion :
  ∫ (z : ℍ) in literalStageCutoffUpperSupport Y, fixedPhaseHyperbolicGraphDensity n u z ∂hyperbolicMeasure ≤
    ∫ (z : ℍ) in U, fixedPhaseHyperbolicGraphDensity n u z ∂hyperbolicMeasure
hUnionLeSum :
  ∫ (z : ℍ) in U, fixedPhaseHyperbolicGraphDensity n u z ∂hyperbolicMeasure ≤
    ∑ a ∈ A, ∫ (z : ℍ) in (fun x => a • x) '' L, fixedPhaseHyperbolicGraphDensity n u z ∂hyperbolicMeasure
hLiftSubset : L ⊆ chosenGammaTwoFundamentalDomain.carrier
hCarrierInt :
  IntegrableOn (fixedPhaseHyperbolicGraphDensity n u) chosenGammaTwoFundamentalDomain.carrier hyperbolicMeasure
hLiftLe :
  ∫ (z : ℍ) in L, fixedPhaseHyperbolicGraphDensity n u z ∂hyperbolicMeasure ≤
    ∫ (z : ℍ) in chosenGammaTwoFundamentalDomain.carrier, fixedPhaseHyperbolicGraphDensity n u z ∂hyperbolicMeasure
⊢ Sort ?u.157

x✝ : Sort u_1
selectedCuspTraceEnergyConstant : x✝
Y : ℝ
n : ℤ
u : HalfWeightDifferentialOperators.InverseEtaFixedPhaseCore n
A : Finset GammaTwoEffective := ⋯
L : Set ℍ := ⋯
U : Set ℍ := ⋯
hL : IsCompact L
hU : IsCompact U
hUInt : IntegrableOn (fixedPhaseHyperbolicGraphDensity n u) U hyperbolicMeasure
hSupportLeUnion :
  ∫ (z : ℍ) in literalStageCutoffUpperSupport Y, fixedPhaseHyperbolicGraphDensity n u z ∂hyperbolicMeasure ≤
    ∫ (z : ℍ) in U, fixedPhaseHyperbolicGraphDensity n u z ∂hyperbolicMeasure
hUnionLeSum :
  ∫ (z : ℍ) in U, fixedPhaseHyperbolicGraphDensity n u z ∂hyperbolicMeasure ≤
    ∑ a ∈ A, ∫ (z : ℍ) in (fun x => a • x) '' L, fixedPhaseHyperbolicGraphDensity n u z ∂hyperbolicMeasure
hLiftSubset : L ⊆ chosenGammaTwoFundamentalDomain.carrier
hCarrierInt :
  IntegrableOn (fixedPhaseHyperbolicGraphDensity n u) chosenGammaTwoFundamentalDomain.carrier hyperbolicMeasure
hLiftLe :
  ∫ (z : ℍ) in L, fixedPhaseHyperbolicGraphDensity n u z ∂hyperbolicMeasure ≤
    ∫ (z : ℍ) in chosenGammaTwoFundamentalDomain.carrier, fixedPhaseHyperbolicGraphDensity n u z ∂hyperbolicMeasure
⊢ ?m.306
PrimalitySheafVerification/Mock2_FunctionalAnalysis.lean:50788:10: error: Function expected at
  selectedCuspTraceEnergyConstant
but this term has type
  x✝

Note: Expected a function because this term is being applied to the argument
  n
PrimalitySheafVerification/Mock2_FunctionalAnalysis.lean:50792:11: error: Function expected at
  selectedCuspTraceEnergyConstant
but this term has type
  x✝

Note: Expected a function because this term is being applied to the argument
  n
PrimalitySheafVerification/Mock2_FunctionalAnalysis.lean:50799:8: error: Function expected at
  fixedPhaseEuclideanGraphDensity
but this term has type
  ?m.1

Note: Expected a function because this term is being applied to the argument
  n

Hint: The identifier `fixedPhaseEuclideanGraphDensity` is unknown, and Lean's `autoImplicit` option causes an unknown identifier to be treated as an implicitly bound variable with an unknown type. However, the unknown type cannot be a function, and a function is what Lean expects here. This is often the result of a typo or a missing `import` or `open` statement.
PrimalitySheafVerification/Mock2_FunctionalAnalysis.lean:50801:69: error: unsolved goals
x✝ : Sort u_1
fixedPhaseEuclideanGraphDensity : x✝
Y : ℝ
n : ℤ
u : HalfWeightDifferentialOperators.InverseEtaFixedPhaseCore n
z : ℍ
hz : z ∈ literalStageCutoffUpperSupport Y
⊢ ↑(hyperbolicDensity z) • fixedPhaseHyperbolicGraphDensity n u z =
    ↑(hyperbolicDensity ?z) * fixedPhaseHyperbolicGraphDensity ?n ?u ?z

case n
x✝ : Sort u_1
fixedPhaseEuclideanGraphDensity : x✝
Y : ℝ
n : ℤ
u : HalfWeightDifferentialOperators.InverseEtaFixedPhaseCore n
z : ℍ
hz : z ∈ literalStageCutoffUpperSupport Y
⊢ ℤ

case u
x✝ : Sort u_1
fixedPhaseEuclideanGraphDensity : x✝
Y : ℝ
n : ℤ
u : HalfWeightDifferentialOperators.InverseEtaFixedPhaseCore n
z : ℍ
hz : z ∈ literalStageCutoffUpperSupport Y
⊢ HalfWeightDifferentialOperators.InverseEtaFixedPhaseCore ?n

case z
x✝ : Sort u_1
fixedPhaseEuclideanGraphDensity : x✝
Y : ℝ
n : ℤ
u : HalfWeightDifferentialOperators.InverseEtaFixedPhaseCore n
z : ℍ
hz : z ∈ literalStageCutoffUpperSupport Y
⊢ ℍ

x✝ : Sort u_1
fixedPhaseEuclideanGraphDensity : x✝
Y : ℝ
n : ℤ
u : HalfWeightDifferentialOperators.InverseEtaFixedPhaseCore n
z : ℍ
hz : z ∈ literalStageCutoffUpperSupport Y
⊢ Sort ?u.23

x✝ : Sort u_1
fixedPhaseEuclideanGraphDensity : x✝
Y : ℝ
n : ℤ
u : HalfWeightDifferentialOperators.InverseEtaFixedPhaseCore n
z : ℍ
hz : z ∈ literalStageCutoffUpperSupport Y
⊢ ?m.65
PrimalitySheafVerification/Mock2_FunctionalAnalysis.lean:50909:6: warning: 'change
  (∫ w,
      literalStageLocalizedPlanarDensity Y n u
        w ∂((volume : Measure ℂ).restrict (UpperHalfPlane.coe '' literalStageCutoffUpperSupport Y))) =
    ∫ w,
      literalStageLocalizedPlanarDensity Y n u
        w ∂((volume.restrict (Set.range UpperHalfPlane.coe)).restrict
        (UpperHalfPlane.coe '' literalStageCutoffUpperSupport Y))' tactic does nothing

Note: This linter can be disabled with `set_option linter.unusedTactic false`
PrimalitySheafVerification/Mock2_FunctionalAnalysis.lean:50933:11: error: Function expected at
  selectedCuspTraceEnergyConstant
but this term has type
  ?m.1

Note: Expected a function because this term is being applied to the argument
  n

Hint: The identifier `selectedCuspTraceEnergyConstant` is unknown, and Lean's `autoImplicit` option causes an unknown identifier to be treated as an implicitly bound variable with an unknown type. However, the unknown type cannot be a function, and a function is what Lean expects here. This is often the result of a typo or a missing `import` or `open` statement.
PrimalitySheafVerification/Mock2_FunctionalAnalysis.lean:50943:8: error(lean.unknownIdentifier): Unknown identifier `fixedPhaseEuclideanGraphDensity`
PrimalitySheafVerification/Mock2_FunctionalAnalysis.lean:50945:7: error(lean.unknownIdentifier): Unknown identifier `fixedPhaseEuclideanGraphDensity_continuous`
PrimalitySheafVerification/Mock2_FunctionalAnalysis.lean:50953:10: error(lean.unknownIdentifier): Unknown identifier `fixedPhaseEuclideanGraphDensity`
PrimalitySheafVerification/Mock2_FunctionalAnalysis.lean:50960:10: error(lean.unknownIdentifier): Unknown identifier `fixedPhaseEuclideanGraphDensity`
PrimalitySheafVerification/Mock2_FunctionalAnalysis.lean:50969:11: error: Function expected at
  selectedCuspTraceEnergyConstant
but this term has type
  x✝

Note: Expected a function because this term is being applied to the argument
  n
PrimalitySheafVerification/Mock2_FunctionalAnalysis.lean:50954:36: error: unsolved goals
x✝ : Sort u_1
selectedCuspTraceEnergyConstant : x✝
Y : ℝ
n : ℤ
u : HalfWeightDifferentialOperators.InverseEtaFixedPhaseCore n
hK : IsCompact (literalStageCutoffUpperSupport Y)
hLocalInt :
  IntegrableOn (fun z => literalStageLocalizedPlanarDensity Y n u ↑z) (literalStageCutoffUpperSupport Y)
    upperEuclideanMeasure
hGraphInt :
  IntegrableOn (fun z => literalStageLocalizationDensityConstant Y * sorry) (literalStageCutoffUpperSupport Y)
    upperEuclideanMeasure
z : ℍ
hz : z ∈ literalStageCutoffUpperSupport Y
⊢ literalStageLocalizedPlanarDensity Y n u ↑z ≤ literalStageLocalizationDensityConstant Y * sorry
PrimalitySheafVerification/Mock2_FunctionalAnalysis.lean:50965:33: error: unsolved goals
x✝ : Sort u_1
selectedCuspTraceEnergyConstant : x✝
Y : ℝ
n : ℤ
u : HalfWeightDifferentialOperators.InverseEtaFixedPhaseCore n
hK : IsCompact (literalStageCutoffUpperSupport Y)
hLocalInt :
  IntegrableOn (fun z => literalStageLocalizedPlanarDensity Y n u ↑z) (literalStageCutoffUpperSupport Y)
    upperEuclideanMeasure
hGraphInt :
  IntegrableOn (fun z => literalStageLocalizationDensityConstant Y * sorry) (literalStageCutoffUpperSupport Y)
    upperEuclideanMeasure
⊢ Sort ?u.131

x✝ : Sort u_1
selectedCuspTraceEnergyConstant : x✝
Y : ℝ
n : ℤ
u : HalfWeightDifferentialOperators.InverseEtaFixedPhaseCore n
hK : IsCompact (literalStageCutoffUpperSupport Y)
hLocalInt :
  IntegrableOn (fun z => literalStageLocalizedPlanarDensity Y n u ↑z) (literalStageCutoffUpperSupport Y)
    upperEuclideanMeasure
hGraphInt :
  IntegrableOn (fun z => literalStageLocalizationDensityConstant Y * sorry) (literalStageCutoffUpperSupport Y)
    upperEuclideanMeasure
⊢ ?m.235
PrimalitySheafVerification/Mock2_FunctionalAnalysis.lean:50978:6: error(lean.unknownIdentifier): Unknown identifier `selectedCuspTraceEnergyConstant`
PrimalitySheafVerification/Mock2_FunctionalAnalysis.lean:50984:2: error: failed to prove positivity/nonnegativity/nonzeroness
PrimalitySheafVerification/Mock2_FunctionalAnalysis.lean:50990:12: error: don't know how to synthesize implicit argument `selectedCuspTraceEnergyConstant`
  @integral_literalStageLocalizedPlanarDensity_le_coreMap ?m.30 ?m.31 Y n u
context:
Y : ℝ
n : ℤ
u : HalfWeightDifferentialOperators.InverseEtaFixedPhaseCore n
⊢ ?m.30
PrimalitySheafVerification/Mock2_FunctionalAnalysis.lean:50990:12: error: don't know how to synthesize implicit argument
  @integral_literalStageLocalizedPlanarDensity_le_coreMap ?m.30 ?m.31 Y n u
context:
Y : ℝ
n : ℤ
u : HalfWeightDifferentialOperators.InverseEtaFixedPhaseCore n
⊢ Sort ?u.24
PrimalitySheafVerification/Mock2_FunctionalAnalysis.lean:50989:72: error: unsolved goals
Y : ℝ
n : ℤ
u : HalfWeightDifferentialOperators.InverseEtaFixedPhaseCore n
⊢ ∫ (w : ℂ), literalStageLocalizedPlanarDensity Y n u w ≤
    literalStageLocalizationEnergyConstant Y n * ‖(coreMap n) u‖ ^ 2
PrimalitySheafVerification/Mock2_FunctionalAnalysis.lean:51006:8: error: Tactic `rewrite` failed: Did not find an occurrence of the pattern
  v w
in the target expression
  w ∈ support fun w => ‖v w‖ ^ 2

v : AmbientTestCore
w : ℂ
hw : w ∈ support fun w => ‖v w‖ ^ 2
hnot : w ∉ tsupport ⇑v
⊢ False
PrimalitySheafVerification/Mock2_FunctionalAnalysis.lean:51029:4: error: Type mismatch: After simplification, term
  MemLp.toLp_add (ambientTestCore_memLp_volume v) (ambientTestCore_memLp_volume w)
 has type
  @Eq (↥(Lp ℂ 2 volume)) (MemLp.toLp (⇑v + ⇑w) ⋯) (MemLp.toLp ⇑v ⋯ + MemLp.toLp ⇑w ⋯)
but is expected to have type
  @Eq (↥AmbientPlaneL2) (MemLp.toLp ⇑(v + w) ⋯) (MemLp.toLp ⇑v ⋯ + MemLp.toLp ⇑w ⋯)
PrimalitySheafVerification/Mock2_FunctionalAnalysis.lean:51033:4: error: Type mismatch: After simplification, term
  MemLp.toLp_const_smul c (ambientTestCore_memLp_volume v)
 has type
  @Eq (↥(Lp ℂ 2 volume)) (MemLp.toLp (c • ⇑v) ⋯) (c • MemLp.toLp ⇑v ⋯)
but is expected to have type
  @Eq (↥AmbientPlaneL2) (MemLp.toLp ⇑(c • v) ⋯) ((RingHom.id ℂ) c • MemLp.toLp ⇑v ⋯)
PrimalitySheafVerification/Mock2_FunctionalAnalysis.lean:51044:8: error: typeclass instance problem is stuck
  InnerProductSpace ?m.46 ↥AmbientPlaneL2

Note: Lean will not try to resolve this typeclass instance problem because the first and third type arguments to `InnerProductSpace` are metavariables. These arguments must be fully determined before Lean will try to resolve the typeclass.

Hint: Adding type annotations and supplying implicit arguments to functions can give Lean more information for typeclass resolution. For example, if you have a variable `x` that you intend to be a `Nat`, but Lean reports it as having an unresolved type like `?m`, replacing `x` with `(x : Nat)` can get typeclass resolution un-stuck.
PrimalitySheafVerification/Mock2_FunctionalAnalysis.lean:51071:6: error: Tactic `rewrite` failed: Did not find an occurrence of the pattern
  fixedPhaseEuclideanGauge n (u + v)
in the target expression
  (literalStageLocalizedGauge Y n (u + v)) w =
    (literalStageLocalizedGauge Y n u) w + (literalStageLocalizedGauge Y n v) w

Y : ℝ
n : ℤ
u v : HalfWeightDifferentialOperators.InverseEtaFixedPhaseCore n
w : ℂ
hg : fixedPhaseEuclideanGauge n (u + v) = fixedPhaseEuclideanGauge n u + fixedPhaseEuclideanGauge n v
⊢ (literalStageLocalizedGauge Y n (u + v)) w =
    (literalStageLocalizedGauge Y n u) w + (literalStageLocalizedGauge Y n v) w
PrimalitySheafVerification/Mock2_FunctionalAnalysis.lean:51067:13: warning: This simp argument is unused:
  literalStageLocalizedGauge_apply

Hint: Omit it from the simp argument list.
  [apply] simp only [add_apply]

Note: This linter can be disabled with `set_option linter.unusedSimpArgs false`
PrimalitySheafVerification/Mock2_FunctionalAnalysis.lean:51088:6: error: Tactic `rewrite` failed: Did not find an occurrence of the pattern
  fixedPhaseEuclideanGauge n (c • u)
in the target expression
  (literalStageLocalizedGauge Y n (c • u)) w = c * (literalStageLocalizedGauge Y n u) w

Y : ℝ
n : ℤ
c : ℂ
u : HalfWeightDifferentialOperators.InverseEtaFixedPhaseCore n
w : ℂ
hg : fixedPhaseEuclideanGauge n (c • u) = c • fixedPhaseEuclideanGauge n u
⊢ (literalStageLocalizedGauge Y n (c • u)) w = c * (literalStageLocalizedGauge Y n u) w
PrimalitySheafVerification/Mock2_FunctionalAnalysis.lean:51082:13: warning: This simp argument is unused:
  literalStageLocalizedGauge_apply

Hint: Omit it from the simp argument list.
  [apply] simp only [smul_apply, smul_eq_mul]

Note: This linter can be disabled with `set_option linter.unusedSimpArgs false`
PrimalitySheafVerification/Mock2_FunctionalAnalysis.lean:51159:6: error: not a positivity goal
PrimalitySheafVerification/Mock2_FunctionalAnalysis.lean:51176:6: error: not a positivity goal
PrimalitySheafVerification/Mock2_FunctionalAnalysis.lean:51193:6: error: not a positivity goal
PrimalitySheafVerification/Mock2_FunctionalAnalysis.lean:51241:47: error: Application type mismatch: The argument
  coreMap n
has type
  @LinearMap ℂ ℂ Complex.instSemiring Complex.instSemiring (RingHom.id ℂ)
    (HalfWeightDifferentialOperators.InverseEtaFixedPhaseCore n) (GraphSobolevCompletion n)
    (HalfWeightDifferentialOperators.inverseEtaFixedPhaseStableCoreSubmodule n).addCommMonoid
    UniformSpace.Completion.instAddCommGroup.toAddCommMonoid (fixedPhaseGraphCoreModule n)
    UniformSpace.Completion.instModule
but is expected to have type
  @LinearMap ℂ ℂ DivisionRing.toDivisionSemiring.toSemiring DivisionRing.toDivisionSemiring.toSemiring (RingHom.id ℂ)
    ?m.14 (GraphSobolevCompletion n) AddCommGroup.toAddCommMonoid
    NormedAddCommGroup.toSeminormedAddCommGroup.toAddCommMonoid ?m.23 UniformSpace.Completion.instModule
in the application
  LinearMap.extendOfNorm ?m.29 (coreMap n)
PrimalitySheafVerification/Mock2_FunctionalAnalysis.lean:51245:45: error: Application type mismatch: The argument
  coreMap n
has type
  @LinearMap ℂ ℂ Complex.instSemiring Complex.instSemiring (RingHom.id ℂ)
    (HalfWeightDifferentialOperators.InverseEtaFixedPhaseCore n) (GraphSobolevCompletion n)
    (HalfWeightDifferentialOperators.inverseEtaFixedPhaseStableCoreSubmodule n).addCommMonoid
    UniformSpace.Completion.instAddCommGroup.toAddCommMonoid (fixedPhaseGraphCoreModule n)
    UniformSpace.Completion.instModule
but is expected to have type
  @LinearMap ℂ ℂ DivisionRing.toDivisionSemiring.toSemiring DivisionRing.toDivisionSemiring.toSemiring (RingHom.id ℂ)
    ?m.14 (GraphSobolevCompletion n) AddCommGroup.toAddCommMonoid
    NormedAddCommGroup.toSeminormedAddCommGroup.toAddCommMonoid ?m.23 UniformSpace.Completion.instModule
in the application
  LinearMap.extendOfNorm ?m.29 (coreMap n)
PrimalitySheafVerification/Mock2_FunctionalAnalysis.lean:51249:45: error: Application type mismatch: The argument
  coreMap n
has type
  @LinearMap ℂ ℂ Complex.instSemiring Complex.instSemiring (RingHom.id ℂ)
    (HalfWeightDifferentialOperators.InverseEtaFixedPhaseCore n) (GraphSobolevCompletion n)
    (HalfWeightDifferentialOperators.inverseEtaFixedPhaseStableCoreSubmodule n).addCommMonoid
    UniformSpace.Completion.instAddCommGroup.toAddCommMonoid (fixedPhaseGraphCoreModule n)
    UniformSpace.Completion.instModule
but is expected to have type
  @LinearMap ℂ ℂ DivisionRing.toDivisionSemiring.toSemiring DivisionRing.toDivisionSemiring.toSemiring (RingHom.id ℂ)
    ?m.14 (GraphSobolevCompletion n) AddCommGroup.toAddCommMonoid
    NormedAddCommGroup.toSeminormedAddCommGroup.toAddCommMonoid ?m.23 UniformSpace.Completion.instModule
in the application
  LinearMap.extendOfNorm ?m.29 (coreMap n)
PrimalitySheafVerification/Mock2_FunctionalAnalysis.lean:51251:0: error: (deterministic) timeout at `whnf`, maximum number of heartbeats (200000) has been reached

Note: Use `set_option maxHeartbeats <num>` to set the limit.

Hint: Additional diagnostic information may be available using the `set_option diagnostics true` command.
PrimalitySheafVerification/Mock2_FunctionalAnalysis.lean:51260:0: error: (deterministic) timeout at `whnf`, maximum number of heartbeats (200000) has been reached

Note: Use `set_option maxHeartbeats <num>` to set the limit.

Hint: Additional diagnostic information may be available using the `set_option diagnostics true` command.
PrimalitySheafVerification/Mock2_FunctionalAnalysis.lean:51269:0: error: (deterministic) timeout at `isDefEq`, maximum number of heartbeats (200000) has been reached

Note: Use `set_option maxHeartbeats <num>` to set the limit.

Hint: Additional diagnostic information may be available using the `set_option diagnostics true` command.
PrimalitySheafVerification/Mock2_FunctionalAnalysis.lean:51315:2: error: failed to prove positivity/nonnegativity/nonzeroness
PrimalitySheafVerification/Mock2_FunctionalAnalysis.lean:51332:2: error: Type mismatch
  MeasurableSet.iInter fun i =>
    MeasurableSet.preimage measurableSet_Ioc
      (Measurable.comp (measurable_pi_apply i) (MeasurableEquiv.measurable Complex.measurableEquivPi))
has type
  MeasurableSet (⋂ b, (fun f => f b) ∘ ⇑Complex.measurableEquivPi ⁻¹' Ioc (?m.30 b) (?m.31 b))
but is expected to have type
  MeasurableSet
    {w |
      ∀ (i : Fin 2),
        Complex.measurableEquivPi w i ∈ Ioc (-(literalStageFourierScale Y / 2)) (literalStageFourierScale Y / 2)}
PrimalitySheafVerification/Mock2_FunctionalAnalysis.lean:51352:45: warning: `Set.mem_setOf_eq` has been deprecated: Use `Set.mem_ofPred_eq` instead
PrimalitySheafVerification/Mock2_FunctionalAnalysis.lean:51380:6: error: Type mismatch: After simplification, term
  Complex.abs_re_le_norm w
 has type
  @LE.le ℝ Real.instLE |w.re| ‖w‖
but is expected to have type
  @LE.le ℝ Real.instLE |![w.re, w.im] ⟨0, ⋯⟩| ‖w‖
PrimalitySheafVerification/Mock2_FunctionalAnalysis.lean:51382:6: error: Type mismatch: After simplification, term
  Complex.abs_im_le_norm w
 has type
  @LE.le ℝ Real.instLE |w.im| ‖w‖
but is expected to have type
  @LE.le ℝ Real.instLE |![w.re, w.im] ⟨1, ⋯⟩| ‖w‖
PrimalitySheafVerification/Mock2_FunctionalAnalysis.lean:51406:2: error: Type mismatch
  Finset.univ.pi fun x => Finset.Icc (-↑N) ↑N
has type
  Finset ((a : Fin 2) → a ∈ Finset.univ → ℤ)
but is expected to have type
  Finset (Fin 2 → ℤ)
PrimalitySheafVerification/Mock2_FunctionalAnalysis.lean:51416:30: error: typeclass instance problem is stuck
  IsOrderedAddMonoid (?m.26 i)

Note: Lean will not try to resolve this typeclass instance problem because the first, second, and third type arguments to `IsOrderedAddMonoid` contain metavariables. These arguments must be fully determined before Lean will try to resolve the typeclass.

Hint: Adding type annotations and supplying implicit arguments to functions can give Lean more information for typeclass resolution. For example, if you have a variable `x` that you intend to be a `Nat`, but Lean reports it as having an unresolved type like `?m`, replacing `x` with `(x : Nat)` can get typeclass resolution un-stuck.
PrimalitySheafVerification/Mock2_FunctionalAnalysis.lean:51414:13: warning: declaration uses `sorry`
PrimalitySheafVerification/Mock2_FunctionalAnalysis.lean:51414:39: warning: This simp argument is unused:
  Finset.mem_pi

Hint: Omit it from the simp argument list.
  [apply] simp only [literalStageFourierModes, Finset.mem_univ, true_implies, Finset.mem_Icc, neg_le]

Note: This linter can be disabled with `set_option linter.unusedSimpArgs false`
PrimalitySheafVerification/Mock2_FunctionalAnalysis.lean:51414:54: warning: This simp argument is unused:
  Finset.mem_univ

Hint: Omit it from the simp argument list.
  [apply] simp only [literalStageFourierModes, Finset.mem_pi, true_implies, Finset.mem_Icc, neg_le]

Note: This linter can be disabled with `set_option linter.unusedSimpArgs false`
PrimalitySheafVerification/Mock2_FunctionalAnalysis.lean:51415:4: warning: This simp argument is unused:
  true_implies

Hint: Omit it from the simp argument list.
  [apply] simp only [literalStageFourierModes, Finset.mem_pi, Finset.mem_univ, Finset.mem_Icc, neg_le]

Note: This linter can be disabled with `set_option linter.unusedSimpArgs false`
PrimalitySheafVerification/Mock2_FunctionalAnalysis.lean:51415:18: warning: This simp argument is unused:
  Finset.mem_Icc

Hint: Omit it from the simp argument list.
  [apply] simp only [literalStageFourierModes, Finset.mem_pi, Finset.mem_univ, true_implies, neg_le]

Note: This linter can be disabled with `set_option linter.unusedSimpArgs false`
PrimalitySheafVerification/Mock2_FunctionalAnalysis.lean:51415:34: warning: This simp argument is unused:
  neg_le

Hint: Omit it from the simp argument list.
  [apply] simp only [literalStageFourierModes, Finset.mem_pi, Finset.mem_univ, true_implies, Finset.mem_Icc]

Note: This linter can be disabled with `set_option linter.unusedSimpArgs false`
PrimalitySheafVerification/Mock2_FunctionalAnalysis.lean:51438:6: error(lean.synthInstanceFailed): failed to synthesize instance of type class
  Decidable (i ∈ s)

Hint: Type class instance resolution failures can be inspected with the `set_option trace.Meta.synthInstance true` command.
PrimalitySheafVerification/Mock2_FunctionalAnalysis.lean:51438:42: error: unsolved goals
case pos
I : Type u_1
E : Type u_2
inst✝² : NormedAddCommGroup E
inst✝¹ : InnerProductSpace ℂ E
inst✝ : CompleteSpace E
b : HilbertBasis I ℂ E
s : Finset I
f : E
i : I
hi : i ∈ s
⊢ (∑ i ∈ s, ⟪b i, f⟫_ℂ • ↑(lp.single 2 i 1)) i - ↑(b.repr f) i = sorry ()

case neg
I : Type u_1
E : Type u_2
inst✝² : NormedAddCommGroup E
inst✝¹ : InnerProductSpace ℂ E
inst✝ : CompleteSpace E
b : HilbertBasis I ℂ E
s : Finset I
f : E
i : I
hi : i ∉ s
⊢ (∑ i ∈ s, ⟪b i, f⟫_ℂ • ↑(lp.single 2 i 1)) i - ↑(b.repr f) i = sorry ()
PrimalitySheafVerification/Mock2_FunctionalAnalysis.lean:51442:47: warning: This simp argument is unused:
  lp.single_apply

Hint: Omit it from the simp argument list.
  [apply] simp [P5LocalFourierRellich.finiteHilbertProjection_apply, map_sub, map_sum, map_smul, b.repr_self, hi]

Note: This linter can be disabled with `set_option linter.unusedSimpArgs false`
PrimalitySheafVerification/Mock2_FunctionalAnalysis.lean:51442:64: warning: This simp argument is unused:
  hi

Hint: Omit it from the simp argument list.
  [apply] simp [P5LocalFourierRellich.finiteHilbertProjection_apply, map_sub, map_sum, map_smul, b.repr_self,
    lp.single_apply]

Note: This linter can be disabled with `set_option linter.unusedSimpArgs false`
PrimalitySheafVerification/Mock2_FunctionalAnalysis.lean:51473:6: error: unsolved goals
case pos
I : Type u_1
E : Type u_2
inst✝² : NormedAddCommGroup E
inst✝¹ : InnerProductSpace ℂ E
inst✝ : CompleteSpace E
b : HilbertBasis I ℂ E
s : Finset I
f g₀ g₁ : E
delta : ℝ
hdelta : 0 ≤ delta
hcoeff : ∀ i ∉ s, ‖↑(b.repr f) i‖ ^ 2 ≤ delta ^ 2 * (‖↑(b.repr g₀) i‖ ^ 2 + ‖↑(b.repr g₁) i‖ ^ 2)
t : Finset I
hsum₀ : ∑ x ∈ t, ‖↑(b.repr g₀) x‖ ^ 2 ≤ ‖b.repr g₀‖ ^ 2
hsum₁ : ∑ x ∈ t, ‖↑(b.repr g₁) x‖ ^ 2 ≤ ‖b.repr g₁‖ ^ 2
i : I
hi : i ∈ t
his : i ∈ s
⊢ ‖sorry ()‖ ^ 2 ≤ delta ^ 2 * (‖↑(b.repr g₀) i‖ ^ 2 + ‖↑(b.repr g₁) i‖ ^ 2)
PrimalitySheafVerification/Mock2_FunctionalAnalysis.lean:51478:10: error: Tactic `rewrite` failed: Did not find an occurrence of the pattern
  ?a * ∑ i ∈ ?s, ?f i
in the target expression
  ∑ i ∈ t, delta ^ 2 * (‖↑(b.repr g₀) i‖ ^ 2 + ‖↑(b.repr g₁) i‖ ^ 2) =
    delta ^ 2 * (∑ i ∈ t, ‖↑(b.repr g₀) i‖ ^ 2 + ∑ i ∈ t, ‖↑(b.repr g₁) i‖ ^ 2)

I : Type u_1
E : Type u_2
inst✝² : NormedAddCommGroup E
inst✝¹ : InnerProductSpace ℂ E
inst✝ : CompleteSpace E
b : HilbertBasis I ℂ E
s : Finset I
f g₀ g₁ : E
delta : ℝ
hdelta : 0 ≤ delta
hcoeff : ∀ i ∉ s, ‖↑(b.repr f) i‖ ^ 2 ≤ delta ^ 2 * (‖↑(b.repr g₀) i‖ ^ 2 + ‖↑(b.repr g₁) i‖ ^ 2)
t : Finset I
hsum₀ : ∑ x ∈ t, ‖↑(b.repr g₀) x‖ ^ 2 ≤ ‖b.repr g₀‖ ^ 2
hsum₁ : ∑ x ∈ t, ‖↑(b.repr g₁) x‖ ^ 2 ≤ ‖b.repr g₁‖ ^ 2
⊢ ∑ i ∈ t, delta ^ 2 * (‖↑(b.repr g₀) i‖ ^ 2 + ‖↑(b.repr g₁) i‖ ^ 2) =
    delta ^ 2 * (∑ i ∈ t, ‖↑(b.repr g₀) i‖ ^ 2 + ∑ i ∈ t, ‖↑(b.repr g₁) i‖ ^ 2)

Note: The target expression is not type-correct under the `implicit` transparency level, which may have triggered the failure. This is usually caused by unfolding of semireducible definitions in prior tactic steps. Use `set_option linter.tacticCheckInstances true` to investigate the source of the issue.
Full error:
  Application type mismatch: The argument
    fun x => x ∈ lp (fun x => ℂ) 2
  has type
    (PreLp fun x => ℂ) → Prop
  but is expected to have type
    ((i : I) → (fun x => ℂ) i) → Prop
  in the application
    @Subtype.val ((i : I) → (fun x => ℂ) i) fun x => x ∈ lp (fun x => ℂ) 2
PrimalitySheafVerification/Mock2_FunctionalAnalysis.lean:51486:6: error: Type mismatch
  add_le_add hsum₀ hsum₁
has type
  ∑ x ∈ t, ‖↑(b.repr g₀) x‖ ^ 2 + ∑ x ∈ t, ‖↑(b.repr g₁) x‖ ^ 2 ≤ ‖b.repr g₀‖ ^ 2 + ‖b.repr g₁‖ ^ 2
but is expected to have type
  ∑ i ∈ t, ‖↑(b.repr g₀) i‖ ^ 2 ≤ ‖g₀‖ ^ 2
PrimalitySheafVerification/Mock2_FunctionalAnalysis.lean:51473:14: warning: This simp argument is unused:
  his

Hint: Omit it from the simp argument list.
  [apply] simp [hdelta]

Note: This linter can be disabled with `set_option linter.unusedSimpArgs false`
PrimalitySheafVerification/Mock2_FunctionalAnalysis.lean:51473:19: warning: This simp argument is unused:
  hdelta

Hint: Omit it from the simp argument list.
  [apply] simp [his]

Note: This linter can be disabled with `set_option linter.unusedSimpArgs false`
PrimalitySheafVerification/Mock2_FunctionalAnalysis.lean:51524:8: error: typeclass instance problem is stuck
  MeasurableConstSMul ?m.23 ℂ

Note: Lean will not try to resolve this typeclass instance problem because the first and third type arguments to `MeasurableConstSMul` are metavariables. These arguments must be fully determined before Lean will try to resolve the typeclass.

Hint: Adding type annotations and supplying implicit arguments to functions can give Lean more information for typeclass resolution. For example, if you have a variable `x` that you intend to be a `Nat`, but Lean reports it as having an unresolved type like `?m`, replacing `x` with `(x : Nat)` can get typeclass resolution un-stuck.
PrimalitySheafVerification/Mock2_FunctionalAnalysis.lean:51569:15: error: Application type mismatch: The argument
  fun t => ?m.21
has type
  (t : ?m.19) → ?m.22 t
but is expected to have type
  ↑↑?m.17 =ᵐ[?m.15] ↑↑?m.18
in the application
  Lp.ext fun t => ?m.21
PrimalitySheafVerification/Mock2_FunctionalAnalysis.lean:51570:2: error: No goals to be solved
PrimalitySheafVerification/Mock2_FunctionalAnalysis.lean:51582:15: error: Application type mismatch: The argument
  fun t => ?m.21
has type
  (t : ?m.19) → ?m.22 t
but is expected to have type
  ↑↑?m.17 =ᵐ[?m.15] ↑↑?m.18
in the application
  Lp.ext fun t => ?m.21
PrimalitySheafVerification/Mock2_FunctionalAnalysis.lean:51583:2: error: No goals to be solved
PrimalitySheafVerification/Mock2_FunctionalAnalysis.lean:51593:8: error: typeclass instance problem is stuck
  InnerProductSpace ?m.47 ↥P5LocalFourierRellich.TwoTorusL2

Note: Lean will not try to resolve this typeclass instance problem because the first and third type arguments to `InnerProductSpace` are metavariables. These arguments must be fully determined before Lean will try to resolve the typeclass.

Hint: Adding type annotations and supplying implicit arguments to functions can give Lean more information for typeclass resolution. For example, if you have a variable `x` that you intend to be a `Nat`, but Lean reports it as having an unresolved type like `?m`, replacing `x` with `(x : Nat)` can get typeclass resolution un-stuck.
PrimalitySheafVerification/Mock2_FunctionalAnalysis.lean:51607:6: error: Tactic `rewrite` failed: Did not find an occurrence of the pattern
  ∫ (x : UnitAddTorus (Fin 2)), ‖literalStageTorusRepresentative Y v x‖ ^ 2
in the target expression
  ∫ (t : P5LocalFourierRellich.TwoTorus), ‖literalStageTorusRepresentative Y v t‖ ^ 2 =
    ∫ (x : Fin 2 → ℝ) in literalStageUnitPiBox, ‖v (literalStageFourierScale Y • Complex.measurableEquivPi.symm x)‖ ^ 2

Y : ℝ
v : AmbientTestCore
⊢ ∫ (t : P5LocalFourierRellich.TwoTorus), ‖literalStageTorusRepresentative Y v t‖ ^ 2 =
    ∫ (x : Fin 2 → ℝ) in literalStageUnitPiBox, ‖v (literalStageFourierScale Y • Complex.measurableEquivPi.symm x)‖ ^ 2
PrimalitySheafVerification/Mock2_FunctionalAnalysis.lean:51655:17: error(lean.unknownIdentifier): Unknown constant `Module.finrank_complex_real`
PrimalitySheafVerification/Mock2_FunctionalAnalysis.lean:51650:23: error: unsolved goals
Y : ℝ
v : AmbientTestCore
⊢ (literalStageFourierScale Y ^ Module.finrank ℝ ℂ)⁻¹ •
      ∫ (x : ℂ) in literalStageFourierScale Y • ⇑Complex.measurableEquivPi.symm '' literalStageUnitPiBox, ‖v x‖ ^ 2 =
    (literalStageFourierScale Y ^ 2)⁻¹ *
      ∫ (x : ℂ) in literalStageFourierScale Y • ⇑Complex.measurableEquivPi.symm '' literalStageUnitPiBox, ‖v x‖ ^ 2
PrimalitySheafVerification/Mock2_FunctionalAnalysis.lean:51659:6: error: Type mismatch
  setIntegral_le_integral (ambientTestCore_normSq_integrable v) (Eventually.of_forall fun w => sq_nonneg ‖v w‖)
has type
  ∫ (x : ℂ) in ?m.441, ‖v x‖ ^ 2 ≤ ∫ (x : ℂ), ‖v x‖ ^ 2
but is expected to have type
  0 ≤ᵐ[volume] fun w => ‖v w‖ ^ 2
PrimalitySheafVerification/Mock2_FunctionalAnalysis.lean:51699:17: error(lean.unknownIdentifier): Unknown constant `Module.finrank_complex_real`
PrimalitySheafVerification/Mock2_FunctionalAnalysis.lean:51694:23: error: unsolved goals
Y : ℝ
v : AmbientTestCore
⊢ (literalStageFourierScale Y ^ Module.finrank ℝ ℂ)⁻¹ •
      ∫ (x : ℂ) in literalStageFourierScale Y • ⇑Complex.measurableEquivPi.symm '' literalStageUnitPiBox, ‖v x‖ ^ 2 =
    (literalStageFourierScale Y ^ 2)⁻¹ *
      ∫ (x : ℂ) in literalStageFourierScale Y • ⇑Complex.measurableEquivPi.symm '' literalStageUnitPiBox, ‖v x‖ ^ 2
PrimalitySheafVerification/Mock2_FunctionalAnalysis.lean:51738:2: error(lean.synthInstanceFailed): failed to synthesize instance of type class
  Decidable (w ∈ literalStageFourierBox Y)

Hint: Type class instance resolution failures can be inspected with the `set_option trace.Meta.synthInstance true` command.
PrimalitySheafVerification/Mock2_FunctionalAnalysis.lean:51749:4: error: Application type mismatch: The argument
  Measurable.comp (Continuous.measurable (ContinuousMap.continuous (UnitAddTorus.mFourier k)))
has type
  Measurable ?m.58 → Measurable (⇑(UnitAddTorus.mFourier k) ∘ ?m.58)
but is expected to have type
  Measurable ?m.34
in the application
  Measurable.mul measurable_const
    (Measurable.comp (Continuous.measurable (ContinuousMap.continuous (UnitAddTorus.mFourier k))))
PrimalitySheafVerification/Mock2_FunctionalAnalysis.lean:51759:2: error: `simp` made no progress
PrimalitySheafVerification/Mock2_FunctionalAnalysis.lean:51759:13: warning: declaration uses `sorry`
PrimalitySheafVerification/Mock2_FunctionalAnalysis.lean:51781:4: error: Tactic `split_ifs` failed: no if-then-else conditions to split

Y : ℝ
k : Fin 2 → ℤ
w : ℂ
⊢ ‖sorry‖ ≤ (literalStageFourierScale Y)⁻¹
PrimalitySheafVerification/Mock2_FunctionalAnalysis.lean:51821:4: warning: `ContinuousLinearMap.sum_apply` has been deprecated: Use `sum_apply` instead

Note: The updated constant is in a different namespace. Dot notation may need to be changed (e.g., from `x.sum_apply` to `sum_apply x`).
PrimalitySheafVerification/Mock2_FunctionalAnalysis.lean:51871:15: error(lean.synthInstanceFailed): failed to synthesize instance of type class
  MulRightStrictMono ℝ

Hint: Type class instance resolution failures can be inspected with the `set_option trace.Meta.synthInstance true` command.
PrimalitySheafVerification/Mock2_FunctionalAnalysis.lean:51872:8: error: No goals to be solved
PrimalitySheafVerification/Mock2_FunctionalAnalysis.lean:51873:65: error(lean.invalidField): Invalid field `mp`: The environment does not contain `Function.mp`, so it is not possible to project the field `mp` from an expression
  mul_le_mul_left ?m.83
of type
  ∀ (a : ?m.77), ?m.81 * a ≤ ?m.82 * a
PrimalitySheafVerification/Mock2_FunctionalAnalysis.lean:51873:31: error: Application type mismatch: The argument
  literalStageFourierScale_pos Y
has type
  0 < literalStageFourierScale Y
but is expected to have type
  ?m.81 ≤ ?m.82
in the application
  mul_le_mul_left (literalStageFourierScale_pos Y)
PrimalitySheafVerification/Mock2_FunctionalAnalysis.lean:51884:69: error(lean.invalidField): Invalid field `and`: The environment does not contain `Real.lt.and`, so it is not possible to project the field `and` from an expression
  mul_lt_mul_of_pos_left hi.left (literalStageFourierScale_pos Y)
of type
  Real.lt✝ (literalStageFourierScale Y * -(1 / 2)) (literalStageFourierScale Y * x i)
PrimalitySheafVerification/Mock2_FunctionalAnalysis.lean:51923:2: error: linarith failed to find a contradiction
case h2
Y : ℝ
v : AmbientTestCore
hv : tsupport ⇑v ⊆ literalStageFourierBox Y
htorus :
  ‖literalStageTorusTest Y v‖ ^ 2 = literalStageFourierScale Y ^ (-2) * ∫ (w : ℂ) in literalStageFourierBox Y, ‖v w‖ ^ 2
hplane : ‖ambientTestCoreToPlaneL2Linear v‖ ^ 2 = ∫ (w : ℂ), ‖v w‖ ^ 2
hmass : ∫ (w : ℂ), ‖v w‖ ^ 2 = ∫ (w : ℂ) in literalStageFourierBox Y, ‖v w‖ ^ 2
hsq : ‖ambientTestCoreToPlaneL2Linear v‖ ^ 2 = literalStageFourierScale Y ^ 2 * ‖literalStageTorusTest Y v‖ ^ 2
hL : 0 < literalStageFourierScale Y
hleft : 0 ≤ ‖ambientTestCoreToPlaneL2Linear v‖
hright : 0 ≤ ‖literalStageTorusTest Y v‖
a✝ : literalStageFourierScale Y * ‖literalStageTorusTest Y v‖ < ‖ambientTestCoreToPlaneL2Linear v‖
⊢ False
failed
PrimalitySheafVerification/Mock2_FunctionalAnalysis.lean:51944:13: error(lean.synthInstanceFailed): failed to synthesize instance of type class
  MulRightStrictMono ℝ

Hint: Type class instance resolution failures can be inspected with the `set_option trace.Meta.synthInstance true` command.
PrimalitySheafVerification/Mock2_FunctionalAnalysis.lean:51945:6: error: No goals to be solved
PrimalitySheafVerification/Mock2_FunctionalAnalysis.lean:51946:63: error(lean.invalidField): Invalid field `mp`: The environment does not contain `Function.mp`, so it is not possible to project the field `mp` from an expression
  mul_le_mul_left ?m.95
of type
  ∀ (a : ?m.89), ?m.93 * a ≤ ?m.94 * a
PrimalitySheafVerification/Mock2_FunctionalAnalysis.lean:51946:29: error: Application type mismatch: The argument
  literalStageFourierScale_pos Y
has type
  0 < literalStageFourierScale Y
but is expected to have type
  ?m.93 ≤ ?m.94
in the application
  mul_le_mul_left (literalStageFourierScale_pos Y)
PrimalitySheafVerification/Mock2_FunctionalAnalysis.lean:51948:6: error: Tactic `rewrite` failed: Did not find an occurrence of the pattern
  ↑((AddCircle.equivIoc 1 (-(1 / 2))) ↑((literalStageFourierScale Y)⁻¹ * Complex.measurableEquivPi w i))
in the target expression
  ![(literalStageFourierScale Y •
            Complex.measurableEquivPi.symm
              ↑⟨fun i => ↑((AddCircle.equivIoc 1 (-(1 / 2))) (literalStagePhysicalTorusPoint Y w i)), ⋯⟩).re,
        (literalStageFourierScale Y •
            Complex.measurableEquivPi.symm
              ↑⟨fun i => ↑((AddCircle.equivIoc 1 (-(1 / 2))) (literalStagePhysicalTorusPoint Y w i)), ⋯⟩).im]
      i =
    ![w.re, w.im] i

Y : ℝ
w : ℂ
hw : w ∈ literalStageFourierBox Y
i : Fin 2
hi : Complex.measurableEquivPi w i ∈ Ioc (-(literalStageFourierScale Y / 2)) (literalStageFourierScale Y / 2)
hscaled : (literalStageFourierScale Y)⁻¹ * Complex.measurableEquivPi w i ∈ Ioc (-(1 / 2)) (1 / 2)
⊢ ![(literalStageFourierScale Y •
            Complex.measurableEquivPi.symm
              ↑⟨fun i => ↑((AddCircle.equivIoc 1 (-(1 / 2))) (literalStagePhysicalTorusPoint Y w i)), ⋯⟩).re,
        (literalStageFourierScale Y •
            Complex.measurableEquivPi.symm
              ↑⟨fun i => ↑((AddCircle.equivIoc 1 (-(1 / 2))) (literalStagePhysicalTorusPoint Y w i)), ⋯⟩).im]
      i =
    ![w.re, w.im] i
PrimalitySheafVerification/Mock2_FunctionalAnalysis.lean:51936:4: warning: This simp argument is unused:
  literalStagePhysicalTorusPoint

Hint: Omit it from the simp argument list.
  [apply] simp only [literalStageTorusPoint, literalStageTorusCoordinate, Complex.measurableEquivPi_apply]

Note: This linter can be disabled with `set_option linter.unusedSimpArgs false`
PrimalitySheafVerification/Mock2_FunctionalAnalysis.lean:51977:2: error: `fun_prop` was unable to prove `Differentiable ℝ fun w =>
  (↑(literalStageFourierScale Y))⁻¹ * (fourier (-k 0)) ↑((literalStageFourierScale Y)⁻¹ * w.re) *
    (fourier (-k 1)) ↑((literalStageFourierScale Y)⁻¹ * w.im)`

Issues:
  No theorems found for `fourier` in order to prove `Differentiable ℝ fun i2 => (fourier (-k 0)) i2`
  No theorems found for `fourier` in order to prove `Differentiable ℝ fun i => (fourier (-k 0)) ↑((literalStageFourierScale Y)⁻¹ * i.re)`
  No theorems found for `fourier` in order to prove `Differentiable ℝ fun y2 => (fourier (-k 0)) y2`
  No theorems found for `fourier` in order to prove `Differentiable ℝ fun y => (fourier (-k 0)) ↑((literalStageFourierScale Y)⁻¹ * y.re)`
PrimalitySheafVerification/Mock2_FunctionalAnalysis.lean:51984:6: warning: declaration uses `sorry`
PrimalitySheafVerification/Mock2_FunctionalAnalysis.lean:51979:8: warning: declaration uses `sorry`
PrimalitySheafVerification/Mock2_FunctionalAnalysis.lean:51981:5: warning: Variable name `hw` is not explicitly referenced.

Hint: The binding can be removed (if unused) or named `_` (if used implicitly). Alternatively, prefix the name with `_` to silence this warning:
  [apply] _hw

Note: This linter can be disabled with `set_option linter.unusedVariables false`
PrimalitySheafVerification/Mock2_FunctionalAnalysis.lean:51985:2: warning: 'simp only [literalStageNegativePlaneWave, literalStagePhysicalTorusPoint, UnitAddTorus.mFourier_neg,
  UnitAddTorus.mFourier, ContinuousMap.coe_mk, map_mul, Complex.conj_inv, Complex.conj_ofReal, map_prod,
  Pi.neg_apply]' tactic does nothing

Note: This linter can be disabled with `set_option linter.unusedTactic false`
PrimalitySheafVerification/Mock2_FunctionalAnalysis.lean:51989:2: warning: 'rw [show
    (∏ i : Fin 2,
        fourier (-(k i)) (((literalStageFourierScale Y)⁻¹ * Complex.measurableEquivPi w i : ℝ) : UnitAddCircle)) =
      fourier (-(k 0)) (((literalStageFourierScale Y)⁻¹ * w.re : ℝ) : UnitAddCircle) *
        fourier (-(k 1)) (((literalStageFourierScale Y)⁻¹ * w.im : ℝ) : UnitAddCircle)
    by
    rw [Fin.prod_univ_two]
    rfl]' tactic does nothing

Note: This linter can be disabled with `set_option linter.unusedTactic false`
PrimalitySheafVerification/Mock2_FunctionalAnalysis.lean:51999:2: warning: 'ring' tactic does nothing

Note: This linter can be disabled with `set_option linter.unusedTactic false`
PrimalitySheafVerification/Mock2_FunctionalAnalysis.lean:51985:2: warning: this tactic is never executed

Note: This linter can be disabled with `set_option linter.unreachableTactic false`
PrimalitySheafVerification/Mock2_FunctionalAnalysis.lean:51989:2: warning: this tactic is never executed

Note: This linter can be disabled with `set_option linter.unreachableTactic false`
PrimalitySheafVerification/Mock2_FunctionalAnalysis.lean:51999:2: warning: this tactic is never executed

Note: This linter can be disabled with `set_option linter.unreachableTactic false`
PrimalitySheafVerification/Mock2_FunctionalAnalysis.lean:52009:57: error(lean.invalidField): Invalid field `differentiableAt`: The environment does not contain `Exists.differentiableAt`, so it is not possible to project the field `differentiableAt` from an expression
  literalStageNegativePlaneWave_differentiable Y k w
of type
  ∃ f', HasFDerivAt (literalStageNegativePlaneWave Y k) f' w
PrimalitySheafVerification/Mock2_FunctionalAnalysis.lean:52007:47: error: unsolved goals
Y : ℝ
k : Fin 2 → ℤ
w : ℂ
⊢ (fderiv ℝ (literalStageNegativePlaneWave Y k) w) 1 =
    -2 * ↑Real.pi * Complex.I * ↑(k 0) / ↑(literalStageFourierScale Y) * literalStageNegativePlaneWave Y k w
PrimalitySheafVerification/Mock2_FunctionalAnalysis.lean:52034:57: error(lean.invalidField): Invalid field `differentiableAt`: The environment does not contain `Exists.differentiableAt`, so it is not possible to project the field `differentiableAt` from an expression
  literalStageNegativePlaneWave_differentiable Y k w
of type
  ∃ f', HasFDerivAt (literalStageNegativePlaneWave Y k) f' w
PrimalitySheafVerification/Mock2_FunctionalAnalysis.lean:52032:47: error: unsolved goals
Y : ℝ
k : Fin 2 → ℤ
w : ℂ
⊢ (fderiv ℝ (literalStageNegativePlaneWave Y k) w) Complex.I =
    -2 * ↑Real.pi * Complex.I * ↑(k 1) / ↑(literalStageFourierScale Y) * literalStageNegativePlaneWave Y k w
PrimalitySheafVerification/Mock2_FunctionalAnalysis.lean:52064:4: error: Application type mismatch: The argument
  Continuous.integrable_of_hasCompactSupport
    (Continuous.mul (literalStageNegativePlaneWave_continuous Y k) (TestFunction.continuous v))
has type
  HasCompactSupport (literalStageNegativePlaneWave Y k * ⇑v) → Integrable (literalStageNegativePlaneWave Y k * ⇑v) ?m.92
but is expected to have type
  Integrable (fun x => (fderiv ℝ ?m.67 x) 1 * ?m.68 x) volume
in the application
  integral_mul_fderiv_eq_neg_fderiv_mul_of_integrable
    (Continuous.integrable_of_hasCompactSupport
      (Continuous.mul (literalStageNegativePlaneWave_continuous Y k) (TestFunction.continuous v)))
PrimalitySheafVerification/Mock2_FunctionalAnalysis.lean:52068:8: error(lean.unknownIdentifier): Unknown constant `DifferentiableAt.integrable_of_hasCompactSupport`

Note: Inferred this name from the expected resulting type of `.integrable_of_hasCompactSupport`:
  ∀ x ∈ tsupport ?m.68, DifferentiableAt ℝ ?m.67 x
PrimalitySheafVerification/Mock2_FunctionalAnalysis.lean:52068:8: error(lean.unknownIdentifier): Unknown constant `Exists.integrable_of_hasCompactSupport`

Note: Inferred this name from the expected resulting type of `.integrable_of_hasCompactSupport`:
  ∀ x ∈ tsupport ?m.68, DifferentiableAt ℝ ?m.67 x
PrimalitySheafVerification/Mock2_FunctionalAnalysis.lean:52061:62: error: unsolved goals
Y : ℝ
k : Fin 2 → ℤ
v : AmbientTestCore
⊢ ∫ (w : ℂ), literalStageNegativePlaneWave Y k w * (HalfWeightCompactCoordinateGreen.dx v) w =
    2 * ↑Real.pi * Complex.I * ↑(k 0) / ↑(literalStageFourierScale Y) *
      ∫ (w : ℂ), literalStageNegativePlaneWave Y k w * v w
PrimalitySheafVerification/Mock2_FunctionalAnalysis.lean:52089:4: error: Application type mismatch: The argument
  Continuous.integrable_of_hasCompactSupport
    (Continuous.mul (literalStageNegativePlaneWave_continuous Y k) (TestFunction.continuous v))
has type
  HasCompactSupport (literalStageNegativePlaneWave Y k * ⇑v) → Integrable (literalStageNegativePlaneWave Y k * ⇑v) ?m.90
but is expected to have type
  Integrable (fun x => (fderiv ℝ ?m.67 x) Complex.I * ?m.68 x) volume
in the application
  integral_mul_fderiv_eq_neg_fderiv_mul_of_integrable
    (Continuous.integrable_of_hasCompactSupport
      (Continuous.mul (literalStageNegativePlaneWave_continuous Y k) (TestFunction.continuous v)))
PrimalitySheafVerification/Mock2_FunctionalAnalysis.lean:52093:8: error(lean.unknownIdentifier): Unknown constant `DifferentiableAt.integrable_of_hasCompactSupport`

Note: Inferred this name from the expected resulting type of `.integrable_of_hasCompactSupport`:
  ∀ x ∈ tsupport ?m.68, DifferentiableAt ℝ ?m.67 x
PrimalitySheafVerification/Mock2_FunctionalAnalysis.lean:52093:8: error(lean.unknownIdentifier): Unknown constant `Exists.integrable_of_hasCompactSupport`

Note: Inferred this name from the expected resulting type of `.integrable_of_hasCompactSupport`:
  ∀ x ∈ tsupport ?m.68, DifferentiableAt ℝ ?m.67 x
PrimalitySheafVerification/Mock2_FunctionalAnalysis.lean:52086:62: error: unsolved goals
Y : ℝ
k : Fin 2 → ℤ
v : AmbientTestCore
⊢ ∫ (w : ℂ), literalStageNegativePlaneWave Y k w * (HalfWeightCompactCoordinateGreen.dy v) w =
    2 * ↑Real.pi * Complex.I * ↑(k 1) / ↑(literalStageFourierScale Y) *
      ∫ (w : ℂ), literalStageNegativePlaneWave Y k w * v w
PrimalitySheafVerification/Mock2_FunctionalAnalysis.lean:52121:4: error: Tactic `rfl` failed: The left-hand side
  ⟪literalStagePlaneWaveRepresentative Y k w, v w⟫_ℂ
is not definitionally equal to the right-hand side
  star (literalStagePlaneWaveRepresentative Y k w) * v w

case pos
Y : ℝ
k : Fin 2 → ℤ
v : AmbientTestCore
hv : tsupport ⇑v ⊆ literalStageFourierBox Y
w : ℂ
hwave : ↑↑(literalStagePlaneWave Y k) w = literalStagePlaneWaveRepresentative Y k w
hvw : ↑↑(ambientTestCoreToPlaneL2Linear v) w = v w
hw : w ∈ literalStageFourierBox Y
⊢ ⟪literalStagePlaneWaveRepresentative Y k w, v w⟫_ℂ = star (literalStagePlaneWaveRepresentative Y k w) * v w
PrimalitySheafVerification/Mock2_FunctionalAnalysis.lean:52125:10: warning: declaration uses `sorry`
PrimalitySheafVerification/Mock2_FunctionalAnalysis.lean:52125:47: warning: This simp argument is unused:
  hw

Hint: Omit it from the simp argument list.
  [apply] simp [literalStagePlaneWaveRepresentative, hv0]

Note: This linter can be disabled with `set_option linter.unusedSimpArgs false`
PrimalitySheafVerification/Mock2_FunctionalAnalysis.lean:52138:4: error: Tactic `rewrite` failed: Did not find an occurrence of the pattern
  ↑(UnitAddTorus.mFourierBasis.repr ?f) ?i
in the target expression
  ∫ (a : ℂ), ⟪↑↑(literalStagePlaneWave Y k) a, ↑↑(ambientTestCoreToPlaneL2Linear v) a⟫_ℂ =
    ↑(literalStageFourierScale Y) * UnitAddTorus.mFourierCoeff (↑↑(literalStageTorusTest Y v)) k

Y : ℝ
k : Fin 2 → ℤ
v : AmbientTestCore
hv : tsupport ⇑v ⊆ literalStageFourierBox Y
⊢ ∫ (a : ℂ), ⟪↑↑(literalStagePlaneWave Y k) a, ↑↑(ambientTestCoreToPlaneL2Linear v) a⟫_ℂ =
    ↑(literalStageFourierScale Y) * UnitAddTorus.mFourierCoeff (↑↑(literalStageTorusTest Y v)) k
PrimalitySheafVerification/Mock2_FunctionalAnalysis.lean:52190:6: error: Tactic `rewrite` failed: Did not find an occurrence of the pattern
  ?f (?c • ?x)
in the target expression
  UnitAddTorus.mFourierCoeff
      (↑↑(↑(literalStageFourierScale Y) • literalStageTorusTest Y (HalfWeightCompactCoordinateGreen.dx v))) k =
    2 * ↑Real.pi * Complex.I * ↑(k 0) * UnitAddTorus.mFourierCoeff (↑↑(literalStageTorusTest Y v)) k

Y : ℝ
k : Fin 2 → ℤ
v : AmbientTestCore
hv : tsupport ⇑v ⊆ literalStageFourierBox Y
hdx : tsupport ⇑(HalfWeightCompactCoordinateGreen.dx v) ⊆ literalStageFourierBox Y
hbase :
  ⟪literalStagePlaneWave Y k, ambientTestCoreToPlaneL2Linear v⟫_ℂ =
    ↑(literalStageFourierScale Y) * UnitAddTorus.mFourierCoeff (↑↑(literalStageTorusTest Y v)) k
hder :
  ⟪literalStagePlaneWave Y k, ambientTestCoreToPlaneL2Linear (HalfWeightCompactCoordinateGreen.dx v)⟫_ℂ =
    ↑(literalStageFourierScale Y) *
      UnitAddTorus.mFourierCoeff (↑↑(literalStageTorusTest Y (HalfWeightCompactCoordinateGreen.dx v))) k
⊢ UnitAddTorus.mFourierCoeff
      (↑↑(↑(literalStageFourierScale Y) • literalStageTorusTest Y (HalfWeightCompactCoordinateGreen.dx v))) k =
    2 * ↑Real.pi * Complex.I * ↑(k 0) * UnitAddTorus.mFourierCoeff (↑↑(literalStageTorusTest Y v)) k
PrimalitySheafVerification/Mock2_FunctionalAnalysis.lean:52239:6: error: Tactic `rewrite` failed: Did not find an occurrence of the pattern
  ?f (?c • ?x)
in the target expression
  UnitAddTorus.mFourierCoeff
      (↑↑(↑(literalStageFourierScale Y) • literalStageTorusTest Y (HalfWeightCompactCoordinateGreen.dy v))) k =
    2 * ↑Real.pi * Complex.I * ↑(k 1) * UnitAddTorus.mFourierCoeff (↑↑(literalStageTorusTest Y v)) k

Y : ℝ
k : Fin 2 → ℤ
v : AmbientTestCore
hv : tsupport ⇑v ⊆ literalStageFourierBox Y
hdy : tsupport ⇑(HalfWeightCompactCoordinateGreen.dy v) ⊆ literalStageFourierBox Y
hbase :
  ⟪literalStagePlaneWave Y k, ambientTestCoreToPlaneL2Linear v⟫_ℂ =
    ↑(literalStageFourierScale Y) * UnitAddTorus.mFourierCoeff (↑↑(literalStageTorusTest Y v)) k
hder :
  ⟪literalStagePlaneWave Y k, ambientTestCoreToPlaneL2Linear (HalfWeightCompactCoordinateGreen.dy v)⟫_ℂ =
    ↑(literalStageFourierScale Y) *
      UnitAddTorus.mFourierCoeff (↑↑(literalStageTorusTest Y (HalfWeightCompactCoordinateGreen.dy v))) k
⊢ UnitAddTorus.mFourierCoeff
      (↑↑(↑(literalStageFourierScale Y) • literalStageTorusTest Y (HalfWeightCompactCoordinateGreen.dy v))) k =
    2 * ↑Real.pi * Complex.I * ↑(k 1) * UnitAddTorus.mFourierCoeff (↑↑(literalStageTorusTest Y v)) k
PrimalitySheafVerification/Mock2_FunctionalAnalysis.lean:52284:10: error: Tactic `rewrite` failed: Did not find an occurrence of the pattern
  literalStageFourierScale Y • ⇑Complex.measurableEquivPi.symm '' literalStageUnitPiBox
in the target expression
  ∫ (w : ℂ), ⟪↑↑(literalStagePlaneWave Y k) w, ↑↑(literalStagePlaneWave Y l) w⟫_ℂ =
    ∫ (a : UnitAddTorus (Fin 2)), ⟪↑↑(UnitAddTorus.mFourierLp 2 k) a, ↑↑(UnitAddTorus.mFourierLp 2 l) a⟫_ℂ

Y : ℝ
k l : Fin 2 → ℤ
⊢ ∫ (w : ℂ), ⟪↑↑(literalStagePlaneWave Y k) w, ↑↑(literalStagePlaneWave Y l) w⟫_ℂ =
    ∫ (a : UnitAddTorus (Fin 2)), ⟪↑↑(UnitAddTorus.mFourierLp 2 k) a, ↑↑(UnitAddTorus.mFourierLp 2 l) a⟫_ℂ
Try this:
  [apply] ring_nf
  
  The `ring` tactic failed to close the goal. Use `ring_nf` to obtain a normal form.
    
  Note that `ring` works primarily in *commutative* rings. If you have a noncommutative ring, abelian group or module, consider using `noncomm_ring`, `abel` or `module` instead.
PrimalitySheafVerification/Mock2_FunctionalAnalysis.lean:52385:63: error: unsolved goals
I : Type u_1
E : Type u_2
inst✝¹ : NormedAddCommGroup E
inst✝ : InnerProductSpace ℂ E
e : I → E
he : Orthonormal ℂ e
s : Finset I
x : E
hPP : ⟪∑ i ∈ s, ⟪e i, x⟫_ℂ • e i, ∑ i ∈ s, ⟪e i, x⟫_ℂ • e i⟫_ℂ = ∑ i ∈ s, (starRingEnd ℂ) ⟪e i, x⟫_ℂ * ⟪e i, x⟫_ℂ
hPx : ⟪∑ i ∈ s, ⟪e i, x⟫_ℂ • e i, x⟫_ℂ = ∑ i ∈ s, (starRingEnd ℂ) ⟪e i, x⟫_ℂ * ⟪e i, x⟫_ℂ
i : I
hi : i ∈ s
⊢ (starRingEnd ℂ) ⟪x, e i⟫_ℂ * ⟪x, e i⟫_ℂ = (starRingEnd ℂ) ⟪x, e i⟫_ℂ * (starRingEnd ℂ) ((starRingEnd ℂ) ⟪x, e i⟫_ℂ)
PrimalitySheafVerification/Mock2_FunctionalAnalysis.lean:52391:49: error: Tactic `rewrite` failed: Did not find an occurrence of the pattern
  ⟪x, ∑ i ∈ s, ⟪e i, x⟫_ℂ • e i⟫_ℂ
in the target expression
  ∑ i ∈ s, (starRingEnd ℂ) ⟪e i, x⟫_ℂ * ⟪e i, x⟫_ℂ - ∑ i ∈ s, (starRingEnd ℂ) ⟪e i, x⟫_ℂ * ⟪e i, x⟫_ℂ -
      ⟪x, ∑ i ∈ s, ⟪e i, x⟫_ℂ • e i - x⟫_ℂ =
    ⟪x, x⟫_ℂ - ∑ i ∈ s, (starRingEnd ℂ) ⟪e i, x⟫_ℂ * ⟪e i, x⟫_ℂ

I : Type u_1
E : Type u_2
inst✝¹ : NormedAddCommGroup E
inst✝ : InnerProductSpace ℂ E
e : I → E
he : Orthonormal ℂ e
s : Finset I
x : E
hPP : ⟪∑ i ∈ s, ⟪e i, x⟫_ℂ • e i, ∑ i ∈ s, ⟪e i, x⟫_ℂ • e i⟫_ℂ = ∑ i ∈ s, (starRingEnd ℂ) ⟪e i, x⟫_ℂ * ⟪e i, x⟫_ℂ
hPx : ⟪∑ i ∈ s, ⟪e i, x⟫_ℂ • e i, x⟫_ℂ = ∑ i ∈ s, (starRingEnd ℂ) ⟪e i, x⟫_ℂ * ⟪e i, x⟫_ℂ
hxP : ⟪x, ∑ i ∈ s, ⟪e i, x⟫_ℂ • e i⟫_ℂ = ∑ i ∈ s, (starRingEnd ℂ) ⟪e i, x⟫_ℂ * ⟪e i, x⟫_ℂ
⊢ ∑ i ∈ s, (starRingEnd ℂ) ⟪e i, x⟫_ℂ * ⟪e i, x⟫_ℂ - ∑ i ∈ s, (starRingEnd ℂ) ⟪e i, x⟫_ℂ * ⟪e i, x⟫_ℂ -
      ⟪x, ∑ i ∈ s, ⟪e i, x⟫_ℂ • e i - x⟫_ℂ =
    ⟪x, x⟫_ℂ - ∑ i ∈ s, (starRingEnd ℂ) ⟪e i, x⟫_ℂ * ⟪e i, x⟫_ℂ
PrimalitySheafVerification/Mock2_FunctionalAnalysis.lean:52423:29: error: unsolved goals
Y : ℝ
N : ℕ
v : AmbientTestCore
hv : tsupport ⇑v ⊆ literalStageFourierBox Y
b : HilbertBasis (Fin 2 → ℤ) ℂ ↥P5LocalFourierRellich.TwoTorusL2 := P5LocalFourierRellich.twoTorusFourierBasis
s : Finset (Fin 2 → ℤ) := literalStageFourierModes N
F : ↥AmbientPlaneL2 := ambientTestCoreToPlaneL2Linear v
T : ↥P5LocalFourierRellich.TwoTorusL2 := literalStageTorusTest Y v
k : Fin 2 → ℤ
⊢ ↑(literalStageFourierScale Y) * UnitAddTorus.mFourierCoeff (↑↑T) k = ↑(literalStageFourierScale Y) * ↑(sorry.repr T) k
PrimalitySheafVerification/Mock2_FunctionalAnalysis.lean:52433:8: error: Tactic `rewrite` failed: Did not find an occurrence of the pattern
  RCLike.re ⟪?x, ?x⟫_?m.131
in the target expression
  ⟪F, F⟫_ℂ = ↑(literalStageFourierScale Y ^ 2) * ⟪T, T⟫_ℂ

Y : ℝ
N : ℕ
v : AmbientTestCore
hv : tsupport ⇑v ⊆ literalStageFourierBox Y
b : HilbertBasis (Fin 2 → ℤ) ℂ ↥P5LocalFourierRellich.TwoTorusL2 := P5LocalFourierRellich.twoTorusFourierBasis
s : Finset (Fin 2 → ℤ) := literalStageFourierModes N
F : ↥AmbientPlaneL2 := ambientTestCoreToPlaneL2Linear v
T : ↥P5LocalFourierRellich.TwoTorusL2 := literalStageTorusTest Y v
hcoeff : ∀ (k : Fin 2 → ℤ), ⟪literalStagePlaneWave Y k, F⟫_ℂ = ↑(literalStageFourierScale Y) * ⟪b k, T⟫_ℂ
hbase : ‖F‖ = literalStageFourierScale Y * ‖T‖
⊢ ⟪F, F⟫_ℂ = ↑(literalStageFourierScale Y ^ 2) * ⟪T, T⟫_ℂ
PrimalitySheafVerification/Mock2_FunctionalAnalysis.lean:52448:24: error(lean.unknownIdentifier): Unknown identifier `map_ofReal`
Try this:
  [apply] ring_nf
  
  The `ring` tactic failed to close the goal. Use `ring_nf` to obtain a normal form.
    
  Note that `ring` works primarily in *commutative* rings. If you have a noncommutative ring, abelian group or module, consider using `noncomm_ring`, `abel` or `module` instead.
PrimalitySheafVerification/Mock2_FunctionalAnalysis.lean:52443:65: error: unsolved goals
Y : ℝ
N : ℕ
v : AmbientTestCore
hv : tsupport ⇑v ⊆ literalStageFourierBox Y
b : HilbertBasis (Fin 2 → ℤ) ℂ ↥P5LocalFourierRellich.TwoTorusL2 := P5LocalFourierRellich.twoTorusFourierBasis
s : Finset (Fin 2 → ℤ) := literalStageFourierModes N
F : ↥AmbientPlaneL2 := ambientTestCoreToPlaneL2Linear v
T : ↥P5LocalFourierRellich.TwoTorusL2 := literalStageTorusTest Y v
hcoeff : ∀ (k : Fin 2 → ℤ), ⟪literalStagePlaneWave Y k, F⟫_ℂ = ↑(literalStageFourierScale Y) * ⟪b k, T⟫_ℂ
hbase : ‖F‖ = literalStageFourierScale Y * ‖T‖
hbaseInner : ⟪F, F⟫_ℂ = ↑(literalStageFourierScale Y ^ 2) * ⟪T, T⟫_ℂ
k : Fin 2 → ℤ
hk : k ∈ s
⊢ (starRingEnd ℂ) ↑(literalStageFourierScale Y) * (starRingEnd ℂ) ⟪b k, T⟫_ℂ * ↑(literalStageFourierScale Y) *
      ⟪b k, T⟫_ℂ =
    (starRingEnd ℂ) ⟪b k, T⟫_ℂ * ⟪b k, T⟫_ℂ * ↑(literalStageFourierScale Y ^ 2)
PrimalitySheafVerification/Mock2_FunctionalAnalysis.lean:52472:8: error: Tactic `rewrite` failed: Did not find an occurrence of the pattern
  RCLike.re ⟪?x, ?x⟫_?m.373
in the target expression
  ⟪(literalStagePlaneFiniteProjection Y N) F - F, (literalStagePlaneFiniteProjection Y N) F - F⟫_ℂ =
    ↑(literalStageFourierScale Y ^ 2) *
      ⟪(P5LocalFourierRellich.twoTorusFiniteFourierProjection s) T - T,
        (P5LocalFourierRellich.twoTorusFiniteFourierProjection s) T - T⟫_ℂ

Y : ℝ
N : ℕ
v : AmbientTestCore
hv : tsupport ⇑v ⊆ literalStageFourierBox Y
b : HilbertBasis (Fin 2 → ℤ) ℂ ↥P5LocalFourierRellich.TwoTorusL2 := P5LocalFourierRellich.twoTorusFourierBasis
s : Finset (Fin 2 → ℤ) := literalStageFourierModes N
F : ↥AmbientPlaneL2 := ambientTestCoreToPlaneL2Linear v
T : ↥P5LocalFourierRellich.TwoTorusL2 := literalStageTorusTest Y v
hcoeff : ∀ (k : Fin 2 → ℤ), ⟪literalStagePlaneWave Y k, F⟫_ℂ = ↑(literalStageFourierScale Y) * ⟪b k, T⟫_ℂ
hbase : ‖F‖ = literalStageFourierScale Y * ‖T‖
hbaseInner : ⟪F, F⟫_ℂ = ↑(literalStageFourierScale Y ^ 2) * ⟪T, T⟫_ℂ
hsum :
  ∑ k ∈ s, (starRingEnd ℂ) ⟪literalStagePlaneWave Y k, F⟫_ℂ * ⟪literalStagePlaneWave Y k, F⟫_ℂ =
    ↑(literalStageFourierScale Y ^ 2) * ∑ k ∈ s, (starRingEnd ℂ) ⟪b k, T⟫_ℂ * ⟪b k, T⟫_ℂ
hp :
  ⟪(literalStagePlaneFiniteProjection Y N) F - F, (literalStagePlaneFiniteProjection Y N) F - F⟫_ℂ =
    ⟪F, F⟫_ℂ - ∑ i ∈ s, (starRingEnd ℂ) ⟪literalStagePlaneWave Y i, F⟫_ℂ * ⟪literalStagePlaneWave Y i, F⟫_ℂ
ht :
  ⟪(P5LocalFourierRellich.twoTorusFiniteFourierProjection s) T - T,
      (P5LocalFourierRellich.twoTorusFiniteFourierProjection s) T - T⟫_ℂ =
    ⟪T, T⟫_ℂ - ∑ i ∈ s, (starRingEnd ℂ) ⟪b i, T⟫_ℂ * ⟪b i, T⟫_ℂ
hresInner :
  ⟪(literalStagePlaneFiniteProjection Y N) F - F, (literalStagePlaneFiniteProjection Y N) F - F⟫_ℂ =
    ↑(literalStageFourierScale Y ^ 2) *
      ⟪(P5LocalFourierRellich.twoTorusFiniteFourierProjection s) T - T,
        (P5LocalFourierRellich.twoTorusFiniteFourierProjection s) T - T⟫_ℂ
⊢ ‖(literalStagePlaneFiniteProjection Y N) F - F‖ ^ 2 =
    literalStageFourierScale Y ^ 2 * ‖(P5LocalFourierRellich.twoTorusFiniteFourierProjection s) T - T‖ ^ 2
PrimalitySheafVerification/Mock2_FunctionalAnalysis.lean:52481:2: error: linarith failed to find a contradiction
case h2
Y : ℝ
N : ℕ
v : AmbientTestCore
hv : tsupport ⇑v ⊆ literalStageFourierBox Y
b : HilbertBasis (Fin 2 → ℤ) ℂ ↥P5LocalFourierRellich.TwoTorusL2 := P5LocalFourierRellich.twoTorusFourierBasis
s : Finset (Fin 2 → ℤ) := literalStageFourierModes N
F : ↥AmbientPlaneL2 := ambientTestCoreToPlaneL2Linear v
T : ↥P5LocalFourierRellich.TwoTorusL2 := literalStageTorusTest Y v
hcoeff : ∀ (k : Fin 2 → ℤ), ⟪literalStagePlaneWave Y k, F⟫_ℂ = ↑(literalStageFourierScale Y) * ⟪b k, T⟫_ℂ
hbase : ‖F‖ = literalStageFourierScale Y * ‖T‖
hbaseInner : ⟪F, F⟫_ℂ = ↑(literalStageFourierScale Y ^ 2) * ⟪T, T⟫_ℂ
hsum :
  ∑ k ∈ s, (starRingEnd ℂ) ⟪literalStagePlaneWave Y k, F⟫_ℂ * ⟪literalStagePlaneWave Y k, F⟫_ℂ =
    ↑(literalStageFourierScale Y ^ 2) * ∑ k ∈ s, (starRingEnd ℂ) ⟪b k, T⟫_ℂ * ⟪b k, T⟫_ℂ
hp :
  ⟪(literalStagePlaneFiniteProjection Y N) F - F, (literalStagePlaneFiniteProjection Y N) F - F⟫_ℂ =
    ⟪F, F⟫_ℂ - ∑ i ∈ s, (starRingEnd ℂ) ⟪literalStagePlaneWave Y i, F⟫_ℂ * ⟪literalStagePlaneWave Y i, F⟫_ℂ
ht :
  ⟪(P5LocalFourierRellich.twoTorusFiniteFourierProjection s) T - T,
      (P5LocalFourierRellich.twoTorusFiniteFourierProjection s) T - T⟫_ℂ =
    ⟪T, T⟫_ℂ - ∑ i ∈ s, (starRingEnd ℂ) ⟪b i, T⟫_ℂ * ⟪b i, T⟫_ℂ
hresInner :
  ⟪(literalStagePlaneFiniteProjection Y N) F - F, (literalStagePlaneFiniteProjection Y N) F - F⟫_ℂ =
    ↑(literalStageFourierScale Y ^ 2) *
      ⟪(P5LocalFourierRellich.twoTorusFiniteFourierProjection s) T - T,
        (P5LocalFourierRellich.twoTorusFiniteFourierProjection s) T - T⟫_ℂ
hsq :
  ‖(literalStagePlaneFiniteProjection Y N) F - F‖ ^ 2 =
    literalStageFourierScale Y ^ 2 * ‖(P5LocalFourierRellich.twoTorusFiniteFourierProjection s) T - T‖ ^ 2
hL : 0 < literalStageFourierScale Y
hpnonneg : 0 ≤ ‖(literalStagePlaneFiniteProjection Y N) F - F‖
htnonneg : 0 ≤ ‖(P5LocalFourierRellich.twoTorusFiniteFourierProjection s) T - T‖
a✝ :
  literalStageFourierScale Y * ‖(P5LocalFourierRellich.twoTorusFiniteFourierProjection s) T - T‖ <
    ‖(literalStagePlaneFiniteProjection Y N) F - F‖
⊢ False
failed
PrimalitySheafVerification/Mock2_FunctionalAnalysis.lean:52425:22: warning: declaration uses `sorry`
PrimalitySheafVerification/Mock2_FunctionalAnalysis.lean:52426:10: warning: This simp argument is unused:
  UnitAddTorus.mFourierBasis_repr

Hint: Omit it from the simp argument list.
  [apply] simp only [b, P5LocalFourierRellich.twoTorusFourierBasis]

Note: This linter can be disabled with `set_option linter.unusedSimpArgs false`
PrimalitySheafVerification/Mock2_FunctionalAnalysis.lean:52510:2: error: linarith failed to find a contradiction
Y : ℝ
v : AmbientTestCore
hL : 0 < literalStageFourierScale Y
hL0 : literalStageFourierScale Y ≠ 0
hnonneg : 0 ≤ ‖literalStageTorusTest Y (HalfWeightCompactCoordinateGreen.dx v)‖
hplane : 0 ≤ ‖ambientTestCoreToPlaneL2Linear (HalfWeightCompactCoordinateGreen.dx v)‖
h :
  ‖literalStageTorusTest Y (HalfWeightCompactCoordinateGreen.dx v)‖ ^ 2 ≤
    (literalStageFourierScale Y ^ 2)⁻¹ * ‖ambientTestCoreToPlaneL2Linear (HalfWeightCompactCoordinateGreen.dx v)‖ ^ 2
a✝ :
  ‖ambientTestCoreToPlaneL2Linear (HalfWeightCompactCoordinateGreen.dx v)‖ <
    literalStageFourierScale Y * ‖literalStageTorusTest Y (HalfWeightCompactCoordinateGreen.dx v)‖
⊢ False
failed
PrimalitySheafVerification/Mock2_FunctionalAnalysis.lean:52535:2: error: linarith failed to find a contradiction
Y : ℝ
v : AmbientTestCore
hL : 0 < literalStageFourierScale Y
hL0 : literalStageFourierScale Y ≠ 0
hnonneg : 0 ≤ ‖literalStageTorusTest Y (HalfWeightCompactCoordinateGreen.dy v)‖
hplane : 0 ≤ ‖ambientTestCoreToPlaneL2Linear (HalfWeightCompactCoordinateGreen.dy v)‖
h :
  ‖literalStageTorusTest Y (HalfWeightCompactCoordinateGreen.dy v)‖ ^ 2 ≤
    (literalStageFourierScale Y ^ 2)⁻¹ * ‖ambientTestCoreToPlaneL2Linear (HalfWeightCompactCoordinateGreen.dy v)‖ ^ 2
a✝ :
  ‖ambientTestCoreToPlaneL2Linear (HalfWeightCompactCoordinateGreen.dy v)‖ <
    literalStageFourierScale Y * ‖literalStageTorusTest Y (HalfWeightCompactCoordinateGreen.dy v)‖
⊢ False
failed
PrimalitySheafVerification/Mock2_FunctionalAnalysis.lean:52557:6: warning: declaration uses `sorry`
PrimalitySheafVerification/Mock2_FunctionalAnalysis.lean:52541:8: warning: declaration uses `sorry`
PrimalitySheafVerification/Mock2_FunctionalAnalysis.lean:52543:5: warning: Variable name `hk` is not explicitly referenced.

Hint: The binding can be removed (if unused) or named `_` (if used implicitly). Alternatively, prefix the name with `_` to silence this warning:
  [apply] _hk

Note: This linter can be disabled with `set_option linter.unusedVariables false`
PrimalitySheafVerification/Mock2_FunctionalAnalysis.lean:52545:5: warning: Variable name `hv` is not explicitly referenced.

Hint: The binding can be removed (if unused) or named `_` (if used implicitly). Alternatively, prefix the name with `_` to silence this warning:
  [apply] _hv

Note: This linter can be disabled with `set_option linter.unusedVariables false`
PrimalitySheafVerification/Mock2_FunctionalAnalysis.lean:52561:2: warning: 'rcases exists_large_coordinate_of_not_mem_literalStageFourierModes N k hk with hk0 | hk1' tactic does nothing

Note: This linter can be disabled with `set_option linter.unusedTactic false`
PrimalitySheafVerification/Mock2_FunctionalAnalysis.lean:52563:2: warning: '·
  rw [mFourierCoeff_scaled_dx Y k v hv]
  have hpi : 0 < 2 * Real.pi * ((N : ℝ) + 1) := by positivity
  have hki : (N : ℝ) + 1 ≤ |(k 0 : ℝ)| := by exact_mod_cast hk0
  have hfreq : 2 * Real.pi * ((N : ℝ) + 1) ≤ ‖2 * Real.pi * Complex.I * (k 0 : ℂ)‖ :=
    by
    have hmul := mul_le_mul_of_nonneg_left hki (mul_nonneg (by norm_num : (0 : ℝ) ≤ 2) Real.pi_pos.le)
    convert hmul using 1 <;> simp [norm_mul, abs_of_pos Real.pi_pos] <;> ring
  have hfreqSq :
    (2 * Real.pi * ((N : ℝ) + 1)) ^ 2 * ‖UnitAddTorus.mFourierCoeff (literalStageTorusTest Y v) k‖ ^ 2 ≤
      ‖(2 * Real.pi * Complex.I * (k 0 : ℂ)) * UnitAddTorus.mFourierCoeff (literalStageTorusTest Y v) k‖ ^ 2 :=
    by
    rw [norm_mul, mul_pow]
    exact mul_le_mul_of_nonneg_right (sq_le_sq₀ hpi.le hfreq) (sq_nonneg _)
  calc
    ‖UnitAddTorus.mFourierCoeff (literalStageTorusTest Y v) k‖ ^ 2 =
        (1 / (2 * Real.pi * ((N : ℝ) + 1))) ^ 2 *
          ((2 * Real.pi * ((N : ℝ) + 1)) ^ 2 * ‖UnitAddTorus.mFourierCoeff (literalStageTorusTest Y v) k‖ ^ 2) :=
      by field_simp [ne_of_gt hpi] <;> ring
    _ ≤
        (1 / (2 * Real.pi * ((N : ℝ) + 1))) ^ 2 *
          ‖(2 * Real.pi * Complex.I * (k 0 : ℂ)) * UnitAddTorus.mFourierCoeff (literalStageTorusTest Y v) k‖ ^ 2 :=
      (mul_le_mul_of_nonneg_left hfreqSq (sq_nonneg _))
    _ ≤
        (1 / (2 * Real.pi * ((N : ℝ) + 1))) ^ 2 *
          (‖(2 * Real.pi * Complex.I * (k 0 : ℂ)) * UnitAddTorus.mFourierCoeff (literalStageTorusTest Y v) k‖ ^ 2 +
            ‖UnitAddTorus.mFourierCoeff
                  ((literalStageFourierScale Y : ℂ) • literalStageTorusTest Y (HalfWeightCompactCoordinateGreen.dy v))
                  k‖ ^
              2) :=
      by
      gcongr
      positivity' tactic does nothing

Note: This linter can be disabled with `set_option linter.unusedTactic false`
PrimalitySheafVerification/Mock2_FunctionalAnalysis.lean:52601:2: warning: '·
  rw [mFourierCoeff_scaled_dy Y k v hv]
  have hpi : 0 < 2 * Real.pi * ((N : ℝ) + 1) := by positivity
  have hki : (N : ℝ) + 1 ≤ |(k 1 : ℝ)| := by exact_mod_cast hk1
  have hfreq : 2 * Real.pi * ((N : ℝ) + 1) ≤ ‖2 * Real.pi * Complex.I * (k 1 : ℂ)‖ :=
    by
    have hmul := mul_le_mul_of_nonneg_left hki (mul_nonneg (by norm_num : (0 : ℝ) ≤ 2) Real.pi_pos.le)
    convert hmul using 1 <;> simp [norm_mul, abs_of_pos Real.pi_pos] <;> ring
  have hfreqSq :
    (2 * Real.pi * ((N : ℝ) + 1)) ^ 2 * ‖UnitAddTorus.mFourierCoeff (literalStageTorusTest Y v) k‖ ^ 2 ≤
      ‖(2 * Real.pi * Complex.I * (k 1 : ℂ)) * UnitAddTorus.mFourierCoeff (literalStageTorusTest Y v) k‖ ^ 2 :=
    by
    rw [norm_mul, mul_pow]
    exact mul_le_mul_of_nonneg_right (sq_le_sq₀ hpi.le hfreq) (sq_nonneg _)
  calc
    ‖UnitAddTorus.mFourierCoeff (literalStageTorusTest Y v) k‖ ^ 2 =
        (1 / (2 * Real.pi * ((N : ℝ) + 1))) ^ 2 *
          ((2 * Real.pi * ((N : ℝ) + 1)) ^ 2 * ‖UnitAddTorus.mFourierCoeff (literalStageTorusTest Y v) k‖ ^ 2) :=
      by field_simp [ne_of_gt hpi] <;> ring
    _ ≤
        (1 / (2 * Real.pi * ((N : ℝ) + 1))) ^ 2 *
          ‖(2 * Real.pi * Complex.I * (k 1 : ℂ)) * UnitAddTorus.mFourierCoeff (literalStageTorusTest Y v) k‖ ^ 2 :=
      (mul_le_mul_of_nonneg_left hfreqSq (sq_nonneg _))
    _ ≤
        (1 / (2 * Real.pi * ((N : ℝ) + 1))) ^ 2 *
          (‖UnitAddTorus.mFourierCoeff
                  ((literalStageFourierScale Y : ℂ) • literalStageTorusTest Y (HalfWeightCompactCoordinateGreen.dx v))
                  k‖ ^
              2 +
            ‖(2 * Real.pi * Complex.I * (k 1 : ℂ)) * UnitAddTorus.mFourierCoeff (literalStageTorusTest Y v) k‖ ^ 2) :=
      by
      gcongr
      positivity' tactic does nothing

Note: This linter can be disabled with `set_option linter.unusedTactic false`
PrimalitySheafVerification/Mock2_FunctionalAnalysis.lean:52561:2: warning: this tactic is never executed

Note: This linter can be disabled with `set_option linter.unreachableTactic false`
PrimalitySheafVerification/Mock2_FunctionalAnalysis.lean:52563:2: warning: this tactic is never executed

Note: This linter can be disabled with `set_option linter.unreachableTactic false`
PrimalitySheafVerification/Mock2_FunctionalAnalysis.lean:52601:2: warning: this tactic is never executed

Note: This linter can be disabled with `set_option linter.unreachableTactic false`
PrimalitySheafVerification/Mock2_FunctionalAnalysis.lean:52691:8: error: Type mismatch
  norm_scale_smul_torusTest_dx_le_plane Y v
has type
  ‖↑(literalStageFourierScale Y) • literalStageTorusTest Y (HalfWeightCompactCoordinateGreen.dx v)‖ ≤
    ‖ambientTestCoreToPlaneL2Linear (HalfWeightCompactCoordinateGreen.dx v)‖
but is expected to have type
  0 ≤ literalStageFourierScale Y / (2 * Real.pi * (↑N + 1))
PrimalitySheafVerification/Mock2_FunctionalAnalysis.lean:52692:8: error: Type mismatch
  norm_scale_smul_torusTest_dy_le_plane Y v
has type
  ‖↑(literalStageFourierScale Y) • literalStageTorusTest Y (HalfWeightCompactCoordinateGreen.dy v)‖ ≤
    ‖ambientTestCoreToPlaneL2Linear (HalfWeightCompactCoordinateGreen.dy v)‖
but is expected to have type
  literalStageFourierScale Y ≤ literalStageFourierScale Y / (2 * Real.pi * (↑N + 1))
PrimalitySheafVerification/Mock2_FunctionalAnalysis.lean:52688:63: error: unsolved goals
case h₂
Y : ℝ
N : ℕ
v : AmbientTestCore
hv : tsupport ⇑v ⊆ literalStageFourierBox Y
htail :
  ‖(P5LocalFourierRellich.finiteHilbertProjection P5LocalFourierRellich.twoTorusFourierBasis
            (literalStageFourierModes N))
          (literalStageTorusTest Y v) -
        literalStageTorusTest Y v‖ ≤
    1 / (2 * Real.pi * (↑N + 1)) *
      √(‖↑(literalStageFourierScale Y) • literalStageTorusTest Y (HalfWeightCompactCoordinateGreen.dx v)‖ ^ 2 +
          ‖↑(literalStageFourierScale Y) • literalStageTorusTest Y (HalfWeightCompactCoordinateGreen.dy v)‖ ^ 2)
⊢ 1 * (2 * Real.pi * (↑N + 1))⁻¹ *
      √(‖↑(literalStageFourierScale Y) • literalStageTorusTest Y (HalfWeightCompactCoordinateGreen.dx v)‖ ^ 2 +
          ‖↑(literalStageFourierScale Y) • literalStageTorusTest Y (HalfWeightCompactCoordinateGreen.dy v)‖ ^ 2) ≤
    √(‖ambientTestCoreToPlaneL2Linear (HalfWeightCompactCoordinateGreen.dx v)‖ ^ 2 +
        ‖ambientTestCoreToPlaneL2Linear (HalfWeightCompactCoordinateGreen.dy v)‖ ^ 2)
PrimalitySheafVerification/Mock2_FunctionalAnalysis.lean:52702:2: error: failed to prove positivity/nonnegativity/nonzeroness
PrimalitySheafVerification/Mock2_FunctionalAnalysis.lean:52719:6: error: Tactic `rewrite` failed: Did not find an occurrence of the pattern
  (literalStagePlaneDxCore ?Y ?n) ?u
in the target expression
  ‖(literalStagePlaneDyCore Y n) u‖ ≤ literalStageLocalizationConstant Y n * ‖(coreMap n) u‖

Y : ℝ
n : ℤ
N : ℕ
u : HalfWeightDifferentialOperators.InverseEtaFixedPhaseCore n
htail :
  ‖(literalStagePlaneFiniteProjection Y N) (ambientTestCoreToPlaneL2Linear (literalStageLocalizedGauge Y n u)) -
        ambientTestCoreToPlaneL2Linear (literalStageLocalizedGauge Y n u)‖ ≤
    literalStageFourierScale Y / (2 * Real.pi * (↑N + 1)) *
      √(‖ambientTestCoreToPlaneL2Linear (HalfWeightCompactCoordinateGreen.dx (literalStageLocalizedGauge Y n u))‖ ^ 2 +
          ‖ambientTestCoreToPlaneL2Linear (HalfWeightCompactCoordinateGreen.dy (literalStageLocalizedGauge Y n u))‖ ^ 2)
hdx :
  ‖ambientTestCoreToPlaneL2Linear (HalfWeightCompactCoordinateGreen.dx (literalStageLocalizedGauge Y n u))‖ ≤
    literalStageLocalizationConstant Y n * ‖(coreMap n) u‖
hdy : ‖(literalStagePlaneDyCore Y n) u‖ ≤ literalStageLocalizationConstant Y n * ‖(coreMap n) u‖
⊢ literalStageFourierScale Y / (2 * Real.pi * (↑N + 1)) *
      √(‖ambientTestCoreToPlaneL2Linear (HalfWeightCompactCoordinateGreen.dx (literalStageLocalizedGauge Y n u))‖ ^ 2 +
          ‖ambientTestCoreToPlaneL2Linear (HalfWeightCompactCoordinateGreen.dy (literalStageLocalizedGauge Y n u))‖ ^
            2) ≤
    literalStagePlaneTailConstant Y n / (↑N + 1) * ‖(coreMap n) u‖
PrimalitySheafVerification/Mock2_FunctionalAnalysis.lean:52704:8: error: (kernel) unknown constant 'Mock2FA.PaperCorrections.AutomorphicSobolev.P5PhysicalHardStageRestriction.completedLiteralStagePlaneBase_core'
PrimalitySheafVerification/Mock2_FunctionalAnalysis.lean:52760:15: error: Application type mismatch: The argument
  rfl
has type
  ?m.40 = ?m.40
but is expected to have type
  (coreMap n) u = x✝¹
in the application
  Exists.intro u rfl
PrimalitySheafVerification/Mock2_FunctionalAnalysis.lean:52772:2: error: (deterministic) timeout at `isDefEq`, maximum number of heartbeats (200000) has been reached

Note: Use `set_option maxHeartbeats <num>` to set the limit.

Hint: Additional diagnostic information may be available using the `set_option diagnostics true` command.
PrimalitySheafVerification/Mock2_FunctionalAnalysis.lean:52789:6: error: Type mismatch: After simplification, term
  Tendsto.mul tendsto_const_nhds tendsto_one_div_add_atTop_nhds_zero_nat
 has type
  Tendsto (fun x => ?m.41 * (1 * (↑x + 1)⁻¹)) atTop (𝓝 0)
but is expected to have type
  Tendsto (fun t => literalStagePlaneTailConstant Y n * (↑t + 1)⁻¹) atTop (𝓝 0)
PrimalitySheafVerification/Mock2_FunctionalAnalysis.lean:52808:7: error(lean.dependsOnNoncomputable): failed to compile definition, consider marking it as 'noncomputable' because it depends on 'UpperHalfPlane.instMeasurableSpace', which is 'noncomputable'
PrimalitySheafVerification/Mock2_FunctionalAnalysis.lean:52813:2: error: Type mismatch
  MeasurableEmbedding.subtype_coe (IsOpen.measurableSet UpperHalfPlane.isOpen_upperHalfPlaneSet)
has type
  MeasurableEmbedding Subtype.val
but is expected to have type
  MeasurableEmbedding fun z => ↑z
PrimalitySheafVerification/Mock2_FunctionalAnalysis.lean:52833:6: error: Tactic `rewrite` failed: Did not find an occurrence of the pattern
  Integrable (?m.39 ∘ Subtype.val) (Measure.comap Subtype.val ?m.41)
in the target expression
  Integrable (fun x => ‖(↑↑F ∘ fun z => ↑z) x‖ ^ 2) upperEuclideanMeasure

F : ↥AmbientPlaneL2
⊢ Integrable (fun x => ‖(↑↑F ∘ fun z => ↑z) x‖ ^ 2) upperEuclideanMeasure
PrimalitySheafVerification/Mock2_FunctionalAnalysis.lean:52842:17: error: Application type mismatch: The argument
  fun z => ?m.47
has type
  (z : ?m.45) → ?m.48 z
but is expected to have type
  ↑↑?m.43 =ᵐ[?m.41] ↑↑?m.44
in the application
  Lp.ext fun z => ?m.47
PrimalitySheafVerification/Mock2_FunctionalAnalysis.lean:52843:4: error: No goals to be solved
PrimalitySheafVerification/Mock2_FunctionalAnalysis.lean:52852:17: error: Application type mismatch: The argument
  fun z => ?m.60
has type
  (z : ?m.58) → ?m.61 z
but is expected to have type
  ↑↑?m.56 =ᵐ[?m.54] ↑↑?m.57
in the application
  Lp.ext fun z => ?m.60
PrimalitySheafVerification/Mock2_FunctionalAnalysis.lean:52853:4: error: No goals to be solved
PrimalitySheafVerification/Mock2_FunctionalAnalysis.lean:52862:4: error(lean.unknownIdentifier): Unknown identifier `MeasureTheory.L2.norm_sq_eq_integral`
PrimalitySheafVerification/Mock2_FunctionalAnalysis.lean:52860:43: error: unsolved goals
F : ↥AmbientPlaneL2
⊢ ‖ambientPlaneToUpperLinear F‖ ^ 2 ≤ ‖F‖ ^ 2
PrimalitySheafVerification/Mock2_FunctionalAnalysis.lean:52917:4: error: don't know how to synthesize implicit argument `l'`
  @EventuallyEq.filter_mono ℍ ℂ (ae (upperEuclideanMeasure.restrict chosenGammaTwoFundamentalDomain.carrier))
    (ae ((upperEuclideanMeasure.restrict chosenGammaTwoFundamentalDomain.carrier).restrict ?m.35))
    (↑↑((LpToLpRestrictCLM ℍ ℂ ℂ upperEuclideanMeasure 2 chosenGammaTwoFundamentalDomain.carrier)
          (ambientPlaneToUpper ((completedLiteralStagePlaneBase Y n) ((coreMap n) u)))))
    (↑↑(ambientPlaneToUpper ((completedLiteralStagePlaneBase Y n) ((coreMap n) u))))
    (LpToLpRestrictCLM_coeFn ℂ chosenGammaTwoFundamentalDomain.carrier
      (ambientPlaneToUpper ((completedLiteralStagePlaneBase Y n) ((coreMap n) u))))
    (ae_mono Measure.restrict_le_self)
context:
Y : ℝ
n : ℤ
u : HalfWeightDifferentialOperators.InverseEtaFixedPhaseCore n
⊢ Filter ℍ
PrimalitySheafVerification/Mock2_FunctionalAnalysis.lean:52921:7: error: don't know how to synthesize implicit argument `μ`
  @ae_mono ℍ UpperHalfPlane.instMeasurableSpace
    ((upperEuclideanMeasure.restrict chosenGammaTwoFundamentalDomain.carrier).restrict ?m.35)
    (upperEuclideanMeasure.restrict chosenGammaTwoFundamentalDomain.carrier) Measure.restrict_le_self
context:
Y : ℝ
n : ℤ
u : HalfWeightDifferentialOperators.InverseEtaFixedPhaseCore n
⊢ Measure ℍ
PrimalitySheafVerification/Mock2_FunctionalAnalysis.lean:52921:15: error: don't know how to synthesize implicit argument `s`
  @Measure.restrict_le_self ℍ UpperHalfPlane.instMeasurableSpace
    (upperEuclideanMeasure.restrict chosenGammaTwoFundamentalDomain.carrier) ?m.35
context:
Y : ℝ
n : ℤ
u : HalfWeightDifferentialOperators.InverseEtaFixedPhaseCore n
⊢ Set ℍ
PrimalitySheafVerification/Mock2_FunctionalAnalysis.lean:52916:7: error: failed to infer `have` declaration type
PrimalitySheafVerification/Mock2_FunctionalAnalysis.lean:52915:56: error: unsolved goals
Y : ℝ
n : ℤ
u : HalfWeightDifferentialOperators.InverseEtaFixedPhaseCore n
⊢ (ambientPlaneToLiteralStage Y) ((completedLiteralStagePlaneBase Y n) ((coreMap n) u)) =
    (graphLiteralStageRestriction Y n) ((coreMap n) u)
PrimalitySheafVerification/Mock2_FunctionalAnalysis.lean:52965:15: error: Application type mismatch: The argument
  rfl
has type
  ?m.64 = ?m.64
but is expected to have type
  (coreMap n) u = x✝¹
in the application
  Exists.intro u rfl
PrimalitySheafVerification/Mock2_FunctionalAnalysis.lean:52968:6: error: Application type mismatch: The argument
  Continuous.comp (ContinuousLinearMap.continuous (ambientPlaneToLiteralStage Y))
    (ContinuousLinearMap.continuous (completedLiteralStagePlaneBase Y n))
has type
  Continuous (⇑(ambientPlaneToLiteralStage Y) ∘ ⇑(completedLiteralStagePlaneBase Y n))
but is expected to have type
  Continuous fun x =>
    (literalStageMeasure Y)
      {x_1 |
          (fun x_2 =>
              ↑↑((ambientPlaneToLiteralStage Y ∘SL completedLiteralStagePlaneBase Y n) x) x_2 =
                ↑↑((graphLiteralStageRestriction Y n) x) x_2)
            x_1}ᶜ
in the application
  isClosed_eq
    (Continuous.comp (ContinuousLinearMap.continuous (ambientPlaneToLiteralStage Y))
      (ContinuousLinearMap.continuous (completedLiteralStagePlaneBase Y n)))
PrimalitySheafVerification/Mock2_FunctionalAnalysis.lean:53025:6: error: Tactic `rewrite` failed: Did not find an occurrence of the pattern
  (?c • ?f) • ?g
in the target expression
  c • a • f = (RingHom.id ℂ) c • a • f

α : Type u_1
inst✝ : MeasurableSpace α
μ : Measure α
a : ↥(Lp ℂ ∞ μ)
c : ℂ
f : ↥(Lp ℂ 2 μ)
⊢ c • a • f = (RingHom.id ℂ) c • a • f
PrimalitySheafVerification/Mock2_FunctionalAnalysis.lean:53113:2: error(lean.synthInstanceFailed): failed to synthesize instance of type class
  Decidable (gammaTwoQuotientMk z ∈ discriminantHardQuotientStage N)

Hint: Type class instance resolution failures can be inspected with the `set_option trace.Meta.synthInstance true` command.
PrimalitySheafVerification/Mock2_FunctionalAnalysis.lean:53120:2: error(lean.synthInstanceFailed): failed to synthesize instance of type class
  Decidable (gammaTwoQuotientMk z ∈ discriminantHardQuotientStage N)

Hint: Type class instance resolution failures can be inspected with the `set_option trace.Meta.synthInstance true` command.
PrimalitySheafVerification/Mock2_FunctionalAnalysis.lean:53134:8: error(lean.synthInstanceFailed): failed to synthesize instance of type class
  BorelSpace GammaTwoQuotient

Hint: Type class instance resolution failures can be inspected with the `set_option trace.Meta.synthInstance true` command.
PrimalitySheafVerification/Mock2_FunctionalAnalysis.lean:53142:8: error(lean.synthInstanceFailed): failed to synthesize instance of type class
  BorelSpace GammaTwoQuotient

Hint: Type class instance resolution failures can be inspected with the `set_option trace.Meta.synthInstance true` command.
PrimalitySheafVerification/Mock2_FunctionalAnalysis.lean:53154:2: error: Tactic `split_ifs` failed: no if-then-else conditions to split

N : ℕ
z : ℍ
⊢ ‖sorry‖ ≤ uniformBound
PrimalitySheafVerification/Mock2_FunctionalAnalysis.lean:53171:2: error: Tactic `split_ifs` failed: no if-then-else conditions to split

N : ℕ
z : ℍ
⊢ ‖sorry‖ ≤ discriminantCuspEpsilon N
PrimalitySheafVerification/Mock2_FunctionalAnalysis.lean:53184:2: error: Tactic `split_ifs` failed: no if-then-else conditions to split

N : ℕ
z : ℍ
⊢ ↑(upstairsPotential z) = sorry + sorry
PrimalitySheafVerification/Mock2_FunctionalAnalysis.lean:53188:8: warning: declaration uses `sorry`
PrimalitySheafVerification/Mock2_FunctionalAnalysis.lean:53189:21: warning: Variable name `hzCarrier` is not explicitly referenced.

Hint: The binding can be removed (if unused) or named `_` (if used implicitly). Alternatively, prefix the name with `_` to silence this warning:
  [apply] _hzCarrier

Note: This linter can be disabled with `set_option linter.unusedVariables false`
PrimalitySheafVerification/Mock2_FunctionalAnalysis.lean:53190:5: warning: Variable name `hzStage` is not explicitly referenced.

Hint: The binding can be removed (if unused) or named `_` (if used implicitly). Alternatively, prefix the name with `_` to silence this warning:
  [apply] _hzStage

Note: This linter can be disabled with `set_option linter.unusedVariables false`
PrimalitySheafVerification/Mock2_FunctionalAnalysis.lean:53194:2: warning: 'rw [if_neg]' tactic does nothing

Note: This linter can be disabled with `set_option linter.unusedTactic false`
PrimalitySheafVerification/Mock2_FunctionalAnalysis.lean:53195:2: warning: 'intro hzK' tactic does nothing

Note: This linter can be disabled with `set_option linter.unusedTactic false`
PrimalitySheafVerification/Mock2_FunctionalAnalysis.lean:53196:2: warning: 'exact hzStage (discriminantHardCarrierLift_subset_literalStage N ⟨hzCarrier, hzK⟩)' tactic does nothing

Note: This linter can be disabled with `set_option linter.unusedTactic false`
PrimalitySheafVerification/Mock2_FunctionalAnalysis.lean:53195:2: warning: this tactic is never executed

Note: This linter can be disabled with `set_option linter.unreachableTactic false`
PrimalitySheafVerification/Mock2_FunctionalAnalysis.lean:53196:2: warning: this tactic is never executed

Note: This linter can be disabled with `set_option linter.unreachableTactic false`
PrimalitySheafVerification/Mock2_FunctionalAnalysis.lean:53337:28: error: unsolved goals
n : ℤ
a : ↥(Lp ℂ ∞ chosenEuclideanCarrierMeasure)
u v w : GraphSobolevCompletion n
⊢ ⟪(graphEuclideanBase n) v + (graphEuclideanBase n) w, a • (graphEuclideanBase n) u⟫_ℂ =
    ⟪(graphEuclideanBase n) v, a • (graphEuclideanBase n) u⟫_ℂ +
      ⟪(graphEuclideanBase n) w, a • (graphEuclideanBase n) u⟫_ℂ
PrimalitySheafVerification/Mock2_FunctionalAnalysis.lean:53338:29: error: unsolved goals
n : ℤ
a : ↥(Lp ℂ ∞ chosenEuclideanCarrierMeasure)
u : GraphSobolevCompletion n
c : ℂ
v : GraphSobolevCompletion n
⊢ ⟪c • (graphEuclideanBase n) v, a • (graphEuclideanBase n) u⟫_ℂ =
    (starRingEnd ℂ) c * ⟪(graphEuclideanBase n) v, a • (graphEuclideanBase n) u⟫_ℂ
PrimalitySheafVerification/Mock2_FunctionalAnalysis.lean:53339:18: error: unsolved goals
n : ℤ
a : ↥(Lp ℂ ∞ chosenEuclideanCarrierMeasure)
u w v : GraphSobolevCompletion n
⊢ ⟪(graphEuclideanBase n) v, a • (graphEuclideanBase n) u + a • (graphEuclideanBase n) w⟫_ℂ =
    ⟪(graphEuclideanBase n) v, a • (graphEuclideanBase n) u⟫_ℂ +
      ⟪(graphEuclideanBase n) v, a • (graphEuclideanBase n) w⟫_ℂ
PrimalitySheafVerification/Mock2_FunctionalAnalysis.lean:53342:19: error: unsolved goals
n : ℤ
a : ↥(Lp ℂ ∞ chosenEuclideanCarrierMeasure)
c : ℂ
u v : GraphSobolevCompletion n
⊢ ⟪(graphEuclideanBase n) v, c • a • (graphEuclideanBase n) u⟫_ℂ =
    c * ⟪(graphEuclideanBase n) v, a • (graphEuclideanBase n) u⟫_ℂ
PrimalitySheafVerification/Mock2_FunctionalAnalysis.lean:53344:38: warning: This simp argument is unused:
  ← MeasureTheory.Lp.smul_comm

Hint: Omit it from the simp argument list.
  [apply] simp [lpInfinityMultiplier_apply, MeasureTheory.Lp.smul_assoc]

Note: Simp arguments with `←` have the additional effect of removing the other direction from the simp set, even if the simp argument itself is unused. If the hint above does not work, try replacing `←` with `-` to only get that effect and silence this warning.

Note: This linter can be disabled with `set_option linter.unusedSimpArgs false`
PrimalitySheafVerification/Mock2_FunctionalAnalysis.lean:53345:6: warning: This simp argument is unused:
  MeasureTheory.Lp.smul_assoc

Hint: Omit it from the simp argument list.
  [apply] simp [lpInfinityMultiplier_apply, ← MeasureTheory.Lp.smul_comm]

Note: This linter can be disabled with `set_option linter.unusedSimpArgs false`
PrimalitySheafVerification/Mock2_FunctionalAnalysis.lean:53355:39: error: Type mismatch
  norm_inner_le_norm ?m.52 ?m.53
has type
  @norm ?m.47 RCLike.toDenselyNormedField.toNorm ⟪?m.52, ?m.53⟫_?m.47 ≤ ‖?m.52‖ * ‖?m.53‖
but is expected to have type
  @norm ℂ Complex.instNorm (((weightedGraphLinear n a) u) v) ≤
    ‖(graphEuclideanBase n) v‖ * ‖(lpInfinityMultiplier chosenEuclideanCarrierMeasure a) ((graphEuclideanBase n) u)‖
PrimalitySheafVerification/Mock2_FunctionalAnalysis.lean:53395:28: error: unsolved goals
N : ℕ
n : ℤ
f : ↥(LiteralStageL2 (discriminantHardLiteralStage N))
v w : GraphSobolevCompletion n
⊢ ⟪(LpToLpRestrictCLM ℍ ℂ ℂ chosenEuclideanCarrierMeasure 2
            (gammaTwoThreeCuspTruncation (discriminantHardLiteralStage N)))
          ((orbitPeterssonEuclideanEmbedding n) ((baseExtension n) v)) +
        (LpToLpRestrictCLM ℍ ℂ ℂ chosenEuclideanCarrierMeasure 2
            (gammaTwoThreeCuspTruncation (discriminantHardLiteralStage N)))
          ((orbitPeterssonEuclideanEmbedding n) ((baseExtension n) w)),
      discriminantHardStageWeightLp N • f⟫_ℂ =
    ⟪(LpToLpRestrictCLM ℍ ℂ ℂ chosenEuclideanCarrierMeasure 2
            (gammaTwoThreeCuspTruncation (discriminantHardLiteralStage N)))
          ((orbitPeterssonEuclideanEmbedding n) ((baseExtension n) v)),
        discriminantHardStageWeightLp N • f⟫_ℂ +
      ⟪(LpToLpRestrictCLM ℍ ℂ ℂ chosenEuclideanCarrierMeasure 2
            (gammaTwoThreeCuspTruncation (discriminantHardLiteralStage N)))
          ((orbitPeterssonEuclideanEmbedding n) ((baseExtension n) w)),
        discriminantHardStageWeightLp N • f⟫_ℂ
PrimalitySheafVerification/Mock2_FunctionalAnalysis.lean:53396:29: error: unsolved goals
N : ℕ
n : ℤ
f : ↥(LiteralStageL2 (discriminantHardLiteralStage N))
c : ℂ
v : GraphSobolevCompletion n
⊢ ⟪c •
        (LpToLpRestrictCLM ℍ ℂ ℂ chosenEuclideanCarrierMeasure 2
            (gammaTwoThreeCuspTruncation (discriminantHardLiteralStage N)))
          ((orbitPeterssonEuclideanEmbedding n) ((baseExtension n) v)),
      discriminantHardStageWeightLp N • f⟫_ℂ =
    (starRingEnd ℂ) c *
      ⟪(LpToLpRestrictCLM ℍ ℂ ℂ chosenEuclideanCarrierMeasure 2
            (gammaTwoThreeCuspTruncation (discriminantHardLiteralStage N)))
          ((orbitPeterssonEuclideanEmbedding n) ((baseExtension n) v)),
        discriminantHardStageWeightLp N • f⟫_ℂ
PrimalitySheafVerification/Mock2_FunctionalAnalysis.lean:53397:18: error: unsolved goals
N : ℕ
n : ℤ
f g : ↥(LiteralStageL2 (discriminantHardLiteralStage N))
v : GraphSobolevCompletion n
⊢ ⟪(LpToLpRestrictCLM ℍ ℂ ℂ chosenEuclideanCarrierMeasure 2
          (gammaTwoThreeCuspTruncation (discriminantHardLiteralStage N)))
        ((orbitPeterssonEuclideanEmbedding n) ((baseExtension n) v)),
      discriminantHardStageWeightLp N • f + discriminantHardStageWeightLp N • g⟫_ℂ =
    ⟪(LpToLpRestrictCLM ℍ ℂ ℂ chosenEuclideanCarrierMeasure 2
            (gammaTwoThreeCuspTruncation (discriminantHardLiteralStage N)))
          ((orbitPeterssonEuclideanEmbedding n) ((baseExtension n) v)),
        discriminantHardStageWeightLp N • f⟫_ℂ +
      ⟪(LpToLpRestrictCLM ℍ ℂ ℂ chosenEuclideanCarrierMeasure 2
            (gammaTwoThreeCuspTruncation (discriminantHardLiteralStage N)))
          ((orbitPeterssonEuclideanEmbedding n) ((baseExtension n) v)),
        discriminantHardStageWeightLp N • g⟫_ℂ
PrimalitySheafVerification/Mock2_FunctionalAnalysis.lean:53400:19: error: unsolved goals
N : ℕ
n : ℤ
c : ℂ
f : ↥(LiteralStageL2 (discriminantHardLiteralStage N))
v : GraphSobolevCompletion n
⊢ ⟪(LpToLpRestrictCLM ℍ ℂ ℂ chosenEuclideanCarrierMeasure 2
          (gammaTwoThreeCuspTruncation (discriminantHardLiteralStage N)))
        ((orbitPeterssonEuclideanEmbedding n) ((baseExtension n) v)),
      c • discriminantHardStageWeightLp N • f⟫_ℂ =
    c *
      ⟪(LpToLpRestrictCLM ℍ ℂ ℂ chosenEuclideanCarrierMeasure 2
            (gammaTwoThreeCuspTruncation (discriminantHardLiteralStage N)))
          ((orbitPeterssonEuclideanEmbedding n) ((baseExtension n) v)),
        discriminantHardStageWeightLp N • f⟫_ℂ
PrimalitySheafVerification/Mock2_FunctionalAnalysis.lean:53402:38: warning: This simp argument is unused:
  ← MeasureTheory.Lp.smul_comm

Hint: Omit it from the simp argument list.
  [apply] simp [lpInfinityMultiplier_apply, MeasureTheory.Lp.smul_assoc]

Note: Simp arguments with `←` have the additional effect of removing the other direction from the simp set, even if the simp argument itself is unused. If the hint above does not work, try replacing `←` with `-` to only get that effect and silence this warning.

Note: This linter can be disabled with `set_option linter.unusedSimpArgs false`
PrimalitySheafVerification/Mock2_FunctionalAnalysis.lean:53403:6: warning: This simp argument is unused:
  MeasureTheory.Lp.smul_assoc

Hint: Omit it from the simp argument list.
  [apply] simp [lpInfinityMultiplier_apply, ← MeasureTheory.Lp.smul_comm]

Note: This linter can be disabled with `set_option linter.unusedSimpArgs false`
PrimalitySheafVerification/Mock2_FunctionalAnalysis.lean:53419:50: error: Type mismatch
  norm_inner_le_norm ?m.44 ?m.45
has type
  @norm ?m.39 RCLike.toDenselyNormedField.toNorm ⟪?m.44, ?m.45⟫_?m.39 ≤ ‖?m.44‖ * ‖?m.45‖
but is expected to have type
  @norm ℂ Complex.instNorm (((discriminantHardStagePairingLinear N n) f) v) ≤
    ‖(graphLiteralStageRestriction (discriminantHardLiteralStage N) n) v‖ *
      ‖(lpInfinityMultiplier (literalStageMeasure (discriminantHardLiteralStage N)) (discriminantHardStageWeightLp N))
          f‖
PrimalitySheafVerification/Mock2_FunctionalAnalysis.lean:53434:4: error: Application type mismatch: The argument
  discriminantHardStagePairingLinear_bound N n
has type
  ∀ (f : ↥(LiteralStageL2 (discriminantHardLiteralStage N))) (v : GraphSobolevCompletion n),
    ‖((discriminantHardStagePairingLinear N n) f) v‖ ≤ uniformBound * ‖f‖ * ‖v‖
but is expected to have type
  ∀ (x : ↥(LiteralStageL2 (discriminantHardLiteralStage N))) (y : GraphSobolevCompletion n),
    ‖(?m.32 x) y‖ ≤ uniformBound * ‖x‖ * ‖y‖
in the application
  LinearMap.mkContinuous₂ ?m.32 uniformBound ⋯
PrimalitySheafVerification/Mock2_FunctionalAnalysis.lean:53492:12: error(lean.unknownIdentifier): Unknown identifier `upstairsInnerDensity`
PrimalitySheafVerification/Mock2_FunctionalAnalysis.lean:53514:10: error(lean.unknownIdentifier): Unknown identifier `upstairsInnerDensity`
PrimalitySheafVerification/Mock2_FunctionalAnalysis.lean:53476:10: error: Tactic `rewrite` failed: Did not find an occurrence of the pattern
  ⟪?f, ?g⟫_?m.86
in the target expression
  ((weightedGraphOperator n discriminantFullCarrierWeightLp) ((coreMap n) u)) ((coreMap n) v) =
    ∫ (z : ℍ) in chosenGammaTwoFundamentalDomain.carrier,
      ⟪fixedPhaseEuclideanGauge n v z, ↑(upstairsPotential z) * fixedPhaseEuclideanGauge n u z⟫_ℂ ∂upperEuclideanMeasure

n : ℤ
u v : HalfWeightDifferentialOperators.InverseEtaFixedPhaseCore n
U : ↥(SmoothCompactCoreGeometry.SmoothCompactWeightCore
    (HalfWeightDifferentialOperators.inverseEtaPaperOrbitMultiplier GammaTwo n)) :=
  (HalfWeightDifferentialOperators.InverseEtaFixedPhaseCore.toSmoothCompactWeightCore n) u
V : ↥(SmoothCompactCoreGeometry.SmoothCompactWeightCore
    (HalfWeightDifferentialOperators.inverseEtaPaperOrbitMultiplier GammaTwo n)) :=
  (HalfWeightDifferentialOperators.InverseEtaFixedPhaseCore.toSmoothCompactWeightCore n) v
⊢ ((weightedGraphOperator n discriminantFullCarrierWeightLp) ((coreMap n) u)) ((coreMap n) v) =
    ∫ (z : ℍ) in chosenGammaTwoFundamentalDomain.carrier,
      ⟪fixedPhaseEuclideanGauge n v z, ↑(upstairsPotential z) * fixedPhaseEuclideanGauge n u z⟫_ℂ ∂upperEuclideanMeasure
PrimalitySheafVerification/Mock2_FunctionalAnalysis.lean:53502:14: error: Tactic `rewrite` failed: Did not find an occurrence of the pattern
  ⟪?x, ?r • ?y⟫_?m.125
in the target expression
  ⟪fixedPhaseEuclideanGauge n v z, ↑(upstairsPotential z) * fixedPhaseEuclideanGauge n u z⟫_ℂ =
    ↑(upstairsPotential z) * ⟪fixedPhaseEuclideanGauge n v z, fixedPhaseEuclideanGauge n u z⟫_ℂ

n : ℤ
u v : HalfWeightDifferentialOperators.InverseEtaFixedPhaseCore n
U : ↥(SmoothCompactCoreGeometry.SmoothCompactWeightCore
    (HalfWeightDifferentialOperators.inverseEtaPaperOrbitMultiplier GammaTwo n)) :=
  (HalfWeightDifferentialOperators.InverseEtaFixedPhaseCore.toSmoothCompactWeightCore n) u
V : ↥(SmoothCompactCoreGeometry.SmoothCompactWeightCore
    (HalfWeightDifferentialOperators.inverseEtaPaperOrbitMultiplier GammaTwo n)) :=
  (HalfWeightDifferentialOperators.InverseEtaFixedPhaseCore.toSmoothCompactWeightCore n) v
z : ℍ
⊢ ⟪fixedPhaseEuclideanGauge n v z, ↑(upstairsPotential z) * fixedPhaseEuclideanGauge n u z⟫_ℂ =
    ↑(upstairsPotential z) * ⟪fixedPhaseEuclideanGauge n v z, fixedPhaseEuclideanGauge n u z⟫_ℂ
PrimalitySheafVerification/Mock2_FunctionalAnalysis.lean:53506:10: error(lean.unknownIdentifier): Unknown identifier `upstairsInnerDensity`
PrimalitySheafVerification/Mock2_FunctionalAnalysis.lean:53493:34: error: unsolved goals
n : ℤ
u v : HalfWeightDifferentialOperators.InverseEtaFixedPhaseCore n
U : ↥(SmoothCompactCoreGeometry.SmoothCompactWeightCore
    (HalfWeightDifferentialOperators.inverseEtaPaperOrbitMultiplier GammaTwo n)) :=
  (HalfWeightDifferentialOperators.InverseEtaFixedPhaseCore.toSmoothCompactWeightCore n) u
V : ↥(SmoothCompactCoreGeometry.SmoothCompactWeightCore
    (HalfWeightDifferentialOperators.inverseEtaPaperOrbitMultiplier GammaTwo n)) :=
  (HalfWeightDifferentialOperators.InverseEtaFixedPhaseCore.toSmoothCompactWeightCore n) v
z : ℍ
⊢ ↑(upstairsPotential z) * ⟪fixedPhaseEuclideanGauge n v z, fixedPhaseEuclideanGauge n u z⟫_ℂ =
    hyperbolicDensity z • (↑(upstairsPotential z) * sorry)
PrimalitySheafVerification/Mock2_FunctionalAnalysis.lean:53529:8: error(lean.unknownIdentifier): Unknown identifier `quotientInnerDensity_mk`
PrimalitySheafVerification/Mock2_FunctionalAnalysis.lean:53521:47: error: unsolved goals
n : ℤ
u v : HalfWeightDifferentialOperators.InverseEtaFixedPhaseCore n
U : ↥(SmoothCompactCoreGeometry.SmoothCompactWeightCore
    (HalfWeightDifferentialOperators.inverseEtaPaperOrbitMultiplier GammaTwo n)) :=
  (HalfWeightDifferentialOperators.InverseEtaFixedPhaseCore.toSmoothCompactWeightCore n) u
V : ↥(SmoothCompactCoreGeometry.SmoothCompactWeightCore
    (HalfWeightDifferentialOperators.inverseEtaPaperOrbitMultiplier GammaTwo n)) :=
  (HalfWeightDifferentialOperators.InverseEtaFixedPhaseCore.toSmoothCompactWeightCore n) v
z : ℍ
⊢ ↑(upstairsPotential z) * sorry =
    ↑(upstairsPotential z) *
      WeightCorePetersson.quotientInnerDensity (OrbitMultiplier n)
        ((HalfWeightDifferentialOperators.InverseEtaFixedPhaseCore.toSmoothCompactWeightCore n) v)
        ((HalfWeightDifferentialOperators.InverseEtaFixedPhaseCore.toSmoothCompactWeightCore n) u)
        (gammaTwoQuotientMk z)
PrimalitySheafVerification/Mock2_FunctionalAnalysis.lean:53553:0: error: (deterministic) timeout at `whnf`, maximum number of heartbeats (200000) has been reached

Note: Use `set_option maxHeartbeats <num>` to set the limit.

Hint: Additional diagnostic information may be available using the `set_option diagnostics true` command.
PrimalitySheafVerification/Mock2_FunctionalAnalysis.lean:53563:4: warning: declaration uses `sorry`
PrimalitySheafVerification/Mock2_FunctionalAnalysis.lean:53564:4: warning: declaration uses `sorry`
PrimalitySheafVerification/Mock2_FunctionalAnalysis.lean:53565:27: warning: declaration uses `sorry`
PrimalitySheafVerification/Mock2_FunctionalAnalysis.lean:53564:4: warning: This simp argument is unused:
  discriminantHardStagePairingLinear

Hint: Omit it from the simp argument list.
  [apply] simp only [discriminantHardStageOperator, ContinuousLinearMap.comp_apply,
    discriminantHardStagePotentialPairing, weightedGraphOperator, weightedGraphLinear, lpInfinityMultiplier_apply]

Note: This linter can be disabled with `set_option linter.unusedSimpArgs false`
PrimalitySheafVerification/Mock2_FunctionalAnalysis.lean:53623:13: warning: `ContinuousLinearMap.sub_apply` has been deprecated: Use `sub_apply` instead

Note: The updated constant is in a different namespace. Dot notation may need to be changed (e.g., from `x.sub_apply` to `sub_apply x`).
PrimalitySheafVerification/Mock2_FunctionalAnalysis.lean:53614:0: error: (deterministic) timeout at `whnf`, maximum number of heartbeats (200000) has been reached

Note: Use `set_option maxHeartbeats <num>` to set the limit.

Hint: Additional diagnostic information may be available using the `set_option diagnostics true` command.
PrimalitySheafVerification/Mock2_FunctionalAnalysis.lean:53624:4: warning: declaration uses `sorry`
PrimalitySheafVerification/Mock2_FunctionalAnalysis.lean:53646:6: error: Tactic `rewrite` failed: motive is not type correct:
  fun _a =>
    ‖discriminantHardStageOperator N n - weightedGraphOperator n discriminantFullCarrierWeightLp‖ ≤
      discriminantCuspEpsilon N
Error: Application type mismatch: The argument
  coordinates n
has type
  QuotientHilbertCoordinates (HalfWeightDifferentialOperators.InverseEtaFixedPhaseCore n) (OrbitPeterssonHilbert n)
    (OrbitPeterssonHilbert (n + 1)) (OrbitPeterssonHilbert (n - 1))
but is expected to have type
  QuotientHilbertCoordinates (HalfWeightDifferentialOperators.InverseEtaFixedPhaseCore n) (OrbitPeterssonHilbert n)
    (OrbitPeterssonHilbert (n + 1)) (OrbitPeterssonHilbert _a)
in the application
  (coordinates n).sobolevCompletionNormedSpace

Explanation: The rewrite tactic rewrites an expression 'e' using an equality 'a = b' by the following process. First, it looks for all 'a' in 'e'. Second, it tries to abstract these occurrences of 'a' to create a function 'm := fun _a => ...', called the *motive*, with the property that 'm a' is definitionally equal to 'e'. Third, we observe that 'congrArg' implies that 'm a = m b', which can be used with lemmas such as 'Eq.mpr' to change the goal. However, if 'e' depends on specific properties of 'a', then the motive 'm' might not typecheck.

Possible solutions: use rewrite's 'occs' configuration option to limit which occurrences are rewritten, or use 'simp' or 'conv' mode, which have strategies for certain kinds of dependencies (these tactics can handle proofs and 'Decidable' instances whose types depend on the rewritten term, and 'simp' can apply user-defined '@[congr]' theorems as well).

N : ℕ
n : ℤ
hsplit :
  weightedGraphOperator n discriminantFullCarrierWeightLp - discriminantHardStageOperator N n =
    weightedGraphOperator n (discriminantTailCarrierWeightLp N)
⊢ ‖discriminantHardStageOperator N n - weightedGraphOperator n discriminantFullCarrierWeightLp‖ ≤
    discriminantCuspEpsilon N
PrimalitySheafVerification/Mock2_FunctionalAnalysis.lean:53640:8: error: (kernel) unknown constant 'Mock2FA.PaperCorrections.AutomorphicSobolev.P5DiscriminantHardTruncation.weightedFull_sub_weightedHard_eq_weightedTail'
PrimalitySheafVerification/Mock2_FunctionalAnalysis.lean:53666:6: error: (deterministic) timeout at `whnf`, maximum number of heartbeats (200000) has been reached

Note: Use `set_option maxHeartbeats <num>` to set the limit.

Hint: Additional diagnostic information may be available using the `set_option diagnostics true` command.
PrimalitySheafVerification/Mock2_FunctionalAnalysis.lean:53659:8: error: (deterministic) timeout at `«synthesize pending MVars»`, maximum number of heartbeats (200000) has been reached

Note: Use `set_option maxHeartbeats <num>` to set the limit.

Hint: Additional diagnostic information may be available using the `set_option diagnostics true` command.
'Mock2FA.PaperCorrections.AutomorphicSobolev.P5PhysicalHardStageRestriction.exists_literalStage_height_bounds' depends on axioms: [propext,
 Classical.choice,
 Quot.sound]
PrimalitySheafVerification/Mock2_FunctionalAnalysis.lean:53674:14: error(lean.unknownIdentifier): Unknown constant `P5PhysicalHardStageRestriction.norm_height_mul_dx_sq_le_fixedPhaseEuclideanGraphDensity`
PrimalitySheafVerification/Mock2_FunctionalAnalysis.lean:53675:14: error(lean.unknownIdentifier): Unknown constant `P5PhysicalHardStageRestriction.norm_height_mul_dy_sq_le_fixedPhaseEuclideanGraphDensity`
PrimalitySheafVerification/Mock2_FunctionalAnalysis.lean:53676:14: error(lean.unknownIdentifier): Unknown constant `P5PhysicalHardStageRestriction.norm_dx_sq_le_literalStageLowerHeight_inv_sq_mul_graphDensity`
PrimalitySheafVerification/Mock2_FunctionalAnalysis.lean:53677:14: error(lean.unknownIdentifier): Unknown constant `P5PhysicalHardStageRestriction.norm_dy_sq_le_literalStageLowerHeight_inv_sq_mul_graphDensity`
'Mock2FA.PaperCorrections.AutomorphicSobolev.P5PhysicalHardStageRestriction.inner_literalStagePlaneWave' depends on axioms: [propext,
 sorryAx,
 Classical.choice,
 Quot.sound]
'Mock2FA.PaperCorrections.AutomorphicSobolev.P5PhysicalHardStageRestriction.literalStagePlaneFiniteProjection_eq_rankOneFourierSum' depends on axioms: [propext,
 sorryAx,
 Classical.choice,
 Quot.sound]
'Mock2FA.PaperCorrections.AutomorphicSobolev.P5PhysicalHardStageRestriction.literalStagePlaneFiniteProjection_idempotent' depends on axioms: [propext,
 sorryAx,
 Classical.choice,
 Quot.sound]
'Mock2FA.PaperCorrections.AutomorphicSobolev.P5PhysicalHardStageRestriction.mFourierCoeff_scaled_dx' depends on axioms: [propext,
 sorryAx,
 Classical.choice,
 Quot.sound]
'Mock2FA.PaperCorrections.AutomorphicSobolev.P5PhysicalHardStageRestriction.mFourierCoeff_scaled_dy' depends on axioms: [propext,
 sorryAx,
 Classical.choice,
 Quot.sound]
'Mock2FA.PaperCorrections.AutomorphicSobolev.P5PhysicalHardStageRestriction.completedLiteralStagePlaneBase_isCompact' depends on axioms: [propext,
 sorryAx,
 Classical.choice,
 Quot.sound]
'Mock2FA.PaperCorrections.AutomorphicSobolev.P5PhysicalHardStageRestriction.graphLiteralStageRestriction_isCompact_unconditional' depends on axioms: [propext,
 sorryAx,
 Classical.choice,
 Quot.sound]
'Mock2FA.PaperCorrections.AutomorphicSobolev.P5DiscriminantHardTruncation.discriminantHardStageOperator_isCompact' depends on axioms: [propext,
 sorryAx,
 Classical.choice,
 Quot.sound]
'Mock2FA.PaperCorrections.AutomorphicSobolev.P5DiscriminantHardTruncation.norm_discriminantHardStageOperator_sub_graphPotential_le' depends on axioms: [propext,
 sorryAx,
 Classical.choice,
 Quot.sound,
 P5DiscriminantHardTruncation.norm_discriminantHardStageOperator_sub_graphPotential_le]
'Mock2FA.PaperCorrections.AutomorphicSobolev.P5DiscriminantHardTruncation.graphPotentialOperator_isCompact_unconditional' depends on axioms: [propext,
 sorryAx,
 Classical.choice,
 Quot.sound]
PrimalitySheafVerification/Mock2_FunctionalAnalysis.lean:53745:2: warning: Try `simp at h0` instead of `simpa using h0`

Note: This linter can be disabled with `set_option linter.unnecessarySimpa false`
PrimalitySheafVerification/Mock2_FunctionalAnalysis.lean:53772:2: error: Type mismatch: After simplification, term
  Real.exp_pos (-a * x ^ 2)
 has type
  0 < Real.exp (-a * x ^ 2)
but is expected to have type
  0 < (cexp (-(↑a * ↑x ^ 2))).re
PrimalitySheafVerification/Mock2_FunctionalAnalysis.lean:53776:45: error: unsolved goals
a x : ℝ
⊢ (cexp (-(↑a * ↑x ^ 2))).im = 0
PrimalitySheafVerification/Mock2_FunctionalAnalysis.lean:53795:39: warning: This simp argument is unused:
  zero_mul

Hint: Omit it from the simp argument list.
  [apply] simp only [Complex.mul_re, Complex.ofReal_re, Complex.ofReal_im, neg_re, neg_im, sub_zero, pow_two]

Note: This linter can be disabled with `set_option linter.unusedSimpArgs false`
PrimalitySheafVerification/Mock2_FunctionalAnalysis.lean:53795:49: warning: This simp argument is unused:
  sub_zero

Hint: Omit it from the simp argument list.
  [apply] simp only [Complex.mul_re, Complex.ofReal_re, Complex.ofReal_im, neg_re, neg_im, zero_mul, pow_two]

Note: This linter can be disabled with `set_option linter.unusedSimpArgs false`
PrimalitySheafVerification/Mock2_FunctionalAnalysis.lean:53801:28: warning: Variable name `hσ` is not explicitly referenced.

Hint: The binding can be removed (if unused) or named `_` (if used implicitly). Alternatively, prefix the name with `_` to silence this warning:
  [apply] _hσ

Note: This linter can be disabled with `set_option linter.unusedVariables false`
PrimalitySheafVerification/Mock2_FunctionalAnalysis.lean:53847:2: error: Type mismatch: After simplification, term
  AnalyticOnNhd.sub (AnalyticOnNhd.pow analyticOnNhd_id 2) analyticOnNhd_const
 has type
  @AnalyticOnNhd ℂ ℂ ℂ DenselyNormedField.toNontriviallyNormedField NonUnitalNormedRing.toNormedAddCommGroup
    (NormedAlgebra.toNormedSpace ℂ) NonUnitalNormedRing.toNormedAddCommGroup (NormedAlgebra.toNormedSpace ℂ)
    ((fun x => x) ^ 2 - fun x => ↑p ^ 2) univ
but is expected to have type
  @AnalyticOnNhd ℂ ℂ ℂ DenselyNormedField.toNontriviallyNormedField instNormedAddCommGroup
    (CommCStarAlgebra.toNonUnitalCommCStarAlgebra ℂ).toNonUnitalCStarAlgebra.toNormedSpace instNormedAddCommGroup
    (CommCStarAlgebra.toNonUnitalCommCStarAlgebra ℂ).toNonUnitalCStarAlgebra.toNormedSpace (symmetricPoleFactor p) univ
PrimalitySheafVerification/Mock2_FunctionalAnalysis.lean:53959:2: warning: try 'simp' instead of 'simpa'

Note: This linter can be disabled with `set_option linter.unnecessarySimpa false`
PrimalitySheafVerification/Mock2_FunctionalAnalysis.lean:53968:2: warning: Try `simp at hn` instead of `simpa using hn`

Note: This linter can be disabled with `set_option linter.unnecessarySimpa false`
PrimalitySheafVerification/Mock2_FunctionalAnalysis.lean:54017:21: error: unsolved goals
q m n : ℕ
⊢ 0 < ↑q + 1
PrimalitySheafVerification/Mock2_FunctionalAnalysis.lean:54025:63: error: unsolved goals
q : ℕ
⊢ ↑Finset.univ.card = ↑q + 1
PrimalitySheafVerification/Mock2_FunctionalAnalysis.lean:54058:17: error: unsolved goals
c m n : ℕ
hnorm : ‖1 / 2‖ = 1 / 2
⊢ 0 ≤ ?m.71
'Mock2FA.PaperCorrections.P11ActualSpectralFoundations.evenEntireGaussian_isEvenEntireGaussianStripTest' depends on axioms: [propext,
 sorryAx,
 Classical.choice,
 Quot.sound]
'Mock2FA.PaperCorrections.P11ActualSpectralFoundations.poleKillingGaussian_analyticOnNhd' depends on axioms: [propext,
 sorryAx,
 Classical.choice,
 Quot.sound]
'Mock2FA.PaperCorrections.P11ActualSpectralFoundations.poleKillingGaussian_ne_zero' depends on axioms: [propext,
 Classical.choice,
 Quot.sound]
'Mock2FA.PaperCorrections.P11ActualSpectralFoundations.poleKillingGaussian_of_mem' depends on axioms: [propext,
 Classical.choice,
 Quot.sound]
'Mock2FA.PaperCorrections.P11ActualSpectralFoundations.finiteHalfIntegralKloostermanSum_measurable' depends on axioms: [propext,
 Classical.choice,
 Quot.sound]
'Mock2FA.PaperCorrections.P11ActualSpectralFoundations.norm_finiteHalfIntegralKloostermanSum_le' depends on axioms: [propext,
 Classical.choice,
 Quot.sound]
'Mock2FA.PaperCorrections.P11ActualSpectralFoundations.no_strict_improvement_from_unit_modulus_alone' depends on axioms: [propext,
 sorryAx,
 Classical.choice,
 Quot.sound]
'Mock2FA.PaperCorrections.P11ActualSpectralFoundations.summable_geometricallyDampedPhaseTerm' depends on axioms: [propext,
 sorryAx,
 Classical.choice,
 Quot.sound]
'Mock2FA.PaperCorrections.P11ActualSpectralFoundations.discreteGaussianSpectralMass_hasUniformLowerActivity_Iic' depends on axioms: [propext,
 Classical.choice,
 Quot.sound]
'Mock2FA.PaperCorrections.P11ActualSpectralFoundations.no_statistic_between_explicitProfiles' depends on axioms: [propext,
 Classical.choice,
 Quot.sound]
PrimalitySheafVerification/Mock2_FunctionalAnalysis.lean:54216:33: error: Application type mismatch: The argument
  weakSchrodingerOperator n t
has type
  @ContinuousLinearMap ℂ ℂ Complex.instSemiring Complex.instSemiring (RingHom.id ℂ) (ActualHOne n)
    (UniformSpace.Completion.uniformSpace
        ↥(DefinitionOneSobolev.FixedPhaseGraphCompletion.coordinates n).GraphRange).toTopologicalSpace
    UniformSpace.Completion.instAddCommGroup.toAddCommMonoid (ActualHMinusOne n) ContinuousLinearMap.topologicalSpace
    ContinuousLinearMap.addCommMonoid UniformSpace.Completion.instModule ContinuousLinearMap.module
but is expected to have type
  @ContinuousLinearMap ℂ ℂ Complex.instSemiring Complex.instSemiring (RingHom.id ℂ) ?m.1
    PseudoMetricSpace.toUniformSpace.toTopologicalSpace NormedAddCommGroup.toAddCommGroup.toAddCommMonoid ?m.2
    PseudoMetricSpace.toUniformSpace.toTopologicalSpace NormedAddCommGroup.toAddCommGroup.toAddCommMonoid
    toNormedSpace.toModule toNormedSpace.toModule
in the application
  NontrivialKernelFredholmData (weakSchrodingerOperator n t)
PrimalitySheafVerification/Mock2_FunctionalAnalysis.lean:54232:3: error(lean.unknownIdentifier): Unknown identifier `unconditionalFredholmData`
PrimalitySheafVerification/Mock2_FunctionalAnalysis.lean:54238:6: error: Type mismatch
  (↑(ContinuousLinearMap.adjoint ?m.29)).kerᗮ
has type
  @Submodule ?m.31 ?m.32 Field.toSemifield.toDivisionSemiring.toSemiring
    NormedAddCommGroup.toAddCommGroup.toAddCommMonoid toNormedSpace.toModule
but is expected to have type
  @Submodule ℂ (ActualHMinusOne n) Complex.instSemiring ContinuousLinearMap.addCommMonoid ContinuousLinearMap.module
PrimalitySheafVerification/Mock2_FunctionalAnalysis.lean:54246:2: error(lean.unknownIdentifier): Unknown identifier `weakSchrodinger_kernel_finiteDimensional_of_compactPotential`
PrimalitySheafVerification/Mock2_FunctionalAnalysis.lean:54254:8: error: Application type mismatch: The argument
  weakSchrodingerOperator n t
has type
  @ContinuousLinearMap ℂ ℂ Complex.instSemiring Complex.instSemiring (RingHom.id ℂ) (ActualHOne n)
    (UniformSpace.Completion.uniformSpace
        ↥(DefinitionOneSobolev.FixedPhaseGraphCompletion.coordinates n).GraphRange).toTopologicalSpace
    UniformSpace.Completion.instAddCommGroup.toAddCommMonoid (ActualHMinusOne n) ContinuousLinearMap.topologicalSpace
    ContinuousLinearMap.addCommMonoid UniformSpace.Completion.instModule ContinuousLinearMap.module
but is expected to have type
  @ContinuousLinearMap ?m.14 ?m.14 Field.toSemifield.toDivisionSemiring.toSemiring
    Field.toSemifield.toDivisionSemiring.toSemiring (RingHom.id ?m.14) ?m.16
    PseudoMetricSpace.toUniformSpace.toTopologicalSpace NormedAddCommGroup.toAddCommGroup.toAddCommMonoid ?m.15
    PseudoMetricSpace.toUniformSpace.toTopologicalSpace NormedAddCommGroup.toAddCommGroup.toAddCommMonoid
    toNormedSpace.toModule toNormedSpace.toModule
in the application
  ContinuousLinearMap.adjoint (weakSchrodingerOperator n t)
PrimalitySheafVerification/Mock2_FunctionalAnalysis.lean:54263:8: error: Application type mismatch: The argument
  weakSchrodingerOperator n t
has type
  @ContinuousLinearMap ℂ ℂ Complex.instSemiring Complex.instSemiring (RingHom.id ℂ) (ActualHOne n)
    (UniformSpace.Completion.uniformSpace
        ↥(DefinitionOneSobolev.FixedPhaseGraphCompletion.coordinates n).GraphRange).toTopologicalSpace
    UniformSpace.Completion.instAddCommGroup.toAddCommMonoid (ActualHMinusOne n) ContinuousLinearMap.topologicalSpace
    ContinuousLinearMap.addCommMonoid UniformSpace.Completion.instModule ContinuousLinearMap.module
but is expected to have type
  @ContinuousLinearMap ℂ ℂ Complex.instSemiring Complex.instSemiring (RingHom.id ℂ) ?m.1
    PseudoMetricSpace.toUniformSpace.toTopologicalSpace NormedAddCommGroup.toAddCommGroup.toAddCommMonoid ?m.2
    PseudoMetricSpace.toUniformSpace.toTopologicalSpace NormedAddCommGroup.toAddCommGroup.toAddCommMonoid
    toNormedSpace.toModule toNormedSpace.toModule
in the application
  ShiftedCompactDecomposition.FredholmCokernel (weakSchrodingerOperator n t)
PrimalitySheafVerification/Mock2_FunctionalAnalysis.lean:54272:8: error: Application type mismatch: The argument
  weakSchrodingerOperator n t
has type
  @ContinuousLinearMap ℂ ℂ Complex.instSemiring Complex.instSemiring (RingHom.id ℂ) (ActualHOne n)
    (UniformSpace.Completion.uniformSpace
        ↥(DefinitionOneSobolev.FixedPhaseGraphCompletion.coordinates n).GraphRange).toTopologicalSpace
    UniformSpace.Completion.instAddCommGroup.toAddCommMonoid (ActualHMinusOne n) ContinuousLinearMap.topologicalSpace
    ContinuousLinearMap.addCommMonoid UniformSpace.Completion.instModule ContinuousLinearMap.module
but is expected to have type
  @ContinuousLinearMap ?m.25 ?m.25 Field.toSemifield.toDivisionSemiring.toSemiring
    Field.toSemifield.toDivisionSemiring.toSemiring (RingHom.id ?m.25) ?m.27
    PseudoMetricSpace.toUniformSpace.toTopologicalSpace NormedAddCommGroup.toAddCommGroup.toAddCommMonoid
    (ActualHMinusOne n) PseudoMetricSpace.toUniformSpace.toTopologicalSpace
    ContinuousLinearMap.toNormedAddCommGroup.toAddCommMonoid toNormedSpace.toModule toNormedSpace.toModule
in the application
  ContinuousLinearMap.adjoint (weakSchrodingerOperator n t)
PrimalitySheafVerification/Mock2_FunctionalAnalysis.lean:54282:10: error(lean.synthInstanceFailed): failed to synthesize instance of type class
  Inner ℂ (ActualHMinusOne n)

Hint: Type class instance resolution failures can be inspected with the `set_option trace.Meta.synthInstance true` command.
PrimalitySheafVerification/Mock2_FunctionalAnalysis.lean:54281:8: error(lean.synthInstanceFailed): failed to synthesize instance of type class
  NormedAddCommGroup ℕ

Hint: Type class instance resolution failures can be inspected with the `set_option trace.Meta.synthInstance true` command.
PrimalitySheafVerification/Mock2_FunctionalAnalysis.lean:54281:36: error: Application type mismatch: The argument
  weakSchrodingerOperator n t
has type
  ActualHOne n →L[ℂ] ActualHMinusOne n
but is expected to have type
  ℕ →L[?m.27 w] ActualHMinusOne n
in the application
  ContinuousLinearMap.adjoint (weakSchrodingerOperator n t)
PrimalitySheafVerification/Mock2_FunctionalAnalysis.lean:54290:3: error(lean.unknownIdentifier): Unknown identifier `unconditionalFredholmData`
PrimalitySheafVerification/Mock2_FunctionalAnalysis.lean:54298:3: error(lean.unknownIdentifier): Unknown identifier `unconditionalFredholmData`
PrimalitySheafVerification/Mock2_FunctionalAnalysis.lean:54304:3: error(lean.unknownIdentifier): Unknown identifier `unconditionalFredholmData`
PrimalitySheafVerification/Mock2_FunctionalAnalysis.lean:54316:3: error(lean.unknownIdentifier): Unknown identifier `unconditionalFredholmData`
PrimalitySheafVerification/Mock2_FunctionalAnalysis.lean:54321:3: error(lean.unknownIdentifier): Unknown identifier `unconditionalFredholmData`
PrimalitySheafVerification/Mock2_FunctionalAnalysis.lean:54326:3: error(lean.unknownIdentifier): Unknown identifier `unconditionalFredholmData`
PrimalitySheafVerification/Mock2_FunctionalAnalysis.lean:54332:3: error(lean.unknownIdentifier): Unknown identifier `unconditionalFredholmData`
'Mock2FA.PaperCorrections.AutomorphicSobolev.ActualScalarDiscriminantPDE.actualScalarPotential_isCompact' depends on axioms: [propext,
 sorryAx,
 Classical.choice,
 Quot.sound]
PrimalitySheafVerification/Mock2_FunctionalAnalysis.lean:54371:14: error(lean.unknownIdentifier): Unknown constant `ActualScalarDiscriminantPDE.unconditionalFredholmData`
'Mock2FA.PaperCorrections.AutomorphicSobolev.ActualScalarDiscriminantPDE.weakSchrodinger_range_isClosed' depends on axioms: [propext,
 sorryAx,
 Classical.choice,
 Quot.sound]
PrimalitySheafVerification/Mock2_FunctionalAnalysis.lean:54373:14: error(lean.unknownIdentifier): Unknown constant `ActualScalarDiscriminantPDE.weakSchrodinger_range_eq_orthogonal_adjointKernel`
'Mock2FA.PaperCorrections.AutomorphicSobolev.ActualScalarDiscriminantPDE.weakSchrodinger_kernel_finiteDimensional' depends on axioms: [propext,
 sorryAx,
 Classical.choice,
 Quot.sound]
PrimalitySheafVerification/Mock2_FunctionalAnalysis.lean:54375:14: error(lean.unknownIdentifier): Unknown constant `ActualScalarDiscriminantPDE.weakSchrodinger_adjointKernel_finiteDimensional`
PrimalitySheafVerification/Mock2_FunctionalAnalysis.lean:54376:14: error(lean.unknownIdentifier): Unknown constant `ActualScalarDiscriminantPDE.weakSchrodinger_cokernel_finiteDimensional`
PrimalitySheafVerification/Mock2_FunctionalAnalysis.lean:54377:14: error(lean.unknownIdentifier): Unknown constant `ActualScalarDiscriminantPDE.weakSchrodinger_solvable_iff_adjointKernel_orthogonal_unconditional`
'Mock2FA.PaperCorrections.AutomorphicSobolev.ActualScalarDiscriminantPDE.unconditionalCanonicalWeakSolution_spec' depends on axioms: [propext,
 sorryAx,
 Classical.choice,
 Quot.sound]
'Mock2FA.PaperCorrections.AutomorphicSobolev.ActualScalarDiscriminantPDE.weakSchrodinger_solves_iff_unconditionalCanonical_add_kernel' depends on axioms: [propext,
 sorryAx,
 Classical.choice,
 Quot.sound]
'Mock2FA.PaperCorrections.AutomorphicSobolev.ActualScalarDiscriminantPDE.unconditionalCanonicalWeakSolution_norm_le' depends on axioms: [propext,
 sorryAx,
 Classical.choice,
 Quot.sound]
'Mock2FA.PaperCorrections.AutomorphicSobolev.ActualScalarDiscriminantPDE.weakSchrodingerEquiv_of_trivialKernel_apply' depends on axioms: [propext,
 sorryAx,
 Classical.choice,
 Quot.sound]
PrimalitySheafVerification/Mock2_FunctionalAnalysis.lean:54531:2: warning: try 'simp' instead of 'simpa'

Note: This linter can be disabled with `set_option linter.unnecessarySimpa false`
PrimalitySheafVerification/Mock2_FunctionalAnalysis.lean:54540:2: warning: Try `simp at hnorm` instead of `simpa using hnorm`

Note: This linter can be disabled with `set_option linter.unnecessarySimpa false`
PrimalitySheafVerification/Mock2_FunctionalAnalysis.lean:54587:21: error: unsolved goals
q m n : ℕ
⊢ 0 < ↑q + 1
PrimalitySheafVerification/Mock2_FunctionalAnalysis.lean:54730:57: error: unsolved goals
m : ℕ
_hm : m ∈ compatibleAuditIndices
hcross : ↑m < 0
⊢ False
PrimalitySheafVerification/Mock2_FunctionalAnalysis.lean:54907:7: error: don't know how to synthesize implicit argument `GammaTwoCusp`
  @AutomorphicSobolev.GammaTwoFundamentalDomain.gammaTwoLocalCuspQ ?m.1 κ z
context:
κ : ?m.1
z : ℍ
⊢ Sort ?u.2

Note: All parameter types and holes (e.g., `_`) in the header of a theorem are resolved before the proof is processed; information from the proof cannot be used to infer what these values should be
PrimalitySheafVerification/Mock2_FunctionalAnalysis.lean:54906:7: error(lean.inferBinderTypeFailed): Failed to infer type of binder `κ`

Note: All parameter types and holes (e.g., `_`) in the header of a theorem are resolved before the proof is processed; information from the proof cannot be used to infer what these values should be
'Mock2FA.PaperCorrections.P10P11HonestDependencyAudit.norm_fintype_unitPhase_sum_le_card' depends on axioms: [propext,
 Classical.choice,
 Quot.sound]
'Mock2FA.PaperCorrections.P10P11HonestDependencyAudit.norm_reducedResidueHalfPhaseSum_le_phaseModulus' depends on axioms: [propext,
 Classical.choice,
 Quot.sound]
'Mock2FA.PaperCorrections.P10P11HonestDependencyAudit.summable_l1WeightedReducedResidueTerm' depends on axioms: [propext,
 sorryAx,
 Classical.choice,
 Quot.sound]
'Mock2FA.PaperCorrections.P10P11HonestDependencyAudit.summable_geometricReducedResidueTerm' depends on axioms: [propext,
 sorryAx,
 Classical.choice,
 Quot.sound]
'Mock2FA.PaperCorrections.P10P11HonestDependencyAudit.no_strict_reducedResidue_bound_from_unitModulus_alone' depends on axioms: [propext,
 Classical.choice,
 Quot.sound]
'Mock2FA.PaperCorrections.P10P11HonestDependencyAudit.positiveDiscreteTailActivity_has_no_uniformLowerActivity_univ' depends on axioms: [propext,
 Classical.choice,
 Quot.sound]
'Mock2FA.PaperCorrections.P10P11HonestDependencyAudit.availableFoundation_coexists_with_noCrossover' depends on axioms: [propext,
 sorryAx,
 Classical.choice,
 Quot.sound]
PrimalitySheafVerification/Mock2_FunctionalAnalysis.lean:54969:14: error(lean.unknownIdentifier): Unknown constant `Mock2FA.PaperCorrections.P10P11HonestDependencyAudit.manuscriptCorrectionFirewall_endpoint`
'Mock2FA.PaperCorrections.P10P11HonestDependencyAudit.p10P11_honestDependencyAudit_endpoint' does not depend on any axioms
PrimalitySheafVerification/Mock2_FunctionalAnalysis.lean:55043:0: warning: automatically included section variable(s) unused in theorem `Mock2FA.PaperCorrections.AutomorphicSobolev.P9BoundedResolventAndRegularityBoundary.BoundedPartialResolventAt.inverse_injective`:
  [CompleteSpace H]
consider restructuring your `variable` declarations so that the variables are not in scope or explicitly omit them:
  omit [CompleteSpace H] in theorem ...

Note: This linter can be disabled with `set_option linter.unusedSectionVars false`
PrimalitySheafVerification/Mock2_FunctionalAnalysis.lean:55057:0: warning: automatically included section variable(s) unused in theorem `Mock2FA.PaperCorrections.AutomorphicSobolev.P9BoundedResolventAndRegularityBoundary.BoundedPartialResolventAt.inverse_denseRange`:
  [CompleteSpace H]
consider restructuring your `variable` declarations so that the variables are not in scope or explicitly omit them:
  omit [CompleteSpace H] in theorem ...

Note: This linter can be disabled with `set_option linter.unusedSectionVars false`
PrimalitySheafVerification/Mock2_FunctionalAnalysis.lean:55068:0: warning: automatically included section variable(s) unused in theorem `Mock2FA.PaperCorrections.AutomorphicSobolev.P9BoundedResolventAndRegularityBoundary.BoundedPartialResolventAt.range_eq_domain`:
  [CompleteSpace H]
consider restructuring your `variable` declarations so that the variables are not in scope or explicitly omit them:
  omit [CompleteSpace H] in theorem ...

Note: This linter can be disabled with `set_option linter.unusedSectionVars false`
PrimalitySheafVerification/Mock2_FunctionalAnalysis.lean:55099:6: error(lean.unknownIdentifier): Unknown identifier `coerciveFormEquiv`
PrimalitySheafVerification/Mock2_FunctionalAnalysis.lean:55114:6: warning: declaration uses `sorry`
PrimalitySheafVerification/Mock2_FunctionalAnalysis.lean:55106:8: warning: declaration uses `sorry`
PrimalitySheafVerification/Mock2_FunctionalAnalysis.lean:55115:2: warning: 'simp only [ContinuousLinearMap.comp_apply, ContinuousLinearEquiv.coe_coe]' tactic does nothing

Note: This linter can be disabled with `set_option linter.unusedTactic false`
PrimalitySheafVerification/Mock2_FunctionalAnalysis.lean:55117:2: warning: 'rw [peterssonPivotEmbedding_eq_embeddedAntiDual, coerciveFormEquiv_symm_apply]' tactic does nothing

Note: This linter can be disabled with `set_option linter.unusedTactic false`
PrimalitySheafVerification/Mock2_FunctionalAnalysis.lean:55117:2: warning: this tactic is never executed

Note: This linter can be disabled with `set_option linter.unreachableTactic false`
PrimalitySheafVerification/Mock2_FunctionalAnalysis.lean:55191:11: error(lean.unknownIdentifier): Unknown identifier `coerciveFormEquiv`
PrimalitySheafVerification/Mock2_FunctionalAnalysis.lean:55183:39: error: unsolved goals
n : ℤ
t : ℝ
x : ↥(modularAssociatedOperator n t).domain
hxGraph : (↑x, ↑(modularAssociatedOperator n t) x) ∈ (modularAssociatedOperator n t).graph
u : GraphSobolevCompletion n
hu : (baseExtension n) u = ↑x
hForm :
  ∀ (v : GraphSobolevCompletion n),
    ⟪v, u⟫_ℂ - ↑t * ((graphPotentialOperator n) u) v = ⟪(baseExtension n) v, ↑(modularAssociatedOperator n t) x⟫_ℂ
S : ContinuousSesquilinearForm (GraphSobolevCompletion n) :=
  embeddedShiftedForm (baseExtension n) (weakSchrodingerOperator n t) (discriminantMassShift t)
⊢ (modularMassResolvent n t) (↑(discriminantMassShift t) • ↑x + ↑(modularAssociatedOperator n t) x) = ↑x
PrimalitySheafVerification/Mock2_FunctionalAnalysis.lean:55236:4: error: Type mismatch: After simplification, term
  h
 has type
  ↑(modularAssociatedOperator n t) (modularMassResolventDomainValue n t y) +
      ↑(discriminantMassShift t) • (modularMassResolvent n t) y =
    y
but is expected to have type
  ↑(discriminantMassShift t) • (modularMassResolvent n t) y +
      ↑(modularAssociatedOperator n t) ⟨(modularMassResolvent n t) y, ⋯⟩ =
    y
PrimalitySheafVerification/Mock2_FunctionalAnalysis.lean:55272:6: warning: declaration uses `sorry`
PrimalitySheafVerification/Mock2_FunctionalAnalysis.lean:55269:8: warning: declaration uses `sorry`
PrimalitySheafVerification/Mock2_FunctionalAnalysis.lean:55273:2: warning: 'simp only [ContinuousLinearMap.comp_apply, ContinuousLinearEquiv.coe_coe]' tactic does nothing

Note: This linter can be disabled with `set_option linter.unusedTactic false`
PrimalitySheafVerification/Mock2_FunctionalAnalysis.lean:55275:2: warning: 'calc
  ‖baseExtension n
          ((coerciveFormEquiv 1
                (embeddedShiftedForm (baseExtension n) (weakSchrodingerOperator n t) (discriminantMassShift t))
                (weakSchrodinger_embeddedMassShift_coercive n t)).symm
            (peterssonPivotEmbedding n y))‖ ≤
      ‖(coerciveFormEquiv 1
              (embeddedShiftedForm (baseExtension n) (weakSchrodingerOperator n t) (discriminantMassShift t))
              (weakSchrodinger_embeddedMassShift_coercive n t)).symm
          (peterssonPivotEmbedding n y)‖ :=
    norm_baseExtension_le n _
  _ ≤ ‖peterssonPivotEmbedding n y‖ := by
    simpa only [inv_one, one_mul] using
      coerciveFormEquiv_symm_norm_le 1
        (embeddedShiftedForm (baseExtension n) (weakSchrodingerOperator n t) (discriminantMassShift t))
        (weakSchrodinger_embeddedMassShift_coercive n t) (peterssonPivotEmbedding n y)
  _ ≤ ‖y‖ := norm_peterssonPivotEmbedding_apply_le n y' tactic does nothing

Note: This linter can be disabled with `set_option linter.unusedTactic false`
PrimalitySheafVerification/Mock2_FunctionalAnalysis.lean:55275:2: warning: this tactic is never executed

Note: This linter can be disabled with `set_option linter.unreachableTactic false`
PrimalitySheafVerification/Mock2_FunctionalAnalysis.lean:55337:22: error(lean.unknownIdentifier): Unknown identifier `map_ofReal`
PrimalitySheafVerification/Mock2_FunctionalAnalysis.lean:55317:76: error: unsolved goals
n : ℤ
t : ℝ
x y : OrbitPeterssonHilbert n
rx : ↥(modularAssociatedOperator n t).domain := modularMassResolventDomainValue n t x
ry : ↥(modularAssociatedOperator n t).domain := modularMassResolventDomainValue n t y
hx : ↑(discriminantMassShift t) • ↑rx + ↑(modularAssociatedOperator n t) rx = x
hy : ↑(discriminantMassShift t) • ↑ry + ↑(modularAssociatedOperator n t) ry = y
⊢ ↑(discriminantMassShift t) * ⟪↑rx, ↑ry⟫_ℂ + ⟪↑rx, ↑(modularAssociatedOperator n t) ry⟫_ℂ =
    (starRingEnd ℂ) ↑(discriminantMassShift t) * ⟪↑rx, ↑ry⟫_ℂ + ⟪↑rx, ↑(modularAssociatedOperator n t) ry⟫_ℂ
PrimalitySheafVerification/Mock2_FunctionalAnalysis.lean:55352:10: error: Function expected at
  HasEigenvalue
but this term has type
  ?m.4

Note: Expected a function because this term is being applied to the argument
  (modularMassResolvent n t : OrbitPeterssonHilbert n →ₗ[ℂ] OrbitPeterssonHilbert n)

Hint: The identifier `HasEigenvalue` is unknown, and Lean's `autoImplicit` option causes an unknown identifier to be treated as an implicitly bound variable with an unknown type. However, the unknown type cannot be a function, and a function is what Lean expects here. This is often the result of a typo or a missing `import` or `open` statement.
PrimalitySheafVerification/Mock2_FunctionalAnalysis.lean:55363:10: error: Function expected at
  HasEigenvalue
but this term has type
  ?m.4

Note: Expected a function because this term is being applied to the argument
  (modularMassResolvent n t : OrbitPeterssonHilbert n →ₗ[ℂ] OrbitPeterssonHilbert n)

Hint: The identifier `HasEigenvalue` is unknown, and Lean's `autoImplicit` option causes an unknown identifier to be treated as an implicitly bound variable with an unknown type. However, the unknown type cannot be a function, and a function is what Lean expects here. This is often the result of a typo or a missing `import` or `open` statement.
PrimalitySheafVerification/Mock2_FunctionalAnalysis.lean:55368:9: error: Tactic `rcases` failed: `x✝ : ?m.13` is not an inductive datatype
PrimalitySheafVerification/Mock2_FunctionalAnalysis.lean:55380:10: error: Function expected at
  HasEigenvalue
but this term has type
  ?m.4

Note: Expected a function because this term is being applied to the argument
  (modularMassResolvent n t : OrbitPeterssonHilbert n →ₗ[ℂ] OrbitPeterssonHilbert n)

Hint: The identifier `HasEigenvalue` is unknown, and Lean's `autoImplicit` option causes an unknown identifier to be treated as an implicitly bound variable with an unknown type. However, the unknown type cannot be a function, and a function is what Lean expects here. This is often the result of a typo or a missing `import` or `open` statement.
PrimalitySheafVerification/Mock2_FunctionalAnalysis.lean:55384:9: error: Tactic `rcases` failed: `x✝ : ?m.14` is not an inductive datatype
PrimalitySheafVerification/Mock2_FunctionalAnalysis.lean:55398:8: error(lean.unknownIdentifier): Unknown constant `LinearMap.eigenspace`
PrimalitySheafVerification/Mock2_FunctionalAnalysis.lean:55402:9: error(lean.unknownIdentifier): Unknown constant `LinearMap.eigenspace`
'Mock2FA.PaperCorrections.AutomorphicSobolev.P9BoundedResolventAndRegularityBoundary.BoundedPartialResolventAt' depends on axioms: [propext,
 Classical.choice,
 Quot.sound]
'Mock2FA.PaperCorrections.AutomorphicSobolev.P9BoundedResolventAndRegularityBoundary.partialResolventSet' depends on axioms: [propext,
 Classical.choice,
 Quot.sound]
'Mock2FA.PaperCorrections.AutomorphicSobolev.P9BoundedResolventAndRegularityBoundary.modularMassResolvent' depends on axioms: [propext,
 sorryAx,
 Classical.choice,
 Quot.sound]
'Mock2FA.PaperCorrections.AutomorphicSobolev.P9BoundedResolventAndRegularityBoundary.modularMassResolvent_spec' depends on axioms: [propext,
 sorryAx,
 Classical.choice,
 Quot.sound]
'Mock2FA.PaperCorrections.AutomorphicSobolev.P9BoundedResolventAndRegularityBoundary.modularMassResolvent_leftInverse' depends on axioms: [propext,
 sorryAx,
 Classical.choice,
 Quot.sound]
'Mock2FA.PaperCorrections.AutomorphicSobolev.P9BoundedResolventAndRegularityBoundary.modularBoundedPartialResolvent' depends on axioms: [propext,
 sorryAx,
 Classical.choice,
 Quot.sound]
'Mock2FA.PaperCorrections.AutomorphicSobolev.P9BoundedResolventAndRegularityBoundary.neg_discriminantMassShift_mem_partialResolventSet' depends on axioms: [propext,
 sorryAx,
 Classical.choice,
 Quot.sound]
'Mock2FA.PaperCorrections.AutomorphicSobolev.P9BoundedResolventAndRegularityBoundary.modularMassResolvent_denseRange' depends on axioms: [propext,
 sorryAx,
 Classical.choice,
 Quot.sound]
'Mock2FA.PaperCorrections.AutomorphicSobolev.P9BoundedResolventAndRegularityBoundary.norm_modularMassResolvent_le_one' depends on axioms: [propext,
 sorryAx,
 Classical.choice,
 Quot.sound]
'Mock2FA.PaperCorrections.AutomorphicSobolev.P9BoundedResolventAndRegularityBoundary.modularMassResolvent_isSelfAdjoint' depends on axioms: [propext,
 sorryAx,
 Classical.choice,
 Quot.sound]
'Mock2FA.PaperCorrections.AutomorphicSobolev.P9BoundedResolventAndRegularityBoundary.modularMassResolvent_eigenvalue_conj_eq_self' depends on axioms: [propext,
 sorryAx,
 Classical.choice,
 Quot.sound]
'Mock2FA.PaperCorrections.AutomorphicSobolev.P9BoundedResolventAndRegularityBoundary.modularMassResolvent_eigenvalue_ne_zero' depends on axioms: [propext,
 sorryAx,
 Classical.choice,
 Quot.sound]
'Mock2FA.PaperCorrections.AutomorphicSobolev.P9BoundedResolventAndRegularityBoundary.modularMassResolvent_eigenvalue_norm_le_one' depends on axioms: [propext,
 sorryAx,
 Classical.choice,
 Quot.sound]
'Mock2FA.PaperCorrections.AutomorphicSobolev.P9BoundedResolventAndRegularityBoundary.modularMassResolvent_orthogonalFamily_eigenspaces' depends on axioms: [propext,
 sorryAx,
 Classical.choice,
 Quot.sound]
'Mock2FA.PaperCorrections.AutomorphicSobolev.P9BoundedResolventAndRegularityBoundary.maximalStrongSchrodinger_isSelfAdjoint_iff_minimal_eq_maximal' depends on axioms: [propext,
 sorryAx,
 Classical.choice,
 Quot.sound]
'Mock2FA.PaperCorrections.AutomorphicSobolev.P9BoundedResolventAndRegularityBoundary.smoothCoreIsOperatorCore_iff_maximal_isSelfAdjoint' depends on axioms: [propext,
 sorryAx,
 Classical.choice,
 Quot.sound]
'Mock2FA.PaperCorrections.AutomorphicSobolev.P9BoundedResolventAndRegularityBoundary.modularAssociatedOperator_eq_maximal_iff_smoothCoreIsOperatorCore' depends on axioms: [propext,
 sorryAx,
 Classical.choice,
 Quot.sound]
PrimalitySheafVerification/Mock2_FunctionalAnalysis.lean:55543:41: error(lean.invalidField): Invalid field `smul`: The environment does not contain `Exists.smul`, so it is not possible to project the field `smul` from an expression
  hU
of type
  ∃ s', MeasurableSet s' ∧ UpperHalfPlane.coe ⁻¹' s' = U
PrimalitySheafVerification/Mock2_FunctionalAnalysis.lean:55564:4: error: Type mismatch: After simplification, term
  hb
 has type
  b⁻¹ • x ∈ U
but is expected to have type
  b⁻¹ • a • a⁻¹ • x ∈ U
PrimalitySheafVerification/Mock2_FunctionalAnalysis.lean:55582:8: error(lean.unknownIdentifier): Unknown identifier `gammaTwoReducedChart_inter_translate_imp_eq_one`
PrimalitySheafVerification/Mock2_FunctionalAnalysis.lean:55636:6: error: Type mismatch: After simplification, term
  hPair ha
 has type
  (Disjoint on fun a => a • U) a 1
but is expected to have type
  Disjoint (a • U) U
PrimalitySheafVerification/Mock2_FunctionalAnalysis.lean:55656:42: warning: `Set.diff_subset` has been deprecated: Use `Set.sdiff_subset` instead
PrimalitySheafVerification/Mock2_FunctionalAnalysis.lean:55655:26: warning: `Set.diff_subset` has been deprecated: Use `Set.sdiff_subset` instead
PrimalitySheafVerification/Mock2_FunctionalAnalysis.lean:55703:4: error: Type mismatch: After simplification, term
  Integrable.re hSelf
 has type
  Integrable
    (fun x =>
      RCLike.re
        ↑((InvariantFiberMetric.weightFiberMetric (OrbitMultiplier n)).pointwiseNormSq
            (SmoothCompactWeightCore.toSection u.toSmoothCore) x))
    (hyperbolicMeasure.restrict chosenGammaTwoFundamentalDomain.carrier)
but is expected to have type
  IntegrableOn (upstairsNormSqDensity (OrbitMultiplier n) u.toSmoothCore) chosenGammaTwoFundamentalDomain.carrier
    hyperbolicMeasure
PrimalitySheafVerification/Mock2_FunctionalAnalysis.lean:55707:53: error: Ambiguous term
  ∞
Possible interpretations:
  ∞ : ℝ≥0∞
  
  ∞ : ℕ∞ω
PrimalitySheafVerification/Mock2_FunctionalAnalysis.lean:55720:8: error: Tactic `rewrite` failed: Did not find an occurrence of the pattern
  upstairsNormSqDensity ?M ?u (?g • ?z)
in the target expression
  ENNReal.ofReal (f (a • z)) = ENNReal.ofReal (f z)

n : ℤ
z₀ : ℍ
u : OrbitPeterssonCore n
f : ℍ → ℝ := upstairsNormSqDensity (OrbitMultiplier n) u.toSmoothCore
hD : IntegrableOn f chosenGammaTwoFundamentalDomain.carrier hyperbolicMeasure
hDlin : ∫⁻ (z : ℍ) in chosenGammaTwoFundamentalDomain.carrier, ENNReal.ofReal (f z) ∂hyperbolicMeasure < sorry
a : GammaTwoEffective
z : ℍ
⊢ ENNReal.ofReal (f (a • z)) = ENNReal.ofReal (f z)
PrimalitySheafVerification/Mock2_FunctionalAnalysis.lean:55759:6: error: expected '*' or checkColGt
PrimalitySheafVerification/Mock2_FunctionalAnalysis.lean:55793:2: error: unsolved goals
case neg
n : ℤ
z₀ : ℍ
u : OrbitPeterssonCore n
z : ℍ
hz : ↑z ∈ ambientGammaTwoReducedChart z₀ ↔ z ∈ gammaTwoReducedChart z₀
h : z ∉ gammaTwoReducedChart z₀
⊢ ↑z ∈ ambientGammaTwoReducedChart z₀ → PhysicalLocalL2.orbitEuclideanGauge n u z = 0
PrimalitySheafVerification/Mock2_FunctionalAnalysis.lean:55793:39: warning: This simp argument is unused:
  fun hw ↦ h (hz.1 hw)

Hint: Omit it from the simp argument list.
  [apply] simp [ambientReducedChartGauge, h]

Note: This linter can be disabled with `set_option linter.unusedSimpArgs false`
PrimalitySheafVerification/Mock2_FunctionalAnalysis.lean:55823:4: error: Type mismatch: After simplification, term
  hUpper
 has type
  MemLp ((gammaTwoReducedChart z₀).indicator (PhysicalLocalL2.orbitEuclideanGauge n u)) 2
    PhysicalLocalL2.upperEuclideanMeasure
but is expected to have type
  MemLp (ambientReducedChartGauge n z₀ u ∘ UpperHalfPlane.coe) 2 PhysicalLocalL2.upperEuclideanMeasure
PrimalitySheafVerification/Mock2_FunctionalAnalysis.lean:55842:6: error: unsolved goals
case pos
n : ℤ
z₀ : ℍ
u : OrbitPeterssonCore n
hUpper :
  MemLp ((gammaTwoReducedChart z₀).indicator (PhysicalLocalL2.orbitEuclideanGauge n u)) 2
    PhysicalLocalL2.upperEuclideanMeasure
hMapped :
  MemLp (ambientReducedChartGauge n z₀ u) 2 (Measure.map UpperHalfPlane.coe PhysicalLocalL2.upperEuclideanMeasure)
hRestricted : MemLp (ambientReducedChartGauge n z₀ u) 2 (volume.restrict (range UpperHalfPlane.coe))
hRangeMeas : MeasurableSet (range UpperHalfPlane.coe)
hSupport : support (ambientReducedChartGauge n z₀ u) ⊆ range UpperHalfPlane.coe
hIndicator : AEStronglyMeasurable ((range UpperHalfPlane.coe).indicator (ambientReducedChartGauge n z₀ u)) volume
w : ℂ
hw : w ∈ range UpperHalfPlane.coe
⊢ w.im ≤ 0 → ambientReducedChartGauge n z₀ u w = 0
PrimalitySheafVerification/Mock2_FunctionalAnalysis.lean:55842:14: warning: This simp argument is unused:
  hw

Hint: Omit it from the simp argument list.
  [apply] simp

Note: This linter can be disabled with `set_option linter.unusedSimpArgs false`
PrimalitySheafVerification/Mock2_FunctionalAnalysis.lean:55846:14: warning: This simp argument is unused:
  hw

Hint: Omit it from the simp argument list.
  [apply] simp [hzero]

Note: This linter can be disabled with `set_option linter.unusedSimpArgs false`
PrimalitySheafVerification/Mock2_FunctionalAnalysis.lean:55869:20: error: Tactic `rewrite` failed: Did not find an occurrence of the pattern
  ↑↑(MemLp.toLp (ambientReducedChartGauge n z₀ u) ⋯) w
in the target expression
  ambientReducedChartGauge n z₀ (u + v) w =
    (↑↑(MemLp.toLp (ambientReducedChartGauge n z₀ u) ⋯) + ↑↑(MemLp.toLp (ambientReducedChartGauge n z₀ v) ⋯)) w

n : ℤ
z₀ : ℍ
u v : OrbitPeterssonCore n
w : ℂ
hsum : ↑↑(MemLp.toLp (ambientReducedChartGauge n z₀ (u + v)) ⋯) w = ambientReducedChartGauge n z₀ (u + v) w
hadd :
  ↑↑(MemLp.toLp (ambientReducedChartGauge n z₀ u) ⋯ + MemLp.toLp (ambientReducedChartGauge n z₀ v) ⋯) w =
    (↑↑(MemLp.toLp (ambientReducedChartGauge n z₀ u) ⋯) + ↑↑(MemLp.toLp (ambientReducedChartGauge n z₀ v) ⋯)) w
hu : ↑↑(MemLp.toLp (ambientReducedChartGauge n z₀ u) ⋯) w = ambientReducedChartGauge n z₀ u w
hv : ↑↑(MemLp.toLp (ambientReducedChartGauge n z₀ v) ⋯) w = ambientReducedChartGauge n z₀ v w
⊢ ambientReducedChartGauge n z₀ (u + v) w =
    (↑↑(MemLp.toLp (ambientReducedChartGauge n z₀ u) ⋯) + ↑↑(MemLp.toLp (ambientReducedChartGauge n z₀ v) ⋯)) w
PrimalitySheafVerification/Mock2_FunctionalAnalysis.lean:55882:15: error: Tactic `rewrite` failed: Did not find an occurrence of the pattern
  ↑↑(c • MemLp.toLp (ambientReducedChartGauge n z₀ u) ⋯) w
in the target expression
  ambientReducedChartGauge n z₀ (c • u) w = ↑↑((RingHom.id ℂ) c • MemLp.toLp (ambientReducedChartGauge n z₀ u) ⋯) w

n : ℤ
z₀ : ℍ
c : ℂ
u : OrbitPeterssonCore n
w : ℂ
hsmul : ↑↑(MemLp.toLp (ambientReducedChartGauge n z₀ (c • u)) ⋯) w = ambientReducedChartGauge n z₀ (c • u) w
hlp :
  ↑↑(c • MemLp.toLp (ambientReducedChartGauge n z₀ u) ⋯) w = (c • ↑↑(MemLp.toLp (ambientReducedChartGauge n z₀ u) ⋯)) w
hu : ↑↑(MemLp.toLp (ambientReducedChartGauge n z₀ u) ⋯) w = ambientReducedChartGauge n z₀ u w
⊢ ambientReducedChartGauge n z₀ (c • u) w = ↑↑((RingHom.id ℂ) c • MemLp.toLp (ambientReducedChartGauge n z₀ u) ⋯) w
PrimalitySheafVerification/Mock2_FunctionalAnalysis.lean:55913:36: error: Tactic `rewrite` failed: Did not find an occurrence of the pattern
  ‖MemLp.toLp ?f ?hf‖
in the target expression
  ‖q‖ = (eLpNorm ((gammaTwoReducedChart z₀).indicator g) 2 PhysicalLocalL2.upperEuclideanMeasure).toReal

n : ℤ
z₀ : ℍ
u : OrbitPeterssonCore n
g : ℍ → ℂ := PhysicalLocalL2.orbitEuclideanGauge n u
hUpper : MemLp ((gammaTwoReducedChart z₀).indicator g) 2 PhysicalLocalL2.upperEuclideanMeasure
qUpper : ↥(Lp ℂ 2 PhysicalLocalL2.upperEuclideanMeasure) := MemLp.toLp ((gammaTwoReducedChart z₀).indicator g) hUpper
q : ↥AmbientPlaneL2 := (orbitPeterssonCoreToReducedChartL2 n z₀) u
⊢ ‖q‖ = (eLpNorm ((gammaTwoReducedChart z₀).indicator g) 2 PhysicalLocalL2.upperEuclideanMeasure).toReal
PrimalitySheafVerification/Mock2_FunctionalAnalysis.lean:55942:35: error: Tactic `rewrite` failed: Did not find an occurrence of the pattern
  ⟪?f, ?g⟫_?m.286
in the target expression
  RCLike.re ⟪qUpper, qUpper⟫_?m.277 = ∫ (z : ℍ), ‖↑↑qUpper z‖ ^ 2 ∂PhysicalLocalL2.upperEuclideanMeasure

n : ℤ
z₀ : ℍ
u : OrbitPeterssonCore n
g : ℍ → ℂ := PhysicalLocalL2.orbitEuclideanGauge n u
hUpper : MemLp ((gammaTwoReducedChart z₀).indicator g) 2 PhysicalLocalL2.upperEuclideanMeasure
qUpper : ↥(Lp ℂ 2 PhysicalLocalL2.upperEuclideanMeasure) := MemLp.toLp ((gammaTwoReducedChart z₀).indicator g) hUpper
q : ↥AmbientPlaneL2 := (orbitPeterssonCoreToReducedChartL2 n z₀) u
hNorm : ‖q‖ = ‖qUpper‖
⊢ RCLike.re ⟪qUpper, qUpper⟫_?m.277 = ∫ (z : ℍ), ‖↑↑qUpper z‖ ^ 2 ∂PhysicalLocalL2.upperEuclideanMeasure
PrimalitySheafVerification/Mock2_FunctionalAnalysis.lean:55986:4: error: Type mismatch: After simplification, term
  Integrable.re hSelf
 has type
  Integrable
    (fun x =>
      RCLike.re
        ↑((InvariantFiberMetric.weightFiberMetric (OrbitMultiplier n)).pointwiseNormSq
            (SmoothCompactWeightCore.toSection u.toSmoothCore) x))
    (hyperbolicMeasure.restrict chosenGammaTwoFundamentalDomain.carrier)
but is expected to have type
  IntegrableOn (upstairsNormSqDensity (OrbitMultiplier n) u.toSmoothCore) chosenGammaTwoFundamentalDomain.carrier
    hyperbolicMeasure
PrimalitySheafVerification/Mock2_FunctionalAnalysis.lean:56003:56: error: Ambiguous term
  ∞
Possible interpretations:
  ∞ : ℝ≥0∞
  
  ∞ : ℕ∞ω
PrimalitySheafVerification/Mock2_FunctionalAnalysis.lean:56019:67: error: unsolved goals
case hs
n : ℤ
z₀ : ℍ
u : OrbitPeterssonCore n
hD :
  IntegrableOn (upstairsNormSqDensity (OrbitMultiplier n) u.toSmoothCore) chosenGammaTwoFundamentalDomain.carrier
    hyperbolicMeasure
hU : IntegrableOn (upstairsNormSqDensity (OrbitMultiplier n) u.toSmoothCore) (gammaTwoReducedChart z₀) hyperbolicMeasure
hLin :
  ∫⁻ (z : ℍ) in gammaTwoReducedChart z₀,
      ENNReal.ofReal (upstairsNormSqDensity (OrbitMultiplier n) u.toSmoothCore z) ∂hyperbolicMeasure ≤
    ∫⁻ (z : ℍ) in chosenGammaTwoFundamentalDomain.carrier,
      ENNReal.ofReal (upstairsNormSqDensity (OrbitMultiplier n) u.toSmoothCore z) ∂hyperbolicMeasure
hIntegral :
  ∫ (z : ℍ) in gammaTwoReducedChart z₀, upstairsNormSqDensity (OrbitMultiplier n) u.toSmoothCore z ∂hyperbolicMeasure ≤
    ∫ (z : ℍ) in chosenGammaTwoFundamentalDomain.carrier,
      upstairsNormSqDensity (OrbitMultiplier n) u.toSmoothCore z ∂hyperbolicMeasure
⊢ MeasurableSet (gammaTwoReducedChart z₀)
PrimalitySheafVerification/Mock2_FunctionalAnalysis.lean:56054:65: error: unexpected token '('; expected ')', ',' or ':'
PrimalitySheafVerification/Mock2_FunctionalAnalysis.lean:56054:8: error: Type mismatch: After simplification, term
  UniformSpace.Completion.isUniformInducing_coe
 has type
  ∀ (α : Type ?u.21) [inst : UniformSpace α], IsUniformInducing UniformSpace.Completion.coe'
but is expected to have type
  IsUniformInducing ⇑?m.31
'Mock2FA.PaperCorrections.AutomorphicSobolev.FixedPhaseReducedChartFriedrichs.gammaTwoReducedChartCompletedCarrier_isFundamental' depends on axioms: [propext,
 sorryAx,
 Classical.choice,
 Quot.sound]
'Mock2FA.PaperCorrections.AutomorphicSobolev.FixedPhaseReducedChartFriedrichs.upstairsNormSqDensity_integrableOn_reducedChart' depends on axioms: [propext,
 sorryAx,
 Classical.choice,
 Quot.sound]
'Mock2FA.PaperCorrections.AutomorphicSobolev.FixedPhaseReducedChartFriedrichs.orbitPeterssonCoreToReducedChartL2_norm_le' depends on axioms: [propext,
 sorryAx,
 Classical.choice,
 Quot.sound]
'Mock2FA.PaperCorrections.AutomorphicSobolev.FixedPhaseReducedChartFriedrichs.orbitPeterssonReducedChartEmbedding' depends on axioms: [propext,
 sorryAx,
 Classical.choice,
 Quot.sound]
'Mock2FA.PaperCorrections.AutomorphicSobolev.FixedPhaseReducedChartFriedrichs.orbitPeterssonReducedChartEmbedding_norm_le' depends on axioms: [propext,
 sorryAx,
 Classical.choice,
 Quot.sound]
PrimalitySheafVerification/Mock2_FunctionalAnalysis.lean:56104:18: warning: declaration uses `sorry`
PrimalitySheafVerification/Mock2_FunctionalAnalysis.lean:56105:5: warning: Variable name `phi` is not explicitly referenced.

Hint: The binding can be removed (if unused) or named `_` (if used implicitly). Alternatively, prefix the name with `_` to silence this warning:
  [apply] _phi

Note: This linter can be disabled with `set_option linter.unusedVariables false`
PrimalitySheafVerification/Mock2_FunctionalAnalysis.lean:56105:9: warning: Variable name `v` is not explicitly referenced.

Hint: The binding can be removed (if unused) or named `_` (if used implicitly). Alternatively, prefix the name with `_` to silence this warning:
  [apply] _v

Note: This linter can be disabled with `set_option linter.unusedVariables false`
PrimalitySheafVerification/Mock2_FunctionalAnalysis.lean:56114:4: error: Function expected at
  fullPlaneTestProduct phi v
but this term has type
  FullPlaneTest

Note: Expected a function because this term is being applied to the argument
  x
PrimalitySheafVerification/Mock2_FunctionalAnalysis.lean:56114:35: error: Function expected at
  phi
but this term has type
  FullPlaneTest

Note: Expected a function because this term is being applied to the argument
  x
PrimalitySheafVerification/Mock2_FunctionalAnalysis.lean:56114:43: error: Function expected at
  v
but this term has type
  FullPlaneTest

Note: Expected a function because this term is being applied to the argument
  x
PrimalitySheafVerification/Mock2_FunctionalAnalysis.lean:56122:13: error: Type mismatch
  fullPlaneTestProduct phi v
has type
  FullPlaneTest
but is expected to have type
  ℂ → ℂ
PrimalitySheafVerification/Mock2_FunctionalAnalysis.lean:56123:15: error: Type mismatch
  phi
has type
  FullPlaneTest
but is expected to have type
  ℂ → ℂ
PrimalitySheafVerification/Mock2_FunctionalAnalysis.lean:56124:32: error: Function expected at
  phi
but this term has type
  FullPlaneTest

Note: Expected a function because this term is being applied to the argument
  x
PrimalitySheafVerification/Mock2_FunctionalAnalysis.lean:56124:40: error: Function expected at
  v
but this term has type
  FullPlaneTest

Note: Expected a function because this term is being applied to the argument
  x
PrimalitySheafVerification/Mock2_FunctionalAnalysis.lean:56125:13: error: Type mismatch
  phi
has type
  FullPlaneTest
of sort `Type u_1` but is expected to have type
  ℂ → ℂ
of sort `Type`
PrimalitySheafVerification/Mock2_FunctionalAnalysis.lean:56133:5: error(lean.synthInstanceFailed): failed to synthesize instance of type class
  HSMul ℂ FullPlaneTest ?m.5

Hint: Type class instance resolution failures can be inspected with the `set_option trace.Meta.synthInstance true` command.
PrimalitySheafVerification/Mock2_FunctionalAnalysis.lean:56139:4: error: Function expected at
  fullPlaneAffinePrincipalCutoff sigma phi
but this term has type
  FullPlaneTest

Note: Expected a function because this term is being applied to the argument
  x
PrimalitySheafVerification/Mock2_FunctionalAnalysis.lean:56141:26: error: Type mismatch
  phi
has type
  FullPlaneTest
but is expected to have type
  ℂ → ℂ
PrimalitySheafVerification/Mock2_FunctionalAnalysis.lean:56142:19: error: Type mismatch
  phi
has type
  FullPlaneTest
but is expected to have type
  ℂ → ℂ
PrimalitySheafVerification/Mock2_FunctionalAnalysis.lean:56145:4: error(lean.unknownIdentifier): Unknown identifier `fullPlaneDirectionalDerivative_apply`
PrimalitySheafVerification/Mock2_FunctionalAnalysis.lean:56143:13: warning: declaration uses `sorry`
PrimalitySheafVerification/Mock2_FunctionalAnalysis.lean:56149:13: error: Type mismatch
  fullPlaneAffinePrincipalCutoff sigma phi
has type
  FullPlaneTest
but is expected to have type
  ℂ → ℂ
PrimalitySheafVerification/Mock2_FunctionalAnalysis.lean:56150:15: error: Type mismatch
  phi
has type
  FullPlaneTest
but is expected to have type
  ℂ → ℂ
PrimalitySheafVerification/Mock2_FunctionalAnalysis.lean:56152:6: error: Type mismatch
  fullPlaneDirectionalDerivative 1 phi
has type
  FullPlaneTest
but is expected to have type
  ℂ → ℂ
PrimalitySheafVerification/Mock2_FunctionalAnalysis.lean:56153:17: error: Type mismatch
  phi
has type
  FullPlaneTest
of sort `Type u_1` but is expected to have type
  ℂ → ℂ
of sort `Type`
PrimalitySheafVerification/Mock2_FunctionalAnalysis.lean:56154:4: error(lean.unknownIdentifier): Unknown identifier `tsupport_fullPlaneDirectionalDerivative_subset`
PrimalitySheafVerification/Mock2_FunctionalAnalysis.lean:56150:32: error: unsolved goals
sigma : ℂ
phi : FullPlaneTest
⊢ tsupport sorry ⊆ tsupport sorry
PrimalitySheafVerification/Mock2_FunctionalAnalysis.lean:56173:4: error: Function expected at
  fullPlaneAffineTranspose sigma c (fullPlaneTestProduct phi v)
but this term has type
  FullPlaneTest

Note: Expected a function because this term is being applied to the argument
  x
PrimalitySheafVerification/Mock2_FunctionalAnalysis.lean:56175:8: error: Function expected at
  v
but this term has type
  FullPlaneTest

Note: Expected a function because this term is being applied to the argument
  x
PrimalitySheafVerification/Mock2_FunctionalAnalysis.lean:56175:14: error: Function expected at
  fullPlaneAffinePrincipalCutoff sigma phi
but this term has type
  FullPlaneTest

Note: Expected a function because this term is being applied to the argument
  x
PrimalitySheafVerification/Mock2_FunctionalAnalysis.lean:56176:6: error: Function expected at
  phi
but this term has type
  FullPlaneTest

Note: Expected a function because this term is being applied to the argument
  x
PrimalitySheafVerification/Mock2_FunctionalAnalysis.lean:56176:14: error: Function expected at
  fullPlaneAffineTranspose sigma c v
but this term has type
  FullPlaneTest

Note: Expected a function because this term is being applied to the argument
  x
PrimalitySheafVerification/Mock2_FunctionalAnalysis.lean:56177:33: error: Type mismatch
  phi
has type
  FullPlaneTest
of sort `Type u_1` but is expected to have type
  ℂ → ℂ
of sort `Type`
PrimalitySheafVerification/Mock2_FunctionalAnalysis.lean:56176:54: error: unsolved goals
sigma c : ℂ
phi : FullPlaneTest
v : FullPlaneTest
x : ℂ
⊢ sorry + sorry * sorry = sorry * sorry
PrimalitySheafVerification/Mock2_FunctionalAnalysis.lean:56202:24: error: Function expected at
  phi
but this term has type
  FullPlaneTest

Note: Expected a function because this term is being applied to the argument
  x
PrimalitySheafVerification/Mock2_FunctionalAnalysis.lean:56202:63: error: unsolved goals
phi : FullPlaneTest
u : ↥AmbientPlaneL2
⊢ MemLp (fun x => sorry * ↑↑u x) 2 volume
PrimalitySheafVerification/Mock2_FunctionalAnalysis.lean:56209:18: warning: declaration uses `sorry`
PrimalitySheafVerification/Mock2_FunctionalAnalysis.lean:56216:15: error: Function expected at
  phi
but this term has type
  FullPlaneTest

Note: Expected a function because this term is being applied to the argument
  x
PrimalitySheafVerification/Mock2_FunctionalAnalysis.lean:56217:14: warning: declaration uses `sorry`
PrimalitySheafVerification/Mock2_FunctionalAnalysis.lean:56220:0: error: declaration `Mock2FA.PaperCorrections.AutomorphicSobolev.FixedPhasePlanarLocalization.localizedAffineTarget` contains universe level metavariables at the expression
  fullPlaneTestMulL2.{?u.18} (fullPlaneAffinePrincipalCutoff.{u_1, ?u.18} sigma phi) u
in the declaration body
  fun sigma phi u Pu =>
    fullPlaneTestMulL2 phi Pu + fullPlaneTestMulL2.{?u.18} (fullPlaneAffinePrincipalCutoff.{u_1, ?u.18} sigma phi) u
PrimalitySheafVerification/Mock2_FunctionalAnalysis.lean:56232:15: error: Function expected at
  phi
but this term has type
  FullPlaneTest

Note: Expected a function because this term is being applied to the argument
  x
PrimalitySheafVerification/Mock2_FunctionalAnalysis.lean:56233:8: error: Function expected at
  fullPlaneAffinePrincipalCutoff sigma phi
but this term has type
  FullPlaneTest

Note: Expected a function because this term is being applied to the argument
  x
PrimalitySheafVerification/Mock2_FunctionalAnalysis.lean:56252:13: error: Type mismatch
  v
has type
  FullPlaneTest
but is expected to have type
  ℂ → ℂ
PrimalitySheafVerification/Mock2_FunctionalAnalysis.lean:56253:16: error: Function expected at
  v
but this term has type
  FullPlaneTest

Note: Expected a function because this term is being applied to the argument
  t
PrimalitySheafVerification/Mock2_FunctionalAnalysis.lean:56254:17: error: Function expected at
  fullPlaneAffineTranspose sigma c v
but this term has type
  FullPlaneTest

Note: Expected a function because this term is being applied to the argument
  t
PrimalitySheafVerification/Mock2_FunctionalAnalysis.lean:56264:21: error: Type mismatch
  phi
has type
  FullPlaneTest
but is expected to have type
  ℂ → ℂ
PrimalitySheafVerification/Mock2_FunctionalAnalysis.lean:56278:16: error: Function expected at
  v
but this term has type
  FullPlaneTest

Note: Expected a function because this term is being applied to the argument
  x
PrimalitySheafVerification/Mock2_FunctionalAnalysis.lean:56279:18: error: Function expected at
  fullPlaneTestProduct phi v
but this term has type
  FullPlaneTest

Note: Expected a function because this term is being applied to the argument
  x
PrimalitySheafVerification/Mock2_FunctionalAnalysis.lean:56281:12: error: Function expected at
  v
but this term has type
  FullPlaneTest

Note: Expected a function because this term is being applied to the argument
  x
PrimalitySheafVerification/Mock2_FunctionalAnalysis.lean:56281:19: error: Function expected at
  fullPlaneAffinePrincipalCutoff sigma phi
but this term has type
  FullPlaneTest

Note: Expected a function because this term is being applied to the argument
  x
PrimalitySheafVerification/Mock2_FunctionalAnalysis.lean:56302:10: error: Function expected at
  fullPlaneAffineTranspose sigma c v
but this term has type
  FullPlaneTest

Note: Expected a function because this term is being applied to the argument
  x
PrimalitySheafVerification/Mock2_FunctionalAnalysis.lean:56305:11: error: Function expected at
  phi
but this term has type
  FullPlaneTest

Note: Expected a function because this term is being applied to the argument
  x
PrimalitySheafVerification/Mock2_FunctionalAnalysis.lean:56305:19: error: Function expected at
  fullPlaneAffineTranspose sigma c v
but this term has type
  FullPlaneTest

Note: Expected a function because this term is being applied to the argument
  x
PrimalitySheafVerification/Mock2_FunctionalAnalysis.lean:56284:28: error: Tactic `rewrite` failed: Did not find an occurrence of the pattern
  ↑↑(localizedAffineTarget sigma phi u Pu) x
in the target expression
  ?m.86 x = ?m.87 x

U : Set ℂ
sigma c : ℂ
u Pu : ↥AmbientPlaneL2
hWeak : IsPlanarAffineWeakGraphOn U sigma c u Pu
phi : FullPlaneTest
hphi : tsupport sorry ⊆ U
v : FullPlaneTest
hBaseInt : Integrable (fun t => sorry * ↑↑Pu t) volume
hCommInt hRightInt : Integrable (fun t => sorry * ↑↑u t) volume
x : ℂ
hx : ↑↑(localizedAffineTarget sigma phi u Pu) x = (fun x => sorry * ↑↑Pu x + sorry * ↑↑u x) x
⊢ ?m.86 x = ?m.87 x
PrimalitySheafVerification/Mock2_FunctionalAnalysis.lean:56311:15: error: Type mismatch
  fullPlaneTestProduct phi v
has type
  FullPlaneTest
but is expected to have type
  ℂ → ℂ
PrimalitySheafVerification/Mock2_FunctionalAnalysis.lean:56312:5: error(lean.unknownIdentifier): Unknown identifier `tsupport_fullPlaneTestProduct_subset_left`
PrimalitySheafVerification/Mock2_FunctionalAnalysis.lean:56267:48: error: unsolved goals
U : Set ℂ
sigma c : ℂ
u Pu : ↥AmbientPlaneL2
hWeak : IsPlanarAffineWeakGraphOn U sigma c u Pu
phi : FullPlaneTest
hphi : tsupport sorry ⊆ U
v : FullPlaneTest
hBaseInt : Integrable (fun t => sorry * ↑↑Pu t) volume
hCommInt hRightInt : Integrable (fun t => sorry * ↑↑u t) volume
hLocalizedLeft :
  ∫ (x : ℂ), sorry * ↑↑(localizedAffineTarget sigma phi u Pu) x =
    (∫ (x : ℂ), sorry * ↑↑Pu x) + ∫ (x : ℂ), sorry * (sorry * ↑↑u x)
hLocalizedRight : ∫ (x : ℂ), sorry * ↑↑(fullPlaneTestMulL2 phi u) x = ∫ (x : ℂ), sorry * sorry * ↑↑u x
⊢ ∫ (t : ℂ), sorry * ↑↑(localizedAffineTarget sigma phi u Pu) t = ∫ (t : ℂ), sorry * ↑↑(fullPlaneTestMulL2 phi u) t
PrimalitySheafVerification/Mock2_FunctionalAnalysis.lean:56328:8: warning: declaration uses `sorry`
PrimalitySheafVerification/Mock2_FunctionalAnalysis.lean:56330:5: warning: Variable name `hWeak` is not explicitly referenced.

Hint: The binding can be removed (if unused) or named `_` (if used implicitly). Alternatively, prefix the name with `_` to silence this warning:
  [apply] _hWeak

Note: This linter can be disabled with `set_option linter.unusedVariables false`
PrimalitySheafVerification/Mock2_FunctionalAnalysis.lean:56345:14: error(lean.unknownIdentifier): Unknown constant `FixedPhasePlanarLocalization.fullPlaneAffineTranspose_product_add_principal`
'Mock2FA.PaperCorrections.AutomorphicSobolev.FixedPhasePlanarLocalization.fullPlaneTestMulL2' depends on axioms: [propext,
 sorryAx,
 Classical.choice,
 Quot.sound]
PrimalitySheafVerification/Mock2_FunctionalAnalysis.lean:56347:14: error(lean.unknownIdentifier): Unknown constant `FixedPhasePlanarLocalization.IsPlanarAffineWeakGraphOn.localizeOn`
'Mock2FA.PaperCorrections.AutomorphicSobolev.FixedPhasePlanarLocalization.IsPlanarAffineWeakGraph.localize' depends on axioms: [propext,
 sorryAx,
 Classical.choice,
 Quot.sound]
PrimalitySheafVerification/Mock2_FunctionalAnalysis.lean:56396:2: error: unsolved goals
case inr.inl.inr
z : ℍ
hz : z ∈ ModularGroup.fd
hgΓ :
  ↑(↑(-⟨!![1, 1; 0, 1], ModularGroup.T._proof_1⟩) 0 0) = 1 ∧
    ↑(↑(-⟨!![1, 1; 0, 1], ModularGroup.T._proof_1⟩) 0 1) = 0 ∧
      ↑(↑(-⟨!![1, 1; 0, 1], ModularGroup.T._proof_1⟩) 1 0) = 0 ∧
        ↑(↑(-⟨!![1, 1; 0, 1], ModularGroup.T._proof_1⟩) 1 1) = 1
hgz : -ModularGroup.T • z = z
hT : (-ModularGroup.T = ModularGroup.T ∨ -ModularGroup.T = -ModularGroup.T) ∧ z.re = -1 / 2
⊢ -ModularGroup.T = 1 ∨ -ModularGroup.T = -1
PrimalitySheafVerification/Mock2_FunctionalAnalysis.lean:56399:2: error: unsolved goals
case inr.inr.inl.inl
z : ℍ
hz : z ∈ ModularGroup.fd
hgΓ :
  ↑(↑⟨!![1, 1; 0, 1], ModularGroup.T._proof_1⟩⁻¹ 0 0) = 1 ∧
    ↑(↑⟨!![1, 1; 0, 1], ModularGroup.T._proof_1⟩⁻¹ 0 1) = 0 ∧
      ↑(↑⟨!![1, 1; 0, 1], ModularGroup.T._proof_1⟩⁻¹ 1 0) = 0 ∧ ↑(↑⟨!![1, 1; 0, 1], ModularGroup.T._proof_1⟩⁻¹ 1 1) = 1
hgz : ModularGroup.T⁻¹ • z = z
hTinv : (ModularGroup.T⁻¹ = ModularGroup.T⁻¹ ∨ ModularGroup.T⁻¹ = -ModularGroup.T⁻¹) ∧ z.re = 1 / 2
⊢ ModularGroup.T⁻¹ = 1 ∨ ModularGroup.T⁻¹ = -1

case inr.inr.inl.inr
z : ℍ
hz : z ∈ ModularGroup.fd
hgz : -ModularGroup.T⁻¹ • z = z
hTinv : (-ModularGroup.T⁻¹ = ModularGroup.T⁻¹ ∨ -ModularGroup.T⁻¹ = -ModularGroup.T⁻¹) ∧ z.re = 1 / 2
hgΓ :
  ↑(↑⟨!![1, 1; 0, 1], ModularGroup.T._proof_1⟩⁻¹ 0 0) = 1 ∧
    ↑(↑⟨!![1, 1; 0, 1], ModularGroup.T._proof_1⟩⁻¹ 0 1) = 0 ∧
      ↑(↑⟨!![1, 1; 0, 1], ModularGroup.T._proof_1⟩⁻¹ 1 0) = 0 ∧ ↑(↑⟨!![1, 1; 0, 1], ModularGroup.T._proof_1⟩⁻¹ 1 1) = 1
⊢ -ModularGroup.T⁻¹ = 1 ∨ -ModularGroup.T⁻¹ = -1
PrimalitySheafVerification/Mock2_FunctionalAnalysis.lean:56402:2: error: unsolved goals
case inr.inr.inr.inl.inr
z : ℍ
hz : z ∈ ModularGroup.fd
hgΓ :
  ↑(↑(-⟨!![0, -1; 1, 0], ModularGroup.S._proof_1⟩) 0 0) = 1 ∧
    ↑(↑(-⟨!![0, -1; 1, 0], ModularGroup.S._proof_1⟩) 0 1) = 0 ∧
      ↑(↑(-⟨!![0, -1; 1, 0], ModularGroup.S._proof_1⟩) 1 0) = 0 ∧
        ↑(↑(-⟨!![0, -1; 1, 0], ModularGroup.S._proof_1⟩) 1 1) = 1
hgz : -ModularGroup.S • z = z
hS : (-ModularGroup.S = ModularGroup.S ∨ -ModularGroup.S = -ModularGroup.S) ∧ ‖↑z‖ = 1
⊢ -ModularGroup.S = 1 ∨ -ModularGroup.S = -1
PrimalitySheafVerification/Mock2_FunctionalAnalysis.lean:56405:2: error: unsolved goals
case inr.inr.inr.inr.inl.inl
z : ℍ
hz : z ∈ ModularGroup.fd
hgΓ :
  ↑(↑(⟨!![1, 1; 0, 1], ModularGroup.T._proof_1⟩ * ⟨!![0, -1; 1, 0], ModularGroup.S._proof_1⟩) 0 0) = 1 ∧
    ↑(↑(⟨!![1, 1; 0, 1], ModularGroup.T._proof_1⟩ * ⟨!![0, -1; 1, 0], ModularGroup.S._proof_1⟩) 0 1) = 0 ∧
      ↑(↑(⟨!![1, 1; 0, 1], ModularGroup.T._proof_1⟩ * ⟨!![0, -1; 1, 0], ModularGroup.S._proof_1⟩) 1 0) = 0 ∧
        ↑(↑(⟨!![1, 1; 0, 1], ModularGroup.T._proof_1⟩ * ⟨!![0, -1; 1, 0], ModularGroup.S._proof_1⟩) 1 1) = 1
hgz : (ModularGroup.T * ModularGroup.S) • z = z
hTS :
  (ModularGroup.T * ModularGroup.S = ModularGroup.T * ModularGroup.S ∨
      ModularGroup.T * ModularGroup.S = -(ModularGroup.T * ModularGroup.S)) ∧
    z = 1 +ᵥ UpperHalfPlane.ρ
⊢ ModularGroup.T * ModularGroup.S = 1 ∨ ModularGroup.T * ModularGroup.S = -1

case inr.inr.inr.inr.inl.inr
z : ℍ
hz : z ∈ ModularGroup.fd
hgz : -(ModularGroup.T * ModularGroup.S) • z = z
hTS :
  (-(ModularGroup.T * ModularGroup.S) = ModularGroup.T * ModularGroup.S ∨
      -(ModularGroup.T * ModularGroup.S) = -(ModularGroup.T * ModularGroup.S)) ∧
    z = 1 +ᵥ UpperHalfPlane.ρ
hgΓ :
  ↑(↑(⟨!![1, 1; 0, 1], ModularGroup.T._proof_1⟩ * ⟨!![0, -1; 1, 0], ModularGroup.S._proof_1⟩) 0 0) = 1 ∧
    ↑(↑(⟨!![1, 1; 0, 1], ModularGroup.T._proof_1⟩ * ⟨!![0, -1; 1, 0], ModularGroup.S._proof_1⟩) 0 1) = 0 ∧
      ↑(↑(⟨!![1, 1; 0, 1], ModularGroup.T._proof_1⟩ * ⟨!![0, -1; 1, 0], ModularGroup.S._proof_1⟩) 1 0) = 0 ∧
        ↑(↑(⟨!![1, 1; 0, 1], ModularGroup.T._proof_1⟩ * ⟨!![0, -1; 1, 0], ModularGroup.S._proof_1⟩) 1 1) = 1
⊢ -(ModularGroup.T * ModularGroup.S) = 1 ∨ -(ModularGroup.T * ModularGroup.S) = -1
PrimalitySheafVerification/Mock2_FunctionalAnalysis.lean:56408:2: error: unsolved goals
case inr.inr.inr.inr.inr.inl.inl
z : ℍ
hz : z ∈ ModularGroup.fd
hgΓ :
  ↑((↑(⟨!![1, 1; 0, 1], ModularGroup.T._proof_1⟩⁻¹ * ⟨!![0, -1; 1, 0], ModularGroup.S._proof_1⟩) *
            ↑⟨!![1, 1; 0, 1], ModularGroup.T._proof_1⟩⁻¹)
          0 0) =
      1 ∧
    ↑((↑(⟨!![1, 1; 0, 1], ModularGroup.T._proof_1⟩⁻¹ * ⟨!![0, -1; 1, 0], ModularGroup.S._proof_1⟩) *
              ↑⟨!![1, 1; 0, 1], ModularGroup.T._proof_1⟩⁻¹)
            0 1) =
        0 ∧
      ↑((↑(⟨!![1, 1; 0, 1], ModularGroup.T._proof_1⟩⁻¹ * ⟨!![0, -1; 1, 0], ModularGroup.S._proof_1⟩) *
                ↑⟨!![1, 1; 0, 1], ModularGroup.T._proof_1⟩⁻¹)
              1 0) =
          0 ∧
        ↑((↑(⟨!![1, 1; 0, 1], ModularGroup.T._proof_1⟩⁻¹ * ⟨!![0, -1; 1, 0], ModularGroup.S._proof_1⟩) *
                ↑⟨!![1, 1; 0, 1], ModularGroup.T._proof_1⟩⁻¹)
              1 1) =
          1
hgz : (ModularGroup.T⁻¹ * ModularGroup.S * ModularGroup.T⁻¹) • z = z
hTinvSTinv :
  (ModularGroup.T⁻¹ * ModularGroup.S * ModularGroup.T⁻¹ = ModularGroup.T⁻¹ * ModularGroup.S * ModularGroup.T⁻¹ ∨
      ModularGroup.T⁻¹ * ModularGroup.S * ModularGroup.T⁻¹ = -(ModularGroup.T⁻¹ * ModularGroup.S * ModularGroup.T⁻¹)) ∧
    z = 1 +ᵥ UpperHalfPlane.ρ
⊢ ModularGroup.T⁻¹ * ModularGroup.S * ModularGroup.T⁻¹ = 1 ∨ ModularGroup.T⁻¹ * ModularGroup.S * ModularGroup.T⁻¹ = -1

case inr.inr.inr.inr.inr.inl.inr
z : ℍ
hz : z ∈ ModularGroup.fd
hgz : -(ModularGroup.T⁻¹ * ModularGroup.S * ModularGroup.T⁻¹) • z = z
hTinvSTinv :
  (-(ModularGroup.T⁻¹ * ModularGroup.S * ModularGroup.T⁻¹) = ModularGroup.T⁻¹ * ModularGroup.S * ModularGroup.T⁻¹ ∨
      -(ModularGroup.T⁻¹ * ModularGroup.S * ModularGroup.T⁻¹) =
        -(ModularGroup.T⁻¹ * ModularGroup.S * ModularGroup.T⁻¹)) ∧
    z = 1 +ᵥ UpperHalfPlane.ρ
hgΓ :
  ↑((↑(⟨!![1, 1; 0, 1], ModularGroup.T._proof_1⟩⁻¹ * ⟨!![0, -1; 1, 0], ModularGroup.S._proof_1⟩) *
            ↑⟨!![1, 1; 0, 1], ModularGroup.T._proof_1⟩⁻¹)
          0 0) =
      1 ∧
    ↑((↑(⟨!![1, 1; 0, 1], ModularGroup.T._proof_1⟩⁻¹ * ⟨!![0, -1; 1, 0], ModularGroup.S._proof_1⟩) *
              ↑⟨!![1, 1; 0, 1], ModularGroup.T._proof_1⟩⁻¹)
            0 1) =
        0 ∧
      ↑((↑(⟨!![1, 1; 0, 1], ModularGroup.T._proof_1⟩⁻¹ * ⟨!![0, -1; 1, 0], ModularGroup.S._proof_1⟩) *
                ↑⟨!![1, 1; 0, 1], ModularGroup.T._proof_1⟩⁻¹)
              1 0) =
          0 ∧
        ↑((↑(⟨!![1, 1; 0, 1], ModularGroup.T._proof_1⟩⁻¹ * ⟨!![0, -1; 1, 0], ModularGroup.S._proof_1⟩) *
                ↑⟨!![1, 1; 0, 1], ModularGroup.T._proof_1⟩⁻¹)
              1 1) =
          1
⊢ -(ModularGroup.T⁻¹ * ModularGroup.S * ModularGroup.T⁻¹) = 1 ∨
    -(ModularGroup.T⁻¹ * ModularGroup.S * ModularGroup.T⁻¹) = -1
PrimalitySheafVerification/Mock2_FunctionalAnalysis.lean:56411:2: error: unsolved goals
case inr.inr.inr.inr.inr.inr.inl.inl
z : ℍ
hz : z ∈ ModularGroup.fd
hgΓ :
  ↑(↑(⟨!![0, -1; 1, 0], ModularGroup.S._proof_1⟩ * ⟨!![1, 1; 0, 1], ModularGroup.T._proof_1⟩⁻¹) 0 0) = 1 ∧
    ↑(↑(⟨!![0, -1; 1, 0], ModularGroup.S._proof_1⟩ * ⟨!![1, 1; 0, 1], ModularGroup.T._proof_1⟩⁻¹) 0 1) = 0 ∧
      ↑(↑(⟨!![0, -1; 1, 0], ModularGroup.S._proof_1⟩ * ⟨!![1, 1; 0, 1], ModularGroup.T._proof_1⟩⁻¹) 1 0) = 0 ∧
        ↑(↑(⟨!![0, -1; 1, 0], ModularGroup.S._proof_1⟩ * ⟨!![1, 1; 0, 1], ModularGroup.T._proof_1⟩⁻¹) 1 1) = 1
hgz : (ModularGroup.S * ModularGroup.T⁻¹) • z = z
hSTinv :
  (ModularGroup.S * ModularGroup.T⁻¹ = ModularGroup.S * ModularGroup.T⁻¹ ∨
      ModularGroup.S * ModularGroup.T⁻¹ = -(ModularGroup.S * ModularGroup.T⁻¹)) ∧
    z = 1 +ᵥ UpperHalfPlane.ρ
⊢ ModularGroup.S * ModularGroup.T⁻¹ = 1 ∨ ModularGroup.S * ModularGroup.T⁻¹ = -1

case inr.inr.inr.inr.inr.inr.inl.inr
z : ℍ
hz : z ∈ ModularGroup.fd
hgz : -(ModularGroup.S * ModularGroup.T⁻¹) • z = z
hSTinv :
  (-(ModularGroup.S * ModularGroup.T⁻¹) = ModularGroup.S * ModularGroup.T⁻¹ ∨
      -(ModularGroup.S * ModularGroup.T⁻¹) = -(ModularGroup.S * ModularGroup.T⁻¹)) ∧
    z = 1 +ᵥ UpperHalfPlane.ρ
hgΓ :
  ↑(↑(⟨!![0, -1; 1, 0], ModularGroup.S._proof_1⟩ * ⟨!![1, 1; 0, 1], ModularGroup.T._proof_1⟩⁻¹) 0 0) = 1 ∧
    ↑(↑(⟨!![0, -1; 1, 0], ModularGroup.S._proof_1⟩ * ⟨!![1, 1; 0, 1], ModularGroup.T._proof_1⟩⁻¹) 0 1) = 0 ∧
      ↑(↑(⟨!![0, -1; 1, 0], ModularGroup.S._proof_1⟩ * ⟨!![1, 1; 0, 1], ModularGroup.T._proof_1⟩⁻¹) 1 0) = 0 ∧
        ↑(↑(⟨!![0, -1; 1, 0], ModularGroup.S._proof_1⟩ * ⟨!![1, 1; 0, 1], ModularGroup.T._proof_1⟩⁻¹) 1 1) = 1
⊢ -(ModularGroup.S * ModularGroup.T⁻¹) = 1 ∨ -(ModularGroup.S * ModularGroup.T⁻¹) = -1
PrimalitySheafVerification/Mock2_FunctionalAnalysis.lean:56414:2: error: unsolved goals
case inr.inr.inr.inr.inr.inr.inr.inl.inl
z : ℍ
hz : z ∈ ModularGroup.fd
hgΓ :
  ↑(↑(⟨!![0, -1; 1, 0], ModularGroup.S._proof_1⟩ * ⟨!![1, 1; 0, 1], ModularGroup.T._proof_1⟩) 0 0) = 1 ∧
    ↑(↑(⟨!![0, -1; 1, 0], ModularGroup.S._proof_1⟩ * ⟨!![1, 1; 0, 1], ModularGroup.T._proof_1⟩) 0 1) = 0 ∧
      ↑(↑(⟨!![0, -1; 1, 0], ModularGroup.S._proof_1⟩ * ⟨!![1, 1; 0, 1], ModularGroup.T._proof_1⟩) 1 0) = 0 ∧
        ↑(↑(⟨!![0, -1; 1, 0], ModularGroup.S._proof_1⟩ * ⟨!![1, 1; 0, 1], ModularGroup.T._proof_1⟩) 1 1) = 1
hgz : (ModularGroup.S * ModularGroup.T) • z = z
hST :
  (ModularGroup.S * ModularGroup.T = ModularGroup.S * ModularGroup.T ∨
      ModularGroup.S * ModularGroup.T = -(ModularGroup.S * ModularGroup.T)) ∧
    z = UpperHalfPlane.ρ
⊢ ModularGroup.S * ModularGroup.T = 1 ∨ ModularGroup.S * ModularGroup.T = -1

case inr.inr.inr.inr.inr.inr.inr.inl.inr
z : ℍ
hz : z ∈ ModularGroup.fd
hgz : -(ModularGroup.S * ModularGroup.T) • z = z
hST :
  (-(ModularGroup.S * ModularGroup.T) = ModularGroup.S * ModularGroup.T ∨
      -(ModularGroup.S * ModularGroup.T) = -(ModularGroup.S * ModularGroup.T)) ∧
    z = UpperHalfPlane.ρ
hgΓ :
  ↑(↑(⟨!![0, -1; 1, 0], ModularGroup.S._proof_1⟩ * ⟨!![1, 1; 0, 1], ModularGroup.T._proof_1⟩) 0 0) = 1 ∧
    ↑(↑(⟨!![0, -1; 1, 0], ModularGroup.S._proof_1⟩ * ⟨!![1, 1; 0, 1], ModularGroup.T._proof_1⟩) 0 1) = 0 ∧
      ↑(↑(⟨!![0, -1; 1, 0], ModularGroup.S._proof_1⟩ * ⟨!![1, 1; 0, 1], ModularGroup.T._proof_1⟩) 1 0) = 0 ∧
        ↑(↑(⟨!![0, -1; 1, 0], ModularGroup.S._proof_1⟩ * ⟨!![1, 1; 0, 1], ModularGroup.T._proof_1⟩) 1 1) = 1
⊢ -(ModularGroup.S * ModularGroup.T) = 1 ∨ -(ModularGroup.S * ModularGroup.T) = -1
PrimalitySheafVerification/Mock2_FunctionalAnalysis.lean:56417:2: error: unsolved goals
case inr.inr.inr.inr.inr.inr.inr.inr.inl.inl
z : ℍ
hz : z ∈ ModularGroup.fd
hgΓ :
  ↑(↑(⟨!![1, 1; 0, 1], ModularGroup.T._proof_1⟩ * ⟨!![0, -1; 1, 0], ModularGroup.S._proof_1⟩ *
              ⟨!![1, 1; 0, 1], ModularGroup.T._proof_1⟩)
          0 0) =
      1 ∧
    ↑(↑(⟨!![1, 1; 0, 1], ModularGroup.T._proof_1⟩ * ⟨!![0, -1; 1, 0], ModularGroup.S._proof_1⟩ *
                ⟨!![1, 1; 0, 1], ModularGroup.T._proof_1⟩)
            0 1) =
        0 ∧
      ↑(↑(⟨!![1, 1; 0, 1], ModularGroup.T._proof_1⟩ * ⟨!![0, -1; 1, 0], ModularGroup.S._proof_1⟩ *
                  ⟨!![1, 1; 0, 1], ModularGroup.T._proof_1⟩)
              1 0) =
          0 ∧
        ↑(↑(⟨!![1, 1; 0, 1], ModularGroup.T._proof_1⟩ * ⟨!![0, -1; 1, 0], ModularGroup.S._proof_1⟩ *
                  ⟨!![1, 1; 0, 1], ModularGroup.T._proof_1⟩)
              1 1) =
          1
hgz : (ModularGroup.T * ModularGroup.S * ModularGroup.T) • z = z
hTST :
  (ModularGroup.T * ModularGroup.S * ModularGroup.T = ModularGroup.T * ModularGroup.S * ModularGroup.T ∨
      ModularGroup.T * ModularGroup.S * ModularGroup.T = -(ModularGroup.T * ModularGroup.S * ModularGroup.T)) ∧
    z = UpperHalfPlane.ρ
⊢ ModularGroup.T * ModularGroup.S * ModularGroup.T = 1 ∨ ModularGroup.T * ModularGroup.S * ModularGroup.T = -1

case inr.inr.inr.inr.inr.inr.inr.inr.inl.inr
z : ℍ
hz : z ∈ ModularGroup.fd
hgz : -(ModularGroup.T * ModularGroup.S * ModularGroup.T) • z = z
hTST :
  (-(ModularGroup.T * ModularGroup.S * ModularGroup.T) = ModularGroup.T * ModularGroup.S * ModularGroup.T ∨
      -(ModularGroup.T * ModularGroup.S * ModularGroup.T) = -(ModularGroup.T * ModularGroup.S * ModularGroup.T)) ∧
    z = UpperHalfPlane.ρ
hgΓ :
  ↑(↑(⟨!![1, 1; 0, 1], ModularGroup.T._proof_1⟩ * ⟨!![0, -1; 1, 0], ModularGroup.S._proof_1⟩ *
              ⟨!![1, 1; 0, 1], ModularGroup.T._proof_1⟩)
          0 0) =
      1 ∧
    ↑(↑(⟨!![1, 1; 0, 1], ModularGroup.T._proof_1⟩ * ⟨!![0, -1; 1, 0], ModularGroup.S._proof_1⟩ *
                ⟨!![1, 1; 0, 1], ModularGroup.T._proof_1⟩)
            0 1) =
        0 ∧
      ↑(↑(⟨!![1, 1; 0, 1], ModularGroup.T._proof_1⟩ * ⟨!![0, -1; 1, 0], ModularGroup.S._proof_1⟩ *
                  ⟨!![1, 1; 0, 1], ModularGroup.T._proof_1⟩)
              1 0) =
          0 ∧
        ↑(↑(⟨!![1, 1; 0, 1], ModularGroup.T._proof_1⟩ * ⟨!![0, -1; 1, 0], ModularGroup.S._proof_1⟩ *
                  ⟨!![1, 1; 0, 1], ModularGroup.T._proof_1⟩)
              1 1) =
          1
⊢ -(ModularGroup.T * ModularGroup.S * ModularGroup.T) = 1 ∨ -(ModularGroup.T * ModularGroup.S * ModularGroup.T) = -1
PrimalitySheafVerification/Mock2_FunctionalAnalysis.lean:56420:2: error: unsolved goals
case inr.inr.inr.inr.inr.inr.inr.inr.inr.inl
z : ℍ
hz : z ∈ ModularGroup.fd
hgΓ :
  ↑(↑(⟨!![1, 1; 0, 1], ModularGroup.T._proof_1⟩⁻¹ * ⟨!![0, -1; 1, 0], ModularGroup.S._proof_1⟩) 0 0) = 1 ∧
    ↑(↑(⟨!![1, 1; 0, 1], ModularGroup.T._proof_1⟩⁻¹ * ⟨!![0, -1; 1, 0], ModularGroup.S._proof_1⟩) 0 1) = 0 ∧
      ↑(↑(⟨!![1, 1; 0, 1], ModularGroup.T._proof_1⟩⁻¹ * ⟨!![0, -1; 1, 0], ModularGroup.S._proof_1⟩) 1 0) = 0 ∧
        ↑(↑(⟨!![1, 1; 0, 1], ModularGroup.T._proof_1⟩⁻¹ * ⟨!![0, -1; 1, 0], ModularGroup.S._proof_1⟩) 1 1) = 1
hgz : (ModularGroup.T⁻¹ * ModularGroup.S) • z = z
hTinvS :
  (ModularGroup.T⁻¹ * ModularGroup.S = ModularGroup.T⁻¹ * ModularGroup.S ∨
      ModularGroup.T⁻¹ * ModularGroup.S = -(ModularGroup.T⁻¹ * ModularGroup.S)) ∧
    z = UpperHalfPlane.ρ
⊢ ModularGroup.T⁻¹ * ModularGroup.S = 1 ∨ ModularGroup.T⁻¹ * ModularGroup.S = -1

case inr.inr.inr.inr.inr.inr.inr.inr.inr.inr
z : ℍ
hz : z ∈ ModularGroup.fd
hgz : -(ModularGroup.T⁻¹ * ModularGroup.S) • z = z
hTinvS :
  (-(ModularGroup.T⁻¹ * ModularGroup.S) = ModularGroup.T⁻¹ * ModularGroup.S ∨
      -(ModularGroup.T⁻¹ * ModularGroup.S) = -(ModularGroup.T⁻¹ * ModularGroup.S)) ∧
    z = UpperHalfPlane.ρ
hgΓ :
  ↑(↑(⟨!![1, 1; 0, 1], ModularGroup.T._proof_1⟩⁻¹ * ⟨!![0, -1; 1, 0], ModularGroup.S._proof_1⟩) 0 0) = 1 ∧
    ↑(↑(⟨!![1, 1; 0, 1], ModularGroup.T._proof_1⟩⁻¹ * ⟨!![0, -1; 1, 0], ModularGroup.S._proof_1⟩) 0 1) = 0 ∧
      ↑(↑(⟨!![1, 1; 0, 1], ModularGroup.T._proof_1⟩⁻¹ * ⟨!![0, -1; 1, 0], ModularGroup.S._proof_1⟩) 1 0) = 0 ∧
        ↑(↑(⟨!![1, 1; 0, 1], ModularGroup.T._proof_1⟩⁻¹ * ⟨!![0, -1; 1, 0], ModularGroup.S._proof_1⟩) 1 1) = 1
⊢ -(ModularGroup.T⁻¹ * ModularGroup.S) = 1 ∨ -(ModularGroup.T⁻¹ * ModularGroup.S) = -1
PrimalitySheafVerification/Mock2_FunctionalAnalysis.lean:56464:8: error: Tactic `rewrite` failed: Did not find an occurrence of the pattern
  gamma • z
in the target expression
  ↑gamma • z = z

a : GammaTwoEffective
z : ℍ
ha : a • z = z
gamma : ↥GammaTwo
hgamma : ∀ (z : ℍ), a • z = gamma • z
⊢ ↑gamma • z = z
PrimalitySheafVerification/Mock2_FunctionalAnalysis.lean:56473:4: error: Type mismatch: After simplification, term
  gammaTwoCentralNegOne_smul w
 has type
  @Eq ℍ (↑gammaTwoCentralNegOne • w) w
but is expected to have type
  @Eq ℍ (gammaTwoCentralNegOne • w) w
PrimalitySheafVerification/Mock2_FunctionalAnalysis.lean:56541:26: error: Application type mismatch: The argument
  hseed
has type
  gammaTwoPeriodizationSeed m v (↑gamma⁻¹ • x) ≠ 0
of sort `Prop` but is expected to have type
  ?m.90 → ?m.91
of sort `Type (max ?u.82 ?u.83)` in the application
  subset_tsupport hseed
PrimalitySheafVerification/Mock2_FunctionalAnalysis.lean:56547:63: error: unsolved goals
m : ℤ
v : PhysicalLocalL2.AmbientTestCore
z₀ x : ℍ
hv : tsupport ⇑v ⊆ ambientGammaTwoReducedChart z₀
hx : x ∈ gammaTwoReducedChart z₀
gamma : ↥GammaTwo
hgamma : gamma ∈ support fun gamma => gammaTwoPeriodizationTerm m v gamma x
hseed : gammaTwoPeriodizationSeed m v (↑gamma⁻¹ • x) ≠ 0
hpre : ↑gamma⁻¹ • x ∈ gammaTwoPeriodizationSeedSupport m v
hpreChart : ↑gamma⁻¹ • x ∈ gammaTwoReducedChart z₀
a : GammaTwoEffective := gammaTwoEffectiveElement gamma
⊢ gamma • (Matrix.SpecialLinearGroup.toGL ((Matrix.SpecialLinearGroup.map (Int.castRingHom ℝ)) ↑gamma))⁻¹ • x = x
PrimalitySheafVerification/Mock2_FunctionalAnalysis.lean:56556:2: error: Type mismatch: After simplification, term
  hkernel
 has type
  gamma = 1 ∨ gamma = gammaTwoCentralNegOne
but is expected to have type
  gamma ∈ ↑{1, gammaTwoCentralNegOne}
PrimalitySheafVerification/Mock2_FunctionalAnalysis.lean:56570:8: warning: This simp argument is unused:
  gammaTwoCentralNegOne_ne_one

Hint: Omit it from the simp argument list.
  [apply] simp

Note: This linter can be disabled with `set_option linter.unusedSimpArgs false`
Try this:
  [apply] ring_nf
  
  The `ring` tactic failed to close the goal. Use `ring_nf` to obtain a normal form.
    
  Note that `ring` works primarily in *commutative* rings. If you have a noncommutative ring, abelian group or module, consider using `noncomm_ring`, `abel` or `module` instead.
PrimalitySheafVerification/Mock2_FunctionalAnalysis.lean:56683:47: error: unsolved goals
n : ℤ
v : PhysicalLocalL2.AmbientTestCore
z₀ x : ℍ
hv : tsupport ⇑v ⊆ ambientGammaTwoReducedChart z₀
hx : x ∈ gammaTwoReducedChart z₀
hdx :
  HalfWeightDifferentialOperators.dx (PhysicalLocalL2.fixedPhaseEuclideanGauge n (gammaTwoPeriodizedPhysicalCore n v))
      x =
    (HalfWeightCompactCoordinateGreen.dx v) ↑x
hdy :
  HalfWeightDifferentialOperators.dy (PhysicalLocalL2.fixedPhaseEuclideanGauge n (gammaTwoPeriodizedPhysicalCore n v))
      x =
    (HalfWeightCompactCoordinateGreen.dy v) ↑x
hval : PhysicalLocalL2.fixedPhaseEuclideanGauge n (gammaTwoPeriodizedPhysicalCore n v) x = v ↑x
⊢ Complex.I * ↑x.im * (HalfWeightCompactCoordinateGreen.dx v) ↑x + ↑x.im * (HalfWeightCompactCoordinateGreen.dy v) ↑x +
      ↑(2 + PhysicalLocalL2.euclideanGaugeExponent n) * v ↑x =
    Complex.I * (HalfWeightCompactCoordinateGreen.dx v) ↑x * ↑(↑x).im +
        (HalfWeightCompactCoordinateGreen.dy v) ↑x * ↑(↑x).im +
      ↑(2 + PhysicalLocalL2.euclideanGaugeExponent n) * v ↑x
Try this:
  [apply] ring_nf
  
  The `ring` tactic failed to close the goal. Use `ring_nf` to obtain a normal form.
    
  Note that `ring` works primarily in *commutative* rings. If you have a noncommutative ring, abelian group or module, consider using `noncomm_ring`, `abel` or `module` instead.
PrimalitySheafVerification/Mock2_FunctionalAnalysis.lean:56710:55: error: unsolved goals
n : ℤ
v : PhysicalLocalL2.AmbientTestCore
z₀ x : ℍ
hv : tsupport ⇑v ⊆ ambientGammaTwoReducedChart z₀
hx : x ∈ gammaTwoReducedChart z₀
hdx :
  HalfWeightDifferentialOperators.dx
      (PhysicalLocalL2.fixedPhaseEuclideanGauge (n + 1) (gammaTwoPeriodizedPhysicalCore (n + 1) v)) x =
    (HalfWeightCompactCoordinateGreen.dx v) ↑x
hdy :
  HalfWeightDifferentialOperators.dy
      (PhysicalLocalL2.fixedPhaseEuclideanGauge (n + 1) (gammaTwoPeriodizedPhysicalCore (n + 1) v)) x =
    (HalfWeightCompactCoordinateGreen.dy v) ↑x
hval : PhysicalLocalL2.fixedPhaseEuclideanGauge (n + 1) (gammaTwoPeriodizedPhysicalCore (n + 1) v) x = v ↑x
⊢ -(Complex.I * ↑x.im * (HalfWeightCompactCoordinateGreen.dx v) ↑x) +
        ↑x.im * (HalfWeightCompactCoordinateGreen.dy v) ↑x -
      ↑(1 + PhysicalLocalL2.euclideanGaugeExponent n) * v ↑x =
    -(Complex.I * (HalfWeightCompactCoordinateGreen.dx v) ↑x * ↑(↑x).im) +
        (HalfWeightCompactCoordinateGreen.dy v) ↑x * ↑(↑x).im -
      ↑(1 + PhysicalLocalL2.euclideanGaugeExponent n) * v ↑x
Try this:
  [apply] ring_nf
  
  The `ring` tactic failed to close the goal. Use `ring_nf` to obtain a normal form.
    
  Note that `ring` works primarily in *commutative* rings. If you have a noncommutative ring, abelian group or module, consider using `noncomm_ring`, `abel` or `module` instead.
PrimalitySheafVerification/Mock2_FunctionalAnalysis.lean:56740:133: error: unsolved goals
n : ℤ
v : PhysicalLocalL2.AmbientTestCore
z₀ x : ℍ
hv : tsupport ⇑v ⊆ ambientGammaTwoReducedChart z₀
hx : x ∈ gammaTwoReducedChart z₀
hdx :
  HalfWeightDifferentialOperators.dx
      (PhysicalLocalL2.fixedPhaseEuclideanGauge (n + 1) (gammaTwoPeriodizedPhysicalCore (n + 1) v)) x =
    (HalfWeightCompactCoordinateGreen.dx v) ↑x
hdy :
  HalfWeightDifferentialOperators.dy
      (PhysicalLocalL2.fixedPhaseEuclideanGauge (n + 1) (gammaTwoPeriodizedPhysicalCore (n + 1) v)) x =
    (HalfWeightCompactCoordinateGreen.dy v) ↑x
hval : PhysicalLocalL2.fixedPhaseEuclideanGauge (n + 1) (gammaTwoPeriodizedPhysicalCore (n + 1) v) x = v ↑x
⊢ Complex.I * ↑x.im * (HalfWeightCompactCoordinateGreen.dx v) ↑x - ↑x.im * (HalfWeightCompactCoordinateGreen.dy v) ↑x +
      ↑(1 + PhysicalLocalL2.euclideanGaugeExponent n) * v ↑x =
    Complex.I * (HalfWeightCompactCoordinateGreen.dx v) ↑x * ↑(↑x).im -
        (HalfWeightCompactCoordinateGreen.dy v) ↑x * ↑(↑x).im +
      ↑(1 + PhysicalLocalL2.euclideanGaugeExponent n) * v ↑x
Try this:
  [apply] ring_nf
  
  The `ring` tactic failed to close the goal. Use `ring_nf` to obtain a normal form.
    
  Note that `ring` works primarily in *commutative* rings. If you have a noncommutative ring, abelian group or module, consider using `noncomm_ring`, `abel` or `module` instead.
PrimalitySheafVerification/Mock2_FunctionalAnalysis.lean:56768:141: error: unsolved goals
n : ℤ
v : PhysicalLocalL2.AmbientTestCore
z₀ x : ℍ
hv : tsupport ⇑v ⊆ ambientGammaTwoReducedChart z₀
hx : x ∈ gammaTwoReducedChart z₀
hdx :
  HalfWeightDifferentialOperators.dx (PhysicalLocalL2.fixedPhaseEuclideanGauge n (gammaTwoPeriodizedPhysicalCore n v))
      x =
    (HalfWeightCompactCoordinateGreen.dx v) ↑x
hdy :
  HalfWeightDifferentialOperators.dy (PhysicalLocalL2.fixedPhaseEuclideanGauge n (gammaTwoPeriodizedPhysicalCore n v))
      x =
    (HalfWeightCompactCoordinateGreen.dy v) ↑x
hval : PhysicalLocalL2.fixedPhaseEuclideanGauge n (gammaTwoPeriodizedPhysicalCore n v) x = v ↑x
⊢ -(Complex.I * ↑x.im * (HalfWeightCompactCoordinateGreen.dx v) ↑x) -
        ↑x.im * (HalfWeightCompactCoordinateGreen.dy v) ↑x -
      ↑(2 + PhysicalLocalL2.euclideanGaugeExponent n) * v ↑x =
    -(Complex.I * (HalfWeightCompactCoordinateGreen.dx v) ↑x * ↑(↑x).im) -
        (HalfWeightCompactCoordinateGreen.dy v) ↑x * ↑(↑x).im -
      ↑(2 + PhysicalLocalL2.euclideanGaugeExponent n) * v ↑x
PrimalitySheafVerification/Mock2_FunctionalAnalysis.lean:56778:4: warning: This simp argument is unused:
  add_apply

Hint: Omit it from the simp argument list.
  [apply] simp only [Mock2FA.PaperCorrections.AutomorphicSobolev.FixedPhaseClosedOperators.PhysicalLocalL2.euclideanRaiseGauge,
    Mock2FA.PaperCorrections.AutomorphicSobolev.FixedPhaseClosedOperators.PhysicalLocalL2.euclideanLowerFromSuccTestAdjoint,
    sub_apply, smul_apply, HalfWeightCompactCoordinateGreen.rpowMul_apply, HalfWeightCompactCoordinateGreen.rpowScale,
    Real.rpow_one, HalfWeightDifferentialOperators.heightC, smul_eq_mul]

Note: This linter can be disabled with `set_option linter.unusedSimpArgs false`
'Mock2FA.PaperCorrections.AutomorphicSobolev.FixedPhaseReducedChartFriedrichs.gammaTwo_eq_one_or_centralNegOne_of_fixed' depends on axioms: [propext,
 sorryAx,
 Classical.choice,
 Quot.sound]
'Mock2FA.PaperCorrections.AutomorphicSobolev.FixedPhaseReducedChartFriedrichs.gammaTwoEffective_eq_one_of_smul_eq' depends on axioms: [propext,
 sorryAx,
 Classical.choice,
 Quot.sound]
'Mock2FA.PaperCorrections.AutomorphicSobolev.FixedPhaseReducedChartFriedrichs.gammaTwoReducedChart_disjoint_translate' depends on axioms: [propext,
 sorryAx,
 Classical.choice,
 Quot.sound]
'Mock2FA.PaperCorrections.AutomorphicSobolev.FixedPhaseReducedChartFriedrichs.support_periodizationIndex_at_reducedChart' depends on axioms: [propext,
 sorryAx,
 Classical.choice,
 Quot.sound]
'Mock2FA.PaperCorrections.AutomorphicSobolev.FixedPhaseReducedChartFriedrichs.gammaTwoPeriodizedPhysicalCore_gauge_eqOn_reducedChart' depends on axioms: [propext,
 sorryAx,
 Classical.choice,
 Quot.sound]
'Mock2FA.PaperCorrections.AutomorphicSobolev.FixedPhaseReducedChartFriedrichs.dx_periodizedGauge_eq_ambientTest_on_reducedChart' depends on axioms: [propext,
 sorryAx,
 Classical.choice,
 Quot.sound]
'Mock2FA.PaperCorrections.AutomorphicSobolev.FixedPhaseReducedChartFriedrichs.euclideanRaiseGauge_periodized_eq_forwardTest_on_reducedChart' depends on axioms: [propext,
 sorryAx,
 Classical.choice,
 Quot.sound]
'Mock2FA.PaperCorrections.AutomorphicSobolev.FixedPhaseReducedChartFriedrichs.euclideanLowerFromSuccGauge_periodized_eq_forwardTest_on_reducedChart' depends on axioms: [propext,
 sorryAx,
 Classical.choice,
 Quot.sound]
'Mock2FA.PaperCorrections.AutomorphicSobolev.FixedPhaseReducedChartFriedrichs.neg_euclideanLowerFromSuccGauge_periodized_eq_raiseTestAdjoint_on_reducedChart' depends on axioms: [propext,
 sorryAx,
 Classical.choice,
 Quot.sound]
'Mock2FA.PaperCorrections.AutomorphicSobolev.FixedPhaseReducedChartFriedrichs.neg_euclideanRaiseGauge_periodized_eq_lowerFromSuccTestAdjoint_on_reducedChart' depends on axioms: [propext,
 sorryAx,
 Classical.choice,
 Quot.sound]
PrimalitySheafVerification/Mock2_FunctionalAnalysis.lean:56878:16: error: Type mismatch
  phi
has type
  FullPlaneTest
but is expected to have type
  ℂ → ℂ
PrimalitySheafVerification/Mock2_FunctionalAnalysis.lean:56878:34: error: unsolved goals
phi : FullPlaneTest
u : ↥AmbientPlaneL2
x : ℂ
hx : ↑↑(fullPlaneTestMulL2 phi u) x = sorry * ↑↑u x
hxSupport : x ∉ tsupport sorry
⊢ sorry * ↑↑u x = 0
PrimalitySheafVerification/Mock2_FunctionalAnalysis.lean:56893:16: error: Type mismatch
  phi
has type
  FullPlaneTest
but is expected to have type
  ℂ → ℂ
PrimalitySheafVerification/Mock2_FunctionalAnalysis.lean:56898:14: error: Function expected at
  phi
but this term has type
  FullPlaneTest

Note: Expected a function because this term is being applied to the argument
  x
PrimalitySheafVerification/Mock2_FunctionalAnalysis.lean:56901:6: error: Type mismatch
  fullPlaneAffinePrincipalCutoff sigma phi
has type
  FullPlaneTest
but is expected to have type
  ℂ → ℂ
PrimalitySheafVerification/Mock2_FunctionalAnalysis.lean:56893:34: error: unsolved goals
sigma : ℂ
phi : FullPlaneTest
u Pu : ↥AmbientPlaneL2
x : ℂ
hx : ↑↑(localizedAffineTarget sigma phi u Pu) x = sorry * ↑↑Pu x + sorry * ↑↑u x
hxSupport : x ∉ tsupport sorry
hphi : sorry = 0
⊢ ↑↑(localizedAffineTarget sigma phi u Pu) x = 0
PrimalitySheafVerification/Mock2_FunctionalAnalysis.lean:56918:33: error: Function expected at
  lsmul
but this term has type
  ?m.1

Note: Expected a function because this term is being applied to the argument
  ℝ

Hint: The identifier `lsmul` is unknown, and Lean's `autoImplicit` option causes an unknown identifier to be treated as an implicitly bound variable with an unknown type. However, the unknown type cannot be a function, and a function is what Lean expects here. This is often the result of a typo or a missing `import` or `open` statement.
PrimalitySheafVerification/Mock2_FunctionalAnalysis.lean:56922:27: error: Function expected at
  lsmul
but this term has type
  x✝

Note: Expected a function because this term is being applied to the argument
  ℝ
PrimalitySheafVerification/Mock2_FunctionalAnalysis.lean:56929:48: error: Function expected at
  lsmul
but this term has type
  ?m.1

Note: Expected a function because this term is being applied to the argument
  ℂ

Hint: The identifier `lsmul` is unknown, and Lean's `autoImplicit` option causes an unknown identifier to be treated as an implicitly bound variable with an unknown type. However, the unknown type cannot be a function, and a function is what Lean expects here. This is often the result of a typo or a missing `import` or `open` statement.
PrimalitySheafVerification/Mock2_FunctionalAnalysis.lean:56931:50: error: Function expected at
  lsmul
but this term has type
  ?m.1

Note: Expected a function because this term is being applied to the argument
  ℂ

Hint: The identifier `lsmul` is unknown, and Lean's `autoImplicit` option causes an unknown identifier to be treated as an implicitly bound variable with an unknown type. However, the unknown type cannot be a function, and a function is what Lean expects here. This is often the result of a typo or a missing `import` or `open` statement.
PrimalitySheafVerification/Mock2_FunctionalAnalysis.lean:56933:27: error: Function expected at
  lsmul
but this term has type
  x✝

Note: Expected a function because this term is being applied to the argument
  ℂ
PrimalitySheafVerification/Mock2_FunctionalAnalysis.lean:56943:30: error(lean.unknownIdentifier): Unknown identifier `lsmul`
PrimalitySheafVerification/Mock2_FunctionalAnalysis.lean:56950:81: error(lean.unknownIdentifier): Unknown identifier `lsmul`
PrimalitySheafVerification/Mock2_FunctionalAnalysis.lean:56958:43: error(lean.unknownIdentifier): Unknown identifier `lsmul`
PrimalitySheafVerification/Mock2_FunctionalAnalysis.lean:56974:4: error: Application type mismatch: The argument
  compactIndicatorRepresentative_hasCompactSupport hK u
has type
  HasCompactSupport (compactIndicatorRepresentative K u)
of sort `Prop` but is expected to have type
  ℝ →L[?m.9] ?m.12 →L[?m.9] ?m.13
of sort `Type (max 0 ?u.12 ?u.13)` in the application
  @HasCompactSupport.convolution ?m.9 ℂ ℝ ?m.12 ?m.13 Real.normedAddCommGroup ?m.15 ?m.16 (friedrichsMollifierReal j)
    ?m.18 ?m.19 ?m.20 ?m.21 ?m.22 (compactIndicatorRepresentative_hasCompactSupport hK u)
PrimalitySheafVerification/Mock2_FunctionalAnalysis.lean:56977:18: warning: declaration uses `sorry`
PrimalitySheafVerification/Mock2_FunctionalAnalysis.lean:56978:17: warning: Variable name `hK` is not explicitly referenced.

Hint: The binding can be removed (if unused) or named `_` (if used implicitly). Alternatively, prefix the name with `_` to silence this warning:
  [apply] _hK

Note: This linter can be disabled with `set_option linter.unusedVariables false`
PrimalitySheafVerification/Mock2_FunctionalAnalysis.lean:56978:36: warning: Variable name `j` is not explicitly referenced.

Hint: The binding can be removed (if unused) or named `_` (if used implicitly). Alternatively, prefix the name with `_` to silence this warning:
  [apply] _j

Note: This linter can be disabled with `set_option linter.unusedVariables false`
PrimalitySheafVerification/Mock2_FunctionalAnalysis.lean:56979:26: warning: Variable name `hu` is not explicitly referenced.

Hint: The binding can be removed (if unused) or named `_` (if used implicitly). Alternatively, prefix the name with `_` to silence this warning:
  [apply] _hu

Note: This linter can be disabled with `set_option linter.unusedVariables false`
PrimalitySheafVerification/Mock2_FunctionalAnalysis.lean:56991:4: error: Function expected at
  bufferedEssentialFriedrichsFullPlaneTest hK j u hu
but this term has type
  FullPlaneTest

Note: Expected a function because this term is being applied to the argument
  w
PrimalitySheafVerification/Mock2_FunctionalAnalysis.lean:57001:8: error: Type mismatch
  bufferedEssentialFriedrichsFullPlaneTest hK j u hu
has type
  FullPlaneTest
but is expected to have type
  ℂ → ℂ
PrimalitySheafVerification/Mock2_FunctionalAnalysis.lean:57019:2: error(lean.unknownIdentifier): Unknown identifier `fullPlaneTestToAmbientTestCore`
PrimalitySheafVerification/Mock2_FunctionalAnalysis.lean:57027:8: warning: declaration uses `sorry`
PrimalitySheafVerification/Mock2_FunctionalAnalysis.lean:57051:3: error(lean.unknownIdentifier): Unknown identifier `tsupport_bufferedEssentialFriedrichsFullPlaneTest_subset`
'Mock2FA.PaperCorrections.AutomorphicSobolev.FixedPhaseReducedChartFriedrichs.compactIndicatorRepresentative_ae_eq' depends on axioms: [propext,
 Classical.choice,
 Quot.sound]
PrimalitySheafVerification/Mock2_FunctionalAnalysis.lean:57061:14: error(lean.unknownIdentifier): Unknown constant `FixedPhaseReducedChartFriedrichs.friedrichsMollifier_convolution_compactIndicator_eq`
'Mock2FA.PaperCorrections.AutomorphicSobolev.FixedPhaseReducedChartFriedrichs.bufferedEssentialFriedrichsAmbientTest' depends on axioms: [propext,
 sorryAx,
 Classical.choice,
 Quot.sound]
'Mock2FA.PaperCorrections.AutomorphicSobolev.FixedPhaseReducedChartFriedrichs.tsupport_bufferedEssentialFriedrichsAmbientTest_subset_chart' depends on axioms: [propext,
 sorryAx,
 Classical.choice,
 Quot.sound]
PrimalitySheafVerification/Mock2_FunctionalAnalysis.lean:57107:57: error: Application type mismatch: The argument
  v
has type
  FullPlaneTest
but is expected to have type
  𝓓^{?m.15}(?m.6, ℂ)
in the application
  (TestFunction.postcompCLM ↑Complex.conjCLE) v
PrimalitySheafVerification/Mock2_FunctionalAnalysis.lean:57111:4: error: Function expected at
  fullPlaneConjugate v
but this term has type
  FullPlaneTest

Note: Expected a function because this term is being applied to the argument
  w
PrimalitySheafVerification/Mock2_FunctionalAnalysis.lean:57111:35: error: Function expected at
  v
but this term has type
  FullPlaneTest

Note: Expected a function because this term is being applied to the argument
  w
PrimalitySheafVerification/Mock2_FunctionalAnalysis.lean:57111:43: error: unsolved goals
v : FullPlaneTest
w : ℂ
⊢ sorry () = star (sorry ())
PrimalitySheafVerification/Mock2_FunctionalAnalysis.lean:57112:8: warning: declaration uses `sorry`
PrimalitySheafVerification/Mock2_FunctionalAnalysis.lean:57112:8: warning: This simp argument is unused:
  fullPlaneConjugate

Hint: Omit it from the simp argument list.
  [apply] simp [TestFunction.postcompCLM_apply, Function.comp_def, Complex.conjCLE_apply]

Note: This linter can be disabled with `set_option linter.unusedSimpArgs false`
PrimalitySheafVerification/Mock2_FunctionalAnalysis.lean:57112:28: warning: This simp argument is unused:
  TestFunction.postcompCLM_apply

Hint: Omit it from the simp argument list.
  [apply] simp [fullPlaneConjugate, Function.comp_def, Complex.conjCLE_apply]

Note: This linter can be disabled with `set_option linter.unusedSimpArgs false`
PrimalitySheafVerification/Mock2_FunctionalAnalysis.lean:57113:4: warning: This simp argument is unused:
  Function.comp_def

Hint: Omit it from the simp argument list.
  [apply] simp [fullPlaneConjugate, TestFunction.postcompCLM_apply, Complex.conjCLE_apply]

Note: This linter can be disabled with `set_option linter.unusedSimpArgs false`
PrimalitySheafVerification/Mock2_FunctionalAnalysis.lean:57113:23: warning: This simp argument is unused:
  Complex.conjCLE_apply

Hint: Omit it from the simp argument list.
  [apply] simp [fullPlaneConjugate, TestFunction.postcompCLM_apply, Function.comp_def]

Note: This linter can be disabled with `set_option linter.unusedSimpArgs false`
PrimalitySheafVerification/Mock2_FunctionalAnalysis.lean:57116:13: error: Type mismatch
  fullPlaneConjugate v
has type
  FullPlaneTest
but is expected to have type
  ℂ → ℂ
PrimalitySheafVerification/Mock2_FunctionalAnalysis.lean:57117:15: error: Type mismatch
  v
has type
  FullPlaneTest
but is expected to have type
  ℂ → ℂ
PrimalitySheafVerification/Mock2_FunctionalAnalysis.lean:57118:26: error: Type mismatch
  v
has type
  FullPlaneTest
of sort `Type u_1` but is expected to have type
  ℂ → ℂ
of sort `Type`
PrimalitySheafVerification/Mock2_FunctionalAnalysis.lean:57119:13: error: Type mismatch
  v
has type
  FullPlaneTest
of sort `Type u_1` but is expected to have type
  ℂ → ℂ
of sort `Type`
PrimalitySheafVerification/Mock2_FunctionalAnalysis.lean:57126:13: error: Type mismatch
  fullPlaneAffineTranspose sigma c v
has type
  FullPlaneTest
but is expected to have type
  ℂ → ℂ
PrimalitySheafVerification/Mock2_FunctionalAnalysis.lean:57127:15: error: Type mismatch
  v
has type
  FullPlaneTest
but is expected to have type
  ℂ → ℂ
PrimalitySheafVerification/Mock2_FunctionalAnalysis.lean:57129:6: error: Type mismatch
  fullPlaneHeightMul (fullPlaneDirectionalDerivative 1 v)
has type
  FullPlaneTest
but is expected to have type
  ℂ → ℂ
PrimalitySheafVerification/Mock2_FunctionalAnalysis.lean:57130:26: error: Type mismatch
  v
has type
  FullPlaneTest
of sort `Type u_1` but is expected to have type
  ℂ → ℂ
of sort `Type`
PrimalitySheafVerification/Mock2_FunctionalAnalysis.lean:57132:7: error(lean.unknownIdentifier): Unknown identifier `tsupport_fullPlaneDirectionalDerivative_subset`
PrimalitySheafVerification/Mock2_FunctionalAnalysis.lean:57162:19: error: Type mismatch
  v
has type
  FullPlaneTest
but is expected to have type
  ℂ → ℂ
PrimalitySheafVerification/Mock2_FunctionalAnalysis.lean:57165:2: error(lean.unknownIdentifier): Unknown identifier `fullPlaneTestToAmbientTestCore`
PrimalitySheafVerification/Mock2_FunctionalAnalysis.lean:57171:19: error: Type mismatch
  v
has type
  FullPlaneTest
but is expected to have type
  ℂ → ℂ
PrimalitySheafVerification/Mock2_FunctionalAnalysis.lean:57173:37: error: Function expected at
  v
but this term has type
  FullPlaneTest

Note: Expected a function because this term is being applied to the argument
  w
PrimalitySheafVerification/Mock2_FunctionalAnalysis.lean:57173:4: error: Function expected at
  reducedChartAmbientTest
but this term has type
  ?m.1

Note: Expected a function because this term is being applied to the argument
  v

Hint: The identifier `reducedChartAmbientTest` is unknown, and Lean's `autoImplicit` option causes an unknown identifier to be treated as an implicitly bound variable with an unknown type. However, the unknown type cannot be a function, and a function is what Lean expects here. This is often the result of a typo or a missing `import` or `open` statement.
PrimalitySheafVerification/Mock2_FunctionalAnalysis.lean:57179:19: error: Type mismatch
  v
has type
  FullPlaneTest
but is expected to have type
  ℂ → ℂ
PrimalitySheafVerification/Mock2_FunctionalAnalysis.lean:57183:5: error(lean.unknownIdentifier): Unknown identifier `reducedChartAmbientTest`
PrimalitySheafVerification/Mock2_FunctionalAnalysis.lean:57188:19: error: Type mismatch
  v
has type
  FullPlaneTest
but is expected to have type
  ℂ → ℂ
PrimalitySheafVerification/Mock2_FunctionalAnalysis.lean:57191:12: error: Function expected at
  v
but this term has type
  FullPlaneTest

Note: Expected a function because this term is being applied to the argument
  w
PrimalitySheafVerification/Mock2_FunctionalAnalysis.lean:57190:4: error: Function expected at
  reducedChartConjugateAmbientTest
but this term has type
  ?m.1

Note: Expected a function because this term is being applied to the argument
  v

Hint: The identifier `reducedChartConjugateAmbientTest` is unknown, and Lean's `autoImplicit` option causes an unknown identifier to be treated as an implicitly bound variable with an unknown type. However, the unknown type cannot be a function, and a function is what Lean expects here. This is often the result of a typo or a missing `import` or `open` statement.
PrimalitySheafVerification/Mock2_FunctionalAnalysis.lean:57192:8: error: Invalid argument: Variable `reducedChartConjugateAmbientTest` is not a proposition or let-declaration
PrimalitySheafVerification/Mock2_FunctionalAnalysis.lean:57191:20: error: unsolved goals
x✝ : Sort u_1
reducedChartConjugateAmbientTest : x✝
z₀ : ℍ
v : FullPlaneTest
hv : tsupport sorry ⊆ ambientGammaTwoReducedChart z₀
w : ℂ
⊢ sorry () = star (sorry ())
PrimalitySheafVerification/Mock2_FunctionalAnalysis.lean:57196:19: error: Type mismatch
  v
has type
  FullPlaneTest
but is expected to have type
  ℂ → ℂ
PrimalitySheafVerification/Mock2_FunctionalAnalysis.lean:57198:14: error: Function expected at
  reducedChartConjugateAmbientTest
but this term has type
  ?m.1

Note: Expected a function because this term is being applied to the argument
  v

Hint: The identifier `reducedChartConjugateAmbientTest` is unknown, and Lean's `autoImplicit` option causes an unknown identifier to be treated as an implicitly bound variable with an unknown type. However, the unknown type cannot be a function, and a function is what Lean expects here. This is often the result of a typo or a missing `import` or `open` statement.
PrimalitySheafVerification/Mock2_FunctionalAnalysis.lean:57200:26: error: Type mismatch
  v
has type
  FullPlaneTest
of sort `Type u_2` but is expected to have type
  ℂ → ℂ
of sort `Type`
PrimalitySheafVerification/Mock2_FunctionalAnalysis.lean:57223:4: error: Type mismatch: After simplification, term
  IsCompact.smul gamma (gammaTwoPeriodizationSeedSupport_isCompact m v)
 has type
  @IsCompact ℍ UpperHalfPlane.instTopologicalSpace (gamma • gammaTwoPeriodizationSeedSupport m v)
but is expected to have type
  @IsCompact ℍ UpperHalfPlane.instTopologicalSpace (↑gamma • gammaTwoPeriodizationSeedSupport m v)
PrimalitySheafVerification/Mock2_FunctionalAnalysis.lean:57256:59: error: unsolved goals
m : ℤ
v : PhysicalLocalL2.AmbientTestCore
z₀ : ℍ
hv : tsupport ⇑v ⊆ ambientGammaTwoReducedChart z₀
gamma : ↥GammaTwo
y : ℍ
hySeed : y ∈ gammaTwoPeriodizationSeedSupport m v
hx : (fun x => ↑gamma • x) y ∈ gammaTwoPeriodizationOrbitSupport m v
hyChart : y ∈ gammaTwoReducedChart z₀
⊢ gamma • y = ↑gamma • y
PrimalitySheafVerification/Mock2_FunctionalAnalysis.lean:57295:12: error: Tactic `rewrite` failed: Did not find an occurrence of the pattern
  ?a * 0
in the target expression
  ↑(y.im ^ PhysicalLocalL2.euclideanGaugeExponent m) * 0 y = 0

m : ℤ
v : PhysicalLocalL2.AmbientTestCore
z₀ x : ℍ
hv : tsupport ⇑v ⊆ ambientGammaTwoReducedChart z₀
hx : x ∉ gammaTwoOrbitSaturation (gammaTwoReducedChart z₀)
hxOrbit : x ∉ gammaTwoPeriodizationOrbitSupport m v
hxSupport : x ∉ tsupport (gammaTwoPoincarePeriodization m v)
hRaw : gammaTwoPoincarePeriodization m v =ᶠ[𝓝 x] 0
y : ℍ
hy : gammaTwoPoincarePeriodization m v y = 0 y
⊢ ↑(y.im ^ PhysicalLocalL2.euclideanGaugeExponent m) * 0 y = 0
PrimalitySheafVerification/Mock2_FunctionalAnalysis.lean:57296:9: error: Ambiguous term
  mem_nhds_iff.mp
Possible interpretations:
  _root_.mem_nhds_iff.mp
    hGauge : ∃
    t ⊆ {x | (fun x => PhysicalLocalL2.fixedPhaseEuclideanGauge m (gammaTwoPeriodizedPhysicalCore m v) x = 0 x) x},
    IsOpen t ∧ x ∈ t
  
  Metric.mem_nhds_iff.mp
    hGauge : ∃ ε > 0,
    ball x ε ⊆
      {x | (fun x => PhysicalLocalL2.fixedPhaseEuclideanGauge m (gammaTwoPeriodizedPhysicalCore m v) x = 0 x) x}
PrimalitySheafVerification/Mock2_FunctionalAnalysis.lean:57296:37: error: Tactic `rcases` failed: `x✝ : ?m.106` is not an inductive datatype
PrimalitySheafVerification/Mock2_FunctionalAnalysis.lean:57307:123: error: unsolved goals
n : ℤ
f : ℍ → ℂ
x : ℍ
hzero : upperLift f =ᶠ[𝓝 ↑x] 0
⊢ ↑(PhysicalLocalL2.euclideanGaugeExponent n) + 2 = 0 ∨ f x = 0
PrimalitySheafVerification/Mock2_FunctionalAnalysis.lean:57318:131: error: unsolved goals
n : ℤ
f : ℍ → ℂ
x : ℍ
hzero : upperLift f =ᶠ[𝓝 ↑x] 0
⊢ ↑(PhysicalLocalL2.euclideanGaugeExponent n) + 1 = 0 ∨ f x = 0
PrimalitySheafVerification/Mock2_FunctionalAnalysis.lean:57337:11: error: Function expected at
  v
but this term has type
  FullPlaneTest

Note: Expected a function because this term is being applied to the argument
  (z : ℂ)
PrimalitySheafVerification/Mock2_FunctionalAnalysis.lean:57358:123: error: Function expected at
  v
but this term has type
  FullPlaneTest

Note: Expected a function because this term is being applied to the argument
  (z : ℂ)
PrimalitySheafVerification/Mock2_FunctionalAnalysis.lean:57361:11: error: Type mismatch
  v
has type
  FullPlaneTest
but is expected to have type
  ℂ → ℂ
PrimalitySheafVerification/Mock2_FunctionalAnalysis.lean:57393:9: error: failed to infer `have` declaration type
PrimalitySheafVerification/Mock2_FunctionalAnalysis.lean:57373:33: error: unsolved goals
m : ℤ
z₀ : ℍ
q : HalfWeightDifferentialOperators.InverseEtaFixedPhaseCore m
v : FullPlaneTest
hModel : IsReducedChartGaugeModel m z₀ q v
u : OrbitPeterssonCore m
U : Set ℍ := gammaTwoReducedChart z₀
S : Set ℍ := gammaTwoOrbitSaturation U
D : Set ℍ := chosenGammaTwoFundamentalDomain.carrier
R : Set ℍ := D \ S
C : Set ℍ := gammaTwoReducedChartCompletedCarrier z₀
density : ℍ → ℂ := upstairsInnerDensity (OrbitMultiplier m) u.toSmoothCore ((coreEmbedding m) q).toSmoothCore
hReplace : ∫ (z : ℍ) in D, density z ∂hyperbolicMeasure = ∫ (z : ℍ) in C, density z ∂hyperbolicMeasure
hZeroR : ∀ z ∈ R, density z = 0
z : ℍ
hz : z ∈ gammaTwoReducedChart z₀
hInner :
  ⟪PhysicalLocalL2.orbitEuclideanGauge m u z, PhysicalLocalL2.fixedPhaseEuclideanGauge m q z⟫_ℂ =
    PhysicalLocalL2.hyperbolicDensity z •
      upstairsInnerDensity (OrbitMultiplier m) u.toSmoothCore ((coreEmbedding m) q).toSmoothCore z
⊢ (fun x => PhysicalLocalL2.hyperbolicDensity x • density x) z =
    (fun x => ⟪PhysicalLocalL2.orbitEuclideanGauge m u x, sorry⟫_ℂ) z
PrimalitySheafVerification/Mock2_FunctionalAnalysis.lean:57443:26: error: Tactic `rewrite` failed: Did not find an occurrence of the pattern
  ⟪↑?a, ↑?b⟫_?m.74
in the target expression
  ⟪↑u, toCompletion ((coreEmbedding m) q)⟫_ℂ = ⟪(orbitPeterssonReducedChartEmbedding m z₀) ↑u, fullPlaneTestToL2 v⟫_ℂ

m : ℤ
z₀ : ℍ
q : HalfWeightDifferentialOperators.InverseEtaFixedPhaseCore m
v : FullPlaneTest
hModel : IsReducedChartGaugeModel m z₀ q v
x : OrbitPeterssonHilbert m
u : PeterssonCoreSpace (OrbitMultiplier m)
⊢ ⟪↑u, toCompletion ((coreEmbedding m) q)⟫_ℂ = ⟪(orbitPeterssonReducedChartEmbedding m z₀) ↑u, fullPlaneTestToL2 v⟫_ℂ
PrimalitySheafVerification/Mock2_FunctionalAnalysis.lean:57451:19: error: Type mismatch
  v
has type
  FullPlaneTest
but is expected to have type
  ℂ → ℂ
PrimalitySheafVerification/Mock2_FunctionalAnalysis.lean:57454:41: error: Function expected at
  reducedChartAmbientTest
but this term has type
  ?m.1

Note: Expected a function because this term is being applied to the argument
  v

Hint: The identifier `reducedChartAmbientTest` is unknown, and Lean's `autoImplicit` option causes an unknown identifier to be treated as an implicitly bound variable with an unknown type. However, the unknown type cannot be a function, and a function is what Lean expects here. This is often the result of a typo or a missing `import` or `open` statement.
PrimalitySheafVerification/Mock2_FunctionalAnalysis.lean:57456:2: error: No goals to be solved
PrimalitySheafVerification/Mock2_FunctionalAnalysis.lean:57471:19: error: Type mismatch
  v
has type
  FullPlaneTest
but is expected to have type
  ℂ → ℂ
PrimalitySheafVerification/Mock2_FunctionalAnalysis.lean:57476:9: error: Function expected at
  fullPlaneAffineTranspose Complex.I (↑(PhysicalLocalL2.euclideanGaugeExponent n + 2)) v
but this term has type
  FullPlaneTest

Note: Expected a function because this term is being applied to the argument
  w
PrimalitySheafVerification/Mock2_FunctionalAnalysis.lean:57474:9: error: Function expected at
  reducedChartConjugateAmbientTest
but this term has type
  ?m.1

Note: Expected a function because this term is being applied to the argument
  v

Hint: The identifier `reducedChartConjugateAmbientTest` is unknown, and Lean's `autoImplicit` option causes an unknown identifier to be treated as an implicitly bound variable with an unknown type. However, the unknown type cannot be a function, and a function is what Lean expects here. This is often the result of a typo or a missing `import` or `open` statement.
PrimalitySheafVerification/Mock2_FunctionalAnalysis.lean:57488:4: error(lean.unknownIdentifier): Unknown identifier `reducedChartConjugateAmbientTest_apply`
PrimalitySheafVerification/Mock2_FunctionalAnalysis.lean:57489:4: error(lean.unknownIdentifier): Unknown identifier `reducedChartAmbientTest_apply`
Try this:
  [apply] ring_nf
  
  The `ring` tactic failed to close the goal. Use `ring_nf` to obtain a normal form.
    
  Note that `ring` works primarily in *commutative* rings. If you have a noncommutative ring, abelian group or module, consider using `noncomm_ring`, `abel` or `module` instead.
PrimalitySheafVerification/Mock2_FunctionalAnalysis.lean:57478:18: error: unsolved goals
x✝ : Sort u_1
reducedChartConjugateAmbientTest : x✝
z₀ : ℍ
n : ℤ
v : FullPlaneTest
hv : tsupport sorry ⊆ ambientGammaTwoReducedChart z₀
w : ℂ
⊢ Complex.I * ↑w.im * (fderiv ℝ (⇑sorry) w) 1 - ↑w.im * (fderiv ℝ (⇑sorry) w) Complex.I +
      ↑(1 + PhysicalLocalL2.euclideanGaugeExponent n) * sorry w =
    star sorry
PrimalitySheafVerification/Mock2_FunctionalAnalysis.lean:57480:4: warning: This simp argument is unused:
  fullPlaneAffineTranspose_apply

Hint: Omit it from the simp argument list.
  [apply] simp only [Mock2FA.PaperCorrections.AutomorphicSobolev.FixedPhaseClosedOperators.PhysicalLocalL2.euclideanRaiseTestAdjoint,
    add_apply, sub_apply, smul_apply, HalfWeightCompactCoordinateGreen.rpowMul_apply,
    HalfWeightCompactCoordinateGreen.rpowScale, Real.rpow_one, HalfWeightCompactCoordinateGreen.dx_conjugate_apply,
    HalfWeightCompactCoordinateGreen.dy_conjugate_apply, HalfWeightCompactCoordinateGreen.dx_apply,
    HalfWeightCompactCoordinateGreen.dy_apply, reducedChartConjugateAmbientTest_apply, reducedChartAmbientTest_apply,
    map_sub, map_add, map_mul, map_neg, Complex.conj_I, Complex.conj_ofReal, smul_eq_mul]

Note: This linter can be disabled with `set_option linter.unusedSimpArgs false`
PrimalitySheafVerification/Mock2_FunctionalAnalysis.lean:57484:4: warning: This simp argument is unused:
  HalfWeightCompactCoordinateGreen.dx_conjugate_apply

Hint: Omit it from the simp argument list.
  [apply] simp only [Mock2FA.PaperCorrections.AutomorphicSobolev.FixedPhaseClosedOperators.PhysicalLocalL2.euclideanRaiseTestAdjoint,
    fullPlaneAffineTranspose_apply, add_apply, sub_apply, smul_apply, HalfWeightCompactCoordinateGreen.rpowMul_apply,
    HalfWeightCompactCoordinateGreen.rpowScale, Real.rpow_one, HalfWeightCompactCoordinateGreen.dy_conjugate_apply,
    HalfWeightCompactCoordinateGreen.dx_apply, HalfWeightCompactCoordinateGreen.dy_apply,
    reducedChartConjugateAmbientTest_apply, reducedChartAmbientTest_apply, map_sub, map_add, map_mul, map_neg,
    Complex.conj_I, Complex.conj_ofReal, smul_eq_mul]

Note: This linter can be disabled with `set_option linter.unusedSimpArgs false`
PrimalitySheafVerification/Mock2_FunctionalAnalysis.lean:57485:4: warning: This simp argument is unused:
  HalfWeightCompactCoordinateGreen.dy_conjugate_apply

Hint: Omit it from the simp argument list.
  [apply] simp only [Mock2FA.PaperCorrections.AutomorphicSobolev.FixedPhaseClosedOperators.PhysicalLocalL2.euclideanRaiseTestAdjoint,
    fullPlaneAffineTranspose_apply, add_apply, sub_apply, smul_apply, HalfWeightCompactCoordinateGreen.rpowMul_apply,
    HalfWeightCompactCoordinateGreen.rpowScale, Real.rpow_one, HalfWeightCompactCoordinateGreen.dx_conjugate_apply,
    HalfWeightCompactCoordinateGreen.dx_apply, HalfWeightCompactCoordinateGreen.dy_apply,
    reducedChartConjugateAmbientTest_apply, reducedChartAmbientTest_apply, map_sub, map_add, map_mul, map_neg,
    Complex.conj_I, Complex.conj_ofReal, smul_eq_mul]

Note: This linter can be disabled with `set_option linter.unusedSimpArgs false`
PrimalitySheafVerification/Mock2_FunctionalAnalysis.lean:57489:35: warning: This simp argument is unused:
  map_sub

Hint: Omit it from the simp argument list.
  [apply] simp only [Mock2FA.PaperCorrections.AutomorphicSobolev.FixedPhaseClosedOperators.PhysicalLocalL2.euclideanRaiseTestAdjoint,
    fullPlaneAffineTranspose_apply, add_apply, sub_apply, smul_apply, HalfWeightCompactCoordinateGreen.rpowMul_apply,
    HalfWeightCompactCoordinateGreen.rpowScale, Real.rpow_one, HalfWeightCompactCoordinateGreen.dx_conjugate_apply,
    HalfWeightCompactCoordinateGreen.dy_conjugate_apply, HalfWeightCompactCoordinateGreen.dx_apply,
    HalfWeightCompactCoordinateGreen.dy_apply, reducedChartConjugateAmbientTest_apply, reducedChartAmbientTest_apply,
    map_add, map_mul, map_neg, Complex.conj_I, Complex.conj_ofReal, smul_eq_mul]

Note: This linter can be disabled with `set_option linter.unusedSimpArgs false`
PrimalitySheafVerification/Mock2_FunctionalAnalysis.lean:57489:44: warning: This simp argument is unused:
  map_add

Hint: Omit it from the simp argument list.
  [apply] simp only [Mock2FA.PaperCorrections.AutomorphicSobolev.FixedPhaseClosedOperators.PhysicalLocalL2.euclideanRaiseTestAdjoint,
    fullPlaneAffineTranspose_apply, add_apply, sub_apply, smul_apply, HalfWeightCompactCoordinateGreen.rpowMul_apply,
    HalfWeightCompactCoordinateGreen.rpowScale, Real.rpow_one, HalfWeightCompactCoordinateGreen.dx_conjugate_apply,
    HalfWeightCompactCoordinateGreen.dy_conjugate_apply, HalfWeightCompactCoordinateGreen.dx_apply,
    HalfWeightCompactCoordinateGreen.dy_apply, reducedChartConjugateAmbientTest_apply, reducedChartAmbientTest_apply,
    map_sub, map_mul, map_neg, Complex.conj_I, Complex.conj_ofReal, smul_eq_mul]

Note: This linter can be disabled with `set_option linter.unusedSimpArgs false`
PrimalitySheafVerification/Mock2_FunctionalAnalysis.lean:57489:53: warning: This simp argument is unused:
  map_mul

Hint: Omit it from the simp argument list.
  [apply] simp only [Mock2FA.PaperCorrections.AutomorphicSobolev.FixedPhaseClosedOperators.PhysicalLocalL2.euclideanRaiseTestAdjoint,
    fullPlaneAffineTranspose_apply, add_apply, sub_apply, smul_apply, HalfWeightCompactCoordinateGreen.rpowMul_apply,
    HalfWeightCompactCoordinateGreen.rpowScale, Real.rpow_one, HalfWeightCompactCoordinateGreen.dx_conjugate_apply,
    HalfWeightCompactCoordinateGreen.dy_conjugate_apply, HalfWeightCompactCoordinateGreen.dx_apply,
    HalfWeightCompactCoordinateGreen.dy_apply, reducedChartConjugateAmbientTest_apply, reducedChartAmbientTest_apply,
    map_sub, map_add, map_neg, Complex.conj_I, Complex.conj_ofReal, smul_eq_mul]

Note: This linter can be disabled with `set_option linter.unusedSimpArgs false`
PrimalitySheafVerification/Mock2_FunctionalAnalysis.lean:57490:4: warning: This simp argument is unused:
  map_neg

Hint: Omit it from the simp argument list.
  [apply] simp only [Mock2FA.PaperCorrections.AutomorphicSobolev.FixedPhaseClosedOperators.PhysicalLocalL2.euclideanRaiseTestAdjoint,
    fullPlaneAffineTranspose_apply, add_apply, sub_apply, smul_apply, HalfWeightCompactCoordinateGreen.rpowMul_apply,
    HalfWeightCompactCoordinateGreen.rpowScale, Real.rpow_one, HalfWeightCompactCoordinateGreen.dx_conjugate_apply,
    HalfWeightCompactCoordinateGreen.dy_conjugate_apply, HalfWeightCompactCoordinateGreen.dx_apply,
    HalfWeightCompactCoordinateGreen.dy_apply, reducedChartConjugateAmbientTest_apply, reducedChartAmbientTest_apply,
    map_sub, map_add, map_mul, Complex.conj_I, Complex.conj_ofReal, smul_eq_mul]

Note: This linter can be disabled with `set_option linter.unusedSimpArgs false`
PrimalitySheafVerification/Mock2_FunctionalAnalysis.lean:57490:13: warning: This simp argument is unused:
  Complex.conj_I

Hint: Omit it from the simp argument list.
  [apply] simp only [Mock2FA.PaperCorrections.AutomorphicSobolev.FixedPhaseClosedOperators.PhysicalLocalL2.euclideanRaiseTestAdjoint,
    fullPlaneAffineTranspose_apply, add_apply, sub_apply, smul_apply, HalfWeightCompactCoordinateGreen.rpowMul_apply,
    HalfWeightCompactCoordinateGreen.rpowScale, Real.rpow_one, HalfWeightCompactCoordinateGreen.dx_conjugate_apply,
    HalfWeightCompactCoordinateGreen.dy_conjugate_apply, HalfWeightCompactCoordinateGreen.dx_apply,
    HalfWeightCompactCoordinateGreen.dy_apply, reducedChartConjugateAmbientTest_apply, reducedChartAmbientTest_apply,
    map_sub, map_add, map_mul, map_neg, Complex.conj_ofReal, smul_eq_mul]

Note: This linter can be disabled with `set_option linter.unusedSimpArgs false`
PrimalitySheafVerification/Mock2_FunctionalAnalysis.lean:57490:29: warning: This simp argument is unused:
  Complex.conj_ofReal

Hint: Omit it from the simp argument list.
  [apply] simp only [Mock2FA.PaperCorrections.AutomorphicSobolev.FixedPhaseClosedOperators.PhysicalLocalL2.euclideanRaiseTestAdjoint,
    fullPlaneAffineTranspose_apply, add_apply, sub_apply, smul_apply, HalfWeightCompactCoordinateGreen.rpowMul_apply,
    HalfWeightCompactCoordinateGreen.rpowScale, Real.rpow_one, HalfWeightCompactCoordinateGreen.dx_conjugate_apply,
    HalfWeightCompactCoordinateGreen.dy_conjugate_apply, HalfWeightCompactCoordinateGreen.dx_apply,
    HalfWeightCompactCoordinateGreen.dy_apply, reducedChartConjugateAmbientTest_apply, reducedChartAmbientTest_apply,
    map_sub, map_add, map_mul, map_neg, Complex.conj_I, smul_eq_mul]

Note: This linter can be disabled with `set_option linter.unusedSimpArgs false`
PrimalitySheafVerification/Mock2_FunctionalAnalysis.lean:57497:19: error: Type mismatch
  v
has type
  FullPlaneTest
but is expected to have type
  ℂ → ℂ
PrimalitySheafVerification/Mock2_FunctionalAnalysis.lean:57502:9: error: Function expected at
  fullPlaneAffineTranspose (-Complex.I) (-↑(PhysicalLocalL2.euclideanGaugeExponent n + 1)) v
but this term has type
  FullPlaneTest

Note: Expected a function because this term is being applied to the argument
  w
PrimalitySheafVerification/Mock2_FunctionalAnalysis.lean:57500:9: error: Function expected at
  reducedChartConjugateAmbientTest
but this term has type
  ?m.1

Note: Expected a function because this term is being applied to the argument
  v

Hint: The identifier `reducedChartConjugateAmbientTest` is unknown, and Lean's `autoImplicit` option causes an unknown identifier to be treated as an implicitly bound variable with an unknown type. However, the unknown type cannot be a function, and a function is what Lean expects here. This is often the result of a typo or a missing `import` or `open` statement.
PrimalitySheafVerification/Mock2_FunctionalAnalysis.lean:57514:4: error(lean.unknownIdentifier): Unknown identifier `reducedChartConjugateAmbientTest_apply`
PrimalitySheafVerification/Mock2_FunctionalAnalysis.lean:57515:4: error(lean.unknownIdentifier): Unknown identifier `reducedChartAmbientTest_apply`
Try this:
  [apply] ring_nf
  
  The `ring` tactic failed to close the goal. Use `ring_nf` to obtain a normal form.
    
  Note that `ring` works primarily in *commutative* rings. If you have a noncommutative ring, abelian group or module, consider using `noncomm_ring`, `abel` or `module` instead.
PrimalitySheafVerification/Mock2_FunctionalAnalysis.lean:57504:18: error: unsolved goals
x✝ : Sort u_1
reducedChartConjugateAmbientTest : x✝
z₀ : ℍ
n : ℤ
v : FullPlaneTest
hv : tsupport sorry ⊆ ambientGammaTwoReducedChart z₀
w : ℂ
⊢ -(Complex.I * ↑w.im * (fderiv ℝ (⇑sorry) w) 1) - ↑w.im * (fderiv ℝ (⇑sorry) w) Complex.I -
      ↑(2 + PhysicalLocalL2.euclideanGaugeExponent n) * sorry w =
    star sorry
PrimalitySheafVerification/Mock2_FunctionalAnalysis.lean:57506:4: warning: This simp argument is unused:
  fullPlaneAffineTranspose_apply

Hint: Omit it from the simp argument list.
  [apply] simp only [Mock2FA.PaperCorrections.AutomorphicSobolev.FixedPhaseClosedOperators.PhysicalLocalL2.euclideanLowerFromSuccTestAdjoint,
    add_apply, sub_apply, smul_apply, HalfWeightCompactCoordinateGreen.rpowMul_apply,
    HalfWeightCompactCoordinateGreen.rpowScale, Real.rpow_one, HalfWeightCompactCoordinateGreen.dx_conjugate_apply,
    HalfWeightCompactCoordinateGreen.dy_conjugate_apply, HalfWeightCompactCoordinateGreen.dx_apply,
    HalfWeightCompactCoordinateGreen.dy_apply, reducedChartConjugateAmbientTest_apply, reducedChartAmbientTest_apply,
    map_sub, map_add, map_mul, map_neg, Complex.conj_I, Complex.conj_ofReal, smul_eq_mul]

Note: This linter can be disabled with `set_option linter.unusedSimpArgs false`
PrimalitySheafVerification/Mock2_FunctionalAnalysis.lean:57506:36: warning: This simp argument is unused:
  add_apply

Hint: Omit it from the simp argument list.
  [apply] simp only [Mock2FA.PaperCorrections.AutomorphicSobolev.FixedPhaseClosedOperators.PhysicalLocalL2.euclideanLowerFromSuccTestAdjoint,
    fullPlaneAffineTranspose_apply, sub_apply, smul_apply, HalfWeightCompactCoordinateGreen.rpowMul_apply,
    HalfWeightCompactCoordinateGreen.rpowScale, Real.rpow_one, HalfWeightCompactCoordinateGreen.dx_conjugate_apply,
    HalfWeightCompactCoordinateGreen.dy_conjugate_apply, HalfWeightCompactCoordinateGreen.dx_apply,
    HalfWeightCompactCoordinateGreen.dy_apply, reducedChartConjugateAmbientTest_apply, reducedChartAmbientTest_apply,
    map_sub, map_add, map_mul, map_neg, Complex.conj_I, Complex.conj_ofReal, smul_eq_mul]

Note: This linter can be disabled with `set_option linter.unusedSimpArgs false`
PrimalitySheafVerification/Mock2_FunctionalAnalysis.lean:57510:4: warning: This simp argument is unused:
  HalfWeightCompactCoordinateGreen.dx_conjugate_apply

Hint: Omit it from the simp argument list.
  [apply] simp only [Mock2FA.PaperCorrections.AutomorphicSobolev.FixedPhaseClosedOperators.PhysicalLocalL2.euclideanLowerFromSuccTestAdjoint,
    fullPlaneAffineTranspose_apply, add_apply, sub_apply, smul_apply, HalfWeightCompactCoordinateGreen.rpowMul_apply,
    HalfWeightCompactCoordinateGreen.rpowScale, Real.rpow_one, HalfWeightCompactCoordinateGreen.dy_conjugate_apply,
    HalfWeightCompactCoordinateGreen.dx_apply, HalfWeightCompactCoordinateGreen.dy_apply,
    reducedChartConjugateAmbientTest_apply, reducedChartAmbientTest_apply, map_sub, map_add, map_mul, map_neg,
    Complex.conj_I, Complex.conj_ofReal, smul_eq_mul]

Note: This linter can be disabled with `set_option linter.unusedSimpArgs false`
PrimalitySheafVerification/Mock2_FunctionalAnalysis.lean:57511:4: warning: This simp argument is unused:
  HalfWeightCompactCoordinateGreen.dy_conjugate_apply

Hint: Omit it from the simp argument list.
  [apply] simp only [Mock2FA.PaperCorrections.AutomorphicSobolev.FixedPhaseClosedOperators.PhysicalLocalL2.euclideanLowerFromSuccTestAdjoint,
    fullPlaneAffineTranspose_apply, add_apply, sub_apply, smul_apply, HalfWeightCompactCoordinateGreen.rpowMul_apply,
    HalfWeightCompactCoordinateGreen.rpowScale, Real.rpow_one, HalfWeightCompactCoordinateGreen.dx_conjugate_apply,
    HalfWeightCompactCoordinateGreen.dx_apply, HalfWeightCompactCoordinateGreen.dy_apply,
    reducedChartConjugateAmbientTest_apply, reducedChartAmbientTest_apply, map_sub, map_add, map_mul, map_neg,
    Complex.conj_I, Complex.conj_ofReal, smul_eq_mul]

Note: This linter can be disabled with `set_option linter.unusedSimpArgs false`
PrimalitySheafVerification/Mock2_FunctionalAnalysis.lean:57515:35: warning: This simp argument is unused:
  map_sub

Hint: Omit it from the simp argument list.
  [apply] simp only [Mock2FA.PaperCorrections.AutomorphicSobolev.FixedPhaseClosedOperators.PhysicalLocalL2.euclideanLowerFromSuccTestAdjoint,
    fullPlaneAffineTranspose_apply, add_apply, sub_apply, smul_apply, HalfWeightCompactCoordinateGreen.rpowMul_apply,
    HalfWeightCompactCoordinateGreen.rpowScale, Real.rpow_one, HalfWeightCompactCoordinateGreen.dx_conjugate_apply,
    HalfWeightCompactCoordinateGreen.dy_conjugate_apply, HalfWeightCompactCoordinateGreen.dx_apply,
    HalfWeightCompactCoordinateGreen.dy_apply, reducedChartConjugateAmbientTest_apply, reducedChartAmbientTest_apply,
    map_add, map_mul, map_neg, Complex.conj_I, Complex.conj_ofReal, smul_eq_mul]

Note: This linter can be disabled with `set_option linter.unusedSimpArgs false`
PrimalitySheafVerification/Mock2_FunctionalAnalysis.lean:57515:44: warning: This simp argument is unused:
  map_add

Hint: Omit it from the simp argument list.
  [apply] simp only [Mock2FA.PaperCorrections.AutomorphicSobolev.FixedPhaseClosedOperators.PhysicalLocalL2.euclideanLowerFromSuccTestAdjoint,
    fullPlaneAffineTranspose_apply, add_apply, sub_apply, smul_apply, HalfWeightCompactCoordinateGreen.rpowMul_apply,
    HalfWeightCompactCoordinateGreen.rpowScale, Real.rpow_one, HalfWeightCompactCoordinateGreen.dx_conjugate_apply,
    HalfWeightCompactCoordinateGreen.dy_conjugate_apply, HalfWeightCompactCoordinateGreen.dx_apply,
    HalfWeightCompactCoordinateGreen.dy_apply, reducedChartConjugateAmbientTest_apply, reducedChartAmbientTest_apply,
    map_sub, map_mul, map_neg, Complex.conj_I, Complex.conj_ofReal, smul_eq_mul]

Note: This linter can be disabled with `set_option linter.unusedSimpArgs false`
PrimalitySheafVerification/Mock2_FunctionalAnalysis.lean:57515:53: warning: This simp argument is unused:
  map_mul

Hint: Omit it from the simp argument list.
  [apply] simp only [Mock2FA.PaperCorrections.AutomorphicSobolev.FixedPhaseClosedOperators.PhysicalLocalL2.euclideanLowerFromSuccTestAdjoint,
    fullPlaneAffineTranspose_apply, add_apply, sub_apply, smul_apply, HalfWeightCompactCoordinateGreen.rpowMul_apply,
    HalfWeightCompactCoordinateGreen.rpowScale, Real.rpow_one, HalfWeightCompactCoordinateGreen.dx_conjugate_apply,
    HalfWeightCompactCoordinateGreen.dy_conjugate_apply, HalfWeightCompactCoordinateGreen.dx_apply,
    HalfWeightCompactCoordinateGreen.dy_apply, reducedChartConjugateAmbientTest_apply, reducedChartAmbientTest_apply,
    map_sub, map_add, map_neg, Complex.conj_I, Complex.conj_ofReal, smul_eq_mul]

Note: This linter can be disabled with `set_option linter.unusedSimpArgs false`
PrimalitySheafVerification/Mock2_FunctionalAnalysis.lean:57516:4: warning: This simp argument is unused:
  map_neg

Hint: Omit it from the simp argument list.
  [apply] simp only [Mock2FA.PaperCorrections.AutomorphicSobolev.FixedPhaseClosedOperators.PhysicalLocalL2.euclideanLowerFromSuccTestAdjoint,
    fullPlaneAffineTranspose_apply, add_apply, sub_apply, smul_apply, HalfWeightCompactCoordinateGreen.rpowMul_apply,
    HalfWeightCompactCoordinateGreen.rpowScale, Real.rpow_one, HalfWeightCompactCoordinateGreen.dx_conjugate_apply,
    HalfWeightCompactCoordinateGreen.dy_conjugate_apply, HalfWeightCompactCoordinateGreen.dx_apply,
    HalfWeightCompactCoordinateGreen.dy_apply, reducedChartConjugateAmbientTest_apply, reducedChartAmbientTest_apply,
    map_sub, map_add, map_mul, Complex.conj_I, Complex.conj_ofReal, smul_eq_mul]

Note: This linter can be disabled with `set_option linter.unusedSimpArgs false`
PrimalitySheafVerification/Mock2_FunctionalAnalysis.lean:57516:13: warning: This simp argument is unused:
  Complex.conj_I

Hint: Omit it from the simp argument list.
  [apply] simp only [Mock2FA.PaperCorrections.AutomorphicSobolev.FixedPhaseClosedOperators.PhysicalLocalL2.euclideanLowerFromSuccTestAdjoint,
    fullPlaneAffineTranspose_apply, add_apply, sub_apply, smul_apply, HalfWeightCompactCoordinateGreen.rpowMul_apply,
    HalfWeightCompactCoordinateGreen.rpowScale, Real.rpow_one, HalfWeightCompactCoordinateGreen.dx_conjugate_apply,
    HalfWeightCompactCoordinateGreen.dy_conjugate_apply, HalfWeightCompactCoordinateGreen.dx_apply,
    HalfWeightCompactCoordinateGreen.dy_apply, reducedChartConjugateAmbientTest_apply, reducedChartAmbientTest_apply,
    map_sub, map_add, map_mul, map_neg, Complex.conj_ofReal, smul_eq_mul]

Note: This linter can be disabled with `set_option linter.unusedSimpArgs false`
PrimalitySheafVerification/Mock2_FunctionalAnalysis.lean:57516:29: warning: This simp argument is unused:
  Complex.conj_ofReal

Hint: Omit it from the simp argument list.
  [apply] simp only [Mock2FA.PaperCorrections.AutomorphicSobolev.FixedPhaseClosedOperators.PhysicalLocalL2.euclideanLowerFromSuccTestAdjoint,
    fullPlaneAffineTranspose_apply, add_apply, sub_apply, smul_apply, HalfWeightCompactCoordinateGreen.rpowMul_apply,
    HalfWeightCompactCoordinateGreen.rpowScale, Real.rpow_one, HalfWeightCompactCoordinateGreen.dx_conjugate_apply,
    HalfWeightCompactCoordinateGreen.dy_conjugate_apply, HalfWeightCompactCoordinateGreen.dx_apply,
    HalfWeightCompactCoordinateGreen.dy_apply, reducedChartConjugateAmbientTest_apply, reducedChartAmbientTest_apply,
    map_sub, map_add, map_mul, map_neg, Complex.conj_I, smul_eq_mul]

Note: This linter can be disabled with `set_option linter.unusedSimpArgs false`
PrimalitySheafVerification/Mock2_FunctionalAnalysis.lean:57523:19: error: Type mismatch
  v
has type
  FullPlaneTest
but is expected to have type
  ℂ → ℂ
PrimalitySheafVerification/Mock2_FunctionalAnalysis.lean:57526:7: error(lean.synthInstanceFailed): failed to synthesize instance of type class
  Neg (HalfWeightDifferentialOperators.InverseEtaFixedPhaseCore n)

Hint: Type class instance resolution failures can be inspected with the `set_option trace.Meta.synthInstance true` command.
PrimalitySheafVerification/Mock2_FunctionalAnalysis.lean:57528:11: error: Function expected at
  reducedChartConjugateAmbientTest
but this term has type
  ?m.1

Note: Expected a function because this term is being applied to the argument
  v

Hint: The identifier `reducedChartConjugateAmbientTest` is unknown, and Lean's `autoImplicit` option causes an unknown identifier to be treated as an implicitly bound variable with an unknown type. However, the unknown type cannot be a function, and a function is what Lean expects here. This is often the result of a typo or a missing `import` or `open` statement.
PrimalitySheafVerification/Mock2_FunctionalAnalysis.lean:57532:11: error: Function expected at
  reducedChartConjugateAmbientTest
but this term has type
  x✝

Note: Expected a function because this term is being applied to the argument
  v
PrimalitySheafVerification/Mock2_FunctionalAnalysis.lean:57531:146: error: unsolved goals
x✝ : Sort u_1
reducedChartConjugateAmbientTest : x✝
n : ℤ
z₀ : ℍ
v : FullPlaneTest
hv : tsupport sorry ⊆ ambientGammaTwoReducedChart z₀
⊢ IsReducedChartGaugeModel n z₀ sorry
    (fullPlaneConjugate (fullPlaneAffineTranspose Complex.I (↑(PhysicalLocalL2.euclideanGaugeExponent n + 2)) v))
PrimalitySheafVerification/Mock2_FunctionalAnalysis.lean:57569:19: error: Type mismatch
  v
has type
  FullPlaneTest
but is expected to have type
  ℂ → ℂ
PrimalitySheafVerification/Mock2_FunctionalAnalysis.lean:57572:7: error(lean.synthInstanceFailed): failed to synthesize instance of type class
  Neg (HalfWeightDifferentialOperators.InverseEtaFixedPhaseCore (n + 1))

Hint: Type class instance resolution failures can be inspected with the `set_option trace.Meta.synthInstance true` command.
PrimalitySheafVerification/Mock2_FunctionalAnalysis.lean:57574:11: error: Function expected at
  reducedChartConjugateAmbientTest
but this term has type
  ?m.1

Note: Expected a function because this term is being applied to the argument
  v

Hint: The identifier `reducedChartConjugateAmbientTest` is unknown, and Lean's `autoImplicit` option causes an unknown identifier to be treated as an implicitly bound variable with an unknown type. However, the unknown type cannot be a function, and a function is what Lean expects here. This is often the result of a typo or a missing `import` or `open` statement.
PrimalitySheafVerification/Mock2_FunctionalAnalysis.lean:57578:11: error: Function expected at
  reducedChartConjugateAmbientTest
but this term has type
  x✝

Note: Expected a function because this term is being applied to the argument
  v
PrimalitySheafVerification/Mock2_FunctionalAnalysis.lean:57577:149: error: unsolved goals
x✝ : Sort u_1
reducedChartConjugateAmbientTest : x✝
n : ℤ
z₀ : ℍ
v : FullPlaneTest
hv : tsupport sorry ⊆ ambientGammaTwoReducedChart z₀
⊢ IsReducedChartGaugeModel (n + 1) z₀ sorry
    (fullPlaneConjugate (fullPlaneAffineTranspose (-Complex.I) (-↑(PhysicalLocalL2.euclideanGaugeExponent n + 1)) v))
PrimalitySheafVerification/Mock2_FunctionalAnalysis.lean:57615:21: error: Function expected at
  v
but this term has type
  FullPlaneTest

Note: Expected a function because this term is being applied to the argument
  x
PrimalitySheafVerification/Mock2_FunctionalAnalysis.lean:57624:14: error: Function expected at
  v
but this term has type
  FullPlaneTest

Note: Expected a function because this term is being applied to the argument
  x
PrimalitySheafVerification/Mock2_FunctionalAnalysis.lean:57628:44: error: unsolved goals
v : FullPlaneTest
u : ↥AmbientPlaneL2
x : ℂ
⊢ sorry () = (starRingEnd ℂ) (sorry ()) ∨ ↑↑u x = 0
PrimalitySheafVerification/Mock2_FunctionalAnalysis.lean:57641:8: error: Tactic `introN` failed: There are no additional binders or `let` bindings in the goal to introduce

n : ℤ
z₀ : ℍ
p : OrbitPeterssonHilbert n × OrbitPeterssonHilbert (n + 1)
hp : p ∈ (-physicalLowerFromSucc n)†.graph
⊢ IsPlanarAffineWeakGraphOn (ambientGammaTwoReducedChart z₀) Complex.I (↑(PhysicalLocalL2.euclideanGaugeExponent n + 2))
    ((orbitPeterssonReducedChartEmbedding n z₀) p.1) ((orbitPeterssonReducedChartEmbedding (n + 1) z₀) p.2)
PrimalitySheafVerification/Mock2_FunctionalAnalysis.lean:57734:8: error: Tactic `introN` failed: There are no additional binders or `let` bindings in the goal to introduce

n : ℤ
z₀ : ℍ
p : OrbitPeterssonHilbert (n + 1) × OrbitPeterssonHilbert n
hp : p ∈ (-physicalRaise n)†.graph
⊢ IsPlanarAffineWeakGraphOn (ambientGammaTwoReducedChart z₀) (-Complex.I)
    (-↑(PhysicalLocalL2.euclideanGaugeExponent n + 1)) ((orbitPeterssonReducedChartEmbedding (n + 1) z₀) p.1)
    ((orbitPeterssonReducedChartEmbedding n z₀) p.2)
'Mock2FA.PaperCorrections.AutomorphicSobolev.FixedPhaseReducedChartFriedrichs.gammaTwoPeriodizationOrbitSupport_isClosed' depends on axioms: [propext,
 sorryAx,
 Classical.choice,
 Quot.sound]
'Mock2FA.PaperCorrections.AutomorphicSobolev.FixedPhaseReducedChartFriedrichs.inner_coreEmbedding_eq_reducedChart_pair' depends on axioms: [propext,
 sorryAx,
 Classical.choice,
 Quot.sound]
'Mock2FA.PaperCorrections.AutomorphicSobolev.FixedPhaseReducedChartFriedrichs.inner_l2Coordinate_eq_reducedChart_pair' depends on axioms: [propext,
 sorryAx,
 Classical.choice,
 Quot.sound]
'Mock2FA.PaperCorrections.AutomorphicSobolev.FixedPhaseReducedChartFriedrichs.raisingMaximalAdjoint_isPlanarAffineWeakGraphOn_reducedChart' depends on axioms: [propext,
 sorryAx,
 Classical.choice,
 Quot.sound]
'Mock2FA.PaperCorrections.AutomorphicSobolev.FixedPhaseReducedChartFriedrichs.loweringMaximalAdjoint_isPlanarAffineWeakGraphOn_reducedChart' depends on axioms: [propext,
 sorryAx,
 Classical.choice,
 Quot.sound]
PrimalitySheafVerification/Mock2_FunctionalAnalysis.lean:57867:18: warning: declaration uses `sorry`
PrimalitySheafVerification/Mock2_FunctionalAnalysis.lean:57868:5: warning: Variable name `v` is not explicitly referenced.

Hint: The binding can be removed (if unused) or named `_` (if used implicitly). Alternatively, prefix the name with `_` to silence this warning:
  [apply] _v

Note: This linter can be disabled with `set_option linter.unusedVariables false`
PrimalitySheafVerification/Mock2_FunctionalAnalysis.lean:57877:4: error: Function expected at
  ambientTestCoreToFullPlaneTest v
but this term has type
  FullPlaneTest

Note: Expected a function because this term is being applied to the argument
  w
PrimalitySheafVerification/Mock2_FunctionalAnalysis.lean:57887:14: error(lean.unknownIdentifier): Unknown identifier `mul`
PrimalitySheafVerification/Mock2_FunctionalAnalysis.lean:57894:8: warning: declaration uses `sorry`
PrimalitySheafVerification/Mock2_FunctionalAnalysis.lean:57917:8: error: Type mismatch
  bufferedEssentialFriedrichsFullPlaneTest hK j u hu
has type
  FullPlaneTest
but is expected to have type
  ℂ → ℂ
PrimalitySheafVerification/Mock2_FunctionalAnalysis.lean:57925:13: error: Function expected at
  reducedChartAmbientTest
but this term has type
  ?m.1

Note: Expected a function because this term is being applied to the argument
  (bufferedEssentialFriedrichsFullPlaneTest hK j u hu)

Hint: The identifier `reducedChartAmbientTest` is unknown, and Lean's `autoImplicit` option causes an unknown identifier to be treated as an implicitly bound variable with an unknown type. However, the unknown type cannot be a function, and a function is what Lean expects here. This is often the result of a typo or a missing `import` or `open` statement.
PrimalitySheafVerification/Mock2_FunctionalAnalysis.lean:57932:4: error: Function expected at
  reducedChartAmbientTest
but this term has type
  x✝

Note: Expected a function because this term is being applied to the argument
  b
PrimalitySheafVerification/Mock2_FunctionalAnalysis.lean:57964:8: error: Type mismatch
  bufferedEssentialFriedrichsFullPlaneTest hK j u hu
has type
  FullPlaneTest
but is expected to have type
  ℂ → ℂ
PrimalitySheafVerification/Mock2_FunctionalAnalysis.lean:57972:13: error: Function expected at
  reducedChartAmbientTest
but this term has type
  ?m.1

Note: Expected a function because this term is being applied to the argument
  (bufferedEssentialFriedrichsFullPlaneTest hK j u hu)

Hint: The identifier `reducedChartAmbientTest` is unknown, and Lean's `autoImplicit` option causes an unknown identifier to be treated as an implicitly bound variable with an unknown type. However, the unknown type cannot be a function, and a function is what Lean expects here. This is often the result of a typo or a missing `import` or `open` statement.
PrimalitySheafVerification/Mock2_FunctionalAnalysis.lean:57979:4: error: Function expected at
  reducedChartAmbientTest
but this term has type
  x✝

Note: Expected a function because this term is being applied to the argument
  b
PrimalitySheafVerification/Mock2_FunctionalAnalysis.lean:58032:31: error: Type mismatch
  v j
has type
  FullPlaneTest
but is expected to have type
  ℂ → ℂ
PrimalitySheafVerification/Mock2_FunctionalAnalysis.lean:58039:15: error: Function expected at
  reducedChartAmbientTest
but this term has type
  ?m.1

Note: Expected a function because this term is being applied to the argument
  (v j)

Hint: The identifier `reducedChartAmbientTest` is unknown, and Lean's `autoImplicit` option causes an unknown identifier to be treated as an implicitly bound variable with an unknown type. However, the unknown type cannot be a function, and a function is what Lean expects here. This is often the result of a typo or a missing `import` or `open` statement.
PrimalitySheafVerification/Mock2_FunctionalAnalysis.lean:58077:31: error: Type mismatch
  v j
has type
  FullPlaneTest
but is expected to have type
  ℂ → ℂ
PrimalitySheafVerification/Mock2_FunctionalAnalysis.lean:58084:15: error: Function expected at
  reducedChartAmbientTest
but this term has type
  ?m.1

Note: Expected a function because this term is being applied to the argument
  (v j)

Hint: The identifier `reducedChartAmbientTest` is unknown, and Lean's `autoImplicit` option causes an unknown identifier to be treated as an implicitly bound variable with an unknown type. However, the unknown type cannot be a function, and a function is what Lean expects here. This is often the result of a typo or a missing `import` or `open` statement.
PrimalitySheafVerification/Mock2_FunctionalAnalysis.lean:58119:19: error: Type mismatch
  v
has type
  FullPlaneTest
but is expected to have type
  ℂ → ℂ
PrimalitySheafVerification/Mock2_FunctionalAnalysis.lean:58124:11: error: Function expected at
  reducedChartAmbientTest
but this term has type
  ?m.1

Note: Expected a function because this term is being applied to the argument
  v

Hint: The identifier `reducedChartAmbientTest` is unknown, and Lean's `autoImplicit` option causes an unknown identifier to be treated as an implicitly bound variable with an unknown type. However, the unknown type cannot be a function, and a function is what Lean expects here. This is often the result of a typo or a missing `import` or `open` statement.
PrimalitySheafVerification/Mock2_FunctionalAnalysis.lean:58127:11: error: Function expected at
  reducedChartAmbientTest
but this term has type
  ?m.1

Note: Expected a function because this term is being applied to the argument
  v

Hint: The identifier `reducedChartAmbientTest` is unknown, and Lean's `autoImplicit` option causes an unknown identifier to be treated as an implicitly bound variable with an unknown type. However, the unknown type cannot be a function, and a function is what Lean expects here. This is often the result of a typo or a missing `import` or `open` statement.
PrimalitySheafVerification/Mock2_FunctionalAnalysis.lean:58128:11: error: Function expected at
  reducedChartAmbientTest
but this term has type
  x✝

Note: Expected a function because this term is being applied to the argument
  v
PrimalitySheafVerification/Mock2_FunctionalAnalysis.lean:58127:46: error: unsolved goals
x✝ : Sort u_1
reducedChartAmbientTest : x✝
n : ℤ
z₀ : ℍ
v : FullPlaneTest
hv : tsupport sorry ⊆ ambientGammaTwoReducedChart z₀
⊢ IsReducedChartGaugeModel (n + 1) z₀
    ((HalfWeightDifferentialOperators.InverseEtaFixedPhaseCore.raise n) (gammaTwoPeriodizedPhysicalCore n sorry))
    (ambientTestCoreToFullPlaneTest (euclideanRaiseForwardTest n sorry))
PrimalitySheafVerification/Mock2_FunctionalAnalysis.lean:58154:19: error: Type mismatch
  v
has type
  FullPlaneTest
but is expected to have type
  ℂ → ℂ
PrimalitySheafVerification/Mock2_FunctionalAnalysis.lean:58159:11: error: Function expected at
  reducedChartAmbientTest
but this term has type
  ?m.1

Note: Expected a function because this term is being applied to the argument
  v

Hint: The identifier `reducedChartAmbientTest` is unknown, and Lean's `autoImplicit` option causes an unknown identifier to be treated as an implicitly bound variable with an unknown type. However, the unknown type cannot be a function, and a function is what Lean expects here. This is often the result of a typo or a missing `import` or `open` statement.
PrimalitySheafVerification/Mock2_FunctionalAnalysis.lean:58162:11: error: Function expected at
  reducedChartAmbientTest
but this term has type
  ?m.1

Note: Expected a function because this term is being applied to the argument
  v

Hint: The identifier `reducedChartAmbientTest` is unknown, and Lean's `autoImplicit` option causes an unknown identifier to be treated as an implicitly bound variable with an unknown type. However, the unknown type cannot be a function, and a function is what Lean expects here. This is often the result of a typo or a missing `import` or `open` statement.
PrimalitySheafVerification/Mock2_FunctionalAnalysis.lean:58163:11: error: Function expected at
  reducedChartAmbientTest
but this term has type
  x✝

Note: Expected a function because this term is being applied to the argument
  v
PrimalitySheafVerification/Mock2_FunctionalAnalysis.lean:58162:46: error: unsolved goals
x✝ : Sort u_1
reducedChartAmbientTest : x✝
n : ℤ
z₀ : ℍ
v : FullPlaneTest
hv : tsupport sorry ⊆ ambientGammaTwoReducedChart z₀
⊢ IsReducedChartGaugeModel n z₀
    ((HalfWeightDifferentialOperators.InverseEtaFixedPhaseCore.lowerFromSucc n)
      (gammaTwoPeriodizedPhysicalCore (n + 1) sorry))
    (ambientTestCoreToFullPlaneTest (euclideanLowerFromSuccForwardTest n sorry))
PrimalitySheafVerification/Mock2_FunctionalAnalysis.lean:58197:4: error: Tactic `rewrite` failed: Did not find an occurrence of the pattern
  (orbitPeterssonReducedChartEmbedding ?n ?z₀) ↑?u
in the target expression
  (orbitPeterssonReducedChartEmbedding m z₀) (toCompletion ((coreEmbedding m) q)) = fullPlaneTestToL2 v

m : ℤ
z₀ : ℍ
q : HalfWeightDifferentialOperators.InverseEtaFixedPhaseCore m
v : FullPlaneTest
hModel : IsReducedChartGaugeModel m z₀ q v
⊢ (orbitPeterssonReducedChartEmbedding m z₀) (toCompletion ((coreEmbedding m) q)) = fullPlaneTestToL2 v
PrimalitySheafVerification/Mock2_FunctionalAnalysis.lean:58236:2: error: Type mismatch: After simplification, term
  hre
 has type
  (⟪(l2Coordinate m) q, (l2Coordinate m) q⟫_ℂ).re = (⟪fullPlaneTestToL2 v, fullPlaneTestToL2 v⟫_ℂ).re
but is expected to have type
  ‖(l2Coordinate m) q‖ ^ 2 = ‖fullPlaneTestToL2 v‖ ^ 2
PrimalitySheafVerification/Mock2_FunctionalAnalysis.lean:58251:8: error: typeclass instance problem is stuck
  InnerProductSpace ?m.59 (OrbitPeterssonHilbert m)

Note: Lean will not try to resolve this typeclass instance problem because the first and third type arguments to `InnerProductSpace` are metavariables. These arguments must be fully determined before Lean will try to resolve the typeclass.

Hint: Adding type annotations and supplying implicit arguments to functions can give Lean more information for typeclass resolution. For example, if you have a variable `x` that you intend to be a `Nat`, but Lean reports it as having an unresolved type like `?m`, replacing `x` with `(x : Nat)` can get typeclass resolution un-stuck.
PrimalitySheafVerification/Mock2_FunctionalAnalysis.lean:58297:4: error(lean.unknownIdentifier): Unknown identifier `exists_bufferedLocalRaisingApproximation`
PrimalitySheafVerification/Mock2_FunctionalAnalysis.lean:58296:9: error: Tactic `rcases` failed: `x✝ : ?m.67` is not an inductive datatype
PrimalitySheafVerification/Mock2_FunctionalAnalysis.lean:58377:4: error(lean.unknownIdentifier): Unknown identifier `exists_bufferedLocalLoweringApproximation`
PrimalitySheafVerification/Mock2_FunctionalAnalysis.lean:58376:9: error: Tactic `rcases` failed: `x✝ : ?m.89` is not an inductive datatype
'Mock2FA.PaperCorrections.AutomorphicSobolev.FixedPhaseReducedChartFriedrichs.pointwiseKernelConvolution_eq_reflectedPair' depends on axioms: [propext,
 sorryAx,
 Classical.choice,
 Quot.sound]
PrimalitySheafVerification/Mock2_FunctionalAnalysis.lean:58446:14: error(lean.unknownIdentifier): Unknown constant `FixedPhaseReducedChartFriedrichs.fullPlaneTestToL2_raiseForward_bufferedEssentialFriedrichs`
PrimalitySheafVerification/Mock2_FunctionalAnalysis.lean:58447:14: error(lean.unknownIdentifier): Unknown constant `FixedPhaseReducedChartFriedrichs.exists_bufferedLocalRaisingApproximation`
'Mock2FA.PaperCorrections.AutomorphicSobolev.FixedPhaseReducedChartFriedrichs.inner_l2Coordinate_eq_inner_fullPlaneTestToL2' depends on axioms: [propext,
 sorryAx,
 Classical.choice,
 Quot.sound]
'Mock2FA.PaperCorrections.AutomorphicSobolev.FixedPhaseReducedChartFriedrichs.dist_l2Coordinate_eq_dist_fullPlaneTestToL2' depends on axioms: [propext,
 sorryAx,
 Classical.choice,
 Quot.sound]
'Mock2FA.PaperCorrections.AutomorphicSobolev.FixedPhaseReducedChartFriedrichs.exists_periodizedLocalRaisingGraphLimit' depends on axioms: [propext,
 sorryAx,
 Classical.choice,
 Quot.sound]
'Mock2FA.PaperCorrections.AutomorphicSobolev.FixedPhaseReducedChartFriedrichs.exists_periodizedLocalLoweringGraphLimit' depends on axioms: [propext,
 sorryAx,
 Classical.choice,
 Quot.sound]
PrimalitySheafVerification/Mock2_FunctionalAnalysis.lean:58513:4: error(lean.unknownIdentifier): Unknown identifier `exists_bufferedLocalRaisingApproximation`
PrimalitySheafVerification/Mock2_FunctionalAnalysis.lean:58512:9: error: Tactic `rcases` failed: `x✝ : ?m.66` is not an inductive datatype
PrimalitySheafVerification/Mock2_FunctionalAnalysis.lean:58575:4: error(lean.unknownIdentifier): Unknown identifier `exists_bufferedLocalLoweringApproximation`
PrimalitySheafVerification/Mock2_FunctionalAnalysis.lean:58574:9: error: Tactic `rcases` failed: `x✝ : ?m.94` is not an inductive datatype
'Mock2FA.PaperCorrections.AutomorphicSobolev.FixedPhaseReducedChartFriedrichs.exists_periodizedLocalRaisingGraphLimitWithModels' depends on axioms: [propext,
 sorryAx,
 Classical.choice,
 Quot.sound]
'Mock2FA.PaperCorrections.AutomorphicSobolev.FixedPhaseReducedChartFriedrichs.exists_periodizedLocalLoweringGraphLimitWithModels' depends on axioms: [propext,
 sorryAx,
 Classical.choice,
 Quot.sound]
PrimalitySheafVerification/Mock2_FunctionalAnalysis.lean:58656:5: error: unknown namespace `PhysicalLocalL2`
PrimalitySheafVerification/Mock2_FunctionalAnalysis.lean:58673:6: error: Type mismatch: After simplification, term
  RealSmooth.add (hf i (Finset.mem_insert_self i s)) (ih fun j hj => hf j (Finset.mem_insert_of_mem hj))
 has type
  RealSmooth (f i + fun z => ∑ i ∈ s, f i z)
but is expected to have type
  RealSmooth fun z => f i z + ∑ i ∈ s, f i z
PrimalitySheafVerification/Mock2_FunctionalAnalysis.lean:58710:24: error: Application type mismatch: The argument
  hz
has type
  z ∈ support (effectiveScalarPeriodizationTerm v a)
of sort `Prop` but is expected to have type
  ?m.45 → ?m.46
of sort `Type (max ?u.32 ?u.33)` in the application
  subset_tsupport hz
PrimalitySheafVerification/Mock2_FunctionalAnalysis.lean:58724:2: error: Type mismatch: After simplification, term
  ContDiff.contDiffOn (TestFunction.contDiff v)
 has type
  ContDiffOn ℝ ∞ ⇑v ?m.22
but is expected to have type
  ContDiffOn ℝ ∞ (fun x => v ↑(↑UpperHalfPlane.ofComplex x)) UpperHalfPlane.upperHalfPlaneSet
PrimalitySheafVerification/Mock2_FunctionalAnalysis.lean:58730:47: error(lean.invalidField): Invalid field `comp_gammaTwo_smul`: The environment does not contain `Function.comp_gammaTwo_smul`, so it is not possible to project the field `comp_gammaTwo_smul` from an expression
  effectiveScalarSeed_realSmooth v
of type
  ∀ x ∈ UpperHalfPlane.upperHalfPlaneSet,
    ContDiffWithinAt ℝ ∞ (upperLift fun z => v ↑z) UpperHalfPlane.upperHalfPlaneSet x
PrimalitySheafVerification/Mock2_FunctionalAnalysis.lean:58728:57: error: unsolved goals
v : FixedPhaseClosedOperators.PhysicalLocalL2.AmbientTestCore
a : GammaTwoEffective
gamma : ↥GammaTwo
hgamma : ∀ (z : ℍ), a⁻¹ • z = gamma • z
⊢ RealSmooth (effectiveScalarPeriodizationTerm v a)
PrimalitySheafVerification/Mock2_FunctionalAnalysis.lean:58742:8: error(lean.unknownIdentifier): Unknown identifier `realSmooth_finsum_of_locallyFinite_support`
PrimalitySheafVerification/Mock2_FunctionalAnalysis.lean:58757:50: error: unsolved goals
v : FixedPhaseClosedOperators.PhysicalLocalL2.AmbientTestCore
b : GammaTwoEffective
z : ℍ
hreindex :
  ∑ᶠ (a : GammaTwoEffective), effectiveScalarPeriodizationTerm v a (b • z) =
    ∑ᶠ (a : GammaTwoEffective), effectiveScalarPeriodizationTerm v (b * a) (b • z)
⊢ ∑ᶠ (a : GammaTwoEffective), effectiveScalarPeriodizationTerm v a z = effectiveScalarPoincarePeriodization v z
PrimalitySheafVerification/Mock2_FunctionalAnalysis.lean:58780:2: error: Tactic `apply` failed: could not unify the conclusion of `finsum_eq_single ?m.21`
  ∑ᶠ (x : ?m.16), ?m.21 x = ?m.21 ?a
with the goal
  ∑ᶠ (a : GammaTwoEffective), effectiveScalarPeriodizationTerm v a z = v ↑z

Note: The full type of `finsum_eq_single ?m.21` is
  ∀ (a : ?m.16), (∀ (x : ?m.16), x ≠ a → ?m.21 x = 0) → ∑ᶠ (x : ?m.16), ?m.21 x = ?m.21 a

z₀ : ℍ
v : FixedPhaseClosedOperators.PhysicalLocalL2.AmbientTestCore
hv : tsupport ⇑v ⊆ ambientGammaTwoReducedChart z₀
z : ℍ
hz : z ∈ gammaTwoReducedChart z₀
⊢ ∑ᶠ (a : GammaTwoEffective), effectiveScalarPeriodizationTerm v a z = v ↑z
PrimalitySheafVerification/Mock2_FunctionalAnalysis.lean:58868:8: error: Tactic `rewrite` failed: Did not find an occurrence of the pattern
  gamma • ?z
in the target expression
  gammaTwoQuotientMk x = gammaTwoQuotientMk ((fun x => a • x) x)

case h₁
v : FixedPhaseClosedOperators.PhysicalLocalL2.AmbientTestCore
K : Set ℍ := effectiveScalarSeedSupport v
hK : IsCompact K
hQK : IsCompact (gammaTwoQuotientMk '' K)
a : GammaTwoEffective
x : ℍ
hxK : x ∈ effectiveScalarSeedSupport v
hz : (fun x => a • x) x ∈ support (effectiveScalarPoincarePeriodization v)
hzOrbit : (fun x => a • x) x ∈ effectiveScalarPeriodizationOrbitSupport v
gamma : ↥GammaTwo
hgamma : ∀ (z : ℍ), a • z = gamma • z
⊢ gammaTwoQuotientMk x = gammaTwoQuotientMk ((fun x => a • x) x)
PrimalitySheafVerification/Mock2_FunctionalAnalysis.lean:58877:2: error: Invalid `⟨...⟩` notation: The expected type `SmoothQuotientCompactFunction` is not an inductive type

Note: This notation can only be used when the expected type is an inductive type with a single constructor
PrimalitySheafVerification/Mock2_FunctionalAnalysis.lean:58881:0: error: Not a definitional equality: the left-hand side
  effectiveScalarSmoothQuotient v z
is not definitionally equal to the right-hand side
  effectiveScalarPoincarePeriodization v z
PrimalitySheafVerification/Mock2_FunctionalAnalysis.lean:58886:2: error: Type mismatch
  rfl
has type
  ?m.4 = ?m.4
but is expected to have type
  effectiveScalarSmoothQuotient v z = effectiveScalarPoincarePeriodization v z
PrimalitySheafVerification/Mock2_FunctionalAnalysis.lean:58890:4: error: Function expected at
  IsGammaTwoInvariantCutoff
but this term has type
  ?m.1

Note: Expected a function because this term is being applied to the argument
  (effectiveScalarSmoothQuotient v)

Hint: The identifier `IsGammaTwoInvariantCutoff` is unknown, and Lean's `autoImplicit` option causes an unknown identifier to be treated as an implicitly bound variable with an unknown type. However, the unknown type cannot be a function, and a function is what Lean expects here. This is often the result of a typo or a missing `import` or `open` statement.
PrimalitySheafVerification/Mock2_FunctionalAnalysis.lean:58891:8: error: Tactic `introN` failed: There are no additional binders or `let` bindings in the goal to introduce

x✝ : Sort u_1
IsGammaTwoInvariantCutoff : x✝
v : FixedPhaseClosedOperators.PhysicalLocalL2.AmbientTestCore
⊢ sorry
PrimalitySheafVerification/Mock2_FunctionalAnalysis.lean:58921:8: error: Function expected at
  EventuallyEq.fderiv_eq (effectiveScalarPoincarePeriodization_eventuallyEq_seed_on_reducedChart v hv hz)
but this term has type
  fderiv ?m.28 (upperLift (effectiveScalarPoincarePeriodization v)) ↑z = fderiv ?m.28 ⇑v ↑z

Note: Expected a function because this term is being applied to the argument
  (z : ℂ)
PrimalitySheafVerification/Mock2_FunctionalAnalysis.lean:58935:8: error: Function expected at
  EventuallyEq.fderiv_eq (effectiveScalarPoincarePeriodization_eventuallyEq_seed_on_reducedChart v hv hz)
but this term has type
  fderiv ?m.26 (upperLift (effectiveScalarPoincarePeriodization v)) ↑z = fderiv ?m.26 ⇑v ↑z

Note: Expected a function because this term is being applied to the argument
  (z : ℂ)
PrimalitySheafVerification/Mock2_FunctionalAnalysis.lean:58950:8: error: Tactic `rewrite` failed: Did not find an occurrence of the pattern
  ?m.46 ∈ Finite.toFinset ?hs
in the target expression
  a ∈ ↑I

v : FixedPhaseClosedOperators.PhysicalLocalL2.AmbientTestCore
hv : ∀ (w : ℂ), 0 ≤ (v w).re
z : ℍ
s : Set ℍ
_hsNhds : s ∈ 𝓝 z
hsFinite : {i | ((fun a => support (effectiveScalarPeriodizationTerm v a)) i ∩ s).Nonempty}.Finite
I : Finset GammaTwoEffective := hsFinite.toFinset
a : GammaTwoEffective
ha : a ∈ support fun a => effectiveScalarPeriodizationTerm v a z
⊢ a ∈ ↑I
PrimalitySheafVerification/Mock2_FunctionalAnalysis.lean:58953:48: error: Tactic `rewrite` failed: Did not find an occurrence of the pattern
  ?g (∑ x ∈ ?s, ?f x)
in the target expression
  0 ≤ (∑ i ∈ I, effectiveScalarPeriodizationTerm v i z).re

v : FixedPhaseClosedOperators.PhysicalLocalL2.AmbientTestCore
hv : ∀ (w : ℂ), 0 ≤ (v w).re
z : ℍ
s : Set ℍ
_hsNhds : s ∈ 𝓝 z
hsFinite : {i | ((fun a => support (effectiveScalarPeriodizationTerm v a)) i ∩ s).Nonempty}.Finite
I : Finset GammaTwoEffective := hsFinite.toFinset
hsupport : (support fun a => effectiveScalarPeriodizationTerm v a z) ⊆ ↑I
⊢ 0 ≤ (∑ i ∈ I, effectiveScalarPeriodizationTerm v i z).re
PrimalitySheafVerification/Mock2_FunctionalAnalysis.lean:58967:8: error: Tactic `rewrite` failed: Did not find an occurrence of the pattern
  ?m.44 ∈ Finite.toFinset ?hs
in the target expression
  a ∈ ↑I

v : FixedPhaseClosedOperators.PhysicalLocalL2.AmbientTestCore
hv : ∀ (w : ℂ), (v w).im = 0
z : ℍ
s : Set ℍ
_hsNhds : s ∈ 𝓝 z
hsFinite : {i | ((fun a => support (effectiveScalarPeriodizationTerm v a)) i ∩ s).Nonempty}.Finite
I : Finset GammaTwoEffective := hsFinite.toFinset
a : GammaTwoEffective
ha : a ∈ support fun a => effectiveScalarPeriodizationTerm v a z
⊢ a ∈ ↑I
PrimalitySheafVerification/Mock2_FunctionalAnalysis.lean:58970:48: error: Tactic `rewrite` failed: Did not find an occurrence of the pattern
  ?g (∑ x ∈ ?s, ?f x)
in the target expression
  (∑ i ∈ I, effectiveScalarPeriodizationTerm v i z).im = 0

v : FixedPhaseClosedOperators.PhysicalLocalL2.AmbientTestCore
hv : ∀ (w : ℂ), (v w).im = 0
z : ℍ
s : Set ℍ
_hsNhds : s ∈ 𝓝 z
hsFinite : {i | ((fun a => support (effectiveScalarPeriodizationTerm v a)) i ∩ s).Nonempty}.Finite
I : Finset GammaTwoEffective := hsFinite.toFinset
hsupport : (support fun a => effectiveScalarPeriodizationTerm v a z) ⊆ ↑I
⊢ (∑ i ∈ I, effectiveScalarPeriodizationTerm v i z).im = 0
PrimalitySheafVerification/Mock2_FunctionalAnalysis.lean:58979:37: error: unexpected token '('; expected ')'
PrimalitySheafVerification/Mock2_FunctionalAnalysis.lean:58986:37: error: unexpected token '('; expected ')'
PrimalitySheafVerification/Mock2_FunctionalAnalysis.lean:58994:37: error: unexpected token '('; expected ')'
PrimalitySheafVerification/Mock2_FunctionalAnalysis.lean:59007:37: error: unexpected token '('; expected ')'
PrimalitySheafVerification/Mock2_FunctionalAnalysis.lean:59017:37: error: unexpected token '('; expected ')'
PrimalitySheafVerification/Mock2_FunctionalAnalysis.lean:59029:37: error: unexpected token '('; expected ')'
PrimalitySheafVerification/Mock2_FunctionalAnalysis.lean:59043:37: error: unexpected token '('; expected ')'
PrimalitySheafVerification/Mock2_FunctionalAnalysis.lean:59056:37: error: unexpected token '('; expected ')'
PrimalitySheafVerification/Mock2_FunctionalAnalysis.lean:59072:37: error: unexpected token '('; expected ')'
PrimalitySheafVerification/Mock2_FunctionalAnalysis.lean:59115:37: error: unexpected token '('; expected ')'
PrimalitySheafVerification/Mock2_FunctionalAnalysis.lean:59130:37: error: unexpected token '('; expected ')'
PrimalitySheafVerification/Mock2_FunctionalAnalysis.lean:59139:37: error: unexpected token '('; expected ')'
PrimalitySheafVerification/Mock2_FunctionalAnalysis.lean:59163:37: error: unexpected token '('; expected ')'
PrimalitySheafVerification/Mock2_FunctionalAnalysis.lean:59177:37: error: unexpected token '('; expected ')'
PrimalitySheafVerification/Mock2_FunctionalAnalysis.lean:59186:37: error: unexpected token '('; expected ')'
PrimalitySheafVerification/Mock2_FunctionalAnalysis.lean:59198:37: error: unexpected token '('; expected ')'
PrimalitySheafVerification/Mock2_FunctionalAnalysis.lean:59229:37: error: unexpected token '('; expected ')'
PrimalitySheafVerification/Mock2_FunctionalAnalysis.lean:59237:37: error: unexpected token '('; expected ')'
PrimalitySheafVerification/Mock2_FunctionalAnalysis.lean:59247:37: error: unexpected token '('; expected ')'
PrimalitySheafVerification/Mock2_FunctionalAnalysis.lean:59263:37: error: unexpected token '('; expected ')'
PrimalitySheafVerification/Mock2_FunctionalAnalysis.lean:59275:37: error: unexpected token '('; expected ')'
PrimalitySheafVerification/Mock2_FunctionalAnalysis.lean:59312:37: error: unexpected token '('; expected ')'
PrimalitySheafVerification/Mock2_FunctionalAnalysis.lean:59356:11: error(lean.unknownIdentifier): Unknown identifier `quotientChartActiveCenters`
PrimalitySheafVerification/Mock2_FunctionalAnalysis.lean:59353:68: error: unsolved goals
K : Set ℍ
hK : IsCompact K
rho : SmoothPartitionOfUnity ℍ (modelWithCornersSelf ℝ ℂ) ℂ (UpperHalfPlane.coe '' K)
hrho : rho.IsSubordinate ambientGammaTwoReducedChart
_hcompact : ∀ (z : ℍ), HasCompactSupport ⇑(rho z)
hfinite : {z | (tsupport ⇑(rho z) ∩ UpperHalfPlane.coe '' K).Nonempty}.Finite
⊢ ∃ t theta,
    (∀ x ∈ t, tsupport ⇑(theta x) ⊆ ambientGammaTwoReducedChart x) ∧
      (∀ (a : GammaTwoEffective),
          ∀ x ∈ t,
            ∀ (z : ℍ),
              effectiveScalarPoincarePeriodization (theta x) (a • z) =
                effectiveScalarPoincarePeriodization (theta x) z) ∧
        ∀ z ∈ gammaTwoOrbitSaturation K, ∑ x ∈ t, effectiveScalarPoincarePeriodization (theta x) z = 1
'Mock2FA.PaperCorrections.AutomorphicSobolev.FixedPhaseReducedChartFriedrichs.effectiveScalarPoincarePeriodization_invariant' depends on axioms: [propext,
 sorryAx,
 Classical.choice,
 Quot.sound]
'Mock2FA.PaperCorrections.AutomorphicSobolev.FixedPhaseReducedChartFriedrichs.effectiveScalarPoincarePeriodization_eq_seed_on_reducedChart' depends on axioms: [propext,
 sorryAx,
 Classical.choice,
 Quot.sound]
PrimalitySheafVerification/Mock2_FunctionalAnalysis.lean:59375:14: error(lean.unknownIdentifier): Unknown constant `FixedPhaseReducedChartFriedrichs.quotientChartNormalizationDenominator_ne_zero`
PrimalitySheafVerification/Mock2_FunctionalAnalysis.lean:59376:14: error(lean.unknownIdentifier): Unknown constant `FixedPhaseReducedChartFriedrichs.normalizedQuotientChartPeriodizations_sum_eq_one_on_saturation`
'Mock2FA.PaperCorrections.AutomorphicSobolev.FixedPhaseReducedChartFriedrichs.exists_quotientCompatibleFiniteReducedChartLocalization' depends on axioms: [propext,
 sorryAx,
 Classical.choice,
 Quot.sound]
PrimalitySheafVerification/Mock2_FunctionalAnalysis.lean:59410:10: error: Function expected at
  IsGammaTwoInvariantCutoff
but this term has type
  ?m.2

Note: Expected a function because this term is being applied to the argument
  c

Hint: The identifier `IsGammaTwoInvariantCutoff` is unknown, and Lean's `autoImplicit` option causes an unknown identifier to be treated as an implicitly bound variable with an unknown type. However, the unknown type cannot be a function, and a function is what Lean expects here. This is often the result of a typo or a missing `import` or `open` statement.
PrimalitySheafVerification/Mock2_FunctionalAnalysis.lean:59413:4: error(lean.unknownIdentifier): Unknown identifier `invariantCutoffTimesOrbitSection`
PrimalitySheafVerification/Mock2_FunctionalAnalysis.lean:59432:10: error: Function expected at
  IsGammaTwoInvariantCutoff
but this term has type
  ?m.2

Note: Expected a function because this term is being applied to the argument
  c

Hint: The identifier `IsGammaTwoInvariantCutoff` is unknown, and Lean's `autoImplicit` option causes an unknown identifier to be treated as an implicitly bound variable with an unknown type. However, the unknown type cannot be a function, and a function is what Lean expects here. This is often the result of a typo or a missing `import` or `open` statement.
PrimalitySheafVerification/Mock2_FunctionalAnalysis.lean:59434:4: error: Type mismatch
  (invariantScalarCoreOperator c hc n) u
has type
  HalfWeightDifferentialOperators.InverseEtaFixedPhaseCore n
but is expected to have type
  SmoothQuotientCompactFunction
PrimalitySheafVerification/Mock2_FunctionalAnalysis.lean:59436:6: error: Type mismatch
  c
has type
  SmoothQuotientCompactFunction
but is expected to have type
  ℍ → ℂ
PrimalitySheafVerification/Mock2_FunctionalAnalysis.lean:59436:22: error: Type mismatch
  u
has type
  HalfWeightDifferentialOperators.InverseEtaFixedPhaseCore n
but is expected to have type
  SmoothQuotientCompactFunction
PrimalitySheafVerification/Mock2_FunctionalAnalysis.lean:59445:6: error: Invalid projection: Projection operates on types of the form `C ...` where C is a constant. The expression
  c
has type `SmoothQuotientCompactFunction` which does not have the necessary form.
PrimalitySheafVerification/Mock2_FunctionalAnalysis.lean:59445:23: error: Invalid projection: Projection operates on types of the form `C ...` where C is a constant. The expression
  c
has type `SmoothQuotientCompactFunction` which does not have the necessary form.
PrimalitySheafVerification/Mock2_FunctionalAnalysis.lean:59452:6: error: Invalid projection: Projection operates on types of the form `C ...` where C is a constant. The expression
  c
has type `SmoothQuotientCompactFunction` which does not have the necessary form.
PrimalitySheafVerification/Mock2_FunctionalAnalysis.lean:59452:23: error: Invalid projection: Projection operates on types of the form `C ...` where C is a constant. The expression
  c
has type `SmoothQuotientCompactFunction` which does not have the necessary form.
PrimalitySheafVerification/Mock2_FunctionalAnalysis.lean:59457:5: error: Type mismatch
  c
has type
  SmoothQuotientCompactFunction
but is expected to have type
  ℍ → ℂ
PrimalitySheafVerification/Mock2_FunctionalAnalysis.lean:59460:6: error: Invalid projection: Projection operates on types of the form `C ...` where C is a constant. The expression
  c
has type `SmoothQuotientCompactFunction` which does not have the necessary form.
PrimalitySheafVerification/Mock2_FunctionalAnalysis.lean:59460:23: error: Invalid projection: Projection operates on types of the form `C ...` where C is a constant. The expression
  c
has type `SmoothQuotientCompactFunction` which does not have the necessary form.
PrimalitySheafVerification/Mock2_FunctionalAnalysis.lean:59465:10: error: Function expected at
  IsGammaTwoInvariantCutoff
but this term has type
  ?m.2

Note: Expected a function because this term is being applied to the argument
  c

Hint: The identifier `IsGammaTwoInvariantCutoff` is unknown, and Lean's `autoImplicit` option causes an unknown identifier to be treated as an implicitly bound variable with an unknown type. However, the unknown type cannot be a function, and a function is what Lean expects here. This is often the result of a typo or a missing `import` or `open` statement.
PrimalitySheafVerification/Mock2_FunctionalAnalysis.lean:59469:6: error: Type mismatch
  c
has type
  SmoothQuotientCompactFunction
but is expected to have type
  ℍ → ℂ
PrimalitySheafVerification/Mock2_FunctionalAnalysis.lean:59472:4: error(lean.unknownIdentifier): Unknown identifier `invariantScalarCoreOperator_apply`
PrimalitySheafVerification/Mock2_FunctionalAnalysis.lean:59470:128: error: unsolved goals
SmoothQuotientCompactFunction : Sort u_1
x✝ : Sort u_2
IsGammaTwoInvariantCutoff : x✝
c : SmoothQuotientCompactFunction
hc : sorry
n : ℤ
u : HalfWeightDifferentialOperators.InverseEtaFixedPhaseCore n
z : ℍ
⊢ ↑(z.im ^ FixedPhaseClosedOperators.PhysicalLocalL2.euclideanGaugeExponent n) *
      ↑↑((invariantScalarCoreOperator c hc n) u).toSmoothQuotientCompactFunction z =
    sorry * FixedPhaseClosedOperators.PhysicalLocalL2.fixedPhaseEuclideanGauge n u z
PrimalitySheafVerification/Mock2_FunctionalAnalysis.lean:59480:10: error: Function expected at
  IsGammaTwoInvariantCutoff
but this term has type
  ?m.2

Note: Expected a function because this term is being applied to the argument
  c

Hint: The identifier `IsGammaTwoInvariantCutoff` is unknown, and Lean's `autoImplicit` option causes an unknown identifier to be treated as an implicitly bound variable with an unknown type. However, the unknown type cannot be a function, and a function is what Lean expects here. This is often the result of a typo or a missing `import` or `open` statement.
PrimalitySheafVerification/Mock2_FunctionalAnalysis.lean:59485:45: error: Type mismatch
  c
has type
  SmoothQuotientCompactFunction
of sort `Sort u_1` but is expected to have type
  ℍ → ℂ
of sort `Type`
PrimalitySheafVerification/Mock2_FunctionalAnalysis.lean:59488:5: error(lean.unknownIdentifier): Unknown identifier `fixedPhaseEuclideanGauge_invariantScalarCoreOperator`
PrimalitySheafVerification/Mock2_FunctionalAnalysis.lean:59489:5: error(lean.unknownIdentifier): Unknown identifier `norm_invariantScalar_le_carrierBound`
PrimalitySheafVerification/Mock2_FunctionalAnalysis.lean:59494:10: error: Function expected at
  IsGammaTwoInvariantCutoff
but this term has type
  ?m.2

Note: Expected a function because this term is being applied to the argument
  c

Hint: The identifier `IsGammaTwoInvariantCutoff` is unknown, and Lean's `autoImplicit` option causes an unknown identifier to be treated as an implicitly bound variable with an unknown type. However, the unknown type cannot be a function, and a function is what Lean expects here. This is often the result of a typo or a missing `import` or `open` statement.
PrimalitySheafVerification/Mock2_FunctionalAnalysis.lean:59501:10: error: Function expected at
  IsGammaTwoInvariantCutoff
but this term has type
  ?m.2

Note: Expected a function because this term is being applied to the argument
  c

Hint: The identifier `IsGammaTwoInvariantCutoff` is unknown, and Lean's `autoImplicit` option causes an unknown identifier to be treated as an implicitly bound variable with an unknown type. However, the unknown type cannot be a function, and a function is what Lean expects here. This is often the result of a typo or a missing `import` or `open` statement.
PrimalitySheafVerification/Mock2_FunctionalAnalysis.lean:59503:56: error: Application type mismatch: The argument
  l2Coordinate n
has type
  @LinearMap ℂ ℂ Complex.instSemiring Complex.instSemiring (RingHom.id ℂ)
    (HalfWeightDifferentialOperators.InverseEtaFixedPhaseCore n) (OrbitPeterssonHilbert n)
    (HalfWeightDifferentialOperators.inverseEtaFixedPhaseStableCoreSubmodule n).addCommMonoid
    UniformSpace.Completion.instAddCommGroup.toAddCommMonoid
    (HalfWeightDifferentialOperators.inverseEtaFixedPhaseStableCoreSubmodule n).module
    UniformSpace.Completion.instModule
but is expected to have type
  @LinearMap ℂ ℂ DivisionRing.toDivisionSemiring.toSemiring DivisionRing.toDivisionSemiring.toSemiring (RingHom.id ℂ)
    ?m.21 (OrbitPeterssonHilbert n) AddCommGroup.toAddCommMonoid
    NormedAddCommGroup.toSeminormedAddCommGroup.toAddCommMonoid ?m.30 UniformSpace.Completion.instModule
in the application
  LinearMap.extendOfNorm ?m.36 (l2Coordinate n)
PrimalitySheafVerification/Mock2_FunctionalAnalysis.lean:59508:10: error: Function expected at
  IsGammaTwoInvariantCutoff
but this term has type
  ?m.2

Note: Expected a function because this term is being applied to the argument
  c

Hint: The identifier `IsGammaTwoInvariantCutoff` is unknown, and Lean's `autoImplicit` option causes an unknown identifier to be treated as an implicitly bound variable with an unknown type. However, the unknown type cannot be a function, and a function is what Lean expects here. This is often the result of a typo or a missing `import` or `open` statement.
PrimalitySheafVerification/Mock2_FunctionalAnalysis.lean:59512:35: error: (deterministic) timeout at `whnf`, maximum number of heartbeats (200000) has been reached

Note: Use `set_option maxHeartbeats <num>` to set the limit.

Hint: Additional diagnostic information may be available using the `set_option diagnostics true` command.
PrimalitySheafVerification/Mock2_FunctionalAnalysis.lean:59506:8: error: (deterministic) timeout at `whnf`, maximum number of heartbeats (200000) has been reached

Note: Use `set_option maxHeartbeats <num>` to set the limit.

Hint: Additional diagnostic information may be available using the `set_option diagnostics true` command.
PrimalitySheafVerification/Mock2_FunctionalAnalysis.lean:59518:10: error: Function expected at
  IsGammaTwoInvariantCutoff
but this term has type
  ?m.2

Note: Expected a function because this term is being applied to the argument
  c

Hint: The identifier `IsGammaTwoInvariantCutoff` is unknown, and Lean's `autoImplicit` option causes an unknown identifier to be treated as an implicitly bound variable with an unknown type. However, the unknown type cannot be a function, and a function is what Lean expects here. This is often the result of a typo or a missing `import` or `open` statement.
PrimalitySheafVerification/Mock2_FunctionalAnalysis.lean:59523:5: error: (deterministic) timeout at `whnf`, maximum number of heartbeats (200000) has been reached

Note: Use `set_option maxHeartbeats <num>` to set the limit.

Hint: Additional diagnostic information may be available using the `set_option diagnostics true` command.
PrimalitySheafVerification/Mock2_FunctionalAnalysis.lean:59516:8: error: (deterministic) timeout at `whnf`, maximum number of heartbeats (200000) has been reached

Note: Use `set_option maxHeartbeats <num>` to set the limit.

Hint: Additional diagnostic information may be available using the `set_option diagnostics true` command.
PrimalitySheafVerification/Mock2_FunctionalAnalysis.lean:59533:22: error: Invalid projection: Projection operates on types of the form `C ...` where C is a constant. The expression
  c
has type `SmoothQuotientCompactFunction` which does not have the necessary form.
PrimalitySheafVerification/Mock2_FunctionalAnalysis.lean:59538:6: error: Type mismatch
  c
has type
  SmoothQuotientCompactFunction
but is expected to have type
  ℍ → ℂ
PrimalitySheafVerification/Mock2_FunctionalAnalysis.lean:59536:12: error(lean.unknownIdentifier): Unknown identifier `norm_invariantScalar_le_carrierBound`
PrimalitySheafVerification/Mock2_FunctionalAnalysis.lean:59543:8: error: Application type mismatch: The argument
  FixedPhaseClosedOperators.PhysicalLocalL2.chosenEuclideanCarrierMeasure
has type
  Measure ℍ
but is expected to have type
  Filter ?m.2
in the application
  EventuallyEq FixedPhaseClosedOperators.PhysicalLocalL2.chosenEuclideanCarrierMeasure
PrimalitySheafVerification/Mock2_FunctionalAnalysis.lean:59544:6: error: Type mismatch
  c
has type
  SmoothQuotientCompactFunction
but is expected to have type
  ℍ → ℂ
PrimalitySheafVerification/Mock2_FunctionalAnalysis.lean:59546:24: error: Invalid projection: Projection operates on types of the form `C ...` where C is a constant. The expression
  c
has type `SmoothQuotientCompactFunction` which does not have the necessary form.
PrimalitySheafVerification/Mock2_FunctionalAnalysis.lean:59549:14: error(lean.unknownIdentifier): Unknown identifier `norm_invariantScalar_le_carrierBound`
PrimalitySheafVerification/Mock2_FunctionalAnalysis.lean:59556:10: error: Function expected at
  IsGammaTwoInvariantCutoff
but this term has type
  ?m.2

Note: Expected a function because this term is being applied to the argument
  c

Hint: The identifier `IsGammaTwoInvariantCutoff` is unknown, and Lean's `autoImplicit` option causes an unknown identifier to be treated as an implicitly bound variable with an unknown type. However, the unknown type cannot be a function, and a function is what Lean expects here. This is often the result of a typo or a missing `import` or `open` statement.
PrimalitySheafVerification/Mock2_FunctionalAnalysis.lean:59563:9: error: failed to elaborate eliminator, after generalizing over-applied arguments, expected type is type incorrect:
  (FixedPhaseClosedOperators.PhysicalLocalL2.orbitPeterssonEuclideanEmbedding n)
      ((invariantScalarPeterssonMultiplier c hc n) x) =
    (lpInfinityMultiplier FixedPhaseClosedOperators.PhysicalLocalL2.chosenEuclideanCarrierMeasure
        (invariantScalarCarrierLInfinity c))
      ((FixedPhaseClosedOperators.PhysicalLocalL2.orbitPeterssonEuclideanEmbedding n) x)
PrimalitySheafVerification/Mock2_FunctionalAnalysis.lean:59570:8: error: No goals to be solved
PrimalitySheafVerification/Mock2_FunctionalAnalysis.lean:59592:62: error: Application type mismatch: The argument
  mu
has type
  Measure alpha
but is expected to have type
  Filter ?m.6
in the application
  EventuallyEq mu
PrimalitySheafVerification/Mock2_FunctionalAnalysis.lean:59614:15: error: Function expected at
  IsGammaTwoInvariantCutoff
but this term has type
  ?m.2

Note: Expected a function because this term is being applied to the argument
  (c i)

Hint: The identifier `IsGammaTwoInvariantCutoff` is unknown, and Lean's `autoImplicit` option causes an unknown identifier to be treated as an implicitly bound variable with an unknown type. However, the unknown type cannot be a function, and a function is what Lean expects here. This is often the result of a typo or a missing `import` or `open` statement.
PrimalitySheafVerification/Mock2_FunctionalAnalysis.lean:59615:18: error: Function expected at
  gammaTwoOrbitSaturation
but this term has type
  ?m.3

Note: Expected a function because this term is being applied to the argument
  K

Hint: The identifier `gammaTwoOrbitSaturation` is unknown, and Lean's `autoImplicit` option causes an unknown identifier to be treated as an implicitly bound variable with an unknown type. However, the unknown type cannot be a function, and a function is what Lean expects here. This is often the result of a typo or a missing `import` or `open` statement.
PrimalitySheafVerification/Mock2_FunctionalAnalysis.lean:59616:16: error: Type mismatch
  c i
has type
  SmoothQuotientCompactFunction
but is expected to have type
  ℍ → ℂ
PrimalitySheafVerification/Mock2_FunctionalAnalysis.lean:59622:11: error(lean.unknownIdentifier): Unknown identifier `orbitPeterssonEuclideanEmbedding_invariantScalarMultiplier`
PrimalitySheafVerification/Mock2_FunctionalAnalysis.lean:59622:11: error: `simp` made no progress

Note: The target expression is not type-correct under the `implicit` transparency level, which may have triggered the failure. This is usually caused by unfolding of semireducible definitions in prior tactic steps. Use `set_option linter.tacticCheckInstances true` to investigate the source of the issue.
Full error:
  Application type mismatch: The argument
    IsGammaTwoInvariantCutoff
  has type
    x✝¹
  but is expected to have type
    ?m.2
  in the application
    @?m.77 SmoothQuotientCompactFunction IsGammaTwoInvariantCutoff
'Mock2FA.PaperCorrections.AutomorphicSobolev.FixedPhaseInvariantScalarMultiplier.invariantScalarCoreOperator' depends on axioms: [propext,
 sorryAx,
 Classical.choice,
 Quot.sound]
PrimalitySheafVerification/Mock2_FunctionalAnalysis.lean:59660:14: error(lean.unknownIdentifier): Unknown constant `FixedPhaseInvariantScalarMultiplier.fixedPhaseEuclideanGauge_invariantScalarCoreOperator`
'Mock2FA.PaperCorrections.AutomorphicSobolev.FixedPhaseInvariantScalarMultiplier.invariantScalarPeterssonMultiplier' depends on axioms: [propext,
 sorryAx,
 Classical.choice,
 Quot.sound]
PrimalitySheafVerification/Mock2_FunctionalAnalysis.lean:59662:14: error(lean.unknownIdentifier): Unknown constant `FixedPhaseInvariantScalarMultiplier.invariantScalarPeterssonMultiplier_l2Coordinate`
PrimalitySheafVerification/Mock2_FunctionalAnalysis.lean:59663:14: error(lean.unknownIdentifier): Unknown constant `FixedPhaseInvariantScalarMultiplier.orbitPeterssonEuclideanEmbedding_invariantScalarMultiplier`
PrimalitySheafVerification/Mock2_FunctionalAnalysis.lean:59664:14: error(lean.unknownIdentifier): Unknown constant `FixedPhaseInvariantScalarMultiplier.finset_sum_invariantScalarMultipliers_eq_of_compactSupport`
PrimalitySheafVerification/Mock2_FunctionalAnalysis.lean:59700:18: warning: declaration uses `sorry`
PrimalitySheafVerification/Mock2_FunctionalAnalysis.lean:59706:46: error: Application type mismatch: The argument
  volume
has type
  Measure ℂ
but is expected to have type
  Filter ?m.1
in the application
  EventuallyEq volume
PrimalitySheafVerification/Mock2_FunctionalAnalysis.lean:59707:6: error: Type mismatch
  phi
has type
  FullPlaneTest
but is expected to have type
  ℂ → ℂ
PrimalitySheafVerification/Mock2_FunctionalAnalysis.lean:59718:8: warning: declaration uses `sorry`
PrimalitySheafVerification/Mock2_FunctionalAnalysis.lean:59726:2: warning: 'rw [lpInfinityMultiplier_apply, hmul, hphi, htarget]' tactic does nothing

Note: This linter can be disabled with `set_option linter.unusedTactic false`
PrimalitySheafVerification/Mock2_FunctionalAnalysis.lean:59727:2: warning: 'rfl' tactic does nothing

Note: This linter can be disabled with `set_option linter.unusedTactic false`
PrimalitySheafVerification/Mock2_FunctionalAnalysis.lean:59726:2: warning: this tactic is never executed

Note: This linter can be disabled with `set_option linter.unreachableTactic false`
PrimalitySheafVerification/Mock2_FunctionalAnalysis.lean:59727:2: warning: this tactic is never executed

Note: This linter can be disabled with `set_option linter.unreachableTactic false`
PrimalitySheafVerification/Mock2_FunctionalAnalysis.lean:59768:7: error: don't know how to synthesize implicit argument `IsGammaTwoInvariantCutoff`
  @DFunLike.coe
    (HalfWeightDifferentialOperators.InverseEtaFixedPhaseCore m →ₗ[ℂ]
      HalfWeightDifferentialOperators.InverseEtaFixedPhaseCore m)
    (HalfWeightDifferentialOperators.InverseEtaFixedPhaseCore m)
    (fun x => HalfWeightDifferentialOperators.InverseEtaFixedPhaseCore m) LinearMap.instFunLike
    (invariantScalarCoreOperator (effectiveScalarSmoothQuotient phi) (effectiveScalarSmoothQuotient_invariant phi) m) u
context:
m : ℤ
z₀ : ℍ
phi : FixedPhaseClosedOperators.PhysicalLocalL2.AmbientTestCore
hphi : tsupport ⇑phi ⊆ ambientGammaTwoReducedChart z₀
u : HalfWeightDifferentialOperators.InverseEtaFixedPhaseCore m
⊢ ?m.16 phi hphi u

Note: All parameter types and holes (e.g., `_`) in the header of a theorem are resolved before the proof is processed; information from the proof cannot be used to infer what these values should be
PrimalitySheafVerification/Mock2_FunctionalAnalysis.lean:59768:7: error: don't know how to synthesize implicit argument
  @DFunLike.coe
    (HalfWeightDifferentialOperators.InverseEtaFixedPhaseCore m →ₗ[ℂ]
      HalfWeightDifferentialOperators.InverseEtaFixedPhaseCore m)
    (HalfWeightDifferentialOperators.InverseEtaFixedPhaseCore m)
    (fun x => HalfWeightDifferentialOperators.InverseEtaFixedPhaseCore m) LinearMap.instFunLike
    (invariantScalarCoreOperator (effectiveScalarSmoothQuotient phi) (effectiveScalarSmoothQuotient_invariant phi) m) u
context:
m : ℤ
z₀ : ℍ
phi : FixedPhaseClosedOperators.PhysicalLocalL2.AmbientTestCore
hphi : tsupport ⇑phi ⊆ ambientGammaTwoReducedChart z₀
u : HalfWeightDifferentialOperators.InverseEtaFixedPhaseCore m
⊢ Sort ?u.16

Note: All parameter types and holes (e.g., `_`) in the header of a theorem are resolved before the proof is processed; information from the proof cannot be used to infer what these values should be
PrimalitySheafVerification/Mock2_FunctionalAnalysis.lean:59768:7: error: don't know how to synthesize implicit argument `SmoothQuotientCompactFunction`
  @DFunLike.coe
    (HalfWeightDifferentialOperators.InverseEtaFixedPhaseCore m →ₗ[ℂ]
      HalfWeightDifferentialOperators.InverseEtaFixedPhaseCore m)
    (HalfWeightDifferentialOperators.InverseEtaFixedPhaseCore m)
    (fun x => HalfWeightDifferentialOperators.InverseEtaFixedPhaseCore m) LinearMap.instFunLike
    (invariantScalarCoreOperator (effectiveScalarSmoothQuotient phi) (effectiveScalarSmoothQuotient_invariant phi) m) u
context:
m : ℤ
z₀ : ℍ
phi : FixedPhaseClosedOperators.PhysicalLocalL2.AmbientTestCore
hphi : tsupport ⇑phi ⊆ ambientGammaTwoReducedChart z₀
u : HalfWeightDifferentialOperators.InverseEtaFixedPhaseCore m
⊢ Sort ?u.18

Note: All parameter types and holes (e.g., `_`) in the header of a theorem are resolved before the proof is processed; information from the proof cannot be used to infer what these values should be
PrimalitySheafVerification/Mock2_FunctionalAnalysis.lean:59770:9: error: don't know how to synthesize implicit argument `IsGammaTwoInvariantCutoff`
  @effectiveScalarSmoothQuotient_invariant (?m.18 phi hphi u) (?m.19 phi hphi u) phi
context:
m : ℤ
z₀ : ℍ
phi : FixedPhaseClosedOperators.PhysicalLocalL2.AmbientTestCore
hphi : tsupport ⇑phi ⊆ ambientGammaTwoReducedChart z₀
u : HalfWeightDifferentialOperators.InverseEtaFixedPhaseCore m
⊢ ?m.18 phi hphi u

Note: All parameter types and holes (e.g., `_`) in the header of a theorem are resolved before the proof is processed; information from the proof cannot be used to infer what these values should be
PrimalitySheafVerification/Mock2_FunctionalAnalysis.lean:59770:9: error: don't know how to synthesize implicit argument
  @effectiveScalarSmoothQuotient_invariant (?m.18 phi hphi u) (?m.19 phi hphi u) phi
context:
m : ℤ
z₀ : ℍ
phi : FixedPhaseClosedOperators.PhysicalLocalL2.AmbientTestCore
hphi : tsupport ⇑phi ⊆ ambientGammaTwoReducedChart z₀
u : HalfWeightDifferentialOperators.InverseEtaFixedPhaseCore m
⊢ Sort ?u.20

Note: All parameter types and holes (e.g., `_`) in the header of a theorem are resolved before the proof is processed; information from the proof cannot be used to infer what these values should be
PrimalitySheafVerification/Mock2_FunctionalAnalysis.lean:59769:9: error: don't know how to synthesize implicit argument `SmoothQuotientCompactFunction`
  @effectiveScalarSmoothQuotient (?m.15 phi hphi u) phi
context:
m : ℤ
z₀ : ℍ
phi : FixedPhaseClosedOperators.PhysicalLocalL2.AmbientTestCore
hphi : tsupport ⇑phi ⊆ ambientGammaTwoReducedChart z₀
u : HalfWeightDifferentialOperators.InverseEtaFixedPhaseCore m
⊢ Sort ?u.18

Note: All parameter types and holes (e.g., `_`) in the header of a theorem are resolved before the proof is processed; information from the proof cannot be used to infer what these values should be
PrimalitySheafVerification/Mock2_FunctionalAnalysis.lean:59774:2: error: No goals to be solved
PrimalitySheafVerification/Mock2_FunctionalAnalysis.lean:59761:8: error: (kernel) unknown constant 'Mock2FA.PaperCorrections.AutomorphicSobolev.FixedPhaseReducedChartFriedrichs.effectiveScalarSmoothQuotient_invariant'
PrimalitySheafVerification/Mock2_FunctionalAnalysis.lean:59815:26: error: Tactic `rewrite` failed: Did not find an occurrence of the pattern
  (orbitPeterssonReducedChartEmbedding ?n ?z₀) ↑?u
in the target expression
  fullPlaneTestToL2 (ambientTestCoreToFullPlaneTest (reducedChartGaugeLocalizedAmbientTest m phi u)) =
    fullPlaneTestMulL2 (ambientTestCoreToFullPlaneTest phi)
      ((orbitPeterssonReducedChartEmbedding m z₀)
        (WeightCorePetersson.PeterssonCoreSpace.toCompletion ((coreEmbedding m) u)))

m : ℤ
z₀ : ℍ
phi : FixedPhaseClosedOperators.PhysicalLocalL2.AmbientTestCore
hphi : tsupport ⇑phi ⊆ ambientGammaTwoReducedChart z₀
u : HalfWeightDifferentialOperators.InverseEtaFixedPhaseCore m
⊢ fullPlaneTestToL2 (ambientTestCoreToFullPlaneTest (reducedChartGaugeLocalizedAmbientTest m phi u)) =
    fullPlaneTestMulL2 (ambientTestCoreToFullPlaneTest phi)
      ((orbitPeterssonReducedChartEmbedding m z₀)
        (WeightCorePetersson.PeterssonCoreSpace.toCompletion ((coreEmbedding m) u)))
PrimalitySheafVerification/Mock2_FunctionalAnalysis.lean:59847:9: error: don't know how to synthesize implicit argument `IsGammaTwoInvariantCutoff`
  @DFunLike.coe (OrbitPeterssonHilbert m →L[ℂ] OrbitPeterssonHilbert m) (OrbitPeterssonHilbert m)
    (fun x => OrbitPeterssonHilbert m) ContinuousLinearMap.funLike
    (invariantScalarPeterssonMultiplier (effectiveScalarSmoothQuotient phi)
      (effectiveScalarSmoothQuotient_invariant phi) m)
    p
context:
m : ℤ
z₀ : ℍ
phi : FixedPhaseClosedOperators.PhysicalLocalL2.AmbientTestCore
hphi : tsupport ⇑phi ⊆ ambientGammaTwoReducedChart z₀
x p : OrbitPeterssonHilbert m
⊢ ?m.24 phi hphi x p

Note: All parameter types and holes (e.g., `_`) in the header of a theorem are resolved before the proof is processed; information from the proof cannot be used to infer what these values should be
PrimalitySheafVerification/Mock2_FunctionalAnalysis.lean:59847:9: error: don't know how to synthesize implicit argument
  @DFunLike.coe (OrbitPeterssonHilbert m →L[ℂ] OrbitPeterssonHilbert m) (OrbitPeterssonHilbert m)
    (fun x => OrbitPeterssonHilbert m) ContinuousLinearMap.funLike
    (invariantScalarPeterssonMultiplier (effectiveScalarSmoothQuotient phi)
      (effectiveScalarSmoothQuotient_invariant phi) m)
    p
context:
m : ℤ
z₀ : ℍ
phi : FixedPhaseClosedOperators.PhysicalLocalL2.AmbientTestCore
hphi : tsupport ⇑phi ⊆ ambientGammaTwoReducedChart z₀
x p : OrbitPeterssonHilbert m
⊢ Sort ?u.19

Note: All parameter types and holes (e.g., `_`) in the header of a theorem are resolved before the proof is processed; information from the proof cannot be used to infer what these values should be
PrimalitySheafVerification/Mock2_FunctionalAnalysis.lean:59847:9: error: don't know how to synthesize implicit argument `SmoothQuotientCompactFunction`
  @DFunLike.coe (OrbitPeterssonHilbert m →L[ℂ] OrbitPeterssonHilbert m) (OrbitPeterssonHilbert m)
    (fun x => OrbitPeterssonHilbert m) ContinuousLinearMap.funLike
    (invariantScalarPeterssonMultiplier (effectiveScalarSmoothQuotient phi)
      (effectiveScalarSmoothQuotient_invariant phi) m)
    p
context:
m : ℤ
z₀ : ℍ
phi : FixedPhaseClosedOperators.PhysicalLocalL2.AmbientTestCore
hphi : tsupport ⇑phi ⊆ ambientGammaTwoReducedChart z₀
x p : OrbitPeterssonHilbert m
⊢ Sort ?u.21

Note: All parameter types and holes (e.g., `_`) in the header of a theorem are resolved before the proof is processed; information from the proof cannot be used to infer what these values should be
PrimalitySheafVerification/Mock2_FunctionalAnalysis.lean:59849:11: error: don't know how to synthesize implicit argument `IsGammaTwoInvariantCutoff`
  @effectiveScalarSmoothQuotient_invariant (?m.26 phi hphi x p) (?m.27 phi hphi x p) phi
context:
m : ℤ
z₀ : ℍ
phi : FixedPhaseClosedOperators.PhysicalLocalL2.AmbientTestCore
hphi : tsupport ⇑phi ⊆ ambientGammaTwoReducedChart z₀
x p : OrbitPeterssonHilbert m
⊢ ?m.26 phi hphi x p

Note: All parameter types and holes (e.g., `_`) in the header of a theorem are resolved before the proof is processed; information from the proof cannot be used to infer what these values should be
PrimalitySheafVerification/Mock2_FunctionalAnalysis.lean:59849:11: error: don't know how to synthesize implicit argument
  @effectiveScalarSmoothQuotient_invariant (?m.26 phi hphi x p) (?m.27 phi hphi x p) phi
context:
m : ℤ
z₀ : ℍ
phi : FixedPhaseClosedOperators.PhysicalLocalL2.AmbientTestCore
hphi : tsupport ⇑phi ⊆ ambientGammaTwoReducedChart z₀
x p : OrbitPeterssonHilbert m
⊢ Sort ?u.23

Note: All parameter types and holes (e.g., `_`) in the header of a theorem are resolved before the proof is processed; information from the proof cannot be used to infer what these values should be
PrimalitySheafVerification/Mock2_FunctionalAnalysis.lean:59848:11: error: don't know how to synthesize implicit argument `SmoothQuotientCompactFunction`
  @effectiveScalarSmoothQuotient (?m.23 phi hphi x p) phi
context:
m : ℤ
z₀ : ℍ
phi : FixedPhaseClosedOperators.PhysicalLocalL2.AmbientTestCore
hphi : tsupport ⇑phi ⊆ ambientGammaTwoReducedChart z₀
x p : OrbitPeterssonHilbert m
⊢ Sort ?u.21

Note: All parameter types and holes (e.g., `_`) in the header of a theorem are resolved before the proof is processed; information from the proof cannot be used to infer what these values should be
PrimalitySheafVerification/Mock2_FunctionalAnalysis.lean:59852:59: error: unsolved goals
m : ℤ
z₀ : ℍ
phi : FixedPhaseClosedOperators.PhysicalLocalL2.AmbientTestCore
hphi : tsupport ⇑phi ⊆ ambientGammaTwoReducedChart z₀
x p : OrbitPeterssonHilbert m
⊢ ⟪x,
      (invariantScalarPeterssonMultiplier (effectiveScalarSmoothQuotient phi)
          (effectiveScalarSmoothQuotient_invariant phi) m)
        p⟫_ℂ =
    ⟪(orbitPeterssonReducedChartEmbedding m z₀) x,
      (fullPlaneTestMulCLM (ambientTestCoreToFullPlaneTest phi)) ((orbitPeterssonReducedChartEmbedding m z₀) p)⟫_ℂ
PrimalitySheafVerification/Mock2_FunctionalAnalysis.lean:59885:8: error: don't know how to synthesize implicit argument `IsGammaTwoInvariantCutoff`
  @DFunLike.coe (OrbitPeterssonHilbert m →L[ℂ] OrbitPeterssonHilbert m) (OrbitPeterssonHilbert m)
    (fun x => OrbitPeterssonHilbert m) ContinuousLinearMap.funLike
    (invariantScalarPeterssonMultiplier (effectiveScalarSmoothQuotient phi)
      (effectiveScalarSmoothQuotient_invariant phi) m)
    p
context:
m : ℤ
z₀ : ℍ
phi : FixedPhaseClosedOperators.PhysicalLocalL2.AmbientTestCore
hphi : tsupport ⇑phi ⊆ ambientGammaTwoReducedChart z₀
p x : OrbitPeterssonHilbert m
q : ℕ → HalfWeightDifferentialOperators.InverseEtaFixedPhaseCore m
v : ℕ → FullPlaneTest
hModel : ∀ (j : ℕ), IsReducedChartGaugeModel m z₀ (q j) (v j)
hq : Tendsto (fun j => (l2Coordinate m) (q j)) atTop (𝓝 x)
hv :
  Tendsto (fun j => fullPlaneTestToL2 (v j)) atTop
    (𝓝 ((fullPlaneTestMulCLM (ambientTestCoreToFullPlaneTest phi)) ((orbitPeterssonReducedChartEmbedding m z₀) p)))
⊢ ?m.34 phi hphi p x q v hModel hq hv

Note: All parameter types and holes (e.g., `_`) in the header of a theorem are resolved before the proof is processed; information from the proof cannot be used to infer what these values should be
PrimalitySheafVerification/Mock2_FunctionalAnalysis.lean:59885:8: error: don't know how to synthesize implicit argument
  @DFunLike.coe (OrbitPeterssonHilbert m →L[ℂ] OrbitPeterssonHilbert m) (OrbitPeterssonHilbert m)
    (fun x => OrbitPeterssonHilbert m) ContinuousLinearMap.funLike
    (invariantScalarPeterssonMultiplier (effectiveScalarSmoothQuotient phi)
      (effectiveScalarSmoothQuotient_invariant phi) m)
    p
context:
m : ℤ
z₀ : ℍ
phi : FixedPhaseClosedOperators.PhysicalLocalL2.AmbientTestCore
hphi : tsupport ⇑phi ⊆ ambientGammaTwoReducedChart z₀
p x : OrbitPeterssonHilbert m
q : ℕ → HalfWeightDifferentialOperators.InverseEtaFixedPhaseCore m
v : ℕ → FullPlaneTest
hModel : ∀ (j : ℕ), IsReducedChartGaugeModel m z₀ (q j) (v j)
hq : Tendsto (fun j => (l2Coordinate m) (q j)) atTop (𝓝 x)
hv :
  Tendsto (fun j => fullPlaneTestToL2 (v j)) atTop
    (𝓝 ((fullPlaneTestMulCLM (ambientTestCoreToFullPlaneTest phi)) ((orbitPeterssonReducedChartEmbedding m z₀) p)))
⊢ Sort ?u.46

Note: All parameter types and holes (e.g., `_`) in the header of a theorem are resolved before the proof is processed; information from the proof cannot be used to infer what these values should be
PrimalitySheafVerification/Mock2_FunctionalAnalysis.lean:59885:8: error: don't know how to synthesize implicit argument `SmoothQuotientCompactFunction`
  @DFunLike.coe (OrbitPeterssonHilbert m →L[ℂ] OrbitPeterssonHilbert m) (OrbitPeterssonHilbert m)
    (fun x => OrbitPeterssonHilbert m) ContinuousLinearMap.funLike
    (invariantScalarPeterssonMultiplier (effectiveScalarSmoothQuotient phi)
      (effectiveScalarSmoothQuotient_invariant phi) m)
    p
context:
m : ℤ
z₀ : ℍ
phi : FixedPhaseClosedOperators.PhysicalLocalL2.AmbientTestCore
hphi : tsupport ⇑phi ⊆ ambientGammaTwoReducedChart z₀
p x : OrbitPeterssonHilbert m
q : ℕ → HalfWeightDifferentialOperators.InverseEtaFixedPhaseCore m
v : ℕ → FullPlaneTest
hModel : ∀ (j : ℕ), IsReducedChartGaugeModel m z₀ (q j) (v j)
hq : Tendsto (fun j => (l2Coordinate m) (q j)) atTop (𝓝 x)
hv :
  Tendsto (fun j => fullPlaneTestToL2 (v j)) atTop
    (𝓝 ((fullPlaneTestMulCLM (ambientTestCoreToFullPlaneTest phi)) ((orbitPeterssonReducedChartEmbedding m z₀) p)))
⊢ Sort ?u.48

Note: All parameter types and holes (e.g., `_`) in the header of a theorem are resolved before the proof is processed; information from the proof cannot be used to infer what these values should be
PrimalitySheafVerification/Mock2_FunctionalAnalysis.lean:59887:7: error: don't know how to synthesize implicit argument `IsGammaTwoInvariantCutoff`
  @effectiveScalarSmoothQuotient_invariant (?m.36 phi hphi p x q v hModel hq hv) (?m.37 phi hphi p x q v hModel hq hv)
    phi
context:
m : ℤ
z₀ : ℍ
phi : FixedPhaseClosedOperators.PhysicalLocalL2.AmbientTestCore
hphi : tsupport ⇑phi ⊆ ambientGammaTwoReducedChart z₀
p x : OrbitPeterssonHilbert m
q : ℕ → HalfWeightDifferentialOperators.InverseEtaFixedPhaseCore m
v : ℕ → FullPlaneTest
hModel : ∀ (j : ℕ), IsReducedChartGaugeModel m z₀ (q j) (v j)
hq : Tendsto (fun j => (l2Coordinate m) (q j)) atTop (𝓝 x)
hv :
  Tendsto (fun j => fullPlaneTestToL2 (v j)) atTop
    (𝓝 ((fullPlaneTestMulCLM (ambientTestCoreToFullPlaneTest phi)) ((orbitPeterssonReducedChartEmbedding m z₀) p)))
⊢ ?m.36 phi hphi p x q v hModel hq hv

Note: All parameter types and holes (e.g., `_`) in the header of a theorem are resolved before the proof is processed; information from the proof cannot be used to infer what these values should be
PrimalitySheafVerification/Mock2_FunctionalAnalysis.lean:59887:7: error: don't know how to synthesize implicit argument
  @effectiveScalarSmoothQuotient_invariant (?m.36 phi hphi p x q v hModel hq hv) (?m.37 phi hphi p x q v hModel hq hv)
    phi
context:
m : ℤ
z₀ : ℍ
phi : FixedPhaseClosedOperators.PhysicalLocalL2.AmbientTestCore
hphi : tsupport ⇑phi ⊆ ambientGammaTwoReducedChart z₀
p x : OrbitPeterssonHilbert m
q : ℕ → HalfWeightDifferentialOperators.InverseEtaFixedPhaseCore m
v : ℕ → FullPlaneTest
hModel : ∀ (j : ℕ), IsReducedChartGaugeModel m z₀ (q j) (v j)
hq : Tendsto (fun j => (l2Coordinate m) (q j)) atTop (𝓝 x)
hv :
  Tendsto (fun j => fullPlaneTestToL2 (v j)) atTop
    (𝓝 ((fullPlaneTestMulCLM (ambientTestCoreToFullPlaneTest phi)) ((orbitPeterssonReducedChartEmbedding m z₀) p)))
⊢ Sort ?u.50

Note: All parameter types and holes (e.g., `_`) in the header of a theorem are resolved before the proof is processed; information from the proof cannot be used to infer what these values should be
PrimalitySheafVerification/Mock2_FunctionalAnalysis.lean:59886:7: error: don't know how to synthesize implicit argument `SmoothQuotientCompactFunction`
  @effectiveScalarSmoothQuotient (?m.33 phi hphi p x q v hModel hq hv) phi
context:
m : ℤ
z₀ : ℍ
phi : FixedPhaseClosedOperators.PhysicalLocalL2.AmbientTestCore
hphi : tsupport ⇑phi ⊆ ambientGammaTwoReducedChart z₀
p x : OrbitPeterssonHilbert m
q : ℕ → HalfWeightDifferentialOperators.InverseEtaFixedPhaseCore m
v : ℕ → FullPlaneTest
hModel : ∀ (j : ℕ), IsReducedChartGaugeModel m z₀ (q j) (v j)
hq : Tendsto (fun j => (l2Coordinate m) (q j)) atTop (𝓝 x)
hv :
  Tendsto (fun j => fullPlaneTestToL2 (v j)) atTop
    (𝓝 ((fullPlaneTestMulCLM (ambientTestCoreToFullPlaneTest phi)) ((orbitPeterssonReducedChartEmbedding m z₀) p)))
⊢ Sort ?u.48

Note: All parameter types and holes (e.g., `_`) in the header of a theorem are resolved before the proof is processed; information from the proof cannot be used to infer what these values should be
PrimalitySheafVerification/Mock2_FunctionalAnalysis.lean:59887:59: error: unsolved goals
m : ℤ
z₀ : ℍ
phi : FixedPhaseClosedOperators.PhysicalLocalL2.AmbientTestCore
hphi : tsupport ⇑phi ⊆ ambientGammaTwoReducedChart z₀
p x : OrbitPeterssonHilbert m
q : ℕ → HalfWeightDifferentialOperators.InverseEtaFixedPhaseCore m
v : ℕ → FullPlaneTest
hModel : ∀ (j : ℕ), IsReducedChartGaugeModel m z₀ (q j) (v j)
hq : Tendsto (fun j => (l2Coordinate m) (q j)) atTop (𝓝 x)
hv :
  Tendsto (fun j => fullPlaneTestToL2 (v j)) atTop
    (𝓝 ((fullPlaneTestMulCLM (ambientTestCoreToFullPlaneTest phi)) ((orbitPeterssonReducedChartEmbedding m z₀) p)))
⊢ x =
    (invariantScalarPeterssonMultiplier (effectiveScalarSmoothQuotient phi)
        (effectiveScalarSmoothQuotient_invariant phi) m)
      p
'Mock2FA.PaperCorrections.AutomorphicSobolev.FixedPhaseReducedChartFriedrichs.invariantScalarCoreOperator_isReducedChartGaugeModel' depends on axioms: [sorryAx,
 FixedPhaseReducedChartFriedrichs.invariantScalarCoreOperator_isReducedChartGaugeModel]
PrimalitySheafVerification/Mock2_FunctionalAnalysis.lean:59930:14: error(lean.unknownIdentifier): Unknown constant `FixedPhaseReducedChartFriedrichs.inner_invariantScalarPeterssonMultiplier_eq_localizedChartPair`
PrimalitySheafVerification/Mock2_FunctionalAnalysis.lean:59931:14: error(lean.unknownIdentifier): Unknown constant `FixedPhaseReducedChartFriedrichs.localBaseLimit_eq_invariantScalarMultiplier`
PrimalitySheafVerification/Mock2_FunctionalAnalysis.lean:60002:30: error(lean.unknownIdentifier): Unknown constant `Prod.fst_mk`
PrimalitySheafVerification/Mock2_FunctionalAnalysis.lean:60004:28: error(lean.unknownIdentifier): Unknown constant `Prod.snd_mk`
PrimalitySheafVerification/Mock2_FunctionalAnalysis.lean:60066:10: error: don't know how to synthesize implicit argument `IsGammaTwoInvariantCutoff`
  @DFunLike.coe (OrbitPeterssonHilbert n →L[ℂ] OrbitPeterssonHilbert n) (OrbitPeterssonHilbert n)
    (fun x => OrbitPeterssonHilbert n) ContinuousLinearMap.funLike
    (invariantScalarPeterssonMultiplier (effectiveScalarSmoothQuotient phi)
      (effectiveScalarSmoothQuotient_invariant phi) n)
    p.1
context:
n : ℤ
z₀ : ℍ
p : OrbitPeterssonHilbert n × OrbitPeterssonHilbert (n + 1)
hp : p ∈ (-physicalLowerFromSucc n)†.graph
phi : PhysicalLocalL2.AmbientTestCore
hphi : tsupport ⇑phi ⊆ ambientGammaTwoReducedChart z₀
q : ℕ → HalfWeightDifferentialOperators.InverseEtaFixedPhaseCore n
x : OrbitPeterssonHilbert n
y : OrbitPeterssonHilbert (n + 1)
⊢ ?m.126 n z₀ p hp phi hphi q x y

Note: All parameter types and holes (e.g., `_`) in the header of a theorem are resolved before the proof is processed; information from the proof cannot be used to infer what these values should be
PrimalitySheafVerification/Mock2_FunctionalAnalysis.lean:60066:10: error: don't know how to synthesize implicit argument
  @DFunLike.coe (OrbitPeterssonHilbert n →L[ℂ] OrbitPeterssonHilbert n) (OrbitPeterssonHilbert n)
    (fun x => OrbitPeterssonHilbert n) ContinuousLinearMap.funLike
    (invariantScalarPeterssonMultiplier (effectiveScalarSmoothQuotient phi)
      (effectiveScalarSmoothQuotient_invariant phi) n)
    p.1
context:
n : ℤ
z₀ : ℍ
p : OrbitPeterssonHilbert n × OrbitPeterssonHilbert (n + 1)
hp : p ∈ (-physicalLowerFromSucc n)†.graph
phi : PhysicalLocalL2.AmbientTestCore
hphi : tsupport ⇑phi ⊆ ambientGammaTwoReducedChart z₀
q : ℕ → HalfWeightDifferentialOperators.InverseEtaFixedPhaseCore n
x : OrbitPeterssonHilbert n
y : OrbitPeterssonHilbert (n + 1)
⊢ Sort ?u.69

Note: All parameter types and holes (e.g., `_`) in the header of a theorem are resolved before the proof is processed; information from the proof cannot be used to infer what these values should be
PrimalitySheafVerification/Mock2_FunctionalAnalysis.lean:60066:10: error: don't know how to synthesize implicit argument `SmoothQuotientCompactFunction`
  @DFunLike.coe (OrbitPeterssonHilbert n →L[ℂ] OrbitPeterssonHilbert n) (OrbitPeterssonHilbert n)
    (fun x => OrbitPeterssonHilbert n) ContinuousLinearMap.funLike
    (invariantScalarPeterssonMultiplier (effectiveScalarSmoothQuotient phi)
      (effectiveScalarSmoothQuotient_invariant phi) n)
    p.1
context:
n : ℤ
z₀ : ℍ
p : OrbitPeterssonHilbert n × OrbitPeterssonHilbert (n + 1)
hp : p ∈ (-physicalLowerFromSucc n)†.graph
phi : PhysicalLocalL2.AmbientTestCore
hphi : tsupport ⇑phi ⊆ ambientGammaTwoReducedChart z₀
q : ℕ → HalfWeightDifferentialOperators.InverseEtaFixedPhaseCore n
x : OrbitPeterssonHilbert n
y : OrbitPeterssonHilbert (n + 1)
⊢ Sort ?u.71

Note: All parameter types and holes (e.g., `_`) in the header of a theorem are resolved before the proof is processed; information from the proof cannot be used to infer what these values should be
PrimalitySheafVerification/Mock2_FunctionalAnalysis.lean:60068:9: error: don't know how to synthesize implicit argument `IsGammaTwoInvariantCutoff`
  @effectiveScalarSmoothQuotient_invariant (?m.128 n z₀ p hp phi hphi q x y) (?m.129 n z₀ p hp phi hphi q x y) phi
context:
n : ℤ
z₀ : ℍ
p : OrbitPeterssonHilbert n × OrbitPeterssonHilbert (n + 1)
hp : p ∈ (-physicalLowerFromSucc n)†.graph
phi : PhysicalLocalL2.AmbientTestCore
hphi : tsupport ⇑phi ⊆ ambientGammaTwoReducedChart z₀
q : ℕ → HalfWeightDifferentialOperators.InverseEtaFixedPhaseCore n
x : OrbitPeterssonHilbert n
y : OrbitPeterssonHilbert (n + 1)
⊢ ?m.128 n z₀ p hp phi hphi q x y

Note: All parameter types and holes (e.g., `_`) in the header of a theorem are resolved before the proof is processed; information from the proof cannot be used to infer what these values should be
PrimalitySheafVerification/Mock2_FunctionalAnalysis.lean:60068:9: error: don't know how to synthesize implicit argument
  @effectiveScalarSmoothQuotient_invariant (?m.128 n z₀ p hp phi hphi q x y) (?m.129 n z₀ p hp phi hphi q x y) phi
context:
n : ℤ
z₀ : ℍ
p : OrbitPeterssonHilbert n × OrbitPeterssonHilbert (n + 1)
hp : p ∈ (-physicalLowerFromSucc n)†.graph
phi : PhysicalLocalL2.AmbientTestCore
hphi : tsupport ⇑phi ⊆ ambientGammaTwoReducedChart z₀
q : ℕ → HalfWeightDifferentialOperators.InverseEtaFixedPhaseCore n
x : OrbitPeterssonHilbert n
y : OrbitPeterssonHilbert (n + 1)
⊢ Sort ?u.73

Note: All parameter types and holes (e.g., `_`) in the header of a theorem are resolved before the proof is processed; information from the proof cannot be used to infer what these values should be
PrimalitySheafVerification/Mock2_FunctionalAnalysis.lean:60067:9: error: don't know how to synthesize implicit argument `SmoothQuotientCompactFunction`
  @effectiveScalarSmoothQuotient (?m.125 n z₀ p hp phi hphi q x y) phi
context:
n : ℤ
z₀ : ℍ
p : OrbitPeterssonHilbert n × OrbitPeterssonHilbert (n + 1)
hp : p ∈ (-physicalLowerFromSucc n)†.graph
phi : PhysicalLocalL2.AmbientTestCore
hphi : tsupport ⇑phi ⊆ ambientGammaTwoReducedChart z₀
q : ℕ → HalfWeightDifferentialOperators.InverseEtaFixedPhaseCore n
x : OrbitPeterssonHilbert n
y : OrbitPeterssonHilbert (n + 1)
⊢ Sort ?u.71

Note: All parameter types and holes (e.g., `_`) in the header of a theorem are resolved before the proof is processed; information from the proof cannot be used to infer what these values should be
PrimalitySheafVerification/Mock2_FunctionalAnalysis.lean:60071:23: error: Type mismatch
  psi
has type
  FullPlaneTest
but is expected to have type
  ℂ → ℂ
PrimalitySheafVerification/Mock2_FunctionalAnalysis.lean:60069:54: error: unsolved goals
n : ℤ
z₀ : ℍ
p : OrbitPeterssonHilbert n × OrbitPeterssonHilbert (n + 1)
hp : p ∈ (-physicalLowerFromSucc n)†.graph
phi : PhysicalLocalL2.AmbientTestCore
hphi : tsupport ⇑phi ⊆ ambientGammaTwoReducedChart z₀
psi : FullPlaneTest := ambientTestCoreToFullPlaneTest phi
⊢ ∃ q x y,
    (∀ (j : ℕ), ((l2Coordinate n) (q j), (raisedCoordinate n) (q j)) ∈ (physicalRaise n).graph) ∧
      Tendsto (fun j => (l2Coordinate n) (q j)) atTop (𝓝 x) ∧
        Tendsto (fun j => (raisedCoordinate n) (q j)) atTop (𝓝 y) ∧
          x =
              (invariantScalarPeterssonMultiplier (effectiveScalarSmoothQuotient phi)
                  (effectiveScalarSmoothQuotient_invariant phi) n)
                p.1 ∧
            (x, y) ∈ (-physicalLowerFromSucc n)†.graph
PrimalitySheafVerification/Mock2_FunctionalAnalysis.lean:60125:10: error: don't know how to synthesize implicit argument `IsGammaTwoInvariantCutoff`
  @DFunLike.coe (OrbitPeterssonHilbert (n + 1) →L[ℂ] OrbitPeterssonHilbert (n + 1)) (OrbitPeterssonHilbert (n + 1))
    (fun x => OrbitPeterssonHilbert (n + 1)) ContinuousLinearMap.funLike
    (invariantScalarPeterssonMultiplier (effectiveScalarSmoothQuotient phi)
      (effectiveScalarSmoothQuotient_invariant phi) (n + 1))
    p.1
context:
n : ℤ
z₀ : ℍ
p : OrbitPeterssonHilbert (n + 1) × OrbitPeterssonHilbert n
hp : p ∈ (-physicalRaise n)†.graph
phi : PhysicalLocalL2.AmbientTestCore
hphi : tsupport ⇑phi ⊆ ambientGammaTwoReducedChart z₀
q : ℕ → HalfWeightDifferentialOperators.InverseEtaFixedPhaseCore (n + 1)
x : OrbitPeterssonHilbert (n + 1)
y : OrbitPeterssonHilbert n
⊢ ?m.150 n z₀ p hp phi hphi q x y

Note: All parameter types and holes (e.g., `_`) in the header of a theorem are resolved before the proof is processed; information from the proof cannot be used to infer what these values should be
PrimalitySheafVerification/Mock2_FunctionalAnalysis.lean:60125:10: error: don't know how to synthesize implicit argument
  @DFunLike.coe (OrbitPeterssonHilbert (n + 1) →L[ℂ] OrbitPeterssonHilbert (n + 1)) (OrbitPeterssonHilbert (n + 1))
    (fun x => OrbitPeterssonHilbert (n + 1)) ContinuousLinearMap.funLike
    (invariantScalarPeterssonMultiplier (effectiveScalarSmoothQuotient phi)
      (effectiveScalarSmoothQuotient_invariant phi) (n + 1))
    p.1
context:
n : ℤ
z₀ : ℍ
p : OrbitPeterssonHilbert (n + 1) × OrbitPeterssonHilbert n
hp : p ∈ (-physicalRaise n)†.graph
phi : PhysicalLocalL2.AmbientTestCore
hphi : tsupport ⇑phi ⊆ ambientGammaTwoReducedChart z₀
q : ℕ → HalfWeightDifferentialOperators.InverseEtaFixedPhaseCore (n + 1)
x : OrbitPeterssonHilbert (n + 1)
y : OrbitPeterssonHilbert n
⊢ Sort ?u.84

Note: All parameter types and holes (e.g., `_`) in the header of a theorem are resolved before the proof is processed; information from the proof cannot be used to infer what these values should be
PrimalitySheafVerification/Mock2_FunctionalAnalysis.lean:60125:10: error: don't know how to synthesize implicit argument `SmoothQuotientCompactFunction`
  @DFunLike.coe (OrbitPeterssonHilbert (n + 1) →L[ℂ] OrbitPeterssonHilbert (n + 1)) (OrbitPeterssonHilbert (n + 1))
    (fun x => OrbitPeterssonHilbert (n + 1)) ContinuousLinearMap.funLike
    (invariantScalarPeterssonMultiplier (effectiveScalarSmoothQuotient phi)
      (effectiveScalarSmoothQuotient_invariant phi) (n + 1))
    p.1
context:
n : ℤ
z₀ : ℍ
p : OrbitPeterssonHilbert (n + 1) × OrbitPeterssonHilbert n
hp : p ∈ (-physicalRaise n)†.graph
phi : PhysicalLocalL2.AmbientTestCore
hphi : tsupport ⇑phi ⊆ ambientGammaTwoReducedChart z₀
q : ℕ → HalfWeightDifferentialOperators.InverseEtaFixedPhaseCore (n + 1)
x : OrbitPeterssonHilbert (n + 1)
y : OrbitPeterssonHilbert n
⊢ Sort ?u.86

Note: All parameter types and holes (e.g., `_`) in the header of a theorem are resolved before the proof is processed; information from the proof cannot be used to infer what these values should be
PrimalitySheafVerification/Mock2_FunctionalAnalysis.lean:60127:9: error: don't know how to synthesize implicit argument `IsGammaTwoInvariantCutoff`
  @effectiveScalarSmoothQuotient_invariant (?m.152 n z₀ p hp phi hphi q x y) (?m.153 n z₀ p hp phi hphi q x y) phi
context:
n : ℤ
z₀ : ℍ
p : OrbitPeterssonHilbert (n + 1) × OrbitPeterssonHilbert n
hp : p ∈ (-physicalRaise n)†.graph
phi : PhysicalLocalL2.AmbientTestCore
hphi : tsupport ⇑phi ⊆ ambientGammaTwoReducedChart z₀
q : ℕ → HalfWeightDifferentialOperators.InverseEtaFixedPhaseCore (n + 1)
x : OrbitPeterssonHilbert (n + 1)
y : OrbitPeterssonHilbert n
⊢ ?m.152 n z₀ p hp phi hphi q x y

Note: All parameter types and holes (e.g., `_`) in the header of a theorem are resolved before the proof is processed; information from the proof cannot be used to infer what these values should be
PrimalitySheafVerification/Mock2_FunctionalAnalysis.lean:60127:9: error: don't know how to synthesize implicit argument
  @effectiveScalarSmoothQuotient_invariant (?m.152 n z₀ p hp phi hphi q x y) (?m.153 n z₀ p hp phi hphi q x y) phi
context:
n : ℤ
z₀ : ℍ
p : OrbitPeterssonHilbert (n + 1) × OrbitPeterssonHilbert n
hp : p ∈ (-physicalRaise n)†.graph
phi : PhysicalLocalL2.AmbientTestCore
hphi : tsupport ⇑phi ⊆ ambientGammaTwoReducedChart z₀
q : ℕ → HalfWeightDifferentialOperators.InverseEtaFixedPhaseCore (n + 1)
x : OrbitPeterssonHilbert (n + 1)
y : OrbitPeterssonHilbert n
⊢ Sort ?u.88

Note: All parameter types and holes (e.g., `_`) in the header of a theorem are resolved before the proof is processed; information from the proof cannot be used to infer what these values should be
PrimalitySheafVerification/Mock2_FunctionalAnalysis.lean:60126:9: error: don't know how to synthesize implicit argument `SmoothQuotientCompactFunction`
  @effectiveScalarSmoothQuotient (?m.149 n z₀ p hp phi hphi q x y) phi
context:
n : ℤ
z₀ : ℍ
p : OrbitPeterssonHilbert (n + 1) × OrbitPeterssonHilbert n
hp : p ∈ (-physicalRaise n)†.graph
phi : PhysicalLocalL2.AmbientTestCore
hphi : tsupport ⇑phi ⊆ ambientGammaTwoReducedChart z₀
q : ℕ → HalfWeightDifferentialOperators.InverseEtaFixedPhaseCore (n + 1)
x : OrbitPeterssonHilbert (n + 1)
y : OrbitPeterssonHilbert n
⊢ Sort ?u.86

Note: All parameter types and holes (e.g., `_`) in the header of a theorem are resolved before the proof is processed; information from the proof cannot be used to infer what these values should be
PrimalitySheafVerification/Mock2_FunctionalAnalysis.lean:60130:23: error: Type mismatch
  psi
has type
  FullPlaneTest
but is expected to have type
  ℂ → ℂ
PrimalitySheafVerification/Mock2_FunctionalAnalysis.lean:60128:46: error: unsolved goals
n : ℤ
z₀ : ℍ
p : OrbitPeterssonHilbert (n + 1) × OrbitPeterssonHilbert n
hp : p ∈ (-physicalRaise n)†.graph
phi : PhysicalLocalL2.AmbientTestCore
hphi : tsupport ⇑phi ⊆ ambientGammaTwoReducedChart z₀
psi : FullPlaneTest := ambientTestCoreToFullPlaneTest phi
⊢ ∃ q x y,
    (∀ (j : ℕ), ((l2Coordinate (n + 1)) (q j), (lowerFromSuccCoordinate n) (q j)) ∈ (physicalLowerFromSucc n).graph) ∧
      Tendsto (fun j => (l2Coordinate (n + 1)) (q j)) atTop (𝓝 x) ∧
        Tendsto (fun j => (lowerFromSuccCoordinate n) (q j)) atTop (𝓝 y) ∧
          x =
              (invariantScalarPeterssonMultiplier (effectiveScalarSmoothQuotient phi)
                  (effectiveScalarSmoothQuotient_invariant phi) (n + 1))
                p.1 ∧
            (x, y) ∈ (-physicalRaise n)†.graph
PrimalitySheafVerification/Mock2_FunctionalAnalysis.lean:60212:11: error: unexpected token 'in'; expected ','
PrimalitySheafVerification/Mock2_FunctionalAnalysis.lean:60233:6: error: don't know how to synthesize implicit argument `IsGammaTwoInvariantCutoff`
  @DFunLike.coe (OrbitPeterssonHilbert n →L[ℂ] OrbitPeterssonHilbert n) (OrbitPeterssonHilbert n)
    (fun x => OrbitPeterssonHilbert n) ContinuousLinearMap.funLike
    (invariantScalarPeterssonMultiplier (effectiveScalarSmoothQuotient (theta ↑i))
      (effectiveScalarSmoothQuotient_invariant (theta ↑i)) n)
    p
context:
n : ℤ
K : Set ℍ
hK : IsCompact K
p : OrbitPeterssonHilbert n
hp :
  ∀ᵐ (z : ℍ) ∂PhysicalLocalL2.chosenEuclideanCarrierMeasure,
    z ∉ K → ↑↑((PhysicalLocalL2.orbitPeterssonEuclideanEmbedding n) p) z = 0
t : Finset ℍ
theta : ℍ → PhysicalLocalL2.AmbientTestCore
hsum : ∀ z ∈ gammaTwoOrbitSaturation K, ∑ x ∈ t, effectiveScalarPoincarePeriodization (theta x) z = 1
i : ↥t
⊢ ?m.54 hK p hp hsum i

Note: All parameter types and holes (e.g., `_`) in the header of a theorem are resolved before the proof is processed; information from the proof cannot be used to infer what these values should be
PrimalitySheafVerification/Mock2_FunctionalAnalysis.lean:60233:6: error: don't know how to synthesize implicit argument
  @DFunLike.coe (OrbitPeterssonHilbert n →L[ℂ] OrbitPeterssonHilbert n) (OrbitPeterssonHilbert n)
    (fun x => OrbitPeterssonHilbert n) ContinuousLinearMap.funLike
    (invariantScalarPeterssonMultiplier (effectiveScalarSmoothQuotient (theta ↑i))
      (effectiveScalarSmoothQuotient_invariant (theta ↑i)) n)
    p
context:
n : ℤ
K : Set ℍ
hK : IsCompact K
p : OrbitPeterssonHilbert n
hp :
  ∀ᵐ (z : ℍ) ∂PhysicalLocalL2.chosenEuclideanCarrierMeasure,
    z ∉ K → ↑↑((PhysicalLocalL2.orbitPeterssonEuclideanEmbedding n) p) z = 0
t : Finset ℍ
theta : ℍ → PhysicalLocalL2.AmbientTestCore
hsum : ∀ z ∈ gammaTwoOrbitSaturation K, ∑ x ∈ t, effectiveScalarPoincarePeriodization (theta x) z = 1
i : ↥t
⊢ Sort ?u.53

Note: All parameter types and holes (e.g., `_`) in the header of a theorem are resolved before the proof is processed; information from the proof cannot be used to infer what these values should be
PrimalitySheafVerification/Mock2_FunctionalAnalysis.lean:60233:6: error: don't know how to synthesize implicit argument `SmoothQuotientCompactFunction`
  @DFunLike.coe (OrbitPeterssonHilbert n →L[ℂ] OrbitPeterssonHilbert n) (OrbitPeterssonHilbert n)
    (fun x => OrbitPeterssonHilbert n) ContinuousLinearMap.funLike
    (invariantScalarPeterssonMultiplier (effectiveScalarSmoothQuotient (theta ↑i))
      (effectiveScalarSmoothQuotient_invariant (theta ↑i)) n)
    p
context:
n : ℤ
K : Set ℍ
hK : IsCompact K
p : OrbitPeterssonHilbert n
hp :
  ∀ᵐ (z : ℍ) ∂PhysicalLocalL2.chosenEuclideanCarrierMeasure,
    z ∉ K → ↑↑((PhysicalLocalL2.orbitPeterssonEuclideanEmbedding n) p) z = 0
t : Finset ℍ
theta : ℍ → PhysicalLocalL2.AmbientTestCore
hsum : ∀ z ∈ gammaTwoOrbitSaturation K, ∑ x ∈ t, effectiveScalarPoincarePeriodization (theta x) z = 1
i : ↥t
⊢ Sort ?u.55

Note: All parameter types and holes (e.g., `_`) in the header of a theorem are resolved before the proof is processed; information from the proof cannot be used to infer what these values should be
PrimalitySheafVerification/Mock2_FunctionalAnalysis.lean:60235:9: error: don't know how to synthesize implicit argument `IsGammaTwoInvariantCutoff`
  @effectiveScalarSmoothQuotient_invariant (?m.56 hK p hp hsum i) (?m.57 hK p hp hsum i) (theta ↑i)
context:
n : ℤ
K : Set ℍ
hK : IsCompact K
p : OrbitPeterssonHilbert n
hp :
  ∀ᵐ (z : ℍ) ∂PhysicalLocalL2.chosenEuclideanCarrierMeasure,
    z ∉ K → ↑↑((PhysicalLocalL2.orbitPeterssonEuclideanEmbedding n) p) z = 0
t : Finset ℍ
theta : ℍ → PhysicalLocalL2.AmbientTestCore
hsum : ∀ z ∈ gammaTwoOrbitSaturation K, ∑ x ∈ t, effectiveScalarPoincarePeriodization (theta x) z = 1
i : ↥t
⊢ ?m.56 hK p hp hsum i

Note: All parameter types and holes (e.g., `_`) in the header of a theorem are resolved before the proof is processed; information from the proof cannot be used to infer what these values should be
PrimalitySheafVerification/Mock2_FunctionalAnalysis.lean:60235:9: error: don't know how to synthesize implicit argument
  @effectiveScalarSmoothQuotient_invariant (?m.56 hK p hp hsum i) (?m.57 hK p hp hsum i) (theta ↑i)
context:
n : ℤ
K : Set ℍ
hK : IsCompact K
p : OrbitPeterssonHilbert n
hp :
  ∀ᵐ (z : ℍ) ∂PhysicalLocalL2.chosenEuclideanCarrierMeasure,
    z ∉ K → ↑↑((PhysicalLocalL2.orbitPeterssonEuclideanEmbedding n) p) z = 0
t : Finset ℍ
theta : ℍ → PhysicalLocalL2.AmbientTestCore
hsum : ∀ z ∈ gammaTwoOrbitSaturation K, ∑ x ∈ t, effectiveScalarPoincarePeriodization (theta x) z = 1
i : ↥t
⊢ Sort ?u.57

Note: All parameter types and holes (e.g., `_`) in the header of a theorem are resolved before the proof is processed; information from the proof cannot be used to infer what these values should be
PrimalitySheafVerification/Mock2_FunctionalAnalysis.lean:60234:9: error: don't know how to synthesize implicit argument `SmoothQuotientCompactFunction`
  @effectiveScalarSmoothQuotient (?m.53 hK p hp hsum i) (theta ↑i)
context:
n : ℤ
K : Set ℍ
hK : IsCompact K
p : OrbitPeterssonHilbert n
hp :
  ∀ᵐ (z : ℍ) ∂PhysicalLocalL2.chosenEuclideanCarrierMeasure,
    z ∉ K → ↑↑((PhysicalLocalL2.orbitPeterssonEuclideanEmbedding n) p) z = 0
t : Finset ℍ
theta : ℍ → PhysicalLocalL2.AmbientTestCore
hsum : ∀ z ∈ gammaTwoOrbitSaturation K, ∑ x ∈ t, effectiveScalarPoincarePeriodization (theta x) z = 1
i : ↥t
⊢ Sort ?u.55

Note: All parameter types and holes (e.g., `_`) in the header of a theorem are resolved before the proof is processed; information from the proof cannot be used to infer what these values should be
PrimalitySheafVerification/Mock2_FunctionalAnalysis.lean:60237:8: error(lean.unknownIdentifier): Unknown identifier `finset_sum_invariantScalarMultipliers_eq_of_compactSupport`
PrimalitySheafVerification/Mock2_FunctionalAnalysis.lean:60266:4: error(lean.unknownIdentifier): Unknown identifier `exists_localizedRaisingGraphSequence`
PrimalitySheafVerification/Mock2_FunctionalAnalysis.lean:60246:49: error: unsolved goals
n : ℤ
p : OrbitPeterssonHilbert n × OrbitPeterssonHilbert (n + 1)
hp : p ∈ RaisingCompactWeakMaximalGraphAt n
K : Set ℍ
hK : IsCompact K
hpK :
  ∀ᵐ (z : ℍ) ∂PhysicalLocalL2.chosenEuclideanCarrierMeasure,
    z ∉ K → ↑↑((PhysicalLocalL2.orbitPeterssonEuclideanEmbedding n) p.1) z = 0
_hpDerivativeK :
  ∀ᵐ (z : ℍ) ∂PhysicalLocalL2.chosenEuclideanCarrierMeasure,
    z ∉ K → ↑↑((PhysicalLocalL2.orbitPeterssonEuclideanEmbedding (n + 1)) p.2) z = 0
t : Finset ℍ
theta : ℍ → PhysicalLocalL2.AmbientTestCore
htheta : ∀ x ∈ t, tsupport ⇑(theta x) ⊆ ambientGammaTwoReducedChart x
_hthetaInvariant :
  ∀ (a : GammaTwoEffective),
    ∀ x ∈ t,
      ∀ (z : ℍ),
        effectiveScalarPoincarePeriodization (theta x) (a • z) = effectiveScalarPoincarePeriodization (theta x) z
hthetaSum : ∀ z ∈ gammaTwoOrbitSaturation K, ∑ x ∈ t, effectiveScalarPoincarePeriodization (theta x) z = 1
⊢ ∃ q, (∀ (j : ℕ), q j ∈ (physicalRaise n).graph) ∧ Tendsto q atTop (𝓝 p)
PrimalitySheafVerification/Mock2_FunctionalAnalysis.lean:60335:4: error(lean.unknownIdentifier): Unknown identifier `exists_localizedLoweringGraphSequence`
PrimalitySheafVerification/Mock2_FunctionalAnalysis.lean:60315:50: error: unsolved goals
n : ℤ
p : OrbitPeterssonHilbert (n + 1) × OrbitPeterssonHilbert n
hp : p ∈ LoweringCompactWeakMaximalGraphAt n
K : Set ℍ
hK : IsCompact K
hpK :
  ∀ᵐ (z : ℍ) ∂PhysicalLocalL2.chosenEuclideanCarrierMeasure,
    z ∉ K → ↑↑((PhysicalLocalL2.orbitPeterssonEuclideanEmbedding (n + 1)) p.1) z = 0
_hpDerivativeK :
  ∀ᵐ (z : ℍ) ∂PhysicalLocalL2.chosenEuclideanCarrierMeasure,
    z ∉ K → ↑↑((PhysicalLocalL2.orbitPeterssonEuclideanEmbedding n) p.2) z = 0
t : Finset ℍ
theta : ℍ → PhysicalLocalL2.AmbientTestCore
htheta : ∀ x ∈ t, tsupport ⇑(theta x) ⊆ ambientGammaTwoReducedChart x
_hthetaInvariant :
  ∀ (a : GammaTwoEffective),
    ∀ x ∈ t,
      ∀ (z : ℍ),
        effectiveScalarPoincarePeriodization (theta x) (a • z) = effectiveScalarPoincarePeriodization (theta x) z
hthetaSum : ∀ z ∈ gammaTwoOrbitSaturation K, ∑ x ∈ t, effectiveScalarPoincarePeriodization (theta x) z = 1
⊢ ∃ q, (∀ (j : ℕ), q j ∈ (physicalLowerFromSucc n).graph) ∧ Tendsto q atTop (𝓝 p)
'Mock2FA.PaperCorrections.AutomorphicSobolev.FixedPhaseReducedChartFriedrichs.finset_graph_snd_eq_of_sum_fst_eq' depends on axioms: [propext,
 Classical.choice,
 Quot.sound]
PrimalitySheafVerification/Mock2_FunctionalAnalysis.lean:60402:14: error(lean.unknownIdentifier): Unknown constant `FixedPhaseReducedChartFriedrichs.exists_localizedRaisingGraphSequence`
PrimalitySheafVerification/Mock2_FunctionalAnalysis.lean:60403:14: error(lean.unknownIdentifier): Unknown constant `FixedPhaseReducedChartFriedrichs.exists_localizedLoweringGraphSequence`
'Mock2FA.PaperCorrections.AutomorphicSobolev.FixedPhaseReducedChartFriedrichs.exists_commonCompactCarrierSupport' depends on axioms: [propext,
 Classical.choice,
 Quot.sound]
PrimalitySheafVerification/Mock2_FunctionalAnalysis.lean:60405:14: error(lean.unknownIdentifier): Unknown constant `FixedPhaseReducedChartFriedrichs.finiteQuotientLocalization_base_reconstruction`
'Mock2FA.PaperCorrections.AutomorphicSobolev.FixedPhaseReducedChartFriedrichs.raisingCompactFriedrichsPeriodizationAt_unconditional' depends on axioms: [propext,
 sorryAx,
 Classical.choice,
 Quot.sound]
'Mock2FA.PaperCorrections.AutomorphicSobolev.FixedPhaseReducedChartFriedrichs.loweringCompactFriedrichsPeriodizationAt_unconditional' depends on axioms: [propext,
 sorryAx,
 Classical.choice,
 Quot.sound]
'Mock2FA.PaperCorrections.AutomorphicSobolev.FixedPhaseReducedChartFriedrichs.strongCrossAdjointAt_unconditional' depends on axioms: [propext,
 sorryAx,
 Classical.choice,
 Quot.sound]
PrimalitySheafVerification/Mock2_FunctionalAnalysis.lean:60441:4: error(lean.synthInstanceFailed): failed to synthesize instance of type class
  SeminormedAddCommGroup (SuccessorGraphCompletion n)

Hint: Type class instance resolution failures can be inspected with the `set_option trace.Meta.synthInstance true` command.
'Mock2FA.PaperCorrections.AutomorphicSobolev.FixedPhaseJointGraphNormClosure.jointGraphCoreDensityAt_unconditional' depends on axioms: [propext,
 sorryAx,
 Classical.choice,
 Quot.sound]
'Mock2FA.PaperCorrections.AutomorphicSobolev.FixedPhaseJointGraphNormClosure.graphCompletionEquivWeightedWeak_unconditional' depends on axioms: [propext,
 sorryAx,
 Classical.choice,
 Quot.sound]
