PrimalitySheafVerification/Mock2.lean:670:11: warning: Variable name `x` is not explicitly referenced.

Hint: The binding can be removed (if unused) or named `_` (if used implicitly). Alternatively, prefix the name with `_` to silence this warning:
  [apply] _x

Note: This linter can be disabled with `set_option linter.unusedVariables false`
PrimalitySheafVerification/Mock2.lean:670:13: warning: Variable name `y` is not explicitly referenced.

Hint: The binding can be removed (if unused) or named `_` (if used implicitly). Alternatively, prefix the name with `_` to silence this warning:
  [apply] _y

Note: This linter can be disabled with `set_option linter.unusedVariables false`
PrimalitySheafVerification/Mock2.lean:700:4: warning: 'change (x : ℤ) ∈ intersectionIdeal M N' tactic does nothing

Note: This linter can be disabled with `set_option linter.unusedTactic false`
PrimalitySheafVerification/Mock2.lean:1955:11: warning: Variable name `x` is not explicitly referenced.

Hint: The binding can be removed (if unused) or named `_` (if used implicitly). Alternatively, prefix the name with `_` to silence this warning:
  [apply] _x

Note: This linter can be disabled with `set_option linter.unusedVariables false`
PrimalitySheafVerification/Mock2.lean:1955:13: warning: Variable name `y` is not explicitly referenced.

Hint: The binding can be removed (if unused) or named `_` (if used implicitly). Alternatively, prefix the name with `_` to silence this warning:
  [apply] _y

Note: This linter can be disabled with `set_option linter.unusedVariables false`
PrimalitySheafVerification/Mock2.lean:2347:2: warning: try 'simp' instead of 'simpa'

Note: This linter can be disabled with `set_option linter.unnecessarySimpa false`
PrimalitySheafVerification/Mock2.lean:2385:2: warning: try 'simp' instead of 'simpa'

Note: This linter can be disabled with `set_option linter.unnecessarySimpa false`
PrimalitySheafVerification/Mock2.lean:2442:2: warning: try 'simp' instead of 'simpa'

Note: This linter can be disabled with `set_option linter.unnecessarySimpa false`
PrimalitySheafVerification/Mock2.lean:2552:34: warning: Variable name `hf` is not explicitly referenced.

Hint: The binding can be removed (if unused) or named `_` (if used implicitly). Alternatively, prefix the name with `_` to silence this warning:
  [apply] _hf

Note: This linter can be disabled with `set_option linter.unusedVariables false`
PrimalitySheafVerification/Mock2.lean:2702:4: warning: try 'simp' instead of 'simpa'

Note: This linter can be disabled with `set_option linter.unnecessarySimpa false`
PrimalitySheafVerification/Mock2.lean:2718:2: warning: try 'simp' instead of 'simpa'

Note: This linter can be disabled with `set_option linter.unnecessarySimpa false`
PrimalitySheafVerification/Mock2.lean:2982:2: warning: try 'simp' instead of 'simpa'

Note: This linter can be disabled with `set_option linter.unnecessarySimpa false`
PrimalitySheafVerification/Mock2.lean:3055:2: warning: try 'simp' instead of 'simpa'

Note: This linter can be disabled with `set_option linter.unnecessarySimpa false`
PrimalitySheafVerification/Mock2.lean:3082:2: warning: Try this: 
  letI̵

The goal is a proposition, so `let` is preferred over `letI`.
The difference between `let` and `letI` is that `letI` inlines the value.
But this is not relevant for proofs because of proof irrelevance.

Note: This linter can be disabled with `set_option linter.style.haveILetI false`
PrimalitySheafVerification/Mock2.lean:3971:13: warning: This simp argument is unused:
  Int.cast_mul

Hint: Omit it from the simp argument list.
  [apply] simp only [Int.cast_pow, Int.cast_natCast, Nat.cast_pow]

Note: This linter can be disabled with `set_option linter.unusedSimpArgs false`
PrimalitySheafVerification/Mock2.lean:4131:2: warning: Try this: 
  letI̵

The goal is a proposition, so `let` is preferred over `letI`.
The difference between `let` and `letI` is that `letI` inlines the value.
But this is not relevant for proofs because of proof irrelevance.

Note: This linter can be disabled with `set_option linter.style.haveILetI false`
PrimalitySheafVerification/Mock2.lean:4231:8: warning: Try this: 
  letI̵

The goal is a proposition, so `let` is preferred over `letI`.
The difference between `let` and `letI` is that `letI` inlines the value.
But this is not relevant for proofs because of proof irrelevance.

Note: This linter can be disabled with `set_option linter.style.haveILetI false`
PrimalitySheafVerification/Mock2.lean:4259:2: warning: Try this: 
  letI̵

The goal is a proposition, so `let` is preferred over `letI`.
The difference between `let` and `letI` is that `letI` inlines the value.
But this is not relevant for proofs because of proof irrelevance.

Note: This linter can be disabled with `set_option linter.style.haveILetI false`
PrimalitySheafVerification/Mock2.lean:4633:4: warning: 'change (z : ℤ) = 0' tactic does nothing

Note: This linter can be disabled with `set_option linter.unusedTactic false`
PrimalitySheafVerification/Mock2.lean:4716:45: warning: Used `tac1 <;> tac2` where `(tac1; tac2)` would suffice

Note: This linter can be disabled with `set_option linter.unnecessarySeqFocus false`
PrimalitySheafVerification/Mock2.lean:4761:51: warning: Used `tac1 <;> tac2` where `(tac1; tac2)` would suffice

Note: This linter can be disabled with `set_option linter.unnecessarySeqFocus false`
PrimalitySheafVerification/Mock2.lean:4837:2: warning: try 'simp' instead of 'simpa'

Note: This linter can be disabled with `set_option linter.unnecessarySimpa false`
PrimalitySheafVerification/Mock2.lean:4853:2: warning: try 'simp' instead of 'simpa'

Note: This linter can be disabled with `set_option linter.unnecessarySimpa false`
PrimalitySheafVerification/Mock2.lean:4952:2: warning: try 'simp' instead of 'simpa'

Note: This linter can be disabled with `set_option linter.unnecessarySimpa false`
PrimalitySheafVerification/Mock2.lean:5851:7: warning: Variable name `hs` is not explicitly referenced.

Hint: The binding can be removed (if unused) or named `_` (if used implicitly). Alternatively, prefix the name with `_` to silence this warning:
  [apply] _hs

Note: This linter can be disabled with `set_option linter.unusedVariables false`
PrimalitySheafVerification/Mock2.lean:6133:7: warning: Variable name `hs` is not explicitly referenced.

Hint: The binding can be removed (if unused) or named `_` (if used implicitly). Alternatively, prefix the name with `_` to silence this warning:
  [apply] _hs

Note: This linter can be disabled with `set_option linter.unusedVariables false`
PrimalitySheafVerification/Mock2.lean:7276:0: warning: Definition `Mock2.GaugeCovariantDGA.toCurvatureAlgebra` of class type is semireducible. Most type class instances should be instance-reducible, so consider marking this
definition with `@[instance_reducible]`. If it is intentionally semireducible, this warning can be disabled with `set_option warn.classDefReducibility false`.
PrimalitySheafVerification/Mock2.lean:7443:6: warning: try 'simp' instead of 'simpa'

Note: This linter can be disabled with `set_option linter.unnecessarySimpa false`
PrimalitySheafVerification/Mock2.lean:7514:39: warning: This simp argument is unused:
  chartFormAdd

Hint: Omit it from the simp argument list.
  [apply] simp [wedge]

Note: This linter can be disabled with `set_option linter.unusedSimpArgs false`
PrimalitySheafVerification/Mock2.lean:7518:39: warning: This simp argument is unused:
  chartFormAdd

Hint: Omit it from the simp argument list.
  [apply] simp [wedge]

Note: This linter can be disabled with `set_option linter.unusedSimpArgs false`
PrimalitySheafVerification/Mock2.lean:7574:24: warning: This simp argument is unused:
  chartFormAdd

Hint: Omit it from the simp argument list.
  [apply] simp [differential, Polynomial.derivative_add]

Note: This linter can be disabled with `set_option linter.unusedSimpArgs false`
PrimalitySheafVerification/Mock2.lean:7602:35: warning: This simp argument is unused:
  Polynomial.derivative_add

Hint: Omit it from the simp argument list.
  [apply] simp [differential, wedge, hx, hy, hxy, Polynomial.derivative_mul, Polynomial.derivative_sub,
    Polynomial.derivative_neg]

Note: This linter can be disabled with `set_option linter.unusedSimpArgs false`
PrimalitySheafVerification/Mock2.lean:7603:8: warning: This simp argument is unused:
  Polynomial.derivative_sub

Hint: Omit it from the simp argument list.
  [apply] simp [differential, wedge, hx, hy, hxy, Polynomial.derivative_mul, Polynomial.derivative_add,
    Polynomial.derivative_neg]

Note: This linter can be disabled with `set_option linter.unusedSimpArgs false`
PrimalitySheafVerification/Mock2.lean:7603:35: warning: This simp argument is unused:
  Polynomial.derivative_neg

Hint: Omit it from the simp argument list.
  [apply] simp [differential, wedge, hx, hy, hxy, Polynomial.derivative_mul, Polynomial.derivative_add,
    Polynomial.derivative_sub]

Note: This linter can be disabled with `set_option linter.unusedSimpArgs false`
PrimalitySheafVerification/Mock2.lean:7610:37: warning: This simp argument is unused:
  Polynomial.derivative_add

Hint: Omit it from the simp argument list.
  [apply] simp [differential, wedge, h0, hxy, Polynomial.derivative_mul, Polynomial.derivative_sub,
    Polynomial.derivative_neg]

Note: This linter can be disabled with `set_option linter.unusedSimpArgs false`
PrimalitySheafVerification/Mock2.lean:7611:10: warning: This simp argument is unused:
  Polynomial.derivative_sub

Hint: Omit it from the simp argument list.
  [apply] simp [differential, wedge, h0, hxy, Polynomial.derivative_mul, Polynomial.derivative_add,
    Polynomial.derivative_neg]

Note: This linter can be disabled with `set_option linter.unusedSimpArgs false`
PrimalitySheafVerification/Mock2.lean:7611:37: warning: This simp argument is unused:
  Polynomial.derivative_neg

Hint: Omit it from the simp argument list.
  [apply] simp [differential, wedge, h0, hxy, Polynomial.derivative_mul, Polynomial.derivative_add,
    Polynomial.derivative_sub]

Note: This linter can be disabled with `set_option linter.unusedSimpArgs false`
PrimalitySheafVerification/Mock2.lean:7619:12: warning: This simp argument is unused:
  Polynomial.derivative_mul

Hint: Omit it from the simp argument list.
  [apply] simp [differential, wedge, h0, hx, hy, Polynomial.derivative_add, Polynomial.derivative_sub,
    Polynomial.derivative_neg]

Note: This linter can be disabled with `set_option linter.unusedSimpArgs false`
PrimalitySheafVerification/Mock2.lean:7619:39: warning: This simp argument is unused:
  Polynomial.derivative_add

Hint: Omit it from the simp argument list.
  [apply] simp [differential, wedge, h0, hx, hy, Polynomial.derivative_mul, Polynomial.derivative_sub,
    Polynomial.derivative_neg]

Note: This linter can be disabled with `set_option linter.unusedSimpArgs false`
PrimalitySheafVerification/Mock2.lean:7620:12: warning: This simp argument is unused:
  Polynomial.derivative_sub

Hint: Omit it from the simp argument list.
  [apply] simp [differential, wedge, h0, hx, hy, Polynomial.derivative_mul, Polynomial.derivative_add,
    Polynomial.derivative_neg]

Note: This linter can be disabled with `set_option linter.unusedSimpArgs false`
PrimalitySheafVerification/Mock2.lean:7620:39: warning: This simp argument is unused:
  Polynomial.derivative_neg

Hint: Omit it from the simp argument list.
  [apply] simp [differential, wedge, h0, hx, hy, Polynomial.derivative_mul, Polynomial.derivative_add,
    Polynomial.derivative_sub]

Note: This linter can be disabled with `set_option linter.unusedSimpArgs false`
PrimalitySheafVerification/Mock2.lean:7603:66: warning: this tactic is never executed

Note: This linter can be disabled with `set_option linter.unreachableTactic false`
PrimalitySheafVerification/Mock2.lean:7611:68: warning: this tactic is never executed

Note: This linter can be disabled with `set_option linter.unreachableTactic false`
PrimalitySheafVerification/Mock2.lean:7620:70: warning: this tactic is never executed

Note: This linter can be disabled with `set_option linter.unreachableTactic false`
PrimalitySheafVerification/Mock2.lean:7603:66: warning: 'ring' tactic does nothing

Note: This linter can be disabled with `set_option linter.unusedTactic false`
PrimalitySheafVerification/Mock2.lean:7611:68: warning: 'ring' tactic does nothing

Note: This linter can be disabled with `set_option linter.unusedTactic false`
PrimalitySheafVerification/Mock2.lean:7620:70: warning: 'ring' tactic does nothing

Note: This linter can be disabled with `set_option linter.unusedTactic false`
PrimalitySheafVerification/Mock2.lean:7701:55: warning: Used `tac1 <;> tac2` where `(tac1; tac2)` would suffice

Note: This linter can be disabled with `set_option linter.unnecessarySeqFocus false`
PrimalitySheafVerification/Mock2.lean:7708:56: warning: Used `tac1 <;> tac2` where `(tac1; tac2)` would suffice

Note: This linter can be disabled with `set_option linter.unnecessarySeqFocus false`
PrimalitySheafVerification/Mock2.lean:7718:50: warning: Used `tac1 <;> tac2` where `(tac1; tac2)` would suffice

Note: This linter can be disabled with `set_option linter.unnecessarySeqFocus false`
PrimalitySheafVerification/Mock2.lean:7739:69: warning: Used `tac1 <;> tac2` where `(tac1; tac2)` would suffice

Note: This linter can be disabled with `set_option linter.unnecessarySeqFocus false`
PrimalitySheafVerification/Mock2.lean:7814:2: warning: Try `simp at hc` instead of `simpa using hc`

Note: This linter can be disabled with `set_option linter.unnecessarySimpa false`
PrimalitySheafVerification/Mock2.lean:8009:2: warning: Try this: 
  letI̵

The goal is a proposition, so `let` is preferred over `letI`.
The difference between `let` and `letI` is that `letI` inlines the value.
But this is not relevant for proofs because of proof irrelevance.

Note: This linter can be disabled with `set_option linter.style.haveILetI false`
PrimalitySheafVerification/Mock2.lean:8174:61: warning: Used `tac1 <;> tac2` where `(tac1; tac2)` would suffice

Note: This linter can be disabled with `set_option linter.unnecessarySeqFocus false`
PrimalitySheafVerification/Mock2.lean:8183:62: warning: Used `tac1 <;> tac2` where `(tac1; tac2)` would suffice

Note: This linter can be disabled with `set_option linter.unnecessarySeqFocus false`
PrimalitySheafVerification/Mock2.lean:8201:71: warning: Used `tac1 <;> tac2` where `(tac1; tac2)` would suffice

Note: This linter can be disabled with `set_option linter.unnecessarySeqFocus false`
PrimalitySheafVerification/Mock2.lean:8217:69: warning: Used `tac1 <;> tac2` where `(tac1; tac2)` would suffice

Note: This linter can be disabled with `set_option linter.unnecessarySeqFocus false`
PrimalitySheafVerification/Mock2.lean:9065:2: warning: Try this: 
  letI̵

The goal is a proposition, so `let` is preferred over `letI`.
The difference between `let` and `letI` is that `letI` inlines the value.
But this is not relevant for proofs because of proof irrelevance.

Note: This linter can be disabled with `set_option linter.style.haveILetI false`
PrimalitySheafVerification/Mock2.lean:9085:2: warning: Left-hand side of simp theorem has a variable as head symbol. This means the theorem will be tried on every simp step, which can be expensive. This may be acceptable for `local` or `scoped` simp lemmas.
Use `set_option warning.simp.varHead false` to disable this warning.
PrimalitySheafVerification/Mock2.lean:9711:4: warning: 'change glueFunction C s y = glueFunction C s x' tactic does nothing

Note: This linter can be disabled with `set_option linter.unusedTactic false`
PrimalitySheafVerification/Mock2.lean:10583:0: warning: `PaperAnalyticInput`: universes `u`, `v` only occur together. This usually means there is a `max` expression in the type where none of these universes appear on their own.

Note: This linter can be disabled with `set_option linter.checkUnivs false`
PrimalitySheafVerification/Mock2.lean:10933:0: warning: Definition `Mock2.Definition12Tensor.lq_fibre_has_module` of class type is semireducible. Most type class instances should be instance-reducible, so consider marking this
definition with `@[instance_reducible]`. If it is intentionally semireducible, this warning can be disabled with `set_option warn.classDefReducibility false`.
PrimalitySheafVerification/Mock2.lean:11202:0: warning: Definition `Mock2.Definition12Tensor.MmockLinear.mmock_fibre_has_module` of class type is semireducible. Most type class instances should be instance-reducible, so consider marking this
definition with `@[instance_reducible]`. If it is intentionally semireducible, this warning can be disabled with `set_option warn.classDefReducibility false`.
PrimalitySheafVerification/Mock2.lean:11437:0: warning: Definition `Mock2.Definition12Tensor.tensor_fibre_has_module` of class type is semireducible. Most type class instances should be instance-reducible, so consider marking this
definition with `@[instance_reducible]`. If it is intentionally semireducible, this warning can be disabled with `set_option warn.classDefReducibility false`.
PrimalitySheafVerification/Mock2.lean:11460:40: warning: Variable name `hUV` is not explicitly referenced.

Hint: The binding can be removed (if unused) or named `_` (if used implicitly). Alternatively, prefix the name with `_` to silence this warning:
  [apply] _hUV

Note: This linter can be disabled with `set_option linter.unusedVariables false`
PrimalitySheafVerification/Mock2.lean:11704:6: warning: Variable name `H` is not explicitly referenced.

Hint: The binding can be removed (if unused) or named `_` (if used implicitly). Alternatively, prefix the name with `_` to silence this warning:
  [apply] _H

Note: This linter can be disabled with `set_option linter.unusedVariables false`
PrimalitySheafVerification/Mock2.lean:12014:62: warning: Variable name `hUW` is not explicitly referenced.

Hint: The binding can be removed (if unused) or named `_` (if used implicitly). Alternatively, prefix the name with `_` to silence this warning:
  [apply] _hUW

Note: This linter can be disabled with `set_option linter.unusedVariables false`
PrimalitySheafVerification/Mock2.lean:12019:55: warning: Variable name `hUW` is not explicitly referenced.

Hint: The binding can be removed (if unused) or named `_` (if used implicitly). Alternatively, prefix the name with `_` to silence this warning:
  [apply] _hUW

Note: This linter can be disabled with `set_option linter.unusedVariables false`
PrimalitySheafVerification/Mock2.lean:12987:40: warning: Variable name `hUV` is not explicitly referenced.

Hint: The binding can be removed (if unused) or named `_` (if used implicitly). Alternatively, prefix the name with `_` to silence this warning:
  [apply] _hUV

Note: This linter can be disabled with `set_option linter.unusedVariables false`
PrimalitySheafVerification/Mock2.lean:13663:0: warning: Definition `modularCovarianceRestrictionStable` is a proposition; use `theorem` instead of `def`

Note: This linter can be disabled with `set_option linter.defProp false`
PrimalitySheafVerification/Mock2.lean:14744:0: warning: Definition `certificate` is a proposition; use `theorem` instead of `def`

Note: This linter can be disabled with `set_option linter.defProp false`
PrimalitySheafVerification/Mock2.lean:15458:28: warning: Variable name `T` is not explicitly referenced.

Hint: The binding can be removed (if unused) or named `_` (if used implicitly). Alternatively, prefix the name with `_` to silence this warning:
  [apply] _T

Note: This linter can be disabled with `set_option linter.unusedVariables false`
PrimalitySheafVerification/Mock2.lean:15923:55: warning: Variable name `f` is not explicitly referenced.

Hint: The binding can be removed (if unused) or named `_` (if used implicitly). Alternatively, prefix the name with `_` to silence this warning:
  [apply] _f

Note: This linter can be disabled with `set_option linter.unusedVariables false`
PrimalitySheafVerification/Mock2.lean:16398:36: warning: this tactic is never executed

Note: This linter can be disabled with `set_option linter.unreachableTactic false`
PrimalitySheafVerification/Mock2.lean:16398:36: warning: 'ring' tactic does nothing

Note: This linter can be disabled with `set_option linter.unusedTactic false`
PrimalitySheafVerification/Mock2.lean:16439:57: warning: this tactic is never executed

Note: This linter can be disabled with `set_option linter.unreachableTactic false`
PrimalitySheafVerification/Mock2.lean:16439:57: warning: 'ring' tactic does nothing

Note: This linter can be disabled with `set_option linter.unusedTactic false`
PrimalitySheafVerification/Mock2.lean:16541:2: warning: try 'simp' instead of 'simpa'

Note: This linter can be disabled with `set_option linter.unnecessarySimpa false`
PrimalitySheafVerification/Mock2.lean:16543:10: warning: this tactic is never executed

Note: This linter can be disabled with `set_option linter.unreachableTactic false`
PrimalitySheafVerification/Mock2.lean:16543:10: warning: 'norm_num' tactic does nothing

Note: This linter can be disabled with `set_option linter.unusedTactic false`
PrimalitySheafVerification/Mock2.lean:16672:0: warning: Definition `constructionCertificate` is a proposition; use `theorem` instead of `def`

Note: This linter can be disabled with `set_option linter.defProp false`
PrimalitySheafVerification/Mock2.lean:16726:0: warning: Definition `Mock2.Definition15Geometry.lineMulAction` of class type is semireducible. Most type class instances should be instance-reducible, so consider marking this
definition with `@[instance_reducible]`. If it is intentionally semireducible, this warning can be disabled with `set_option warn.classDefReducibility false`.
PrimalitySheafVerification/Mock2.lean:16754:2: warning: Try this: 
  letI̵

The goal is a proposition, so `let` is preferred over `letI`.
The difference between `let` and `letI` is that `letI` inlines the value.
But this is not relevant for proofs because of proof irrelevance.

Note: This linter can be disabled with `set_option linter.style.haveILetI false`
PrimalitySheafVerification/Mock2.lean:16819:29: warning: Overlapping instance parameters in `gaugeLieGroupMinSmoothness`:

⚠️ `[IsManifold I_G ∞ G]` and `[LieGroup I_G ∞ G]` each imply `[HasGroupoid G (contDiffGroupoid ∞ I_G)]`.
💡️ Of these, `[IsManifold I_G ∞ G]` may be removed.

Note: This linter can be disabled with `set_option linter.overlappingInstances false`
PrimalitySheafVerification/Mock2.lean:16824:7: warning: Overlapping instance parameters in `GaugeLieAlgebra`:

⚠️ `[IsManifold I_G ∞ G]` and `[LieGroup I_G ∞ G]` each imply `[HasGroupoid G (contDiffGroupoid ∞ I_G)]`.
💡️ Of these, `[IsManifold I_G ∞ G]` may be removed.

Note: This linter can be disabled with `set_option linter.overlappingInstances false`
PrimalitySheafVerification/Mock2.lean:16826:0: warning: Definition `Mock2.Definition15Geometry.gaugeLieAlgebraStructure` of class type is semireducible. Most type class instances should be instance-reducible, so consider marking this
definition with `@[instance_reducible]`. If it is intentionally semireducible, this warning can be disabled with `set_option warn.classDefReducibility false`.
PrimalitySheafVerification/Mock2.lean:16828:18: warning: Overlapping instance parameters in `gaugeLieAlgebraStructure`:

⚠️ `[IsManifold I_G ∞ G]` and `[LieGroup I_G ∞ G]` each imply `[HasGroupoid G (contDiffGroupoid ∞ I_G)]`.
💡️ Of these, `[IsManifold I_G ∞ G]` may be removed.

Note: This linter can be disabled with `set_option linter.overlappingInstances false`
PrimalitySheafVerification/Mock2.lean:16834:29: warning: Overlapping instance parameters in `gaugeLieAlgebraNormedAddCommGroup`:

⚠️ `[IsManifold I_G ∞ G]` and `[LieGroup I_G ∞ G]` each imply `[HasGroupoid G (contDiffGroupoid ∞ I_G)]`.
💡️ Of these, `[IsManifold I_G ∞ G]` may be removed.

Note: This linter can be disabled with `set_option linter.overlappingInstances false`
PrimalitySheafVerification/Mock2.lean:16839:29: warning: Overlapping instance parameters in `gaugeLieAlgebraNormedSpace`:

⚠️ `[IsManifold I_G ∞ G]` and `[LieGroup I_G ∞ G]` each imply `[HasGroupoid G (contDiffGroupoid ∞ I_G)]`.
💡️ Of these, `[IsManifold I_G ∞ G]` may be removed.

Note: This linter can be disabled with `set_option linter.overlappingInstances false`
PrimalitySheafVerification/Mock2.lean:16847:7: warning: Overlapping instance parameters in `OneFormValue`:

⚠️ `[IsManifold I_G ∞ G]` and `[LieGroup I_G ∞ G]` each imply `[HasGroupoid G (contDiffGroupoid ∞ I_G)]`.
💡️ Of these, `[IsManifold I_G ∞ G]` may be removed.

Note: This linter can be disabled with `set_option linter.overlappingInstances false`
PrimalitySheafVerification/Mock2.lean:16859:0: warning: Overlapping instance parameters in `instCoeFunForallSubtypeHMemOpensCoverOpenOneFormValue`:

⚠️ `[IsManifold I_G ∞ G]` and `[LieGroup I_G ∞ G]` each imply `[HasGroupoid G (contDiffGroupoid ∞ I_G)]`.
💡️ Of these, `[IsManifold I_G ∞ G]` may be removed.

Note: This linter can be disabled with `set_option linter.overlappingInstances false`
PrimalitySheafVerification/Mock2.lean:16863:7: warning: automatically included section variable(s) unused in theorem `Mock2.Definition15Geometry.SmoothOneForm.ext`:
  [CompleteSpace E_G]
  [Group G]
  [TopologicalSpace G]
  [ChartedSpace H_G G]
  [IsManifold I_G ∞ G]
  [LieGroup I_G ∞ G]
consider restructuring your `variable` declarations so that the variables are not in scope or explicitly omit them:
  omit [CompleteSpace
  E_G] [Group G] [TopologicalSpace G] [ChartedSpace H_G G] [IsManifold I_G ∞ G] [LieGroup I_G ∞ G] in theorem ...

Note: This linter can be disabled with `set_option linter.unusedSectionVars false`
PrimalitySheafVerification/Mock2.lean:16863:15: warning: Overlapping instance parameters in `ext`:

⚠️ `[IsManifold I_G ∞ G]` and `[LieGroup I_G ∞ G]` each imply `[HasGroupoid G (contDiffGroupoid ∞ I_G)]`.
💡️ Of these, `[IsManifold I_G ∞ G]` may be removed.

Note: This linter can be disabled with `set_option linter.overlappingInstances false`
PrimalitySheafVerification/Mock2.lean:16870:8: warning: Overlapping instance parameters in `ext_pointwise`:

⚠️ `[IsManifold I_G ∞ G]` and `[LieGroup I_G ∞ G]` each imply `[HasGroupoid G (contDiffGroupoid ∞ I_G)]`.
💡️ Of these, `[IsManifold I_G ∞ G]` may be removed.

Note: This linter can be disabled with `set_option linter.overlappingInstances false`
PrimalitySheafVerification/Mock2.lean:16875:18: warning: Overlapping instance parameters in `zero`:

⚠️ `[IsManifold I_G ∞ G]` and `[LieGroup I_G ∞ G]` each imply `[HasGroupoid G (contDiffGroupoid ∞ I_G)]`.
💡️ Of these, `[IsManifold I_G ∞ G]` may be removed.

Note: This linter can be disabled with `set_option linter.overlappingInstances false`
PrimalitySheafVerification/Mock2.lean:16882:8: warning: automatically included section variable(s) unused in theorem `Mock2.Definition15Geometry.SmoothOneForm.zero_apply`:
  [CompleteSpace E_G]
  [Group G]
  [TopologicalSpace G]
  [ChartedSpace H_G G]
  [IsManifold I_G ∞ G]
  [LieGroup I_G ∞ G]
consider restructuring your `variable` declarations so that the variables are not in scope or explicitly omit them:
  omit [CompleteSpace
  E_G] [Group G] [TopologicalSpace G] [ChartedSpace H_G G] [IsManifold I_G ∞ G] [LieGroup I_G ∞ G] in theorem ...

Note: This linter can be disabled with `set_option linter.unusedSectionVars false`
PrimalitySheafVerification/Mock2.lean:16882:16: warning: Overlapping instance parameters in `zero_apply`:

⚠️ `[IsManifold I_G ∞ G]` and `[LieGroup I_G ∞ G]` each imply `[HasGroupoid G (contDiffGroupoid ∞ I_G)]`.
💡️ Of these, `[IsManifold I_G ∞ G]` may be removed.

Note: This linter can be disabled with `set_option linter.overlappingInstances false`
PrimalitySheafVerification/Mock2.lean:16887:4: warning: Overlapping instance parameters in `coverInclusion`:

⚠️ `[IsManifold I_G ∞ G]` and `[LieGroup I_G ∞ G]` each imply `[HasGroupoid G (contDiffGroupoid ∞ I_G)]`.
💡️ Of these, `[IsManifold I_G ∞ G]` may be removed.

Note: This linter can be disabled with `set_option linter.overlappingInstances false`
PrimalitySheafVerification/Mock2.lean:16901:18: warning: Overlapping instance parameters in `restrict`:

⚠️ `[IsManifold I_G ∞ G]` and `[LieGroup I_G ∞ G]` each imply `[HasGroupoid G (contDiffGroupoid ∞ I_G)]`.
💡️ Of these, `[IsManifold I_G ∞ G]` may be removed.

Note: This linter can be disabled with `set_option linter.overlappingInstances false`
PrimalitySheafVerification/Mock2.lean:16906:8: warning: automatically included section variable(s) unused in theorem `Mock2.Definition15Geometry.SmoothOneForm.restrict_apply`:
  [CompleteSpace E_G]
  [Group G]
  [TopologicalSpace G]
  [ChartedSpace H_G G]
  [IsManifold I_G ∞ G]
  [LieGroup I_G ∞ G]
consider restructuring your `variable` declarations so that the variables are not in scope or explicitly omit them:
  omit [CompleteSpace
  E_G] [Group G] [TopologicalSpace G] [ChartedSpace H_G G] [IsManifold I_G ∞ G] [LieGroup I_G ∞ G] in theorem ...

Note: This linter can be disabled with `set_option linter.unusedSectionVars false`
PrimalitySheafVerification/Mock2.lean:16906:16: warning: Overlapping instance parameters in `restrict_apply`:

⚠️ `[IsManifold I_G ∞ G]` and `[LieGroup I_G ∞ G]` each imply `[HasGroupoid G (contDiffGroupoid ∞ I_G)]`.
💡️ Of these, `[IsManifold I_G ∞ G]` may be removed.

Note: This linter can be disabled with `set_option linter.overlappingInstances false`
PrimalitySheafVerification/Mock2.lean:16911:16: warning: Overlapping instance parameters in `restrict_id`:

⚠️ `[IsManifold I_G ∞ G]` and `[LieGroup I_G ∞ G]` each imply `[HasGroupoid G (contDiffGroupoid ∞ I_G)]`.
💡️ Of these, `[IsManifold I_G ∞ G]` may be removed.

Note: This linter can be disabled with `set_option linter.overlappingInstances false`
PrimalitySheafVerification/Mock2.lean:16917:8: warning: Overlapping instance parameters in `restrict_comp`:

⚠️ `[IsManifold I_G ∞ G]` and `[LieGroup I_G ∞ G]` each imply `[HasGroupoid G (contDiffGroupoid ∞ I_G)]`.
💡️ Of these, `[IsManifold I_G ∞ G]` may be removed.

Note: This linter can be disabled with `set_option linter.overlappingInstances false`
PrimalitySheafVerification/Mock2.lean:16928:4: warning: Overlapping instance parameters in `coverDeckMap`:

⚠️ `[IsManifold I_G ∞ G]` and `[LieGroup I_G ∞ G]` each imply `[HasGroupoid G (contDiffGroupoid ∞ I_G)]`.
💡️ Of these, `[IsManifold I_G ∞ G]` may be removed.

Note: This linter can be disabled with `set_option linter.overlappingInstances false`
PrimalitySheafVerification/Mock2.lean:16966:4: warning: Overlapping instance parameters in `deckTangentOn`:

⚠️ `[IsManifold I_G ∞ G]` and `[LieGroup I_G ∞ G]` each imply `[HasGroupoid G (contDiffGroupoid ∞ I_G)]`.
💡️ Of these, `[IsManifold I_G ∞ G]` may be removed.

Note: This linter can be disabled with `set_option linter.overlappingInstances false`
PrimalitySheafVerification/Mock2.lean:16977:4: warning: Overlapping instance parameters in `deckPullback`:

⚠️ `[IsManifold I_G ∞ G]` and `[LieGroup I_G ∞ G]` each imply `[HasGroupoid G (contDiffGroupoid ∞ I_G)]`.
💡️ Of these, `[IsManifold I_G ∞ G]` may be removed.

Note: This linter can be disabled with `set_option linter.overlappingInstances false`
PrimalitySheafVerification/Mock2.lean:16985:8: warning: automatically included section variable(s) unused in theorem `Mock2.Definition15Geometry.deckPullback_apply`:
  [CompleteSpace E_G]
  [Group G]
  [TopologicalSpace G]
  [ChartedSpace H_G G]
  [IsManifold I_G ∞ G]
  [LieGroup I_G ∞ G]
consider restructuring your `variable` declarations so that the variables are not in scope or explicitly omit them:
  omit [CompleteSpace
  E_G] [Group G] [TopologicalSpace G] [ChartedSpace H_G G] [IsManifold I_G ∞ G] [LieGroup I_G ∞ G] in theorem ...

Note: This linter can be disabled with `set_option linter.unusedSectionVars false`
PrimalitySheafVerification/Mock2.lean:16985:16: warning: Overlapping instance parameters in `deckPullback_apply`:

⚠️ `[IsManifold I_G ∞ G]` and `[LieGroup I_G ∞ G]` each imply `[HasGroupoid G (contDiffGroupoid ∞ I_G)]`.
💡️ Of these, `[IsManifold I_G ∞ G]` may be removed.

Note: This linter can be disabled with `set_option linter.overlappingInstances false`
PrimalitySheafVerification/Mock2.lean:16991:16: warning: Overlapping instance parameters in `deckPullback_one`:

⚠️ `[IsManifold I_G ∞ G]` and `[LieGroup I_G ∞ G]` each imply `[HasGroupoid G (contDiffGroupoid ∞ I_G)]`.
💡️ Of these, `[IsManifold I_G ∞ G]` may be removed.

Note: This linter can be disabled with `set_option linter.overlappingInstances false`
PrimalitySheafVerification/Mock2.lean:17001:8: warning: Overlapping instance parameters in `deckPullback_mul`:

⚠️ `[IsManifold I_G ∞ G]` and `[LieGroup I_G ∞ G]` each imply `[HasGroupoid G (contDiffGroupoid ∞ I_G)]`.
💡️ Of these, `[IsManifold I_G ∞ G]` may be removed.

Note: This linter can be disabled with `set_option linter.overlappingInstances false`
PrimalitySheafVerification/Mock2.lean:17013:8: warning: Overlapping instance parameters in `deckPullback_restrict`:

⚠️ `[IsManifold I_G ∞ G]` and `[LieGroup I_G ∞ G]` each imply `[HasGroupoid G (contDiffGroupoid ∞ I_G)]`.
💡️ Of these, `[IsManifold I_G ∞ G]` may be removed.

Note: This linter can be disabled with `set_option linter.overlappingInstances false`
PrimalitySheafVerification/Mock2.lean:17026:8: warning: Overlapping instance parameters in `deckPullback_restrict_apply`:

⚠️ `[IsManifold I_G ∞ G]` and `[LieGroup I_G ∞ G]` each imply `[HasGroupoid G (contDiffGroupoid ∞ I_G)]`.
💡️ Of these, `[IsManifold I_G ∞ G]` may be removed.

Note: This linter can be disabled with `set_option linter.overlappingInstances false`
PrimalitySheafVerification/Mock2.lean:17043:4: warning: Overlapping instance parameters in `Equation62`:

⚠️ `[IsManifold I_G ∞ G]` and `[LieGroup I_G ∞ G]` each imply `[HasGroupoid G (contDiffGroupoid ∞ I_G)]`.
💡️ Of these, `[IsManifold I_G ∞ G]` may be removed.

Note: This linter can be disabled with `set_option linter.overlappingInstances false`
PrimalitySheafVerification/Mock2.lean:17049:4: warning: Overlapping instance parameters in `Covariant`:

⚠️ `[IsManifold I_G ∞ G]` and `[LieGroup I_G ∞ G]` each imply `[HasGroupoid G (contDiffGroupoid ∞ I_G)]`.
💡️ Of these, `[IsManifold I_G ∞ G]` may be removed.

Note: This linter can be disabled with `set_option linter.overlappingInstances false`
PrimalitySheafVerification/Mock2.lean:17052:0: warning: automatically included section variable(s) unused in theorem `Mock2.Definition15Geometry.covariant_iff_equation62`:
  [CompleteSpace E_G]
  [Group G]
  [TopologicalSpace G]
  [ChartedSpace H_G G]
  [IsManifold I_G ∞ G]
  [LieGroup I_G ∞ G]
consider restructuring your `variable` declarations so that the variables are not in scope or explicitly omit them:
  omit [CompleteSpace
  E_G] [Group G] [TopologicalSpace G] [ChartedSpace H_G G] [IsManifold I_G ∞ G] [LieGroup I_G ∞ G] in theorem ...

Note: This linter can be disabled with `set_option linter.unusedSectionVars false`
PrimalitySheafVerification/Mock2.lean:17052:8: warning: Overlapping instance parameters in `covariant_iff_equation62`:

⚠️ `[IsManifold I_G ∞ G]` and `[LieGroup I_G ∞ G]` each imply `[HasGroupoid G (contDiffGroupoid ∞ I_G)]`.
💡️ Of these, `[IsManifold I_G ∞ G]` may be removed.

Note: This linter can be disabled with `set_option linter.overlappingInstances false`
PrimalitySheafVerification/Mock2.lean:17062:8: warning: Overlapping instance parameters in `equation62_iff_pointwise`:

⚠️ `[IsManifold I_G ∞ G]` and `[LieGroup I_G ∞ G]` each imply `[HasGroupoid G (contDiffGroupoid ∞ I_G)]`.
💡️ Of these, `[IsManifold I_G ∞ G]` may be removed.

Note: This linter can be disabled with `set_option linter.overlappingInstances false`
PrimalitySheafVerification/Mock2.lean:17078:8: warning: Overlapping instance parameters in `zero_covariant`:

⚠️ `[IsManifold I_G ∞ G]` and `[LieGroup I_G ∞ G]` each imply `[HasGroupoid G (contDiffGroupoid ∞ I_G)]`.
💡️ Of these, `[IsManifold I_G ∞ G]` may be removed.

Note: This linter can be disabled with `set_option linter.overlappingInstances false`
PrimalitySheafVerification/Mock2.lean:17087:0: warning: automatically included section variable(s) unused in theorem `Mock2.Definition15Geometry.equation62_mul_consistent`:
  [CompleteSpace E_G]
  [Group G]
  [TopologicalSpace G]
  [ChartedSpace H_G G]
  [IsManifold I_G ∞ G]
  [LieGroup I_G ∞ G]
consider restructuring your `variable` declarations so that the variables are not in scope or explicitly omit them:
  omit [CompleteSpace
  E_G] [Group G] [TopologicalSpace G] [ChartedSpace H_G G] [IsManifold I_G ∞ G] [LieGroup I_G ∞ G] in theorem ...

Note: This linter can be disabled with `set_option linter.unusedSectionVars false`
PrimalitySheafVerification/Mock2.lean:17087:8: warning: Overlapping instance parameters in `equation62_mul_consistent`:

⚠️ `[IsManifold I_G ∞ G]` and `[LieGroup I_G ∞ G]` each imply `[HasGroupoid G (contDiffGroupoid ∞ I_G)]`.
💡️ Of these, `[IsManifold I_G ∞ G]` may be removed.

Note: This linter can be disabled with `set_option linter.overlappingInstances false`
PrimalitySheafVerification/Mock2.lean:17103:8: warning: Overlapping instance parameters in `equation62_lhs_restrict`:

⚠️ `[IsManifold I_G ∞ G]` and `[LieGroup I_G ∞ G]` each imply `[HasGroupoid G (contDiffGroupoid ∞ I_G)]`.
💡️ Of these, `[IsManifold I_G ∞ G]` may be removed.

Note: This linter can be disabled with `set_option linter.overlappingInstances false`
PrimalitySheafVerification/Mock2.lean:17113:0: warning: automatically included section variable(s) unused in theorem `Mock2.Definition15Geometry.equation62_rhs_restrict`:
  [CompleteSpace E_G]
  [Group G]
  [TopologicalSpace G]
  [ChartedSpace H_G G]
  [IsManifold I_G ∞ G]
  [LieGroup I_G ∞ G]
consider restructuring your `variable` declarations so that the variables are not in scope or explicitly omit them:
  omit [CompleteSpace
  E_G] [Group G] [TopologicalSpace G] [ChartedSpace H_G G] [IsManifold I_G ∞ G] [LieGroup I_G ∞ G] in theorem ...

Note: This linter can be disabled with `set_option linter.unusedSectionVars false`
PrimalitySheafVerification/Mock2.lean:17113:8: warning: Overlapping instance parameters in `equation62_rhs_restrict`:

⚠️ `[IsManifold I_G ∞ G]` and `[LieGroup I_G ∞ G]` each imply `[HasGroupoid G (contDiffGroupoid ∞ I_G)]`.
💡️ Of these, `[IsManifold I_G ∞ G]` may be removed.

Note: This linter can be disabled with `set_option linter.overlappingInstances false`
PrimalitySheafVerification/Mock2.lean:17126:8: warning: Overlapping instance parameters in `equation62_restrict`:

⚠️ `[IsManifold I_G ∞ G]` and `[LieGroup I_G ∞ G]` each imply `[HasGroupoid G (contDiffGroupoid ∞ I_G)]`.
💡️ Of these, `[IsManifold I_G ∞ G]` may be removed.

Note: This linter can be disabled with `set_option linter.overlappingInstances false`
PrimalitySheafVerification/Mock2.lean:17154:7: warning: automatically included section variable(s) unused in theorem `Mock2.Definition15Geometry.QuotientTwistedOneForm.ext`:
  [CompleteSpace E_G]
  [Group G]
  [TopologicalSpace G]
  [ChartedSpace H_G G]
  [IsManifold I_G ∞ G]
  [LieGroup I_G ∞ G]
consider restructuring your `variable` declarations so that the variables are not in scope or explicitly omit them:
  omit [CompleteSpace
  E_G] [Group G] [TopologicalSpace G] [ChartedSpace H_G G] [IsManifold I_G ∞ G] [LieGroup I_G ∞ G] in theorem ...

Note: This linter can be disabled with `set_option linter.unusedSectionVars false`
PrimalitySheafVerification/Mock2.lean:17154:15: warning: Overlapping instance parameters in `ext`:

⚠️ `[IsManifold I_G ∞ G]` and `[LieGroup I_G ∞ G]` each imply `[HasGroupoid G (contDiffGroupoid ∞ I_G)]`.
💡️ Of these, `[IsManifold I_G ∞ G]` may be removed.

Note: This linter can be disabled with `set_option linter.overlappingInstances false`
PrimalitySheafVerification/Mock2.lean:17163:18: warning: Overlapping instance parameters in `restrict`:

⚠️ `[IsManifold I_G ∞ G]` and `[LieGroup I_G ∞ G]` each imply `[HasGroupoid G (contDiffGroupoid ∞ I_G)]`.
💡️ Of these, `[IsManifold I_G ∞ G]` may be removed.

Note: This linter can be disabled with `set_option linter.overlappingInstances false`
PrimalitySheafVerification/Mock2.lean:17169:16: warning: Overlapping instance parameters in `restrict_lift`:

⚠️ `[IsManifold I_G ∞ G]` and `[LieGroup I_G ∞ G]` each imply `[HasGroupoid G (contDiffGroupoid ∞ I_G)]`.
💡️ Of these, `[IsManifold I_G ∞ G]` may be removed.

Note: This linter can be disabled with `set_option linter.overlappingInstances false`
PrimalitySheafVerification/Mock2.lean:17175:16: warning: Overlapping instance parameters in `restrict_id`:

⚠️ `[IsManifold I_G ∞ G]` and `[LieGroup I_G ∞ G]` each imply `[HasGroupoid G (contDiffGroupoid ∞ I_G)]`.
💡️ Of these, `[IsManifold I_G ∞ G]` may be removed.

Note: This linter can be disabled with `set_option linter.overlappingInstances false`
PrimalitySheafVerification/Mock2.lean:17181:8: warning: Overlapping instance parameters in `restrict_comp`:

⚠️ `[IsManifold I_G ∞ G]` and `[LieGroup I_G ∞ G]` each imply `[HasGroupoid G (contDiffGroupoid ∞ I_G)]`.
💡️ Of these, `[IsManifold I_G ∞ G]` may be removed.

Note: This linter can be disabled with `set_option linter.overlappingInstances false`
PrimalitySheafVerification/Mock2.lean:17191:4: warning: Overlapping instance parameters in `CovariantLift`:

⚠️ `[IsManifold I_G ∞ G]` and `[LieGroup I_G ∞ G]` each imply `[HasGroupoid G (contDiffGroupoid ∞ I_G)]`.
💡️ Of these, `[IsManifold I_G ∞ G]` may be removed.

Note: This linter can be disabled with `set_option linter.overlappingInstances false`
PrimalitySheafVerification/Mock2.lean:17195:4: warning: Overlapping instance parameters in `descentEquiv`:

⚠️ `[IsManifold I_G ∞ G]` and `[LieGroup I_G ∞ G]` each imply `[HasGroupoid G (contDiffGroupoid ∞ I_G)]`.
💡️ Of these, `[IsManifold I_G ∞ G]` may be removed.

Note: This linter can be disabled with `set_option linter.overlappingInstances false`
PrimalitySheafVerification/Mock2.lean:17203:4: warning: Overlapping instance parameters in `quotientFormPresheaf`:

⚠️ `[IsManifold I_G ∞ G]` and `[LieGroup I_G ∞ G]` each imply `[HasGroupoid G (contDiffGroupoid ∞ I_G)]`.
💡️ Of these, `[IsManifold I_G ∞ G]` may be removed.

Note: This linter can be disabled with `set_option linter.overlappingInstances false`
PrimalitySheafVerification/Mock2.lean:17209:8: warning: automatically included section variable(s) unused in theorem `Mock2.Definition15Geometry.descentEquiv_apply_val`:
  [CompleteSpace E_G]
  [Group G]
  [TopologicalSpace G]
  [ChartedSpace H_G G]
  [IsManifold I_G ∞ G]
  [LieGroup I_G ∞ G]
consider restructuring your `variable` declarations so that the variables are not in scope or explicitly omit them:
  omit [CompleteSpace
  E_G] [Group G] [TopologicalSpace G] [ChartedSpace H_G G] [IsManifold I_G ∞ G] [LieGroup I_G ∞ G] in theorem ...

Note: This linter can be disabled with `set_option linter.unusedSectionVars false`
PrimalitySheafVerification/Mock2.lean:17209:16: warning: Overlapping instance parameters in `descentEquiv_apply_val`:

⚠️ `[IsManifold I_G ∞ G]` and `[LieGroup I_G ∞ G]` each imply `[HasGroupoid G (contDiffGroupoid ∞ I_G)]`.
💡️ Of these, `[IsManifold I_G ∞ G]` may be removed.

Note: This linter can be disabled with `set_option linter.overlappingInstances false`
PrimalitySheafVerification/Mock2.lean:17214:8: warning: automatically included section variable(s) unused in theorem `Mock2.Definition15Geometry.descentEquiv_symm_apply_lift`:
  [CompleteSpace E_G]
  [Group G]
  [TopologicalSpace G]
  [ChartedSpace H_G G]
  [IsManifold I_G ∞ G]
  [LieGroup I_G ∞ G]
consider restructuring your `variable` declarations so that the variables are not in scope or explicitly omit them:
  omit [CompleteSpace
  E_G] [Group G] [TopologicalSpace G] [ChartedSpace H_G G] [IsManifold I_G ∞ G] [LieGroup I_G ∞ G] in theorem ...

Note: This linter can be disabled with `set_option linter.unusedSectionVars false`
PrimalitySheafVerification/Mock2.lean:17214:16: warning: Overlapping instance parameters in `descentEquiv_symm_apply_lift`:

⚠️ `[IsManifold I_G ∞ G]` and `[LieGroup I_G ∞ G]` each imply `[HasGroupoid G (contDiffGroupoid ∞ I_G)]`.
💡️ Of these, `[IsManifold I_G ∞ G]` may be removed.

Note: This linter can be disabled with `set_option linter.overlappingInstances false`
PrimalitySheafVerification/Mock2.lean:17220:4: warning: Overlapping instance parameters in `zeroQuotientTwistedOneForm`:

⚠️ `[IsManifold I_G ∞ G]` and `[LieGroup I_G ∞ G]` each imply `[HasGroupoid G (contDiffGroupoid ∞ I_G)]`.
💡️ Of these, `[IsManifold I_G ∞ G]` may be removed.

Note: This linter can be disabled with `set_option linter.overlappingInstances false`
PrimalitySheafVerification/Mock2.lean:17226:7: warning: Overlapping instance parameters in `liftedFormPresheaf`:

⚠️ `[IsManifold I_G ∞ G]` and `[LieGroup I_G ∞ G]` each imply `[HasGroupoid G (contDiffGroupoid ∞ I_G)]`.
💡️ Of these, `[IsManifold I_G ∞ G]` may be removed.

Note: This linter can be disabled with `set_option linter.overlappingInstances false`
PrimalitySheafVerification/Mock2.lean:17233:4: warning: Overlapping instance parameters in `liftedFormQGaugePresheaf`:

⚠️ `[IsManifold I_G ∞ G]` and `[LieGroup I_G ∞ G]` each imply `[HasGroupoid G (contDiffGroupoid ∞ I_G)]`.
💡️ Of these, `[IsManifold I_G ∞ G]` may be removed.

Note: This linter can be disabled with `set_option linter.overlappingInstances false`
PrimalitySheafVerification/Mock2.lean:17239:16: warning: Overlapping instance parameters in `liftedFormQGaugePresheaf_res`:

⚠️ `[IsManifold I_G ∞ G]` and `[LieGroup I_G ∞ G]` each imply `[HasGroupoid G (contDiffGroupoid ∞ I_G)]`.
💡️ Of these, `[IsManifold I_G ∞ G]` may be removed.

Note: This linter can be disabled with `set_option linter.overlappingInstances false`
PrimalitySheafVerification/Mock2.lean:17246:8: warning: Overlapping instance parameters in `liftedFormQGauge_toPresheafLike`:

⚠️ `[IsManifold I_G ∞ G]` and `[LieGroup I_G ∞ G]` each imply `[HasGroupoid G (contDiffGroupoid ∞ I_G)]`.
💡️ Of these, `[IsManifold I_G ∞ G]` may be removed.

Note: This linter can be disabled with `set_option linter.overlappingInstances false`
PrimalitySheafVerification/Mock2.lean:17252:4: warning: Overlapping instance parameters in `equation62CovariancePredicate`:

⚠️ `[IsManifold I_G ∞ G]` and `[LieGroup I_G ∞ G]` each imply `[HasGroupoid G (contDiffGroupoid ∞ I_G)]`.
💡️ Of these, `[IsManifold I_G ∞ G]` may be removed.

Note: This linter can be disabled with `set_option linter.overlappingInstances false`
PrimalitySheafVerification/Mock2.lean:17257:4: warning: Overlapping instance parameters in `equation62ModularCovarianceData`:

⚠️ `[IsManifold I_G ∞ G]` and `[LieGroup I_G ∞ G]` each imply `[HasGroupoid G (contDiffGroupoid ∞ I_G)]`.
💡️ Of these, `[IsManifold I_G ∞ G]` may be removed.

Note: This linter can be disabled with `set_option linter.overlappingInstances false`
PrimalitySheafVerification/Mock2.lean:17264:8: warning: Overlapping instance parameters in `equation62ModularCovarianceRestrictionStable`:

⚠️ `[IsManifold I_G ∞ G]` and `[LieGroup I_G ∞ G]` each imply `[HasGroupoid G (contDiffGroupoid ∞ I_G)]`.
💡️ Of these, `[IsManifold I_G ∞ G]` may be removed.

Note: This linter can be disabled with `set_option linter.overlappingInstances false`
PrimalitySheafVerification/Mock2.lean:17271:0: warning: Definition `equation62RestrictionStable` is a proposition; use `theorem` instead of `def`

Note: This linter can be disabled with `set_option linter.defProp false`
PrimalitySheafVerification/Mock2.lean:17273:4: warning: Overlapping instance parameters in `equation62RestrictionStable`:

⚠️ `[IsManifold I_G ∞ G]` and `[LieGroup I_G ∞ G]` each imply `[HasGroupoid G (contDiffGroupoid ∞ I_G)]`.
💡️ Of these, `[IsManifold I_G ∞ G]` may be removed.

Note: This linter can be disabled with `set_option linter.overlappingInstances false`
PrimalitySheafVerification/Mock2.lean:17286:7: warning: Overlapping instance parameters in `AqEquation62`:

⚠️ `[IsManifold I_G ∞ G]` and `[LieGroup I_G ∞ G]` each imply `[HasGroupoid G (contDiffGroupoid ∞ I_G)]`.
💡️ Of these, `[IsManifold I_G ∞ G]` may be removed.

Note: This linter can be disabled with `set_option linter.overlappingInstances false`
PrimalitySheafVerification/Mock2.lean:17291:4: warning: Overlapping instance parameters in `AqEquation62Presheaf`:

⚠️ `[IsManifold I_G ∞ G]` and `[LieGroup I_G ∞ G]` each imply `[HasGroupoid G (contDiffGroupoid ∞ I_G)]`.
💡️ Of these, `[IsManifold I_G ∞ G]` may be removed.

Note: This linter can be disabled with `set_option linter.overlappingInstances false`
PrimalitySheafVerification/Mock2.lean:17298:4: warning: Overlapping instance parameters in `zeroAqEquation62`:

⚠️ `[IsManifold I_G ∞ G]` and `[LieGroup I_G ∞ G]` each imply `[HasGroupoid G (contDiffGroupoid ∞ I_G)]`.
💡️ Of these, `[IsManifold I_G ∞ G]` may be removed.

Note: This linter can be disabled with `set_option linter.overlappingInstances false`
PrimalitySheafVerification/Mock2.lean:17301:16: warning: Overlapping instance parameters in `zeroAqEquation62_val`:

⚠️ `[IsManifold I_G ∞ G]` and `[LieGroup I_G ∞ G]` each imply `[HasGroupoid G (contDiffGroupoid ∞ I_G)]`.
💡️ Of these, `[IsManifold I_G ∞ G]` may be removed.

Note: This linter can be disabled with `set_option linter.overlappingInstances false`
PrimalitySheafVerification/Mock2.lean:17307:4: warning: Overlapping instance parameters in `quotientTwistedOneFormEquivAq`:

⚠️ `[IsManifold I_G ∞ G]` and `[LieGroup I_G ∞ G]` each imply `[HasGroupoid G (contDiffGroupoid ∞ I_G)]`.
💡️ Of these, `[IsManifold I_G ∞ G]` may be removed.

Note: This linter can be disabled with `set_option linter.overlappingInstances false`
PrimalitySheafVerification/Mock2.lean:17312:8: warning: Overlapping instance parameters in `quotientTwistedOneFormEquivAq_natural`:

⚠️ `[IsManifold I_G ∞ G]` and `[LieGroup I_G ∞ G]` each imply `[HasGroupoid G (contDiffGroupoid ∞ I_G)]`.
💡️ Of these, `[IsManifold I_G ∞ G]` may be removed.

Note: This linter can be disabled with `set_option linter.overlappingInstances false`
PrimalitySheafVerification/Mock2.lean:17325:8: warning: Overlapping instance parameters in `lemma6_1`:

⚠️ `[IsManifold I_G ∞ G]` and `[LieGroup I_G ∞ G]` each imply `[HasGroupoid G (contDiffGroupoid ∞ I_G)]`.
💡️ Of these, `[IsManifold I_G ∞ G]` may be removed.

Note: This linter can be disabled with `set_option linter.overlappingInstances false`
PrimalitySheafVerification/Mock2.lean:17336:8: warning: Overlapping instance parameters in `lemma6_1_exact`:

⚠️ `[IsManifold I_G ∞ G]` and `[LieGroup I_G ∞ G]` each imply `[HasGroupoid G (contDiffGroupoid ∞ I_G)]`.
💡️ Of these, `[IsManifold I_G ∞ G]` may be removed.

Note: This linter can be disabled with `set_option linter.overlappingInstances false`
PrimalitySheafVerification/Mock2.lean:17346:21: warning: Variable name `hVU` is not explicitly referenced.

Hint: The binding can be removed (if unused) or named `_` (if used implicitly). Alternatively, prefix the name with `_` to silence this warning:
  [apply] _hVU

Note: This linter can be disabled with `set_option linter.unusedVariables false`
PrimalitySheafVerification/Mock2.lean:17393:0: warning: Definition `lemma6_1_certificate` is a proposition; use `theorem` instead of `def`

Note: This linter can be disabled with `set_option linter.defProp false`
PrimalitySheafVerification/Mock2.lean:17394:4: warning: Overlapping instance parameters in `lemma6_1_certificate`:

⚠️ `[IsManifold I_G ∞ G]` and `[LieGroup I_G ∞ G]` each imply `[HasGroupoid G (contDiffGroupoid ∞ I_G)]`.
💡️ Of these, `[IsManifold I_G ∞ G]` may be removed.

Note: This linter can be disabled with `set_option linter.overlappingInstances false`
PrimalitySheafVerification/Mock2.lean:17415:16: warning: Overlapping instance parameters in `liftedFormPresheaf_res`:

⚠️ `[IsManifold I_G ∞ G]` and `[LieGroup I_G ∞ G]` each imply `[HasGroupoid G (contDiffGroupoid ∞ I_G)]`.
💡️ Of these, `[IsManifold I_G ∞ G]` may be removed.

Note: This linter can be disabled with `set_option linter.overlappingInstances false`
PrimalitySheafVerification/Mock2.lean:17422:16: warning: Overlapping instance parameters in `liftedFormPresheaf_res_id`:

⚠️ `[IsManifold I_G ∞ G]` and `[LieGroup I_G ∞ G]` each imply `[HasGroupoid G (contDiffGroupoid ∞ I_G)]`.
💡️ Of these, `[IsManifold I_G ∞ G]` may be removed.

Note: This linter can be disabled with `set_option linter.overlappingInstances false`
PrimalitySheafVerification/Mock2.lean:17428:8: warning: Overlapping instance parameters in `liftedFormPresheaf_res_comp`:

⚠️ `[IsManifold I_G ∞ G]` and `[LieGroup I_G ∞ G]` each imply `[HasGroupoid G (contDiffGroupoid ∞ I_G)]`.
💡️ Of these, `[IsManifold I_G ∞ G]` may be removed.

Note: This linter can be disabled with `set_option linter.overlappingInstances false`
PrimalitySheafVerification/Mock2.lean:17440:8: warning: Variable name `U` is not explicitly referenced.

Hint: The binding can be removed (if unused) or named `_` (if used implicitly). Alternatively, prefix the name with `_` to silence this warning:
  [apply] _U

Note: This linter can be disabled with `set_option linter.unusedVariables false`
PrimalitySheafVerification/Mock2.lean:17442:7: warning: Variable name `U` is not explicitly referenced.

Hint: The binding can be removed (if unused) or named `_` (if used implicitly). Alternatively, prefix the name with `_` to silence this warning:
  [apply] _U

Note: This linter can be disabled with `set_option linter.unusedVariables false`
PrimalitySheafVerification/Mock2.lean:17442:9: warning: Variable name `V` is not explicitly referenced.

Hint: The binding can be removed (if unused) or named `_` (if used implicitly). Alternatively, prefix the name with `_` to silence this warning:
  [apply] _V

Note: This linter can be disabled with `set_option linter.unusedVariables false`
PrimalitySheafVerification/Mock2.lean:17442:14: warning: Variable name `f` is not explicitly referenced.

Hint: The binding can be removed (if unused) or named `_` (if used implicitly). Alternatively, prefix the name with `_` to silence this warning:
  [apply] _f

Note: This linter can be disabled with `set_option linter.unusedVariables false`
PrimalitySheafVerification/Mock2.lean:17437:4: warning: Overlapping instance parameters in `strictSmoothOneFormPrelocalPredicate`:

⚠️ `[IsManifold I_G ∞ G]` and `[LieGroup I_G ∞ G]` each imply `[HasGroupoid G (contDiffGroupoid ∞ I_G)]`.
💡️ Of these, `[IsManifold I_G ∞ G]` may be removed.

Note: This linter can be disabled with `set_option linter.overlappingInstances false`
PrimalitySheafVerification/Mock2.lean:17447:4: warning: Overlapping instance parameters in `strictSmoothOneFormLocalPredicate`:

⚠️ `[IsManifold I_G ∞ G]` and `[LieGroup I_G ∞ G]` each imply `[HasGroupoid G (contDiffGroupoid ∞ I_G)]`.
💡️ Of these, `[IsManifold I_G ∞ G]` may be removed.

Note: This linter can be disabled with `set_option linter.overlappingInstances false`
PrimalitySheafVerification/Mock2.lean:17454:18: warning: Overlapping instance parameters in `strictGlueIndex`:

⚠️ `[IsManifold I_G ∞ G]` and `[LieGroup I_G ∞ G]` each imply `[HasGroupoid G (contDiffGroupoid ∞ I_G)]`.
💡️ Of these, `[IsManifold I_G ∞ G]` may be removed.

Note: This linter can be disabled with `set_option linter.overlappingInstances false`
PrimalitySheafVerification/Mock2.lean:17468:4: warning: Overlapping instance parameters in `strictGluePoint`:

⚠️ `[IsManifold I_G ∞ G]` and `[LieGroup I_G ∞ G]` each imply `[HasGroupoid G (contDiffGroupoid ∞ I_G)]`.
💡️ Of these, `[IsManifold I_G ∞ G]` may be removed.

Note: This linter can be disabled with `set_option linter.overlappingInstances false`
PrimalitySheafVerification/Mock2.lean:17475:4: warning: Overlapping instance parameters in `strictOverlapPoint`:

⚠️ `[IsManifold I_G ∞ G]` and `[LieGroup I_G ∞ G]` each imply `[HasGroupoid G (contDiffGroupoid ∞ I_G)]`.
💡️ Of these, `[IsManifold I_G ∞ G]` may be removed.

Note: This linter can be disabled with `set_option linter.overlappingInstances false`
PrimalitySheafVerification/Mock2.lean:17485:8: warning: Overlapping instance parameters in `strictCompatible_eval`:

⚠️ `[IsManifold I_G ∞ G]` and `[LieGroup I_G ∞ G]` each imply `[HasGroupoid G (contDiffGroupoid ∞ I_G)]`.
💡️ Of these, `[IsManifold I_G ∞ G]` may be removed.

Note: This linter can be disabled with `set_option linter.overlappingInstances false`
PrimalitySheafVerification/Mock2.lean:17515:18: warning: Overlapping instance parameters in `strictGluedToFun`:

⚠️ `[IsManifold I_G ∞ G]` and `[LieGroup I_G ∞ G]` each imply `[HasGroupoid G (contDiffGroupoid ∞ I_G)]`.
💡️ Of these, `[IsManifold I_G ∞ G]` may be removed.

Note: This linter can be disabled with `set_option linter.overlappingInstances false`
PrimalitySheafVerification/Mock2.lean:17523:8: warning: Overlapping instance parameters in `strictGluedToFun_eq_of_mem`:

⚠️ `[IsManifold I_G ∞ G]` and `[LieGroup I_G ∞ G]` each imply `[HasGroupoid G (contDiffGroupoid ∞ I_G)]`.
💡️ Of these, `[IsManifold I_G ∞ G]` may be removed.

Note: This linter can be disabled with `set_option linter.overlappingInstances false`
PrimalitySheafVerification/Mock2.lean:17540:8: warning: Overlapping instance parameters in `strictGluedToFun_eq_on_piece`:

⚠️ `[IsManifold I_G ∞ G]` and `[LieGroup I_G ∞ G]` each imply `[HasGroupoid G (contDiffGroupoid ∞ I_G)]`.
💡️ Of these, `[IsManifold I_G ∞ G]` may be removed.

Note: This linter can be disabled with `set_option linter.overlappingInstances false`
PrimalitySheafVerification/Mock2.lean:17566:8: warning: Overlapping instance parameters in `strictGluedToFun_contMDiff`:

⚠️ `[IsManifold I_G ∞ G]` and `[LieGroup I_G ∞ G]` each imply `[HasGroupoid G (contDiffGroupoid ∞ I_G)]`.
💡️ Of these, `[IsManifold I_G ∞ G]` may be removed.

Note: This linter can be disabled with `set_option linter.overlappingInstances false`
PrimalitySheafVerification/Mock2.lean:17609:18: warning: Overlapping instance parameters in `strictSmoothOneFormGlue`:

⚠️ `[IsManifold I_G ∞ G]` and `[LieGroup I_G ∞ G]` each imply `[HasGroupoid G (contDiffGroupoid ∞ I_G)]`.
💡️ Of these, `[IsManifold I_G ∞ G]` may be removed.

Note: This linter can be disabled with `set_option linter.overlappingInstances false`
PrimalitySheafVerification/Mock2.lean:17619:16: warning: Overlapping instance parameters in `strictSmoothOneFormGlue_restrict_apply`:

⚠️ `[IsManifold I_G ∞ G]` and `[LieGroup I_G ∞ G]` each imply `[HasGroupoid G (contDiffGroupoid ∞ I_G)]`.
💡️ Of these, `[IsManifold I_G ∞ G]` may be removed.

Note: This linter can be disabled with `set_option linter.overlappingInstances false`
PrimalitySheafVerification/Mock2.lean:17630:8: warning: Overlapping instance parameters in `strictSmoothOneFormGlue_isGluing`:

⚠️ `[IsManifold I_G ∞ G]` and `[LieGroup I_G ∞ G]` each imply `[HasGroupoid G (contDiffGroupoid ∞ I_G)]`.
💡️ Of these, `[IsManifold I_G ∞ G]` may be removed.

Note: This linter can be disabled with `set_option linter.overlappingInstances false`
PrimalitySheafVerification/Mock2.lean:17643:8: warning: Overlapping instance parameters in `strictSmoothOneForm_locality`:

⚠️ `[IsManifold I_G ∞ G]` and `[LieGroup I_G ∞ G]` each imply `[HasGroupoid G (contDiffGroupoid ∞ I_G)]`.
💡️ Of these, `[IsManifold I_G ∞ G]` may be removed.

Note: This linter can be disabled with `set_option linter.overlappingInstances false`
PrimalitySheafVerification/Mock2.lean:17668:8: warning: Overlapping instance parameters in `strictSmoothOneForm_gluing_exists`:

⚠️ `[IsManifold I_G ∞ G]` and `[LieGroup I_G ∞ G]` each imply `[HasGroupoid G (contDiffGroupoid ∞ I_G)]`.
💡️ Of these, `[IsManifold I_G ∞ G]` may be removed.

Note: This linter can be disabled with `set_option linter.overlappingInstances false`
PrimalitySheafVerification/Mock2.lean:17678:8: warning: Overlapping instance parameters in `strictSmoothOneForm_gluing_unique`:

⚠️ `[IsManifold I_G ∞ G]` and `[LieGroup I_G ∞ G]` each imply `[HasGroupoid G (contDiffGroupoid ∞ I_G)]`.
💡️ Of these, `[IsManifold I_G ∞ G]` may be removed.

Note: This linter can be disabled with `set_option linter.overlappingInstances false`
PrimalitySheafVerification/Mock2.lean:17690:0: warning: Definition `strictSmoothOneFormIsSheaf` is a proposition; use `theorem` instead of `def`

Note: This linter can be disabled with `set_option linter.defProp false`
PrimalitySheafVerification/Mock2.lean:17691:4: warning: Overlapping instance parameters in `strictSmoothOneFormIsSheaf`:

⚠️ `[IsManifold I_G ∞ G]` and `[LieGroup I_G ∞ G]` each imply `[HasGroupoid G (contDiffGroupoid ∞ I_G)]`.
💡️ Of these, `[IsManifold I_G ∞ G]` may be removed.

Note: This linter can be disabled with `set_option linter.overlappingInstances false`
PrimalitySheafVerification/Mock2.lean:17699:8: warning: Overlapping instance parameters in `equation62_of_cover_restrictions`:

⚠️ `[IsManifold I_G ∞ G]` and `[LieGroup I_G ∞ G]` each imply `[HasGroupoid G (contDiffGroupoid ∞ I_G)]`.
💡️ Of these, `[IsManifold I_G ∞ G]` may be removed.

Note: This linter can be disabled with `set_option linter.overlappingInstances false`
PrimalitySheafVerification/Mock2.lean:17733:0: warning: Definition `equation62IsLocalCovariance` is a proposition; use `theorem` instead of `def`

Note: This linter can be disabled with `set_option linter.defProp false`
PrimalitySheafVerification/Mock2.lean:17734:4: warning: Overlapping instance parameters in `equation62IsLocalCovariance`:

⚠️ `[IsManifold I_G ∞ G]` and `[LieGroup I_G ∞ G]` each imply `[HasGroupoid G (contDiffGroupoid ∞ I_G)]`.
💡️ Of these, `[IsManifold I_G ∞ G]` may be removed.

Note: This linter can be disabled with `set_option linter.overlappingInstances false`
PrimalitySheafVerification/Mock2.lean:17744:8: warning: Overlapping instance parameters in `strictGluedLift_covariant`:

⚠️ `[IsManifold I_G ∞ G]` and `[LieGroup I_G ∞ G]` each imply `[HasGroupoid G (contDiffGroupoid ∞ I_G)]`.
💡️ Of these, `[IsManifold I_G ∞ G]` may be removed.

Note: This linter can be disabled with `set_option linter.overlappingInstances false`
PrimalitySheafVerification/Mock2.lean:17762:8: warning: Overlapping instance parameters in `strictChosenGluedLift_covariant`:

⚠️ `[IsManifold I_G ∞ G]` and `[LieGroup I_G ∞ G]` each imply `[HasGroupoid G (contDiffGroupoid ∞ I_G)]`.
💡️ Of these, `[IsManifold I_G ∞ G]` may be removed.

Note: This linter can be disabled with `set_option linter.overlappingInstances false`
PrimalitySheafVerification/Mock2.lean:17789:4: warning: Overlapping instance parameters in `strictEqualityTwistedOneFormPresheaf`:

⚠️ `[IsManifold I_G ∞ G]` and `[LieGroup I_G ∞ G]` each imply `[HasGroupoid G (contDiffGroupoid ∞ I_G)]`.
💡️ Of these, `[IsManifold I_G ∞ G]` may be removed.

Note: This linter can be disabled with `set_option linter.overlappingInstances false`
PrimalitySheafVerification/Mock2.lean:17797:4: warning: Overlapping instance parameters in `strictEqualityOverlapCompatibility`:

⚠️ `[IsManifold I_G ∞ G]` and `[LieGroup I_G ∞ G]` each imply `[HasGroupoid G (contDiffGroupoid ∞ I_G)]`.
💡️ Of these, `[IsManifold I_G ∞ G]` may be removed.

Note: This linter can be disabled with `set_option linter.overlappingInstances false`
PrimalitySheafVerification/Mock2.lean:17804:8: warning: Overlapping instance parameters in `strictEqualityOverlapCompatibility_iff_literal`:

⚠️ `[IsManifold I_G ∞ G]` and `[LieGroup I_G ∞ G]` each imply `[HasGroupoid G (contDiffGroupoid ∞ I_G)]`.
💡️ Of these, `[IsManifold I_G ∞ G]` may be removed.

Note: This linter can be disabled with `set_option linter.overlappingInstances false`
PrimalitySheafVerification/Mock2.lean:17818:8: warning: Overlapping instance parameters in `proposition16_strictEqualityTwistedOneForm_isSheaf`:

⚠️ `[IsManifold I_G ∞ G]` and `[LieGroup I_G ∞ G]` each imply `[HasGroupoid G (contDiffGroupoid ∞ I_G)]`.
💡️ Of these, `[IsManifold I_G ∞ G]` may be removed.

Note: This linter can be disabled with `set_option linter.overlappingInstances false`
PrimalitySheafVerification/Mock2.lean:17889:0: warning: Definition `proposition16_strictEquality_certificate` is a proposition; use `theorem` instead of `def`

Note: This linter can be disabled with `set_option linter.defProp false`
PrimalitySheafVerification/Mock2.lean:17891:4: warning: Overlapping instance parameters in `proposition16_strictEquality_certificate`:

⚠️ `[IsManifold I_G ∞ G]` and `[LieGroup I_G ∞ G]` each imply `[HasGroupoid G (contDiffGroupoid ∞ I_G)]`.
💡️ Of these, `[IsManifold I_G ∞ G]` may be removed.

Note: This linter can be disabled with `set_option linter.overlappingInstances false`
PrimalitySheafVerification/Mock2.lean:18006:0: warning: Definition `certificate` is a proposition; use `theorem` instead of `def`

Note: This linter can be disabled with `set_option linter.defProp false`
PrimalitySheafVerification/Mock2.lean:18008:18: warning: Overlapping instance parameters in `certificate`:

⚠️ `[IsManifold I_G ∞ G]` and `[LieGroup I_G ∞ G]` each imply `[HasGroupoid G (contDiffGroupoid ∞ I_G)]`.
💡️ Of these, `[IsManifold I_G ∞ G]` may be removed.

Note: This linter can be disabled with `set_option linter.overlappingInstances false`
PrimalitySheafVerification/Mock2.lean:18044:4: warning: Overlapping instance parameters in `add`:

⚠️ `[IsManifold I_G ∞ G]` and `[LieGroup I_G ∞ G]` each imply `[HasGroupoid G (contDiffGroupoid ∞ I_G)]`.
💡️ Of these, `[IsManifold I_G ∞ G]` may be removed.

Note: This linter can be disabled with `set_option linter.overlappingInstances false`
PrimalitySheafVerification/Mock2.lean:18050:4: warning: Overlapping instance parameters in `neg`:

⚠️ `[IsManifold I_G ∞ G]` and `[LieGroup I_G ∞ G]` each imply `[HasGroupoid G (contDiffGroupoid ∞ I_G)]`.
💡️ Of these, `[IsManifold I_G ∞ G]` may be removed.

Note: This linter can be disabled with `set_option linter.overlappingInstances false`
PrimalitySheafVerification/Mock2.lean:18055:9: warning: Overlapping instance parameters in `smoothOneFormAddCommGroup`:

⚠️ `[IsManifold I_G ∞ G]` and `[LieGroup I_G ∞ G]` each imply `[HasGroupoid G (contDiffGroupoid ∞ I_G)]`.
💡️ Of these, `[IsManifold I_G ∞ G]` may be removed.

Note: This linter can be disabled with `set_option linter.overlappingInstances false`
PrimalitySheafVerification/Mock2.lean:18081:16: warning: Overlapping instance parameters in `add_apply`:

⚠️ `[IsManifold I_G ∞ G]` and `[LieGroup I_G ∞ G]` each imply `[HasGroupoid G (contDiffGroupoid ∞ I_G)]`.
💡️ Of these, `[IsManifold I_G ∞ G]` may be removed.

Note: This linter can be disabled with `set_option linter.overlappingInstances false`
PrimalitySheafVerification/Mock2.lean:18085:16: warning: Overlapping instance parameters in `neg_apply`:

⚠️ `[IsManifold I_G ∞ G]` and `[LieGroup I_G ∞ G]` each imply `[HasGroupoid G (contDiffGroupoid ∞ I_G)]`.
💡️ Of these, `[IsManifold I_G ∞ G]` may be removed.

Note: This linter can be disabled with `set_option linter.overlappingInstances false`
PrimalitySheafVerification/Mock2.lean:18089:8: warning: Overlapping instance parameters in `restrict_add`:

⚠️ `[IsManifold I_G ∞ G]` and `[LieGroup I_G ∞ G]` each imply `[HasGroupoid G (contDiffGroupoid ∞ I_G)]`.
💡️ Of these, `[IsManifold I_G ∞ G]` may be removed.

Note: This linter can be disabled with `set_option linter.overlappingInstances false`
PrimalitySheafVerification/Mock2.lean:18097:8: warning: Overlapping instance parameters in `restrict_neg`:

⚠️ `[IsManifold I_G ∞ G]` and `[LieGroup I_G ∞ G]` each imply `[HasGroupoid G (contDiffGroupoid ∞ I_G)]`.
💡️ Of these, `[IsManifold I_G ∞ G]` may be removed.

Note: This linter can be disabled with `set_option linter.overlappingInstances false`
PrimalitySheafVerification/Mock2.lean:18106:8: warning: Overlapping instance parameters in `deckPullback_add`:

⚠️ `[IsManifold I_G ∞ G]` and `[LieGroup I_G ∞ G]` each imply `[HasGroupoid G (contDiffGroupoid ∞ I_G)]`.
💡️ Of these, `[IsManifold I_G ∞ G]` may be removed.

Note: This linter can be disabled with `set_option linter.overlappingInstances false`
PrimalitySheafVerification/Mock2.lean:18116:8: warning: Overlapping instance parameters in `deckPullback_neg`:

⚠️ `[IsManifold I_G ∞ G]` and `[LieGroup I_G ∞ G]` each imply `[HasGroupoid G (contDiffGroupoid ∞ I_G)]`.
💡️ Of these, `[IsManifold I_G ∞ G]` may be removed.

Note: This linter can be disabled with `set_option linter.overlappingInstances false`
PrimalitySheafVerification/Mock2.lean:18125:8: warning: Overlapping instance parameters in `equation62_add`:

⚠️ `[IsManifold I_G ∞ G]` and `[LieGroup I_G ∞ G]` each imply `[HasGroupoid G (contDiffGroupoid ∞ I_G)]`.
💡️ Of these, `[IsManifold I_G ∞ G]` may be removed.

Note: This linter can be disabled with `set_option linter.overlappingInstances false`
PrimalitySheafVerification/Mock2.lean:18139:8: warning: Overlapping instance parameters in `equation62_neg`:

⚠️ `[IsManifold I_G ∞ G]` and `[LieGroup I_G ∞ G]` each imply `[HasGroupoid G (contDiffGroupoid ∞ I_G)]`.
💡️ Of these, `[IsManifold I_G ∞ G]` may be removed.

Note: This linter can be disabled with `set_option linter.overlappingInstances false`
PrimalitySheafVerification/Mock2.lean:18160:9: warning: Overlapping instance parameters in `smoothGaugeMapCoeFun`:

⚠️ `[IsManifold I_G ∞ G]` and `[LieGroup I_G ∞ G]` each imply `[HasGroupoid G (contDiffGroupoid ∞ I_G)]`.
💡️ Of these, `[IsManifold I_G ∞ G]` may be removed.

Note: This linter can be disabled with `set_option linter.overlappingInstances false`
PrimalitySheafVerification/Mock2.lean:18164:7: warning: automatically included section variable(s) unused in theorem `Mock2.Definition15Geometry.SmoothGaugeMap.ext`:
  [CompleteSpace E_G]
  [Group G]
  [IsManifold I_G ∞ G]
  [LieGroup I_G ∞ G]
consider restructuring your `variable` declarations so that the variables are not in scope or explicitly omit them:
  omit [CompleteSpace E_G] [Group G] [IsManifold I_G ∞ G] [LieGroup I_G ∞ G] in theorem ...

Note: This linter can be disabled with `set_option linter.unusedSectionVars false`
PrimalitySheafVerification/Mock2.lean:18164:15: warning: Overlapping instance parameters in `ext`:

⚠️ `[IsManifold I_G ∞ G]` and `[LieGroup I_G ∞ G]` each imply `[HasGroupoid G (contDiffGroupoid ∞ I_G)]`.
💡️ Of these, `[IsManifold I_G ∞ G]` may be removed.

Note: This linter can be disabled with `set_option linter.overlappingInstances false`
PrimalitySheafVerification/Mock2.lean:18171:8: warning: Overlapping instance parameters in `ext_pointwise`:

⚠️ `[IsManifold I_G ∞ G]` and `[LieGroup I_G ∞ G]` each imply `[HasGroupoid G (contDiffGroupoid ∞ I_G)]`.
💡️ Of these, `[IsManifold I_G ∞ G]` may be removed.

Note: This linter can be disabled with `set_option linter.overlappingInstances false`
PrimalitySheafVerification/Mock2.lean:18176:18: warning: Overlapping instance parameters in `identity`:

⚠️ `[IsManifold I_G ∞ G]` and `[LieGroup I_G ∞ G]` each imply `[HasGroupoid G (contDiffGroupoid ∞ I_G)]`.
💡️ Of these, `[IsManifold I_G ∞ G]` may be removed.

Note: This linter can be disabled with `set_option linter.overlappingInstances false`
PrimalitySheafVerification/Mock2.lean:18182:4: warning: Overlapping instance parameters in `constant`:

⚠️ `[IsManifold I_G ∞ G]` and `[LieGroup I_G ∞ G]` each imply `[HasGroupoid G (contDiffGroupoid ∞ I_G)]`.
💡️ Of these, `[IsManifold I_G ∞ G]` may be removed.

Note: This linter can be disabled with `set_option linter.overlappingInstances false`
PrimalitySheafVerification/Mock2.lean:18187:4: warning: Overlapping instance parameters in `comp`:

⚠️ `[IsManifold I_G ∞ G]` and `[LieGroup I_G ∞ G]` each imply `[HasGroupoid G (contDiffGroupoid ∞ I_G)]`.
💡️ Of these, `[IsManifold I_G ∞ G]` may be removed.

Note: This linter can be disabled with `set_option linter.overlappingInstances false`
PrimalitySheafVerification/Mock2.lean:18193:4: warning: Overlapping instance parameters in `inverse`:

⚠️ `[IsManifold I_G ∞ G]` and `[LieGroup I_G ∞ G]` each imply `[HasGroupoid G (contDiffGroupoid ∞ I_G)]`.
💡️ Of these, `[IsManifold I_G ∞ G]` may be removed.

Note: This linter can be disabled with `set_option linter.overlappingInstances false`
PrimalitySheafVerification/Mock2.lean:18199:18: warning: Overlapping instance parameters in `restrict`:

⚠️ `[IsManifold I_G ∞ G]` and `[LieGroup I_G ∞ G]` each imply `[HasGroupoid G (contDiffGroupoid ∞ I_G)]`.
💡️ Of these, `[IsManifold I_G ∞ G]` may be removed.

Note: This linter can be disabled with `set_option linter.overlappingInstances false`
PrimalitySheafVerification/Mock2.lean:18205:8: warning: automatically included section variable(s) unused in theorem `Mock2.Definition15Geometry.SmoothGaugeMap.identity_apply`:
  [CompleteSpace E_G]
  [IsManifold I_G ∞ G]
  [LieGroup I_G ∞ G]
consider restructuring your `variable` declarations so that the variables are not in scope or explicitly omit them:
  omit [CompleteSpace E_G] [IsManifold I_G ∞ G] [LieGroup I_G ∞ G] in theorem ...

Note: This linter can be disabled with `set_option linter.unusedSectionVars false`
PrimalitySheafVerification/Mock2.lean:18205:16: warning: Overlapping instance parameters in `identity_apply`:

⚠️ `[IsManifold I_G ∞ G]` and `[LieGroup I_G ∞ G]` each imply `[HasGroupoid G (contDiffGroupoid ∞ I_G)]`.
💡️ Of these, `[IsManifold I_G ∞ G]` may be removed.

Note: This linter can be disabled with `set_option linter.overlappingInstances false`
PrimalitySheafVerification/Mock2.lean:18209:8: warning: automatically included section variable(s) unused in theorem `Mock2.Definition15Geometry.SmoothGaugeMap.constant_apply`:
  [CompleteSpace E_G]
  [Group G]
  [IsManifold I_G ∞ G]
  [LieGroup I_G ∞ G]
consider restructuring your `variable` declarations so that the variables are not in scope or explicitly omit them:
  omit [CompleteSpace E_G] [Group G] [IsManifold I_G ∞ G] [LieGroup I_G ∞ G] in theorem ...

Note: This linter can be disabled with `set_option linter.unusedSectionVars false`
PrimalitySheafVerification/Mock2.lean:18209:16: warning: Overlapping instance parameters in `constant_apply`:

⚠️ `[IsManifold I_G ∞ G]` and `[LieGroup I_G ∞ G]` each imply `[HasGroupoid G (contDiffGroupoid ∞ I_G)]`.
💡️ Of these, `[IsManifold I_G ∞ G]` may be removed.

Note: This linter can be disabled with `set_option linter.overlappingInstances false`
PrimalitySheafVerification/Mock2.lean:18213:8: warning: automatically included section variable(s) unused in theorem `Mock2.Definition15Geometry.SmoothGaugeMap.comp_apply`:
  [CompleteSpace E_G]
  [IsManifold I_G ∞ G]
consider restructuring your `variable` declarations so that the variables are not in scope or explicitly omit them:
  omit [CompleteSpace E_G] [IsManifold I_G ∞ G] in theorem ...

Note: This linter can be disabled with `set_option linter.unusedSectionVars false`
PrimalitySheafVerification/Mock2.lean:18213:16: warning: Overlapping instance parameters in `comp_apply`:

⚠️ `[IsManifold I_G ∞ G]` and `[LieGroup I_G ∞ G]` each imply `[HasGroupoid G (contDiffGroupoid ∞ I_G)]`.
💡️ Of these, `[IsManifold I_G ∞ G]` may be removed.

Note: This linter can be disabled with `set_option linter.overlappingInstances false`
PrimalitySheafVerification/Mock2.lean:18217:8: warning: automatically included section variable(s) unused in theorem `Mock2.Definition15Geometry.SmoothGaugeMap.inverse_apply`:
  [CompleteSpace E_G]
  [IsManifold I_G ∞ G]
consider restructuring your `variable` declarations so that the variables are not in scope or explicitly omit them:
  omit [CompleteSpace E_G] [IsManifold I_G ∞ G] in theorem ...

Note: This linter can be disabled with `set_option linter.unusedSectionVars false`
PrimalitySheafVerification/Mock2.lean:18217:16: warning: Overlapping instance parameters in `inverse_apply`:

⚠️ `[IsManifold I_G ∞ G]` and `[LieGroup I_G ∞ G]` each imply `[HasGroupoid G (contDiffGroupoid ∞ I_G)]`.
💡️ Of these, `[IsManifold I_G ∞ G]` may be removed.

Note: This linter can be disabled with `set_option linter.overlappingInstances false`
PrimalitySheafVerification/Mock2.lean:18222:0: warning: automatically included section variable(s) unused in theorem `Mock2.Definition15Geometry.SmoothGaugeMap.inverse_smooth`:
  [CompleteSpace E_G]
  [IsManifold I_G ∞ G]
consider restructuring your `variable` declarations so that the variables are not in scope or explicitly omit them:
  omit [CompleteSpace E_G] [IsManifold I_G ∞ G] in theorem ...

Note: This linter can be disabled with `set_option linter.unusedSectionVars false`
PrimalitySheafVerification/Mock2.lean:18222:8: warning: Overlapping instance parameters in `inverse_smooth`:

⚠️ `[IsManifold I_G ∞ G]` and `[LieGroup I_G ∞ G]` each imply `[HasGroupoid G (contDiffGroupoid ∞ I_G)]`.
💡️ Of these, `[IsManifold I_G ∞ G]` may be removed.

Note: This linter can be disabled with `set_option linter.overlappingInstances false`
PrimalitySheafVerification/Mock2.lean:18226:8: warning: automatically included section variable(s) unused in theorem `Mock2.Definition15Geometry.SmoothGaugeMap.restrict_apply`:
  [CompleteSpace E_G]
  [Group G]
  [IsManifold I_G ∞ G]
  [LieGroup I_G ∞ G]
consider restructuring your `variable` declarations so that the variables are not in scope or explicitly omit them:
  omit [CompleteSpace E_G] [Group G] [IsManifold I_G ∞ G] [LieGroup I_G ∞ G] in theorem ...

Note: This linter can be disabled with `set_option linter.unusedSectionVars false`
PrimalitySheafVerification/Mock2.lean:18226:16: warning: Overlapping instance parameters in `restrict_apply`:

⚠️ `[IsManifold I_G ∞ G]` and `[LieGroup I_G ∞ G]` each imply `[HasGroupoid G (contDiffGroupoid ∞ I_G)]`.
💡️ Of these, `[IsManifold I_G ∞ G]` may be removed.

Note: This linter can be disabled with `set_option linter.overlappingInstances false`
PrimalitySheafVerification/Mock2.lean:18231:16: warning: Overlapping instance parameters in `comp_identity_left`:

⚠️ `[IsManifold I_G ∞ G]` and `[LieGroup I_G ∞ G]` each imply `[HasGroupoid G (contDiffGroupoid ∞ I_G)]`.
💡️ Of these, `[IsManifold I_G ∞ G]` may be removed.

Note: This linter can be disabled with `set_option linter.overlappingInstances false`
PrimalitySheafVerification/Mock2.lean:18237:16: warning: Overlapping instance parameters in `comp_identity_right`:

⚠️ `[IsManifold I_G ∞ G]` and `[LieGroup I_G ∞ G]` each imply `[HasGroupoid G (contDiffGroupoid ∞ I_G)]`.
💡️ Of these, `[IsManifold I_G ∞ G]` may be removed.

Note: This linter can be disabled with `set_option linter.overlappingInstances false`
PrimalitySheafVerification/Mock2.lean:18243:16: warning: Overlapping instance parameters in `comp_constant`:

⚠️ `[IsManifold I_G ∞ G]` and `[LieGroup I_G ∞ G]` each imply `[HasGroupoid G (contDiffGroupoid ∞ I_G)]`.
💡️ Of these, `[IsManifold I_G ∞ G]` may be removed.

Note: This linter can be disabled with `set_option linter.overlappingInstances false`
PrimalitySheafVerification/Mock2.lean:18250:16: warning: Overlapping instance parameters in `inverse_constant`:

⚠️ `[IsManifold I_G ∞ G]` and `[LieGroup I_G ∞ G]` each imply `[HasGroupoid G (contDiffGroupoid ∞ I_G)]`.
💡️ Of these, `[IsManifold I_G ∞ G]` may be removed.

Note: This linter can be disabled with `set_option linter.overlappingInstances false`
PrimalitySheafVerification/Mock2.lean:18256:16: warning: Overlapping instance parameters in `inverse_comp`:

⚠️ `[IsManifold I_G ∞ G]` and `[LieGroup I_G ∞ G]` each imply `[HasGroupoid G (contDiffGroupoid ∞ I_G)]`.
💡️ Of these, `[IsManifold I_G ∞ G]` may be removed.

Note: This linter can be disabled with `set_option linter.overlappingInstances false`
PrimalitySheafVerification/Mock2.lean:18262:16: warning: Overlapping instance parameters in `comp_inverse`:

⚠️ `[IsManifold I_G ∞ G]` and `[LieGroup I_G ∞ G]` each imply `[HasGroupoid G (contDiffGroupoid ∞ I_G)]`.
💡️ Of these, `[IsManifold I_G ∞ G]` may be removed.

Note: This linter can be disabled with `set_option linter.overlappingInstances false`
PrimalitySheafVerification/Mock2.lean:18268:16: warning: Overlapping instance parameters in `restrict_identity`:

⚠️ `[IsManifold I_G ∞ G]` and `[LieGroup I_G ∞ G]` each imply `[HasGroupoid G (contDiffGroupoid ∞ I_G)]`.
💡️ Of these, `[IsManifold I_G ∞ G]` may be removed.

Note: This linter can be disabled with `set_option linter.overlappingInstances false`
PrimalitySheafVerification/Mock2.lean:18274:8: warning: Overlapping instance parameters in `restrict_comp`:

⚠️ `[IsManifold I_G ∞ G]` and `[LieGroup I_G ∞ G]` each imply `[HasGroupoid G (contDiffGroupoid ∞ I_G)]`.
💡️ Of these, `[IsManifold I_G ∞ G]` may be removed.

Note: This linter can be disabled with `set_option linter.overlappingInstances false`
PrimalitySheafVerification/Mock2.lean:18282:8: warning: Overlapping instance parameters in `restrict_inverse`:

⚠️ `[IsManifold I_G ∞ G]` and `[LieGroup I_G ∞ G]` each imply `[HasGroupoid G (contDiffGroupoid ∞ I_G)]`.
💡️ Of these, `[IsManifold I_G ∞ G]` may be removed.

Note: This linter can be disabled with `set_option linter.overlappingInstances false`
PrimalitySheafVerification/Mock2.lean:18290:16: warning: Overlapping instance parameters in `restrict_constant`:

⚠️ `[IsManifold I_G ∞ G]` and `[LieGroup I_G ∞ G]` each imply `[HasGroupoid G (contDiffGroupoid ∞ I_G)]`.
💡️ Of these, `[IsManifold I_G ∞ G]` may be removed.

Note: This linter can be disabled with `set_option linter.overlappingInstances false`
PrimalitySheafVerification/Mock2.lean:18297:4: warning: Overlapping instance parameters in `DeckInvariant`:

⚠️ `[IsManifold I_G ∞ G]` and `[LieGroup I_G ∞ G]` each imply `[HasGroupoid G (contDiffGroupoid ∞ I_G)]`.
💡️ Of these, `[IsManifold I_G ∞ G]` may be removed.

Note: This linter can be disabled with `set_option linter.overlappingInstances false`
PrimalitySheafVerification/Mock2.lean:18301:4: warning: Overlapping instance parameters in `RhoCompatible`:

⚠️ `[IsManifold I_G ∞ G]` and `[LieGroup I_G ∞ G]` each imply `[HasGroupoid G (contDiffGroupoid ∞ I_G)]`.
💡️ Of these, `[IsManifold I_G ∞ G]` may be removed.

Note: This linter can be disabled with `set_option linter.overlappingInstances false`
PrimalitySheafVerification/Mock2.lean:18307:4: warning: Overlapping instance parameters in `Central`:

⚠️ `[IsManifold I_G ∞ G]` and `[LieGroup I_G ∞ G]` each imply `[HasGroupoid G (contDiffGroupoid ∞ I_G)]`.
💡️ Of these, `[IsManifold I_G ∞ G]` may be removed.

Note: This linter can be disabled with `set_option linter.overlappingInstances false`
PrimalitySheafVerification/Mock2.lean:18310:0: warning: automatically included section variable(s) unused in theorem `Mock2.Definition15Geometry.SmoothGaugeMap.deckInvariant_identity`:
  [CompleteSpace E_G]
  [IsManifold I_G ∞ G]
  [LieGroup I_G ∞ G]
consider restructuring your `variable` declarations so that the variables are not in scope or explicitly omit them:
  omit [CompleteSpace E_G] [IsManifold I_G ∞ G] [LieGroup I_G ∞ G] in theorem ...

Note: This linter can be disabled with `set_option linter.unusedSectionVars false`
PrimalitySheafVerification/Mock2.lean:18310:8: warning: Overlapping instance parameters in `deckInvariant_identity`:

⚠️ `[IsManifold I_G ∞ G]` and `[LieGroup I_G ∞ G]` each imply `[HasGroupoid G (contDiffGroupoid ∞ I_G)]`.
💡️ Of these, `[IsManifold I_G ∞ G]` may be removed.

Note: This linter can be disabled with `set_option linter.overlappingInstances false`
PrimalitySheafVerification/Mock2.lean:18315:0: warning: automatically included section variable(s) unused in theorem `Mock2.Definition15Geometry.SmoothGaugeMap.deckInvariant_constant`:
  [CompleteSpace E_G]
  [Group G]
  [IsManifold I_G ∞ G]
  [LieGroup I_G ∞ G]
consider restructuring your `variable` declarations so that the variables are not in scope or explicitly omit them:
  omit [CompleteSpace E_G] [Group G] [IsManifold I_G ∞ G] [LieGroup I_G ∞ G] in theorem ...

Note: This linter can be disabled with `set_option linter.unusedSectionVars false`
PrimalitySheafVerification/Mock2.lean:18315:8: warning: Overlapping instance parameters in `deckInvariant_constant`:

⚠️ `[IsManifold I_G ∞ G]` and `[LieGroup I_G ∞ G]` each imply `[HasGroupoid G (contDiffGroupoid ∞ I_G)]`.
💡️ Of these, `[IsManifold I_G ∞ G]` may be removed.

Note: This linter can be disabled with `set_option linter.overlappingInstances false`
PrimalitySheafVerification/Mock2.lean:18320:8: warning: Overlapping instance parameters in `deckInvariant_comp`:

⚠️ `[IsManifold I_G ∞ G]` and `[LieGroup I_G ∞ G]` each imply `[HasGroupoid G (contDiffGroupoid ∞ I_G)]`.
💡️ Of these, `[IsManifold I_G ∞ G]` may be removed.

Note: This linter can be disabled with `set_option linter.overlappingInstances false`
PrimalitySheafVerification/Mock2.lean:18326:8: warning: Overlapping instance parameters in `deckInvariant_inverse`:

⚠️ `[IsManifold I_G ∞ G]` and `[LieGroup I_G ∞ G]` each imply `[HasGroupoid G (contDiffGroupoid ∞ I_G)]`.
💡️ Of these, `[IsManifold I_G ∞ G]` may be removed.

Note: This linter can be disabled with `set_option linter.overlappingInstances false`
PrimalitySheafVerification/Mock2.lean:18331:8: warning: Overlapping instance parameters in `deckInvariant_restrict`:

⚠️ `[IsManifold I_G ∞ G]` and `[LieGroup I_G ∞ G]` each imply `[HasGroupoid G (contDiffGroupoid ∞ I_G)]`.
💡️ Of these, `[IsManifold I_G ∞ G]` may be removed.

Note: This linter can be disabled with `set_option linter.overlappingInstances false`
PrimalitySheafVerification/Mock2.lean:18338:0: warning: automatically included section variable(s) unused in theorem `Mock2.Definition15Geometry.SmoothGaugeMap.central_identity`:
  [CompleteSpace E_G]
  [IsManifold I_G ∞ G]
  [LieGroup I_G ∞ G]
consider restructuring your `variable` declarations so that the variables are not in scope or explicitly omit them:
  omit [CompleteSpace E_G] [IsManifold I_G ∞ G] [LieGroup I_G ∞ G] in theorem ...

Note: This linter can be disabled with `set_option linter.unusedSectionVars false`
PrimalitySheafVerification/Mock2.lean:18338:8: warning: Overlapping instance parameters in `central_identity`:

⚠️ `[IsManifold I_G ∞ G]` and `[LieGroup I_G ∞ G]` each imply `[HasGroupoid G (contDiffGroupoid ∞ I_G)]`.
💡️ Of these, `[IsManifold I_G ∞ G]` may be removed.

Note: This linter can be disabled with `set_option linter.overlappingInstances false`
PrimalitySheafVerification/Mock2.lean:18342:0: warning: automatically included section variable(s) unused in theorem `Mock2.Definition15Geometry.SmoothGaugeMap.central_comp`:
  [CompleteSpace E_G]
  [IsManifold I_G ∞ G]
consider restructuring your `variable` declarations so that the variables are not in scope or explicitly omit them:
  omit [CompleteSpace E_G] [IsManifold I_G ∞ G] in theorem ...

Note: This linter can be disabled with `set_option linter.unusedSectionVars false`
PrimalitySheafVerification/Mock2.lean:18342:8: warning: Overlapping instance parameters in `central_comp`:

⚠️ `[IsManifold I_G ∞ G]` and `[LieGroup I_G ∞ G]` each imply `[HasGroupoid G (contDiffGroupoid ∞ I_G)]`.
💡️ Of these, `[IsManifold I_G ∞ G]` may be removed.

Note: This linter can be disabled with `set_option linter.overlappingInstances false`
PrimalitySheafVerification/Mock2.lean:18347:0: warning: automatically included section variable(s) unused in theorem `Mock2.Definition15Geometry.SmoothGaugeMap.central_inverse`:
  [CompleteSpace E_G]
  [IsManifold I_G ∞ G]
consider restructuring your `variable` declarations so that the variables are not in scope or explicitly omit them:
  omit [CompleteSpace E_G] [IsManifold I_G ∞ G] in theorem ...

Note: This linter can be disabled with `set_option linter.unusedSectionVars false`
PrimalitySheafVerification/Mock2.lean:18347:8: warning: Overlapping instance parameters in `central_inverse`:

⚠️ `[IsManifold I_G ∞ G]` and `[LieGroup I_G ∞ G]` each imply `[HasGroupoid G (contDiffGroupoid ∞ I_G)]`.
💡️ Of these, `[IsManifold I_G ∞ G]` may be removed.

Note: This linter can be disabled with `set_option linter.overlappingInstances false`
PrimalitySheafVerification/Mock2.lean:18352:0: warning: automatically included section variable(s) unused in theorem `Mock2.Definition15Geometry.SmoothGaugeMap.central_restrict`:
  [CompleteSpace E_G]
  [IsManifold I_G ∞ G]
  [LieGroup I_G ∞ G]
consider restructuring your `variable` declarations so that the variables are not in scope or explicitly omit them:
  omit [CompleteSpace E_G] [IsManifold I_G ∞ G] [LieGroup I_G ∞ G] in theorem ...

Note: This linter can be disabled with `set_option linter.unusedSectionVars false`
PrimalitySheafVerification/Mock2.lean:18352:8: warning: Overlapping instance parameters in `central_restrict`:

⚠️ `[IsManifold I_G ∞ G]` and `[LieGroup I_G ∞ G]` each imply `[HasGroupoid G (contDiffGroupoid ∞ I_G)]`.
💡️ Of these, `[IsManifold I_G ∞ G]` may be removed.

Note: This linter can be disabled with `set_option linter.overlappingInstances false`
PrimalitySheafVerification/Mock2.lean:18358:0: warning: automatically included section variable(s) unused in theorem `Mock2.Definition15Geometry.SmoothGaugeMap.rhoCompatible_identity`:
  [CompleteSpace E_G]
  [IsManifold I_G ∞ G]
  [LieGroup I_G ∞ G]
consider restructuring your `variable` declarations so that the variables are not in scope or explicitly omit them:
  omit [CompleteSpace E_G] [IsManifold I_G ∞ G] [LieGroup I_G ∞ G] in theorem ...

Note: This linter can be disabled with `set_option linter.unusedSectionVars false`
PrimalitySheafVerification/Mock2.lean:18358:8: warning: Overlapping instance parameters in `rhoCompatible_identity`:

⚠️ `[IsManifold I_G ∞ G]` and `[LieGroup I_G ∞ G]` each imply `[HasGroupoid G (contDiffGroupoid ∞ I_G)]`.
💡️ Of these, `[IsManifold I_G ∞ G]` may be removed.

Note: This linter can be disabled with `set_option linter.overlappingInstances false`
PrimalitySheafVerification/Mock2.lean:18363:8: warning: Overlapping instance parameters in `rhoCompatible_comp`:

⚠️ `[IsManifold I_G ∞ G]` and `[LieGroup I_G ∞ G]` each imply `[HasGroupoid G (contDiffGroupoid ∞ I_G)]`.
💡️ Of these, `[IsManifold I_G ∞ G]` may be removed.

Note: This linter can be disabled with `set_option linter.overlappingInstances false`
PrimalitySheafVerification/Mock2.lean:18371:8: warning: Overlapping instance parameters in `rhoCompatible_inverse`:

⚠️ `[IsManifold I_G ∞ G]` and `[LieGroup I_G ∞ G]` each imply `[HasGroupoid G (contDiffGroupoid ∞ I_G)]`.
💡️ Of these, `[IsManifold I_G ∞ G]` may be removed.

Note: This linter can be disabled with `set_option linter.overlappingInstances false`
PrimalitySheafVerification/Mock2.lean:18378:8: warning: Overlapping instance parameters in `rhoCompatible_restrict`:

⚠️ `[IsManifold I_G ∞ G]` and `[LieGroup I_G ∞ G]` each imply `[HasGroupoid G (contDiffGroupoid ∞ I_G)]`.
💡️ Of these, `[IsManifold I_G ∞ G]` may be removed.

Note: This linter can be disabled with `set_option linter.overlappingInstances false`
PrimalitySheafVerification/Mock2.lean:18386:0: warning: automatically included section variable(s) unused in theorem `Mock2.Definition15Geometry.SmoothGaugeMap.rhoCompatible_of_deckInvariant_of_central`:
  [CompleteSpace E_G]
  [IsManifold I_G ∞ G]
  [LieGroup I_G ∞ G]
consider restructuring your `variable` declarations so that the variables are not in scope or explicitly omit them:
  omit [CompleteSpace E_G] [IsManifold I_G ∞ G] [LieGroup I_G ∞ G] in theorem ...

Note: This linter can be disabled with `set_option linter.unusedSectionVars false`
PrimalitySheafVerification/Mock2.lean:18386:8: warning: Overlapping instance parameters in `rhoCompatible_of_deckInvariant_of_central`:

⚠️ `[IsManifold I_G ∞ G]` and `[LieGroup I_G ∞ G]` each imply `[HasGroupoid G (contDiffGroupoid ∞ I_G)]`.
💡️ Of these, `[IsManifold I_G ∞ G]` may be removed.

Note: This linter can be disabled with `set_option linter.overlappingInstances false`
PrimalitySheafVerification/Mock2.lean:18402:18: warning: Overlapping instance parameters in `gaugeAdjointValue`:

⚠️ `[IsManifold I_G ∞ G]` and `[LieGroup I_G ∞ G]` each imply `[HasGroupoid G (contDiffGroupoid ∞ I_G)]`.
💡️ Of these, `[IsManifold I_G ∞ G]` may be removed.

Note: This linter can be disabled with `set_option linter.overlappingInstances false`
PrimalitySheafVerification/Mock2.lean:18409:18: warning: Overlapping instance parameters in `leftLogarithmicDerivativeValue`:

⚠️ `[IsManifold I_G ∞ G]` and `[LieGroup I_G ∞ G]` each imply `[HasGroupoid G (contDiffGroupoid ∞ I_G)]`.
💡️ Of these, `[IsManifold I_G ∞ G]` may be removed.

Note: This linter can be disabled with `set_option linter.overlappingInstances false`
PrimalitySheafVerification/Mock2.lean:18416:0: warning: automatically included section variable(s) unused in theorem `Mock2.Definition15Geometry.gaugeAdjointValue_eq_id_of_central`:
  [CompleteSpace E_G]
  [IsManifold I_G ∞ G]
  [LieGroup I_G ∞ G]
consider restructuring your `variable` declarations so that the variables are not in scope or explicitly omit them:
  omit [CompleteSpace E_G] [IsManifold I_G ∞ G] [LieGroup I_G ∞ G] in theorem ...

Note: This linter can be disabled with `set_option linter.unusedSectionVars false`
PrimalitySheafVerification/Mock2.lean:18416:8: warning: Overlapping instance parameters in `gaugeAdjointValue_eq_id_of_central`:

⚠️ `[IsManifold I_G ∞ G]` and `[LieGroup I_G ∞ G]` each imply `[HasGroupoid G (contDiffGroupoid ∞ I_G)]`.
💡️ Of these, `[IsManifold I_G ∞ G]` may be removed.

Note: This linter can be disabled with `set_option linter.overlappingInstances false`
PrimalitySheafVerification/Mock2.lean:18433:8: warning: automatically included section variable(s) unused in theorem `Mock2.Definition15Geometry.leftLogarithmicDerivativeValue_constant`:
  [CompleteSpace E_G]
  [IsManifold I_G ∞ G]
  [LieGroup I_G ∞ G]
consider restructuring your `variable` declarations so that the variables are not in scope or explicitly omit them:
  omit [CompleteSpace E_G] [IsManifold I_G ∞ G] [LieGroup I_G ∞ G] in theorem ...

Note: This linter can be disabled with `set_option linter.unusedSectionVars false`
PrimalitySheafVerification/Mock2.lean:18433:16: warning: Overlapping instance parameters in `leftLogarithmicDerivativeValue_constant`:

⚠️ `[IsManifold I_G ∞ G]` and `[LieGroup I_G ∞ G]` each imply `[HasGroupoid G (contDiffGroupoid ∞ I_G)]`.
💡️ Of these, `[IsManifold I_G ∞ G]` may be removed.

Note: This linter can be disabled with `set_option linter.overlappingInstances false`
PrimalitySheafVerification/Mock2.lean:18475:4: warning: Overlapping instance parameters in `GaugeAdmissible`:

⚠️ `[IsManifold I_G ∞ G]` and `[LieGroup I_G ∞ G]` each imply `[HasGroupoid G (contDiffGroupoid ∞ I_G)]`.
💡️ Of these, `[IsManifold I_G ∞ G]` may be removed.

Note: This linter can be disabled with `set_option linter.overlappingInstances false`
PrimalitySheafVerification/Mock2.lean:18483:8: warning: Overlapping instance parameters in `identity`:

⚠️ `[IsManifold I_G ∞ G]` and `[LieGroup I_G ∞ G]` each imply `[HasGroupoid G (contDiffGroupoid ∞ I_G)]`.
💡️ Of these, `[IsManifold I_G ∞ G]` may be removed.

Note: This linter can be disabled with `set_option linter.overlappingInstances false`
PrimalitySheafVerification/Mock2.lean:18491:8: warning: Overlapping instance parameters in `comp`:

⚠️ `[IsManifold I_G ∞ G]` and `[LieGroup I_G ∞ G]` each imply `[HasGroupoid G (contDiffGroupoid ∞ I_G)]`.
💡️ Of these, `[IsManifold I_G ∞ G]` may be removed.

Note: This linter can be disabled with `set_option linter.overlappingInstances false`
PrimalitySheafVerification/Mock2.lean:18501:8: warning: Overlapping instance parameters in `inverse`:

⚠️ `[IsManifold I_G ∞ G]` and `[LieGroup I_G ∞ G]` each imply `[HasGroupoid G (contDiffGroupoid ∞ I_G)]`.
💡️ Of these, `[IsManifold I_G ∞ G]` may be removed.

Note: This linter can be disabled with `set_option linter.overlappingInstances false`
PrimalitySheafVerification/Mock2.lean:18510:8: warning: Overlapping instance parameters in `restrict`:

⚠️ `[IsManifold I_G ∞ G]` and `[LieGroup I_G ∞ G]` each imply `[HasGroupoid G (contDiffGroupoid ∞ I_G)]`.
💡️ Of these, `[IsManifold I_G ∞ G]` may be removed.

Note: This linter can be disabled with `set_option linter.overlappingInstances false`
PrimalitySheafVerification/Mock2.lean:18523:8: warning: Overlapping instance parameters in `of_deckInvariant`:

⚠️ `[IsManifold I_G ∞ G]` and `[LieGroup I_G ∞ G]` each imply `[HasGroupoid G (contDiffGroupoid ∞ I_G)]`.
💡️ Of these, `[IsManifold I_G ∞ G]` may be removed.

Note: This linter can be disabled with `set_option linter.overlappingInstances false`
PrimalitySheafVerification/Mock2.lean:18537:4: warning: Overlapping instance parameters in `centralConjugate`:

⚠️ `[IsManifold I_G ∞ G]` and `[LieGroup I_G ∞ G]` each imply `[HasGroupoid G (contDiffGroupoid ∞ I_G)]`.
💡️ Of these, `[IsManifold I_G ∞ G]` may be removed.

Note: This linter can be disabled with `set_option linter.overlappingInstances false`
PrimalitySheafVerification/Mock2.lean:18542:4: warning: Overlapping instance parameters in `gaugeAction`:

⚠️ `[IsManifold I_G ∞ G]` and `[LieGroup I_G ∞ G]` each imply `[HasGroupoid G (contDiffGroupoid ∞ I_G)]`.
💡️ Of these, `[IsManifold I_G ∞ G]` may be removed.

Note: This linter can be disabled with `set_option linter.overlappingInstances false`
PrimalitySheafVerification/Mock2.lean:18547:8: warning: automatically included section variable(s) unused in theorem `Mock2.Definition15Geometry.centralConjugate_apply`:
  [CompleteSpace E_G]
  [Group G]
  [IsManifold I_G ∞ G]
  [LieGroup I_G ∞ G]
consider restructuring your `variable` declarations so that the variables are not in scope or explicitly omit them:
  omit [CompleteSpace E_G] [Group G] [IsManifold I_G ∞ G] [LieGroup I_G ∞ G] in theorem ...

Note: This linter can be disabled with `set_option linter.unusedSectionVars false`
PrimalitySheafVerification/Mock2.lean:18547:16: warning: Overlapping instance parameters in `centralConjugate_apply`:

⚠️ `[IsManifold I_G ∞ G]` and `[LieGroup I_G ∞ G]` each imply `[HasGroupoid G (contDiffGroupoid ∞ I_G)]`.
💡️ Of these, `[IsManifold I_G ∞ G]` may be removed.

Note: This linter can be disabled with `set_option linter.overlappingInstances false`
PrimalitySheafVerification/Mock2.lean:18554:8: warning: Overlapping instance parameters in `centralConjugate_pointwise_paper_formula`:

⚠️ `[IsManifold I_G ∞ G]` and `[LieGroup I_G ∞ G]` each imply `[HasGroupoid G (contDiffGroupoid ∞ I_G)]`.
💡️ Of these, `[IsManifold I_G ∞ G]` may be removed.

Note: This linter can be disabled with `set_option linter.overlappingInstances false`
PrimalitySheafVerification/Mock2.lean:18563:16: warning: Overlapping instance parameters in `gaugeAction_formula`:

⚠️ `[IsManifold I_G ∞ G]` and `[LieGroup I_G ∞ G]` each imply `[HasGroupoid G (contDiffGroupoid ∞ I_G)]`.
💡️ Of these, `[IsManifold I_G ∞ G]` may be removed.

Note: This linter can be disabled with `set_option linter.overlappingInstances false`
PrimalitySheafVerification/Mock2.lean:18572:8: warning: Overlapping instance parameters in `gaugeAction_pointwise_paper_formula`:

⚠️ `[IsManifold I_G ∞ G]` and `[LieGroup I_G ∞ G]` each imply `[HasGroupoid G (contDiffGroupoid ∞ I_G)]`.
💡️ Of these, `[IsManifold I_G ∞ G]` may be removed.

Note: This linter can be disabled with `set_option linter.overlappingInstances false`
PrimalitySheafVerification/Mock2.lean:18589:8: warning: Overlapping instance parameters in `equation62_gaugeAction`:

⚠️ `[IsManifold I_G ∞ G]` and `[LieGroup I_G ∞ G]` each imply `[HasGroupoid G (contDiffGroupoid ∞ I_G)]`.
💡️ Of these, `[IsManifold I_G ∞ G]` may be removed.

Note: This linter can be disabled with `set_option linter.overlappingInstances false`
PrimalitySheafVerification/Mock2.lean:18599:8: warning: Overlapping instance parameters in `gaugeAction_restrict`:

⚠️ `[IsManifold I_G ∞ G]` and `[LieGroup I_G ∞ G]` each imply `[HasGroupoid G (contDiffGroupoid ∞ I_G)]`.
💡️ Of these, `[IsManifold I_G ∞ G]` may be removed.

Note: This linter can be disabled with `set_option linter.overlappingInstances false`
PrimalitySheafVerification/Mock2.lean:18628:9: warning: Overlapping instance parameters in `equation62GaugeActionInstance`:

⚠️ `[IsManifold I_G ∞ G]` and `[LieGroup I_G ∞ G]` each imply `[HasGroupoid G (contDiffGroupoid ∞ I_G)]`.
💡️ Of these, `[IsManifold I_G ∞ G]` may be removed.

Note: This linter can be disabled with `set_option linter.overlappingInstances false`
PrimalitySheafVerification/Mock2.lean:18633:8: warning: Overlapping instance parameters in `connectionAdmissible_gauge_from_derived_instance`:

⚠️ `[IsManifold I_G ∞ G]` and `[LieGroup I_G ∞ G]` each imply `[HasGroupoid G (contDiffGroupoid ∞ I_G)]`.
💡️ Of these, `[IsManifold I_G ∞ G]` may be removed.

Note: This linter can be disabled with `set_option linter.overlappingInstances false`
PrimalitySheafVerification/Mock2.lean:18734:27: warning: Variable name `U` is not explicitly referenced.

Hint: The binding can be removed (if unused) or named `_` (if used implicitly). Alternatively, prefix the name with `_` to silence this warning:
  [apply] _U

Note: This linter can be disabled with `set_option linter.unusedVariables false`
PrimalitySheafVerification/Mock2.lean:18735:38: warning: Variable name `U` is not explicitly referenced.

Hint: The binding can be removed (if unused) or named `_` (if used implicitly). Alternatively, prefix the name with `_` to silence this warning:
  [apply] _U

Note: This linter can be disabled with `set_option linter.unusedVariables false`
PrimalitySheafVerification/Mock2.lean:18737:27: warning: Variable name `U` is not explicitly referenced.

Hint: The binding can be removed (if unused) or named `_` (if used implicitly). Alternatively, prefix the name with `_` to silence this warning:
  [apply] _U

Note: This linter can be disabled with `set_option linter.unusedVariables false`
PrimalitySheafVerification/Mock2.lean:18739:34: warning: Variable name `U` is not explicitly referenced.

Hint: The binding can be removed (if unused) or named `_` (if used implicitly). Alternatively, prefix the name with `_` to silence this warning:
  [apply] _U

Note: This linter can be disabled with `set_option linter.unusedVariables false`
PrimalitySheafVerification/Mock2.lean:18739:36: warning: Variable name `g` is not explicitly referenced.

Hint: The binding can be removed (if unused) or named `_` (if used implicitly). Alternatively, prefix the name with `_` to silence this warning:
  [apply] _g

Note: This linter can be disabled with `set_option linter.unusedVariables false`
PrimalitySheafVerification/Mock2.lean:18740:36: warning: Variable name `U` is not explicitly referenced.

Hint: The binding can be removed (if unused) or named `_` (if used implicitly). Alternatively, prefix the name with `_` to silence this warning:
  [apply] _U

Note: This linter can be disabled with `set_option linter.unusedVariables false`
PrimalitySheafVerification/Mock2.lean:18740:38: warning: Variable name `g` is not explicitly referenced.

Hint: The binding can be removed (if unused) or named `_` (if used implicitly). Alternatively, prefix the name with `_` to silence this warning:
  [apply] _g

Note: This linter can be disabled with `set_option linter.unusedVariables false`
PrimalitySheafVerification/Mock2.lean:18742:28: warning: Variable name `U` is not explicitly referenced.

Hint: The binding can be removed (if unused) or named `_` (if used implicitly). Alternatively, prefix the name with `_` to silence this warning:
  [apply] _U

Note: This linter can be disabled with `set_option linter.unusedVariables false`
PrimalitySheafVerification/Mock2.lean:18742:30: warning: Variable name `g` is not explicitly referenced.

Hint: The binding can be removed (if unused) or named `_` (if used implicitly). Alternatively, prefix the name with `_` to silence this warning:
  [apply] _g

Note: This linter can be disabled with `set_option linter.unusedVariables false`
PrimalitySheafVerification/Mock2.lean:18742:32: warning: Variable name `h` is not explicitly referenced.

Hint: The binding can be removed (if unused) or named `_` (if used implicitly). Alternatively, prefix the name with `_` to silence this warning:
  [apply] _h

Note: This linter can be disabled with `set_option linter.unusedVariables false`
PrimalitySheafVerification/Mock2.lean:18744:24: warning: Variable name `U` is not explicitly referenced.

Hint: The binding can be removed (if unused) or named `_` (if used implicitly). Alternatively, prefix the name with `_` to silence this warning:
  [apply] _U

Note: This linter can be disabled with `set_option linter.unusedVariables false`
PrimalitySheafVerification/Mock2.lean:18744:26: warning: Variable name `g` is not explicitly referenced.

Hint: The binding can be removed (if unused) or named `_` (if used implicitly). Alternatively, prefix the name with `_` to silence this warning:
  [apply] _g

Note: This linter can be disabled with `set_option linter.unusedVariables false`
PrimalitySheafVerification/Mock2.lean:18745:29: warning: Variable name `V` is not explicitly referenced.

Hint: The binding can be removed (if unused) or named `_` (if used implicitly). Alternatively, prefix the name with `_` to silence this warning:
  [apply] _V

Note: This linter can be disabled with `set_option linter.unusedVariables false`
PrimalitySheafVerification/Mock2.lean:18745:31: warning: Variable name `U` is not explicitly referenced.

Hint: The binding can be removed (if unused) or named `_` (if used implicitly). Alternatively, prefix the name with `_` to silence this warning:
  [apply] _U

Note: This linter can be disabled with `set_option linter.unusedVariables false`
PrimalitySheafVerification/Mock2.lean:18745:38: warning: Variable name `g` is not explicitly referenced.

Hint: The binding can be removed (if unused) or named `_` (if used implicitly). Alternatively, prefix the name with `_` to silence this warning:
  [apply] _g

Note: This linter can be disabled with `set_option linter.unusedVariables false`
PrimalitySheafVerification/Mock2.lean:18747:38: warning: Variable name `U` is not explicitly referenced.

Hint: The binding can be removed (if unused) or named `_` (if used implicitly). Alternatively, prefix the name with `_` to silence this warning:
  [apply] _U

Note: This linter can be disabled with `set_option linter.unusedVariables false`
PrimalitySheafVerification/Mock2.lean:18747:40: warning: Variable name `g` is not explicitly referenced.

Hint: The binding can be removed (if unused) or named `_` (if used implicitly). Alternatively, prefix the name with `_` to silence this warning:
  [apply] _g

Note: This linter can be disabled with `set_option linter.unusedVariables false`
PrimalitySheafVerification/Mock2.lean:18731:8: warning: Overlapping instance parameters in `section63_admissibleGauge_certificate`:

⚠️ `[IsManifold I_G ∞ G]` and `[LieGroup I_G ∞ G]` each imply `[HasGroupoid G (contDiffGroupoid ∞ I_G)]`.
💡️ Of these, `[IsManifold I_G ∞ G]` may be removed.

Note: This linter can be disabled with `set_option linter.overlappingInstances false`
PrimalitySheafVerification/Mock2.lean:18778:7: warning: Overlapping instance parameters in `ModelSpace`:

⚠️ `[IsManifold I_G ∞ G]` and `[LieGroup I_G ∞ G]` each imply `[HasGroupoid G (contDiffGroupoid ∞ I_G)]`.
💡️ Of these, `[IsManifold I_G ∞ G]` may be removed.

Note: This linter can be disabled with `set_option linter.overlappingInstances false`
PrimalitySheafVerification/Mock2.lean:18781:7: warning: Overlapping instance parameters in `GaugeGroup`:

⚠️ `[IsManifold I_G ∞ G]` and `[LieGroup I_G ∞ G]` each imply `[HasGroupoid G (contDiffGroupoid ∞ I_G)]`.
💡️ Of these, `[IsManifold I_G ∞ G]` may be removed.

Note: This linter can be disabled with `set_option linter.overlappingInstances false`
PrimalitySheafVerification/Mock2.lean:18784:7: warning: Overlapping instance parameters in `GaugeModel`:

⚠️ `[IsManifold I_G ∞ G]` and `[LieGroup I_G ∞ G]` each imply `[HasGroupoid G (contDiffGroupoid ∞ I_G)]`.
💡️ Of these, `[IsManifold I_G ∞ G]` may be removed.

Note: This linter can be disabled with `set_option linter.overlappingInstances false`
PrimalitySheafVerification/Mock2.lean:18786:23: warning: Overlapping instance parameters in `gaugeGroupChartedSpace`:

⚠️ `[IsManifold I_G ∞ G]` and `[LieGroup I_G ∞ G]` each imply `[HasGroupoid G (contDiffGroupoid ∞ I_G)]`.
💡️ Of these, `[IsManifold I_G ∞ G]` may be removed.

Note: This linter can be disabled with `set_option linter.overlappingInstances false`
PrimalitySheafVerification/Mock2.lean:18791:29: warning: Overlapping instance parameters in `gaugeGroupIsManifold`:

⚠️ `[IsManifold I_G ∞ G]` and `[LieGroup I_G ∞ G]` each imply `[HasGroupoid G (contDiffGroupoid ∞ I_G)]`.
💡️ Of these, `[IsManifold I_G ∞ G]` may be removed.

Note: This linter can be disabled with `set_option linter.overlappingInstances false`
PrimalitySheafVerification/Mock2.lean:18796:9: warning: Overlapping instance parameters in `gaugeGroupLieGroup`:

⚠️ `[IsManifold I_G ∞ G]` and `[LieGroup I_G ∞ G]` each imply `[HasGroupoid G (contDiffGroupoid ∞ I_G)]`.
💡️ Of these, `[IsManifold I_G ∞ G]` may be removed.

Note: This linter can be disabled with `set_option linter.overlappingInstances false`
PrimalitySheafVerification/Mock2.lean:18819:4: warning: Overlapping instance parameters in `literalMaurerCartanCalculus`:

⚠️ `[IsManifold I_G ∞ G]` and `[LieGroup I_G ∞ G]` each imply `[HasGroupoid G (contDiffGroupoid ∞ I_G)]`.
💡️ Of these, `[IsManifold I_G ∞ G]` may be removed.

Note: This linter can be disabled with `set_option linter.overlappingInstances false`
PrimalitySheafVerification/Mock2.lean:18840:0: warning: Definition `concreteCertificate` is a proposition; use `theorem` instead of `def`

Note: This linter can be disabled with `set_option linter.defProp false`
PrimalitySheafVerification/Mock2.lean:18841:4: warning: Overlapping instance parameters in `concreteCertificate`:

⚠️ `[IsManifold I_G ∞ G]` and `[LieGroup I_G ∞ G]` each imply `[HasGroupoid G (contDiffGroupoid ∞ I_G)]`.
💡️ Of these, `[IsManifold I_G ∞ G]` may be removed.

Note: This linter can be disabled with `set_option linter.overlappingInstances false`
PrimalitySheafVerification/Mock2.lean:18986:0: warning: Definition `Mock2.Proposition17And18FinalSpecialization.curvatureAlgebra` of class type is semireducible. Most type class instances should be instance-reducible, so consider marking this
definition with `@[instance_reducible]`. If it is intentionally semireducible, this warning can be disabled with `set_option warn.classDefReducibility false`.
PrimalitySheafVerification/Mock2.lean:18989:13: warning: Variable name `n` is not explicitly referenced.

Hint: The binding can be removed (if unused) or named `_` (if used implicitly). Alternatively, prefix the name with `_` to silence this warning:
  [apply] _n

Note: This linter can be disabled with `set_option linter.unusedVariables false`
PrimalitySheafVerification/Mock2.lean:18989:15: warning: Variable name `U` is not explicitly referenced.

Hint: The binding can be removed (if unused) or named `_` (if used implicitly). Alternatively, prefix the name with `_` to silence this warning:
  [apply] _U

Note: This linter can be disabled with `set_option linter.unusedVariables false`
PrimalitySheafVerification/Mock2.lean:18989:17: warning: Variable name `V` is not explicitly referenced.

Hint: The binding can be removed (if unused) or named `_` (if used implicitly). Alternatively, prefix the name with `_` to silence this warning:
  [apply] _V

Note: This linter can be disabled with `set_option linter.unusedVariables false`
PrimalitySheafVerification/Mock2.lean:18992:14: warning: Variable name `U` is not explicitly referenced.

Hint: The binding can be removed (if unused) or named `_` (if used implicitly). Alternatively, prefix the name with `_` to silence this warning:
  [apply] _U

Note: This linter can be disabled with `set_option linter.unusedVariables false`
PrimalitySheafVerification/Mock2.lean:18993:11: warning: Variable name `U` is not explicitly referenced.

Hint: The binding can be removed (if unused) or named `_` (if used implicitly). Alternatively, prefix the name with `_` to silence this warning:
  [apply] _U

Note: This linter can be disabled with `set_option linter.unusedVariables false`
PrimalitySheafVerification/Mock2.lean:18994:15: warning: Variable name `U` is not explicitly referenced.

Hint: The binding can be removed (if unused) or named `_` (if used implicitly). Alternatively, prefix the name with `_` to silence this warning:
  [apply] _U

Note: This linter can be disabled with `set_option linter.unusedVariables false`
PrimalitySheafVerification/Mock2.lean:19531:7: warning: Variable name `hA` is not explicitly referenced.

Hint: The binding can be removed (if unused) or named `_` (if used implicitly). Alternatively, prefix the name with `_` to silence this warning:
  [apply] _hA

Note: This linter can be disabled with `set_option linter.unusedVariables false`
PrimalitySheafVerification/Mock2.lean:19547:7: warning: Variable name `hA` is not explicitly referenced.

Hint: The binding can be removed (if unused) or named `_` (if used implicitly). Alternatively, prefix the name with `_` to silence this warning:
  [apply] _hA

Note: This linter can be disabled with `set_option linter.unusedVariables false`
PrimalitySheafVerification/Mock2.lean:19820:0: warning: automatically included section variable(s) unused in theorem `Mock2.Definition18Proposition19ActualSpecialization.zeroGlobalConnection_isFlat`:
  [MeasurableSpace Base]
consider restructuring your `variable` declarations so that the variables are not in scope or explicitly omit them:
  omit [MeasurableSpace Base] in theorem ...

Note: This linter can be disabled with `set_option linter.unusedSectionVars false`
PrimalitySheafVerification/Mock2.lean:19832:57: warning: This simp argument is unused:
  Fin.sum_univ_two

Hint: Omit it from the simp argument list.
  [apply] simp [PolynomialMatrixDifferentialForms.matrixWedge]

Note: This linter can be disabled with `set_option linter.unusedSimpArgs false`
PrimalitySheafVerification/Mock2.lean:20009:0: warning: Definition `toProposition19Hypotheses` is a proposition; use `theorem` instead of `def`

Note: This linter can be disabled with `set_option linter.defProp false`
PrimalitySheafVerification/Mock2.lean:20130:0: warning: Definition `zeroH1` is a proposition; use `theorem` instead of `def`

Note: This linter can be disabled with `set_option linter.defProp false`
PrimalitySheafVerification/Mock2.lean:20179:7: warning: Variable name `H1` is not explicitly referenced.

Hint: The binding can be removed (if unused) or named `_` (if used implicitly). Alternatively, prefix the name with `_` to silence this warning:
  [apply] _H1

Note: This linter can be disabled with `set_option linter.unusedVariables false`
PrimalitySheafVerification/Mock2.lean:21352:2: warning: Left-hand side of simp theorem has a variable as head symbol. This means the theorem will be tried on every simp step, which can be expensive. This may be acceptable for `local` or `scoped` simp lemmas.
Use `set_option warning.simp.varHead false` to disable this warning.
PrimalitySheafVerification/Mock2.lean:21675:4: warning: try 'simp' instead of 'simpa'

Note: This linter can be disabled with `set_option linter.unnecessarySimpa false`
PrimalitySheafVerification/Mock2.lean:21749:4: warning: try 'simp' instead of 'simpa'

Note: This linter can be disabled with `set_option linter.unnecessarySimpa false`
PrimalitySheafVerification/Mock2.lean:22107:8: warning: try 'simp' instead of 'simpa'

Note: This linter can be disabled with `set_option linter.unnecessarySimpa false`
PrimalitySheafVerification/Mock2.lean:22541:0: warning: Definition `certificate` is a proposition; use `theorem` instead of `def`

Note: This linter can be disabled with `set_option linter.defProp false`
PrimalitySheafVerification/Mock2.lean:22703:0: warning: Definition `certificate` is a proposition; use `theorem` instead of `def`

Note: This linter can be disabled with `set_option linter.defProp false`
PrimalitySheafVerification/Mock2.lean:22738:0: warning: Definition `checklist_4_6_through_5_3_unconditional` is a proposition; use `theorem` instead of `def`

Note: This linter can be disabled with `set_option linter.defProp false`
PrimalitySheafVerification/Mock2.lean:23702:57: warning: This simp argument is unused:
  Fin.sum_univ_two

Hint: Omit it from the simp argument list.
  [apply] simp [PolynomialMatrixDifferentialForms.matrixWedge]

Note: This linter can be disabled with `set_option linter.unusedSimpArgs false`
PrimalitySheafVerification/Mock2.lean:24137:0: warning: automatically included section variable(s) unused in theorem `Mock2.PaperElementaryIntegration.FallbackAliases.prop16_Aq_is_sheaf_abstract`:
  [MeasurableSpace Base]
consider restructuring your `variable` declarations so that the variables are not in scope or explicitly omit them:
  omit [MeasurableSpace Base] in theorem ...

Note: This linter can be disabled with `set_option linter.unusedSectionVars false`
PrimalitySheafVerification/Mock2.lean:24479:8: warning: automatically included section variable(s) unused in theorem `Mock2.PaperElementaryIntegration.PaperMap.traceRow_item`:
  [MeasurableSpace Base]
consider restructuring your `variable` declarations so that the variables are not in scope or explicitly omit them:
  omit [MeasurableSpace Base] in theorem ...

Note: This linter can be disabled with `set_option linter.unusedSectionVars false`
PrimalitySheafVerification/Mock2.lean:24482:8: warning: automatically included section variable(s) unused in theorem `Mock2.PaperElementaryIntegration.PaperMap.traceRow_build`:
  [MeasurableSpace Base]
consider restructuring your `variable` declarations so that the variables are not in scope or explicitly omit them:
  omit [MeasurableSpace Base] in theorem ...

Note: This linter can be disabled with `set_option linter.unusedSectionVars false`
PrimalitySheafVerification/Mock2.lean:24486:0: warning: automatically included section variable(s) unused in theorem `Mock2.PaperElementaryIntegration.PaperMap.classification_total`:
  [MeasurableSpace Base]
consider restructuring your `variable` declarations so that the variables are not in scope or explicitly omit them:
  omit [MeasurableSpace Base] in theorem ...

Note: This linter can be disabled with `set_option linter.unusedSectionVars false`
PrimalitySheafVerification/Mock2.lean:24492:0: warning: automatically included section variable(s) unused in theorem `Mock2.PaperElementaryIntegration.PaperMap.paperTrace_has_required_row_count`:
  [MeasurableSpace Base]
consider restructuring your `variable` declarations so that the variables are not in scope or explicitly omit them:
  omit [MeasurableSpace Base] in theorem ...

Note: This linter can be disabled with `set_option linter.unusedSectionVars false`
PrimalitySheafVerification/Mock2.lean:24499:0: warning: automatically included section variable(s) unused in theorem `Mock2.PaperElementaryIntegration.PaperMap.paperTrace_items_nodup`:
  [MeasurableSpace Base]
consider restructuring your `variable` declarations so that the variables are not in scope or explicitly omit them:
  omit [MeasurableSpace Base] in theorem ...

Note: This linter can be disabled with `set_option linter.unusedSectionVars false`
'Mock2.Definition11.qParameter_norm_lt_one' depends on axioms: [propext, Classical.choice, Quot.sound]
'Mock2.Definition11.no_qParameter_outside_unitDisk' depends on axioms: [propext, Classical.choice, Quot.sound]
'Mock2.Definition11.gamma2_topLeft_ne_zero' depends on axioms: [propext, Classical.choice, Quot.sound]
'Mock2.Definition11.gamma2_does_not_send_infinity_to_zero' depends on axioms: [propext, Classical.choice, Quot.sound]
'Mock2.Definition11.no_gamma2_sends_infinity_to_zero' depends on axioms: [propext, Classical.choice, Quot.sound]
'Mock2.Definition11.scalarAnalyticData' depends on axioms: [propext, Classical.choice, Quot.sound]
'Mock2.Definition11.scalarAnalyticData_totalOperator' depends on axioms: [propext, Classical.choice, Quot.sound]
'Mock2.Definition11.scalarAnalyticData_solutionSpace' depends on axioms: [propext, Classical.choice, Quot.sound]
'Mock2.Definition11.scalarSolution' depends on axioms: [propext, Classical.choice, Quot.sound]
'Mock2.Definition11.scalarSolution_value' depends on axioms: [propext, Classical.choice, Quot.sound]
'Mock2.Definition11.scalarSolution_radius_independent' depends on axioms: [propext, Classical.choice, Quot.sound]
'Mock2.Definition11.scalarSolution_ne_zero' depends on axioms: [propext, Classical.choice, Quot.sound]
'Mock2.Definition11.scalarFibre_exists_nonzero' depends on axioms: [propext, Classical.choice, Quot.sound]
'Mock2.Definition11.TwoComponentSpace' depends on axioms: [propext, Classical.choice, Quot.sound]
'Mock2.Definition11.firstCoordinateOperator' depends on axioms: [propext, Classical.choice, Quot.sound]
'Mock2.Definition11.firstCoordinateOperator_apply' depends on axioms: [propext, Classical.choice, Quot.sound]
'Mock2.Definition11.twoComponentAnalyticData' depends on axioms: [propext, Classical.choice, Quot.sound]
'Mock2.Definition11.firstCoordinateOperator_ne_zero' depends on axioms: [propext, Classical.choice, Quot.sound]
'Mock2.Definition11.verticalSolution' depends on axioms: [propext, Classical.choice, Quot.sound]
'Mock2.Definition11.verticalSolution_ne_zero' depends on axioms: [propext, Classical.choice, Quot.sound]
'Mock2.Definition11.twoComponent_nontrivial_operator_and_solution' depends on axioms: [propext,
 Classical.choice,
 Quot.sound]
'Mock2.Definition11.halfRadius' depends on axioms: [propext, Classical.choice, Quot.sound]
'Mock2.Definition11.quarterRadius' depends on axioms: [propext, Classical.choice, Quot.sound]
'Mock2.Definition11.halfRadius_ne_quarterRadius' depends on axioms: [propext, Classical.choice, Quot.sound]
'Mock2.Definition11.quarterRadius_ne_halfRadius' depends on axioms: [propext, Classical.choice, Quot.sound]
'Mock2.Definition11.instPathConnectedSpaceRadiusBase' depends on axioms: [propext, Classical.choice, Quot.sound]
'Mock2.Definition11.halfToQuarterPath' depends on axioms: [propext, Classical.choice, Quot.sound]
'Mock2.Mmock.QSeries.constantSeries' depends on axioms: [propext, Classical.choice, Quot.sound]
'Mock2.Mmock.QSeries.constantSeries_coeff_zero' depends on axioms: [propext, Classical.choice, Quot.sound]
'Mock2.Mmock.QSeries.constantSeries_hasSum' depends on axioms: [propext, Classical.choice, Quot.sound]
'Mock2.Mmock.QSeries.constantSeries_convergesAt' depends on axioms: [propext, Classical.choice, Quot.sound]
'Mock2.Mmock.QSeries.constantSeries_sumAt' depends on axioms: [propext, Classical.choice, Quot.sound]
'Mock2.Mmock.QSeries.constantSeries_ne_zero' depends on axioms: [propext, Classical.choice, Quot.sound]
'Mock2.Mmock.QSeries.monomialSeries' depends on axioms: [propext, Classical.choice, Quot.sound]
'Mock2.Mmock.QSeries.monomialSeries_coeff_same' depends on axioms: [propext, Classical.choice, Quot.sound]
'Mock2.Mmock.QSeries.monomialSeries_coeff_ne' depends on axioms: [propext, Classical.choice, Quot.sound]
'Mock2.Mmock.QSeries.monomialSeries_hasSum' depends on axioms: [propext, Classical.choice, Quot.sound]
'Mock2.Mmock.QSeries.monomialSeries_convergesAt' depends on axioms: [propext, Classical.choice, Quot.sound]
'Mock2.Mmock.QSeries.monomialSeries_sumAt' depends on axioms: [propext, Classical.choice, Quot.sound]
'Mock2.Mmock.QSeries.monomialSeries_ne_zero' depends on axioms: [propext, Classical.choice, Quot.sound]
'Mock2.Mmock.QSeries.degreeOneSeries_sumAt' depends on axioms: [propext, Classical.choice, Quot.sound]
'Mock2.Mmock.QSeries.degreeOne_hasDerivAt' depends on axioms: [propext, Classical.choice, Quot.sound]
'Mock2.Mmock.QSeries.degreeOne_logDerivative_eq_sumAt' depends on axioms: [propext, Classical.choice, Quot.sound]
'Mock2.Mmock.unitKernel' depends on axioms: [propext, Classical.choice, Quot.sound]
'Mock2.Mmock.unitSeriesTriple' depends on axioms: [propext, Classical.choice, Quot.sound]
'Mock2.Mmock.unitCertifiedGerm' depends on axioms: [propext, Classical.choice, Quot.sound]
'Mock2.Mmock.unitKernel_psi_ne_zero' depends on axioms: [propext, Classical.choice, Quot.sound]
'Mock2.Mmock.unitCertifiedGerm_inside_ne_zero' depends on axioms: [propext, Classical.choice, Quot.sound]
'Mock2.Mmock.unitCertifiedGerm_correction_ne_zero' depends on axioms: [propext, Classical.choice, Quot.sound]
'Mock2.Mmock.unitCertifiedGerm_outside_ne_zero' depends on axioms: [propext, Classical.choice, Quot.sound]
'Mock2.Mmock.degreeOneSeriesTriple' depends on axioms: [propext, Classical.choice, Quot.sound]
'Mock2.Mmock.degreeOneCertifiedGerm' depends on axioms: [propext, Classical.choice, Quot.sound]
'Mock2.Mmock.degreeOneCertifiedGerm_inside_sumAt' depends on axioms: [propext, Classical.choice, Quot.sound]
'Mock2.Mmock.degreeOneCertifiedGerm_inside_ne_zero' depends on axioms: [propext, Classical.choice, Quot.sound]
'Mock2.Mmock.degreeOneCertifiedGerm_inside_not_constant' depends on axioms: [propext, Classical.choice, Quot.sound]
'Mock2.Mmock.unitLocalSection' depends on axioms: [propext, Classical.choice, Quot.sound]
'Mock2.Mmock.unitLocalSection_apply' depends on axioms: [propext, Classical.choice, Quot.sound]
'Mock2.Mmock.unit_certificate' depends on axioms: [propext, Classical.choice, Quot.sound]
'Mock2.Definition12Tensor.MmockLinear.constantConvergentSeries' depends on axioms: [propext,
 Classical.choice,
 Quot.sound]
'Mock2.Definition12Tensor.MmockLinear.unitInsideVariationRaw' depends on axioms: [propext, Classical.choice, Quot.sound]
'Mock2.Definition12Tensor.MmockLinear.unitInsideVariation' depends on axioms: [propext, Classical.choice, Quot.sound]
'Mock2.Definition12Tensor.MmockLinear.unitInsideVariation_inside_coeff_zero' depends on axioms: [propext,
 Classical.choice,
 Quot.sound]
'Mock2.Definition12Tensor.MmockLinear.unitInsideVariation_ne_zero' depends on axioms: [propext,
 Classical.choice,
 Quot.sound]
'Mock2.Definition12Tensor.MmockLinear.degreeOneConvergentSeries' depends on axioms: [propext,
 Classical.choice,
 Quot.sound]
'Mock2.Definition12Tensor.MmockLinear.degreeOneInsideVariationRaw' depends on axioms: [propext,
 Classical.choice,
 Quot.sound]
'Mock2.Definition12Tensor.MmockLinear.degreeOneInsideVariation' depends on axioms: [propext,
 Classical.choice,
 Quot.sound]
'Mock2.Definition12Tensor.MmockLinear.degreeOneInsideVariation_sumAt' depends on axioms: [propext,
 Classical.choice,
 Quot.sound]
'Mock2.Definition12Tensor.MmockLinear.degreeOneInsideVariation_ne_zero' depends on axioms: [propext,
 Classical.choice,
 Quot.sound]
'Mock2.Definition13QCovariant.identityFibreOperators' depends on axioms: [propext, Classical.choice, Quot.sound]
'Mock2.Definition13QCovariant.identityFibreOperators_qPotential_apply' depends on axioms: [propext,
 Classical.choice,
 Quot.sound]
'Mock2.Definition13QCovariant.identityFibreOperators_logDerivative_apply' depends on axioms: [propext,
 Classical.choice,
 Quot.sound]
'Mock2.Definition13QCovariant.identityActualFibreOperators' depends on axioms: [propext, Classical.choice, Quot.sound]
'Mock2.Definition13QCovariant.identityActual_certificate' depends on axioms: [propext, Classical.choice, Quot.sound]
'Mock2.Definition13QCovariant.scalarIdentityActual_qPotential_ne_zero' depends on axioms: [propext,
 Classical.choice,
 Quot.sound]
'Mock2.Definition13QCovariant.DegreeOneMmockFibre' depends on axioms: [propext, Classical.choice, Quot.sound]
'Mock2.Definition13QCovariant.degreeOneFibreOperators' depends on axioms: [propext, Classical.choice, Quot.sound]
'Mock2.Definition13QCovariant.degreeOneFibreOperators_qPotential_apply' depends on axioms: [propext,
 Classical.choice,
 Quot.sound]
'Mock2.Definition13QCovariant.degreeOneFibreOperators_logDerivative_apply' depends on axioms: [propext,
 Classical.choice,
 Quot.sound]
'Mock2.Definition13QCovariant.degreeOne_qPotential_ne_zero' depends on axioms: [propext, Classical.choice, Quot.sound]
'Mock2.Definition13QCovariant.degreeOne_logDerivative_ne_zero' depends on axioms: [propext,
 Classical.choice,
 Quot.sound]
'Mock2.Definition13QCovariant.degreeOne_logDerivative_realizes_certifiedVariation' depends on axioms: [propext,
 Classical.choice,
 Quot.sound]
'Mock2.Definition13QCovariant.degreeOneDq_certificate' depends on axioms: [propext, Classical.choice, Quot.sound]
'Mock2.Proposition14.gaugeFlatTransport' depends on axioms: [propext, Classical.choice, Quot.sound]
'Mock2.Proposition14.HqEvolutionData.replaceGenerator' depends on axioms: [propext, Classical.choice, Quot.sound]
'Mock2.Proposition14.HqEvolutionData.replaceGenerator_Hq_apply' depends on axioms: [propext,
 Classical.choice,
 Quot.sound]
'Mock2.Proposition14.HqEvolutionData.replaceGenerator_solves_iff' depends on axioms: [propext,
 Classical.choice,
 Quot.sound]
'Mock2.Proposition14.HqEvolutionWellPosed.replaceGenerator' depends on axioms: [propext, Classical.choice, Quot.sound]
'Mock2.Proposition14.identityGeneratorEvolution' depends on axioms: [propext, Classical.choice, Quot.sound]
'Mock2.Proposition14.identityGeneratorEvolution_Hq_apply' depends on axioms: [propext, Classical.choice, Quot.sound]
'Mock2.Proposition14.identityGeneratorEvolution_solves_iff' depends on axioms: [propext, Classical.choice, Quot.sound]
'Mock2.Proposition14.identityGeneratorEvolutionWellPosed' depends on axioms: [propext, Classical.choice, Quot.sound]
'Mock2.Proposition14.scalar_zero_and_identity_generators_distinct' depends on axioms: [propext,
 Classical.choice,
 Quot.sound]
'Mock2.Proposition14.scalar_zero_and_identity_same_solutions' depends on axioms: [propext, Classical.choice, Quot.sound]
'Mock2.Proposition14.EvolutionInterfaceAudit' depends on axioms: [propext, Classical.choice, Quot.sound]
'Mock2.Proposition14.evolutionInterface_audit' depends on axioms: [propext, Classical.choice, Quot.sound]
'Mock2.Proposition14.scalarSignGauge' depends on axioms: [propext, Classical.choice, Quot.sound]
'Mock2.Proposition14.scalarSignGauge_half' depends on axioms: [propext, Classical.choice, Quot.sound]
'Mock2.Proposition14.scalarSignGauge_quarter' depends on axioms: [propext, Classical.choice, Quot.sound]
'Mock2.Proposition14.scalarSignFlatTransport' depends on axioms: [propext, Classical.choice, Quot.sound]
'Mock2.Proposition14.scalarSignFlatTransport_halfToQuarter' depends on axioms: [propext, Classical.choice, Quot.sound]
'Mock2.Proposition14.scalarCanonicalFlatTransport_halfToQuarter' depends on axioms: [propext,
 Classical.choice,
 Quot.sound]
'Mock2.Proposition14.scalarSolution_one_ne_neg' depends on axioms: [propext, Classical.choice, Quot.sound]
'Mock2.Proposition14.flatTransport_not_unique_from_flatness' depends on axioms: [propext, Classical.choice, Quot.sound]
'Mock2.UnconditionalAnalyticAudit.Certificate' depends on axioms: [propext, Classical.choice, Quot.sound]
'Mock2.UnconditionalAnalyticAudit.certificate' depends on axioms: [propext, Classical.choice, Quot.sound]
'Mock2.UnconditionalAnalyticAudit.LiteralDefinition11Closure' depends on axioms: [propext, Classical.choice, Quot.sound]
'Mock2.UnconditionalAnalyticAudit.literalDefinition11Closure_impossible' depends on axioms: [propext,
 Classical.choice,
 Quot.sound]
'Mock2.UnconditionalAnalyticAudit.LiteralPaperAnalyticClosure' depends on axioms: [propext,
 Classical.choice,
 Quot.sound]
'Mock2.UnconditionalAnalyticAudit.literalPaperAnalyticClosure_impossible' depends on axioms: [propext,
 Classical.choice,
 Quot.sound]
'Mock2.UnconditionalAnalyticAudit.literalPaperAnalyticClosure_componentwise' depends on axioms: [propext,
 Classical.choice,
 Quot.sound]
'Mock2.UnconditionalSection46To53.ConcreteGaugeGroup' depends on axioms: [propext, Classical.choice, Quot.sound]
'Mock2.UnconditionalSection46To53.ConcreteGaugeModel' depends on axioms: [propext, Classical.choice, Quot.sound]
'Mock2.UnconditionalSection46To53.Certificate' depends on axioms: [propext, Classical.choice, Quot.sound]
'Mock2.UnconditionalSection46To53.certificate' depends on axioms: [propext, Classical.choice, Quot.sound]
'Mock2.UnconditionalSection46To53.checklist_4_6_through_5_3_unconditional' depends on axioms: [propext,
 Classical.choice,
 Quot.sound]
'Mock2.kernel_mem_iff_lcm' depends on axioms: [propext, Classical.choice, Quot.sound]
'Mock2.kernel_ideal_inter' depends on axioms: [propext, Classical.choice, Quot.sound]
'Mock2.intersectionIdeal' depends on axioms: [propext, Quot.sound]
'Mock2.mem_intersectionIdeal_iff' depends on axioms: [propext, Quot.sound]
'Mock2.mem_intersectionIdeal_iff_lcm' depends on axioms: [propext, Classical.choice, Quot.sound]
'Mock2.intersectionIdeal_eq_span_lcm' depends on axioms: [propext, Classical.choice, Quot.sound]
'Mock2.intersectionIdealAddSubgroup' depends on axioms: [propext, Quot.sound]
'Mock2.mem_intersectionIdealAddSubgroup_iff' depends on axioms: [propext, Quot.sound]
'Mock2.intersectionIdealAddSubgroup_eq_zmultiples_inf' depends on axioms: [propext, Quot.sound]
'Mock2.intersectionIdealAddSubgroup_eq_zmultiples_lcm' depends on axioms: [propext, Classical.choice, Quot.sound]
'Mock2.intersectionIdealIncl' depends on axioms: [propext, Quot.sound]
'Mock2.intersectionIdealIncl_apply' depends on axioms: [propext, Quot.sound]
'Mock2.intersectionIdealIncl_injective' depends on axioms: [propext, Quot.sound]
'Mock2.intersectionIdealAddSubgroupIncl' depends on axioms: [propext, Quot.sound]
'Mock2.intersectionIdealAddSubgroupIncl_apply' depends on axioms: [propext, Quot.sound]
'Mock2.intersectionIdealEquivAddSubgroup' depends on axioms: [propext, Quot.sound]
'Mock2.intersectionIdealEquivAddSubgroup_apply' depends on axioms: [propext, Quot.sound]
'Mock2.span_sup_eq_gcd' depends on axioms: [propext, Classical.choice, Quot.sound]
'Mock2.crt_solvable_iff' depends on axioms: [propext, Quot.sound]
'Mock2.card_ker_mulLeft' depends on axioms: [propext, Classical.choice, Quot.sound]
'Mock2.obstructionFree_iff_card' depends on axioms: [propext, Classical.choice, Quot.sound]
'Mock2.padicExponentProxy_eq_padicValNat' depends on axioms: [propext, Classical.choice, Quot.sound]
'Mock2.p_pow_dvd_M_iff_le_padicExponentProxy' depends on axioms: [propext, Classical.choice, Quot.sound]
'Mock2.p_pow_dvd_M_iff_le_padicValNat' depends on axioms: [propext, Classical.choice, Quot.sound]
'Mock2.M_pos_of_setup' does not depend on any axioms
'Mock2.k_pos_of_setup' does not depend on any axioms
'Mock2.p_pos_of_prime' depends on axioms: [propext]
'Mock2.Pk_pos' depends on axioms: [propext]
'Mock2.Pk_ne_zero' depends on axioms: [propext]
'Mock2.p_dvd_Pk' depends on axioms: [propext, Classical.choice, Quot.sound]
'Mock2.Pk_factorization' depends on axioms: [propext, Classical.choice, Quot.sound]
'Mock2.Pk_factorization_self' depends on axioms: [propext, Classical.choice, Quot.sound]
'Mock2.Pk_factorization_apply' depends on axioms: [propext, Classical.choice, Quot.sound]
'Mock2.gcd_M_Pk_ne_zero' depends on axioms: [propext, Quot.sound]
'Mock2.gcd_M_Pk_dvd_M' depends on axioms: [propext, Quot.sound]
'Mock2.gcd_M_Pk_dvd_Pk' depends on axioms: [propext, Quot.sound]
'Mock2.gcd_M_Pk_factorization_self' depends on axioms: [propext, Classical.choice, Quot.sound]
'Mock2.gcd_M_Pk_factorization_ne' depends on axioms: [propext, Classical.choice, Quot.sound]
'Mock2.gcd_M_Pk_factorization_apply' depends on axioms: [propext, Classical.choice, Quot.sound]
'Mock2.gcd_M_Pk_factorization' depends on axioms: [propext, Classical.choice, Quot.sound]
'Mock2.gcd_M_Pk_factorization_padicProxy' depends on axioms: [propext, Classical.choice, Quot.sound]
'Mock2.gcd_M_Pk_factorization_padicValNat' depends on axioms: [propext, Classical.choice, Quot.sound]
'Mock2.gcd_M_Pk_eq_pow_min_factorization' depends on axioms: [propext, Classical.choice, Quot.sound]
'Mock2.gcd_M_Pk_eq_pow_min_padicProxy' depends on axioms: [propext, Classical.choice, Quot.sound]
'Mock2.gcd_M_Pk_eq_pow_min_padicValNat' depends on axioms: [propext, Classical.choice, Quot.sound]
'Mock2.gcd_M_Pk_eq_padicPart_of_padicValNat_le' depends on axioms: [propext, Classical.choice, Quot.sound]
'Mock2.gcd_M_Pk_eq_Pk_of_k_le_padicValNat' depends on axioms: [propext, Classical.choice, Quot.sound]
'Mock2.primePowerSetup_certificate' depends on axioms: [propext, Classical.choice, Quot.sound]
'Mock2.gcd_eq_prod_primeFactors' depends on axioms: [propext, Classical.choice, Quot.sound]
'Mock2.card_Tor_eq_exp_IC' depends on axioms: [propext, Classical.choice, Quot.sound]
'Mock2.thickness_stable_coprime' depends on axioms: [propext, Classical.choice, Quot.sound]
'Mock2.Phi_fst_apply' depends on axioms: [propext, Quot.sound]
'Mock2.Phi_snd_apply' depends on axioms: [propext, Quot.sound]
'Mock2.Phi_fst_eq_zero_iff_dvd' depends on axioms: [propext, Classical.choice, Quot.sound]
'Mock2.Phi_snd_eq_zero_iff_dvd' depends on axioms: [propext, Classical.choice, Quot.sound]
'Mock2.Phi_eq_zero_iff_dvd' depends on axioms: [propext, Classical.choice, Quot.sound]
'Mock2.Phi_eq_zero_iff_lcm' depends on axioms: [propext, Classical.choice, Quot.sound]
'Mock2.Phi_kernel_iff_lcm' depends on axioms: [propext, Classical.choice, Quot.sound]
'Mock2.Phi_mem_ker_iff_dvd' depends on axioms: [propext, Classical.choice, Quot.sound]
'Mock2.Phi_mem_ker_iff_lcm' depends on axioms: [propext, Classical.choice, Quot.sound]
'Mock2.Phi_ker_eq_zmultiples_inf' depends on axioms: [propext, Classical.choice, Quot.sound]
'Mock2.Phi_ker_eq_zmultiples_lcm' depends on axioms: [propext, Classical.choice, Quot.sound]
'Mock2.zmultiples_inf_eq_zmultiples_lcm' depends on axioms: [propext, Classical.choice, Quot.sound]
'Mock2.mem_intersectionIdeal_iff_mem_Phi_ker' depends on axioms: [propext, Classical.choice, Quot.sound]
'Mock2.intersectionIdealAddSubgroup_eq_Phi_ker' depends on axioms: [propext, Classical.choice, Quot.sound]
'Mock2.intersectionIdealAddEquivZMultiplesLcm' depends on axioms: [propext, Classical.choice, Quot.sound]
'Mock2.intersectionIdealAddEquivZMultiplesLcm_apply' depends on axioms: [propext, Classical.choice, Quot.sound]
'Mock2.intersectionIdealAddEquivPhiKer' depends on axioms: [propext, Classical.choice, Quot.sound]
'Mock2.intersectionIdealAddEquivPhiKer_apply' depends on axioms: [propext, Classical.choice, Quot.sound]
'Mock2.intersectionIdealAddEquivPhiKer_symm_apply' depends on axioms: [propext, Classical.choice, Quot.sound]
'Mock2.zmultiplesLcmAddEquivPhiKer' depends on axioms: [propext, Classical.choice, Quot.sound]
'Mock2.intersectionIdealIncl_range_eq_Phi_ker' depends on axioms: [propext, Classical.choice, Quot.sound]
'Mock2.intersectionIdealIncl_Phi_exact' depends on axioms: [propext, Classical.choice, Quot.sound]
'Mock2.Phi_intersectionIdealIncl_eq_zero' depends on axioms: [propext, Classical.choice, Quot.sound]
'Mock2.Phi_comp_intersectionIdealIncl_eq_zero' depends on axioms: [propext, Classical.choice, Quot.sound]
'Mock2.IntersectionIdealKernelCertificate' depends on axioms: [propext, Classical.choice, Quot.sound]
'Mock2.intersectionIdealKernel_certificate' depends on axioms: [propext, Classical.choice, Quot.sound]
'Mock2.Phi_primePower_eq_zero_iff_dvd' depends on axioms: [propext, Classical.choice, Quot.sound]
'Mock2.Phi_primePower_eq_zero_iff_lcm' depends on axioms: [propext, Classical.choice, Quot.sound]
'Mock2.Phi_mem_ker_primePower_iff_dvd' depends on axioms: [propext, Classical.choice, Quot.sound]
'Mock2.Phi_mem_ker_primePower_iff_lcm' depends on axioms: [propext, Classical.choice, Quot.sound]
'Mock2.Phi_ker_primePower_eq_zmultiples_inf' depends on axioms: [propext, Classical.choice, Quot.sound]
'Mock2.Phi_ker_primePower_eq_zmultiples_lcm' depends on axioms: [propext, Classical.choice, Quot.sound]
'Mock2.zmultiples_primePower_inf_eq_zmultiples_lcm' depends on axioms: [propext, Classical.choice, Quot.sound]
'Mock2.intersectionIdeal_primePower_definition' depends on axioms: [propext, Quot.sound]
'Mock2.intersectionIdeal_primePower_eq_span_lcm' depends on axioms: [propext, Classical.choice, Quot.sound]
'Mock2.intersectionIdealAddSubgroup_primePower_eq_zmultiples_lcm' depends on axioms: [propext,
 Classical.choice,
 Quot.sound]
'Mock2.intersectionIdealAddSubgroup_primePower_eq_Phi_ker' depends on axioms: [propext, Classical.choice, Quot.sound]
'Mock2.intersectionIdealPrimePowerAddEquivPhiKer' depends on axioms: [propext, Classical.choice, Quot.sound]
'Mock2.intersectionIdealPrimePowerAddEquivPhiKer_apply' depends on axioms: [propext, Classical.choice, Quot.sound]
'Mock2.intersectionIdealIncl_Phi_primePower_exact' depends on axioms: [propext, Classical.choice, Quot.sound]
'Mock2.PrimePowerIntersectionIdealKernelCertificate' depends on axioms: [propext, Classical.choice, Quot.sound]
'Mock2.primePowerIntersectionIdealKernel_certificate' depends on axioms: [propext, Classical.choice, Quot.sound]
'Mock2.prop21_intersectionIdealAddSubgroup_primePower_eq_Phi_ker' depends on axioms: [propext,
 Classical.choice,
 Quot.sound]
'Mock2.prop21_intersectionIdealIncl_Phi_primePower_exact' depends on axioms: [propext, Classical.choice, Quot.sound]
'Mock2.comparisonMap_certificate' depends on axioms: [propext, Classical.choice, Quot.sound]
'Mock2.primePowerComparison_certificate' depends on axioms: [propext, Classical.choice, Quot.sound]
'Mock2.Prop21ComparisonMapCertificate' depends on axioms: [propext, Classical.choice, Quot.sound]
'Mock2.prop21ComparisonMap_certificate' depends on axioms: [propext, Classical.choice, Quot.sound]
'Mock2.psi_apply' depends on axioms: [propext, Quot.sound]
'Mock2.psi_left_zero_apply' depends on axioms: [propext, Quot.sound]
'Mock2.psi_zero_right_apply' depends on axioms: [propext, Quot.sound]
'Mock2.psi_representatives_apply' depends on axioms: [propext, Quot.sound]
'Mock2.psi_Phi_eq_zero' depends on axioms: [propext, Quot.sound]
'Mock2.psi_comp_Phi_eq_zero' depends on axioms: [propext, Quot.sound]
'Mock2.zmod_intCast_eq_of_dvd_sub' depends on axioms: [propext, Classical.choice, Quot.sound]
'Mock2.psi_left_representative_congr' depends on axioms: [propext, Classical.choice, Quot.sound]
'Mock2.psi_right_representative_congr' depends on axioms: [propext, Classical.choice, Quot.sound]
'Mock2.psi_representatives_eq_zero_iff' depends on axioms: [propext, Classical.choice, Quot.sound]
'Mock2.psi_zero_iff_crt_solvable' depends on axioms: [propext, Classical.choice, Quot.sound]
'Mock2.psi_representatives_congr_of_dvd' depends on axioms: [propext, Classical.choice, Quot.sound]
'Mock2.psi_surjective' depends on axioms: [propext, Quot.sound]
'Mock2.Phi_range_le_psi_ker' depends on axioms: [propext, Classical.choice, Quot.sound]
'Mock2.psi_ker_le_Phi_range' depends on axioms: [propext, Classical.choice, Quot.sound]
'Mock2.Phi_range_eq_psi_ker' depends on axioms: [propext, Classical.choice, Quot.sound]
'Mock2.psi_Phi_primePower_eq_zero' depends on axioms: [propext, Quot.sound]
'Mock2.Phi_range_primePower_le_psi_ker' depends on axioms: [propext, Classical.choice, Quot.sound]
'Mock2.psi_ker_primePower_le_Phi_range' depends on axioms: [propext, Classical.choice, Quot.sound]
'Mock2.Phi_range_primePower_eq_psi_ker' depends on axioms: [propext, Classical.choice, Quot.sound]
'Mock2.psi_primePower_surjective' depends on axioms: [propext, Quot.sound]
'Mock2.cokernelEndpoint_certificate' depends on axioms: [propext, Classical.choice, Quot.sound]
'Mock2.primePowerCokernelEndpoint_certificate' depends on axioms: [propext, Classical.choice, Quot.sound]
'Mock2.prop21CokernelEndpoint_certificate' depends on axioms: [propext, Classical.choice, Quot.sound]
'Mock2.PhiKernelModel' depends on axioms: [propext, Classical.choice, Quot.sound]
'Mock2.intersectionIdealAddSubgroup_eq_PhiKernelModel' depends on axioms: [propext, Classical.choice, Quot.sound]
'Mock2.PhiKernelModel_eq_Phi_ker' depends on axioms: [propext, Classical.choice, Quot.sound]
'Mock2.intersectionIdealAddEquivPhiKernelModel' depends on axioms: [propext, Classical.choice, Quot.sound]
'Mock2.intersectionIdealAddEquivPhiKernelModel_apply' depends on axioms: [propext, Classical.choice, Quot.sound]
'Mock2.PhiKernelModelAddEquivPhiKer' depends on axioms: [propext, Classical.choice, Quot.sound]
'Mock2.PhiKernelModelCompatibilityCertificate' depends on axioms: [propext, Classical.choice, Quot.sound]
'Mock2.PhiKernelModelCompatibility_certificate' depends on axioms: [propext, Classical.choice, Quot.sound]
'Mock2.PhiKernelIncl_apply' depends on axioms: [propext, Classical.choice, Quot.sound]
'Mock2.PhiKernelIncl_injective' depends on axioms: [propext, Classical.choice, Quot.sound]
'Mock2.PhiKernelIncl_range_eq_Phi_ker' depends on axioms: [propext, Classical.choice, Quot.sound]
'Mock2.PhiKernelIncl_Phi_exact' depends on axioms: [propext, Classical.choice, Quot.sound]
'Mock2.Phi_PhiKernelIncl_eq_zero' depends on axioms: [propext, Classical.choice, Quot.sound]
'Mock2.Phi_comp_PhiKernelIncl_eq_zero' depends on axioms: [propext, Classical.choice, Quot.sound]
'Mock2.Phi_psi_exact' depends on axioms: [propext, Classical.choice, Quot.sound]
'Mock2.ShortExact5' depends on axioms: [propext, Classical.choice, Quot.sound]
'Mock2.shortExact5_general' depends on axioms: [propext, Classical.choice, Quot.sound]
'Mock2.LiteralIntersectionShortExact5' depends on axioms: [propext, Classical.choice, Quot.sound]
'Mock2.literalIntersectionShortExact5_general' depends on axioms: [propext, Classical.choice, Quot.sound]
'Mock2.PhiKernelIncl_Phi_primePower_exact' depends on axioms: [propext, Classical.choice, Quot.sound]
'Mock2.Phi_psi_primePower_exact' depends on axioms: [propext, Classical.choice, Quot.sound]
'Mock2.shortExact5_primePower' depends on axioms: [propext, Classical.choice, Quot.sound]
'Mock2.literalIntersectionShortExact5_primePower' depends on axioms: [propext, Classical.choice, Quot.sound]
'Mock2.prop21_exact_sequence' depends on axioms: [propext, Classical.choice, Quot.sound]
'Mock2.Prop21ExactSequenceCertificate' depends on axioms: [propext, Classical.choice, Quot.sound]
'Mock2.prop21_exact_sequence_certificate' depends on axioms: [propext, Classical.choice, Quot.sound]
'Mock2.spt_short_exact_certificate' depends on axioms: [propext, Classical.choice, Quot.sound]
'Mock2.Prop21StandardSequence.zeroObject' depends on axioms: [propext, Quot.sound]
'Mock2.Prop21StandardSequence.intersectionObject' depends on axioms: [propext, Quot.sound]
'Mock2.Prop21StandardSequence.integerObject' depends on axioms: [propext]
'Mock2.Prop21StandardSequence.residueProductObject' depends on axioms: [propext, Quot.sound]
'Mock2.Prop21StandardSequence.gcdObject' depends on axioms: [propext, Quot.sound]
'Mock2.Prop21StandardSequence.zeroToIntersection' depends on axioms: [propext, Quot.sound]
'Mock2.Prop21StandardSequence.intersectionInclusion' depends on axioms: [propext, Quot.sound]
'Mock2.Prop21StandardSequence.comparison' depends on axioms: [propext, Quot.sound]
'Mock2.Prop21StandardSequence.difference' depends on axioms: [propext, Quot.sound]
'Mock2.Prop21StandardSequence.gcdToZero' depends on axioms: [propext, Quot.sound]
'Mock2.Prop21StandardSequence.zeroToIntersection_comp_intersectionInclusion' depends on axioms: [propext, Quot.sound]
'Mock2.Prop21StandardSequence.intersectionInclusion_comp_comparison' depends on axioms: [propext,
 Classical.choice,
 Quot.sound]
'Mock2.Prop21StandardSequence.comparison_comp_difference' depends on axioms: [propext, Quot.sound]
'Mock2.Prop21StandardSequence.difference_comp_gcdToZero' depends on axioms: [propext, Quot.sound]
'Mock2.Prop21StandardSequence.leftEndpoint' depends on axioms: [propext, Quot.sound]
'Mock2.Prop21StandardSequence.atInteger' depends on axioms: [propext, Classical.choice, Quot.sound]
'Mock2.Prop21StandardSequence.atResidueProduct' depends on axioms: [propext, Quot.sound]
'Mock2.Prop21StandardSequence.rightEndpoint' depends on axioms: [propext, Quot.sound]
'Mock2.Prop21StandardSequence.leftEndpoint_f' depends on axioms: [propext, Quot.sound]
'Mock2.Prop21StandardSequence.leftEndpoint_g' depends on axioms: [propext, Quot.sound]
'Mock2.Prop21StandardSequence.atInteger_f' depends on axioms: [propext, Classical.choice, Quot.sound]
'Mock2.Prop21StandardSequence.atInteger_g' depends on axioms: [propext, Classical.choice, Quot.sound]
'Mock2.Prop21StandardSequence.atResidueProduct_f' depends on axioms: [propext, Quot.sound]
'Mock2.Prop21StandardSequence.atResidueProduct_g' depends on axioms: [propext, Quot.sound]
'Mock2.Prop21StandardSequence.rightEndpoint_f' depends on axioms: [propext, Quot.sound]
'Mock2.Prop21StandardSequence.rightEndpoint_g' depends on axioms: [propext, Quot.sound]
'Mock2.Prop21StandardSequence.leftEndpoint_exact' depends on axioms: [propext, Classical.choice, Quot.sound]
'Mock2.Prop21StandardSequence.atInteger_exact' depends on axioms: [propext, Classical.choice, Quot.sound]
'Mock2.Prop21StandardSequence.atResidueProduct_exact' depends on axioms: [propext, Classical.choice, Quot.sound]
'Mock2.Prop21StandardSequence.rightEndpoint_exact' depends on axioms: [propext, Classical.choice, Quot.sound]
'Mock2.Prop21StandardSequence.StandardDiagramCertificate' depends on axioms: [propext, Classical.choice, Quot.sound]
'Mock2.Prop21StandardSequence.standardDiagram_certificate' depends on axioms: [propext, Classical.choice, Quot.sound]
'Mock2.PhiCokernel' depends on axioms: [propext, Classical.choice, Quot.sound]
'Mock2.PhiCokernel.quotientMap' depends on axioms: [propext, Classical.choice, Quot.sound]
'Mock2.PhiCokernel.quotientMap_apply' depends on axioms: [propext, Classical.choice, Quot.sound]
'Mock2.PhiCokernel.quotientMap_surjective' depends on axioms: [propext, Classical.choice, Quot.sound]
'Mock2.PhiCokernel.quotientMap_ker' depends on axioms: [propext, Classical.choice, Quot.sound]
'Mock2.PhiCokernel.quotientMap_comp_Phi_eq_zero' depends on axioms: [propext, Classical.choice, Quot.sound]
'Mock2.PhiCokernel.range_le_ker_of_comp_eq_zero' depends on axioms: [propext, Classical.choice, Quot.sound]
'Mock2.PhiCokernel.desc' depends on axioms: [propext, Classical.choice, Quot.sound]
'Mock2.PhiCokernel.desc_comp_quotientMap' depends on axioms: [propext, Classical.choice, Quot.sound]
'Mock2.PhiCokernel.desc_unique' depends on axioms: [propext, Classical.choice, Quot.sound]
'Mock2.PhiCokernel.existsUnique_desc' depends on axioms: [propext, Classical.choice, Quot.sound]
'Mock2.PhiCokernel.descPsi' depends on axioms: [propext, Classical.choice, Quot.sound]
'Mock2.PhiCokernel.descPsi_comp_quotientMap' depends on axioms: [propext, Classical.choice, Quot.sound]
'Mock2.PhiCokernel.descPsi_quotientMap_apply' depends on axioms: [propext, Classical.choice, Quot.sound]
'Mock2.PhiCokernel.equivZMod' depends on axioms: [propext, Classical.choice, Quot.sound]
'Mock2.PhiCokernel.equivZMod_quotientMap_apply' depends on axioms: [propext, Classical.choice, Quot.sound]
'Mock2.PhiCokernel.equivZMod_toAddMonoidHom_comp_quotientMap' depends on axioms: [propext, Classical.choice, Quot.sound]
'Mock2.PhiCokernel.descPsi_eq_equivZMod_toAddMonoidHom' depends on axioms: [propext, Classical.choice, Quot.sound]
'Mock2.PhiCokernel.object' depends on axioms: [propext, Classical.choice, Quot.sound]
'Mock2.PhiCokernel.quotientMorphism' depends on axioms: [propext, Classical.choice, Quot.sound]
'Mock2.PhiCokernel.comparison_comp_quotientMorphism' depends on axioms: [propext, Classical.choice, Quot.sound]
'Mock2.PhiCokernel.atResidueProduct' depends on axioms: [propext, Classical.choice, Quot.sound]
'Mock2.PhiCokernel.atResidueProduct_exact' depends on axioms: [propext, Classical.choice, Quot.sound]
'Mock2.PhiCokernel.toZero' depends on axioms: [propext, Classical.choice, Quot.sound]
'Mock2.PhiCokernel.quotientMorphism_comp_toZero' depends on axioms: [propext, Classical.choice, Quot.sound]
'Mock2.PhiCokernel.rightEndpoint' depends on axioms: [propext, Classical.choice, Quot.sound]
'Mock2.PhiCokernel.rightEndpoint_exact' depends on axioms: [propext, Classical.choice, Quot.sound]
'Mock2.PhiCokernel.gcdIso' depends on axioms: [propext, Classical.choice, Quot.sound]
'Mock2.PhiCokernel.quotientMorphism_comp_gcdIso_hom' depends on axioms: [propext, Classical.choice, Quot.sound]
'Mock2.PhiCokernel.atResidueProductIso' depends on axioms: [propext, Classical.choice, Quot.sound]
'Mock2.PhiCokernel.Certificate' depends on axioms: [propext, Classical.choice, Quot.sound]
'Mock2.PhiCokernel.certificate' depends on axioms: [propext, Classical.choice, Quot.sound]
'Mock2.Prop21Naturality.intersectionRestriction' depends on axioms: [propext, Quot.sound]
'Mock2.Prop21Naturality.intersectionRestriction_apply' depends on axioms: [propext, Quot.sound]
'Mock2.Prop21Naturality.residueRestriction' depends on axioms: [propext, Quot.sound]
'Mock2.Prop21Naturality.residueRestriction_apply' depends on axioms: [propext, Quot.sound]
'Mock2.Prop21Naturality.gcd_dvd_gcd_of_dvd' depends on axioms: [propext, Quot.sound]
'Mock2.Prop21Naturality.gcdRestriction' depends on axioms: [propext, Quot.sound]
'Mock2.Prop21Naturality.intersectionRestriction_comp_inclusion' depends on axioms: [propext, Quot.sound]
'Mock2.Prop21Naturality.residueRestriction_comp_Phi' depends on axioms: [propext, Quot.sound]
'Mock2.Prop21Naturality.gcdRestriction_comp_psi' depends on axioms: [propext, Quot.sound]
'Mock2.Prop21Naturality.Phi_range_le_comap_residueRestriction' depends on axioms: [propext,
 Classical.choice,
 Quot.sound]
'Mock2.Prop21Naturality.cokernelMap' depends on axioms: [propext, Classical.choice, Quot.sound]
'Mock2.Prop21Naturality.cokernelMap_quotientMap_apply' depends on axioms: [propext, Classical.choice, Quot.sound]
'Mock2.Prop21Naturality.cokernelMap_comp_quotientMap' depends on axioms: [propext, Classical.choice, Quot.sound]
'Mock2.Prop21Naturality.equivZMod_natural' depends on axioms: [propext, Classical.choice, Quot.sound]
'Mock2.Prop21Naturality.equivZMod_natural_hom' depends on axioms: [propext, Classical.choice, Quot.sound]
'Mock2.Prop21Naturality.leftEndpointHom' depends on axioms: [propext, Quot.sound]
'Mock2.Prop21Naturality.atIntegerHom' depends on axioms: [propext, Classical.choice, Quot.sound]
'Mock2.Prop21Naturality.atResidueProductHom' depends on axioms: [propext, Quot.sound]
'Mock2.Prop21Naturality.rightEndpointHom' depends on axioms: [propext, Quot.sound]
'Mock2.Prop21Naturality.actualAtResidueProductHom' depends on axioms: [propext, Classical.choice, Quot.sound]
'Mock2.Prop21Naturality.actualRightEndpointHom' depends on axioms: [propext, Classical.choice, Quot.sound]
'Mock2.Prop21Naturality.Certificate' depends on axioms: [propext, Classical.choice, Quot.sound]
'Mock2.Prop21Naturality.certificate' depends on axioms: [propext, Classical.choice, Quot.sound]
'Mock2.Prop21Section32Certificate' depends on axioms: [propext, Classical.choice, Quot.sound]
'Mock2.prop21Section32_certificate' depends on axioms: [propext, Classical.choice, Quot.sound]
'Mock2.Prop21PrimePowerSection32Certificate' depends on axioms: [propext, Classical.choice, Quot.sound]
'Mock2.prop21PrimePowerSection32_certificate' depends on axioms: [propext, Classical.choice, Quot.sound]
'Mock2.Tor1Model_exp_IC' depends on axioms: [propext, Classical.choice, Quot.sound]
'Mock2.Thickness' does not depend on any axioms
'Mock2.Thickness.cardinality' does not depend on any axioms
'Mock2.Thickness.primePowerExponent' depends on axioms: [propext, Classical.choice, Quot.sound]
'Mock2.Thickness.primePowerCardinality' depends on axioms: [propext, Classical.choice, Quot.sound]
'Mock2.Thickness.cardinality_eq_gcd' does not depend on any axioms
'Mock2.Thickness.primePowerExponent_eq_min' depends on axioms: [propext, Classical.choice, Quot.sound]
'Mock2.Thickness.primePowerCardinality_eq_pow_min' depends on axioms: [propext, Classical.choice, Quot.sound]
'Mock2.Thickness.prop21_group_eq_Tor1Model' does not depend on any axioms
'Mock2.Thickness.card_eq_cardinality' depends on axioms: [propext, Classical.choice, Quot.sound]
'Mock2.Thickness.prop21_primePower_cardinality' depends on axioms: [propext, Classical.choice, Quot.sound]
'Mock2.Thickness.prop21_primePower_cardinality_eq_pow_min' depends on axioms: [propext, Classical.choice, Quot.sound]
'Mock2.Thickness.prop21_primePower_group_cardinality' depends on axioms: [propext, Classical.choice, Quot.sound]
'Mock2.Thickness.Generalized.factorization_stable_of_not_dvd_extension' depends on axioms: [propext,
 Classical.choice,
 Quot.sound]
'Mock2.Tor1Canonical.quotientStep' does not depend on any axioms
'Mock2.Tor1Canonical.leftFactor' does not depend on any axioms
'Mock2.Tor1Canonical.quotientStep_mul_gcd' depends on axioms: [propext, Quot.sound]
'Mock2.Tor1Canonical.leftFactor_mul_gcd' depends on axioms: [propext, Quot.sound]
'Mock2.Tor1Canonical.M_mul_quotientStep_eq_N_mul_leftFactor' depends on axioms: [propext, Quot.sound]
'Mock2.Tor1Canonical.quotientStepIntegerHom' depends on axioms: [propext, Quot.sound]
'Mock2.Tor1Canonical.quotientStepIntegerHom_apply' depends on axioms: [propext, Quot.sound]
'Mock2.Tor1Canonical.quotientStepIntegerHom_gcd_eq_zero' depends on axioms: [propext, Quot.sound]
'Mock2.Tor1Canonical.quotientToAmbientHom' depends on axioms: [propext, Classical.choice, Quot.sound]
'Mock2.Tor1Canonical.quotientToAmbientHom_intCast' depends on axioms: [propext, Classical.choice, Quot.sound]
'Mock2.Tor1Canonical.quotientToAmbientHom_mem_kernel' depends on axioms: [propext, Classical.choice, Quot.sound]
'Mock2.Tor1Canonical.gcdToKernelHom' depends on axioms: [propext, Classical.choice, Quot.sound]
'Mock2.Tor1Canonical.gcdToKernelHom_val' depends on axioms: [propext, Classical.choice, Quot.sound]
'Mock2.Tor1Canonical.gcdToKernelHom_intCast' depends on axioms: [propext, Classical.choice, Quot.sound]
'Mock2.Tor1Canonical.quotientStep_ne_zero' depends on axioms: [propext, Quot.sound]
'Mock2.Tor1Canonical.gcd_ne_zero_of_right' depends on axioms: [propext, Quot.sound]
'Mock2.Tor1Canonical.quotientToAmbientHom_injective' depends on axioms: [propext, Classical.choice, Quot.sound]
'Mock2.Tor1Canonical.gcdToKernelHom_injective' depends on axioms: [propext, Classical.choice, Quot.sound]
'Mock2.Tor1Canonical.leftFactor_coprime_quotientStep' depends on axioms: [propext, Quot.sound]
'Mock2.Tor1Canonical.gcdToKernelHom_surjective' depends on axioms: [propext, Classical.choice, Quot.sound]
'Mock2.Tor1Canonical.gcdToKernelEquiv' depends on axioms: [propext, Classical.choice, Quot.sound]
'Mock2.Tor1Canonical.gcdToKernelEquiv_apply' depends on axioms: [propext, Classical.choice, Quot.sound]
'Mock2.Tor1Canonical.gcdToKernelHom_unique' depends on axioms: [propext, Classical.choice, Quot.sound]
'Mock2.Tor1PrimePowerCanonical.valuationExponent' depends on axioms: [propext, Classical.choice, Quot.sound]
'Mock2.Tor1PrimePowerCanonical.thicknessExponent' depends on axioms: [propext, Classical.choice, Quot.sound]
'Mock2.Tor1PrimePowerCanonical.shiftExponent' depends on axioms: [propext, Classical.choice, Quot.sound]
'Mock2.Tor1PrimePowerCanonical.valuationExponent_eq' depends on axioms: [propext, Classical.choice, Quot.sound]
'Mock2.Tor1PrimePowerCanonical.thicknessExponent_eq' depends on axioms: [propext, Classical.choice, Quot.sound]
'Mock2.Tor1PrimePowerCanonical.shiftExponent_eq' depends on axioms: [propext, Classical.choice, Quot.sound]
'Mock2.Tor1PrimePowerCanonical.thicknessExponent_le_valuation' depends on axioms: [propext,
 Classical.choice,
 Quot.sound]
'Mock2.Tor1PrimePowerCanonical.thicknessExponent_le_k' depends on axioms: [propext, Classical.choice, Quot.sound]
'Mock2.Tor1PrimePowerCanonical.shift_add_thickness' depends on axioms: [propext, Classical.choice, Quot.sound]
'Mock2.Tor1PrimePowerCanonical.pow_shift_mul_pow_thickness' depends on axioms: [propext, Classical.choice, Quot.sound]
'Mock2.Tor1PrimePowerCanonical.pow_thickness_mul_pow_shift' depends on axioms: [propext, Classical.choice, Quot.sound]
'Mock2.Tor1PrimePowerCanonical.unitFactor' depends on axioms: [propext, Classical.choice, Quot.sound]
'Mock2.Tor1PrimePowerCanonical.unitFactor_decomposition' depends on axioms: [propext, Classical.choice, Quot.sound]
'Mock2.Tor1PrimePowerCanonical.unitFactor_coprime_p' depends on axioms: [propext, Classical.choice, Quot.sound]
'Mock2.Tor1PrimePowerCanonical.unitFactor_coprime_Pk' depends on axioms: [propext, Classical.choice, Quot.sound]
'Mock2.Tor1PrimePowerCanonical.unitFactorUnit' depends on axioms: [propext, Classical.choice, Quot.sound]
'Mock2.Tor1PrimePowerCanonical.coe_unitFactorUnit' depends on axioms: [propext, Classical.choice, Quot.sound]
'Mock2.Tor1PrimePowerCanonical.unitFactor_isUnit' depends on axioms: [propext, Classical.choice, Quot.sound]
'Mock2.Tor1PrimePowerCanonical.M_cast_eq_unit_mul_padicPower' depends on axioms: [propext, Classical.choice, Quot.sound]
'Mock2.Tor1PrimePowerCanonical.kernel_condition_iff_padicPower' depends on axioms: [propext,
 Classical.choice,
 Quot.sound]
'Mock2.Tor1PrimePowerCanonical.powerShiftIntegerHom' depends on axioms: [propext, Classical.choice, Quot.sound]
'Mock2.Tor1PrimePowerCanonical.powerShiftIntegerHom_apply' depends on axioms: [propext, Classical.choice, Quot.sound]
'Mock2.Tor1PrimePowerCanonical.powerShiftIntegerHom_modulus_eq_zero' depends on axioms: [propext,
 Classical.choice,
 Quot.sound]
'Mock2.Tor1PrimePowerCanonical.powerShiftHom' depends on axioms: [propext, Classical.choice, Quot.sound]
'Mock2.Tor1PrimePowerCanonical.powerShiftHom_intCast' depends on axioms: [propext, Classical.choice, Quot.sound]
'Mock2.Tor1PrimePowerCanonical.powerShiftHom_add' depends on axioms: [propext, Classical.choice, Quot.sound]
'Mock2.Tor1PrimePowerCanonical.Pk_dvd_M_mul_shift' depends on axioms: [propext, Classical.choice, Quot.sound]
'Mock2.Tor1PrimePowerCanonical.powerShiftHom_mem_kernel' depends on axioms: [propext, Classical.choice, Quot.sound]
'Mock2.Tor1PrimePowerCanonical.powerShiftKernelHom' depends on axioms: [propext, Classical.choice, Quot.sound]
'Mock2.Tor1PrimePowerCanonical.powerShiftKernelHom_val' depends on axioms: [propext, Classical.choice, Quot.sound]
'Mock2.Tor1PrimePowerCanonical.powerShiftKernelHom_intCast' depends on axioms: [propext, Classical.choice, Quot.sound]
'Mock2.Tor1PrimePowerCanonical.powerShiftHom_injective' depends on axioms: [propext, Classical.choice, Quot.sound]
'Mock2.Tor1PrimePowerCanonical.powerShiftKernelHom_injective' depends on axioms: [propext, Classical.choice, Quot.sound]
'Mock2.Tor1PrimePowerCanonical.powerShiftKernelHom_surjective' depends on axioms: [propext,
 Classical.choice,
 Quot.sound]
'Mock2.Tor1PrimePowerCanonical.powerShiftEquiv' depends on axioms: [propext, Classical.choice, Quot.sound]
'Mock2.Tor1PrimePowerCanonical.powerShiftEquiv_apply' depends on axioms: [propext, Classical.choice, Quot.sound]
'Mock2.Tor1PrimePowerCanonical.generic_quotientStep_eq_pow_shift' depends on axioms: [propext,
 Classical.choice,
 Quot.sound]
'Mock2.Tor1PrimePowerCanonical.powerShiftKernelHom_agrees_gcdToKernelHom_intCast' depends on axioms: [propext,
 Classical.choice,
 Quot.sound]
'Mock2.Tor1PrimePowerCanonical.powerShiftKernelHom_unique' depends on axioms: [propext, Classical.choice, Quot.sound]
'Mock2.Tor1PrimePowerCanonical.PkReduction' depends on axioms: [propext, Quot.sound]
'Mock2.Tor1PrimePowerCanonical.PkReduction_intCast' depends on axioms: [propext, Quot.sound]
'Mock2.Tor1PrimePowerCanonical.rightKernelMap' depends on axioms: [propext, Quot.sound]
'Mock2.Tor1PrimePowerCanonical.rightKernelMap_val' depends on axioms: [propext, Quot.sound]
'Mock2.Tor1PrimePowerCanonical.leftKernelMap' depends on axioms: [propext, Quot.sound]
'Mock2.Tor1PrimePowerCanonical.leftKernelMap_val' depends on axioms: [propext, Quot.sound]
'Mock2.Tor1PrimePowerCanonical.thicknessExponent_mono_of_le_k' depends on axioms: [propext,
 Classical.choice,
 Quot.sound]
'Mock2.Tor1PrimePowerCanonical.shiftExponent_mono_of_le_k' depends on axioms: [propext, Classical.choice, Quot.sound]
'Mock2.Tor1PrimePowerCanonical.rightThicknessMap' depends on axioms: [propext, Classical.choice, Quot.sound]
'Mock2.Tor1PrimePowerCanonical.rightThicknessMap_intCast' depends on axioms: [propext, Classical.choice, Quot.sound]
'Mock2.Tor1PrimePowerCanonical.rightThicknessMap_intCast_as_intCast' depends on axioms: [propext,
 Classical.choice,
 Quot.sound]
'Mock2.Tor1PrimePowerCanonical.rightNaturalitySquare' depends on axioms: [propext, Classical.choice, Quot.sound]
'Mock2.Tor1PrimePowerCanonical.rightThicknessMap_unique' depends on axioms: [propext, Classical.choice, Quot.sound]
'Mock2.Tor1PrimePowerCanonical.leftThicknessMap' depends on axioms: [propext, Classical.choice, Quot.sound]
'Mock2.Tor1PrimePowerCanonical.leftNaturalitySquare' depends on axioms: [propext, Classical.choice, Quot.sound]
'Mock2.Tor1PrimePowerCanonical.leftThicknessMap_unique' depends on axioms: [propext, Classical.choice, Quot.sound]
'Mock2.Tor1CyclicModel_eq_ker_mulLeft' depends on axioms: [propext, Quot.sound]
'Mock2.Tor1CyclicModel_mem_iff' depends on axioms: [propext, Quot.sound]
'Mock2.Tor1CyclicModel_isAddCyclic' depends on axioms: [propext, Classical.choice, Quot.sound]
'Mock2.Tor1Model_isAddCyclic' depends on axioms: [propext, Quot.sound]
'Mock2.gcd_M_N_ne_zero_of_N' depends on axioms: [propext, Quot.sound]
'Mock2.Tor1CyclicModel_card' depends on axioms: [propext, Classical.choice, Quot.sound]
'Mock2.ZMod_gcd_natCard' depends on axioms: [propext, Classical.choice, Quot.sound]
'Mock2.Tor1CyclicModel_card_matches_Tor1Model' depends on axioms: [propext, Classical.choice, Quot.sound]
'Mock2.Tor1CyclicModel_card_matches_ZMod' depends on axioms: [propext, Classical.choice, Quot.sound]
'Mock2.Tor1CyclicModelEquivZMod' depends on axioms: [propext, Classical.choice, Quot.sound]
'Mock2.Tor1CyclicModel_nonempty_addEquiv_ZMod' depends on axioms: [propext, Classical.choice, Quot.sound]
'Mock2.Tor1CyclicModelEquivTor1Model' depends on axioms: [propext, Classical.choice, Quot.sound]
'Mock2.Tor1CyclicModelPrimePowerEquivZMod' depends on axioms: [propext, Classical.choice, Quot.sound]
'Mock2.Tor1CyclicModelPrimePowerEquivPadicValNat' depends on axioms: [propext, Classical.choice, Quot.sound]
'Mock2.Thickness.prop21_primePower_group_equiv' depends on axioms: [propext, Classical.choice, Quot.sound]
'Mock2.Tor1CyclicModelCertificate' depends on axioms: [propext, Classical.choice, Quot.sound]
'Mock2.tor1CyclicModel_certificate' depends on axioms: [propext, Classical.choice, Quot.sound]
'Mock2.Prop21Tor1BridgeCertificate' depends on axioms: [propext, Classical.choice, Quot.sound]
'Mock2.prop21Tor1Bridge_certificate' depends on axioms: [propext, Classical.choice, Quot.sound]
'Mock2.Prop21ThicknessCertificate' depends on axioms: [propext, Classical.choice, Quot.sound]
'Mock2.prop21Thickness_certificate' depends on axioms: [propext, Classical.choice, Quot.sound]
'Mock2.ThicknessGeneralizationCertificate' depends on axioms: [propext, Classical.choice, Quot.sound]
'Mock2.thicknessGeneralization_certificate' depends on axioms: [propext, Classical.choice, Quot.sound]
'Mock2.Prop21CanonicalTorCertificate' depends on axioms: [propext, Classical.choice, Quot.sound]
'Mock2.prop21CanonicalTor_certificate' depends on axioms: [propext, Classical.choice, Quot.sound]
'Mock2.Tor1ZDerivedComparison.integerModule' depends on axioms: [propext, Quot.sound]
'Mock2.Tor1ZDerivedComparison.residueModule' depends on axioms: [propext, Quot.sound]
'Mock2.Tor1ZDerivedComparison.integerMulLinear' depends on axioms: [propext, Quot.sound]
'Mock2.Tor1ZDerivedComparison.integerMul' depends on axioms: [propext, Quot.sound]
'Mock2.Tor1ZDerivedComparison.integerMul_apply' depends on axioms: [propext, Quot.sound]
'Mock2.Tor1ZDerivedComparison.residueProjectionLinear' depends on axioms: [propext, Quot.sound]
'Mock2.Tor1ZDerivedComparison.residueProjection' depends on axioms: [propext, Quot.sound]
'Mock2.Tor1ZDerivedComparison.residueProjection_apply' depends on axioms: [propext, Quot.sound]
'Mock2.Tor1ZDerivedComparison.integerMul_comp_residueProjection' depends on axioms: [propext,
 Classical.choice,
 Quot.sound]
'Mock2.Tor1ZDerivedComparison.resolutionAtZero' depends on axioms: [propext, Classical.choice, Quot.sound]
'Mock2.Tor1ZDerivedComparison.resolutionAtZero_exact' depends on axioms: [propext, Classical.choice, Quot.sound]
'Mock2.Tor1ZDerivedComparison.residueProjection_surjective' depends on axioms: [propext, Quot.sound]
'Mock2.Tor1ZDerivedComparison.residueProjection_epi' depends on axioms: [propext, Classical.choice, Quot.sound]
'Mock2.Tor1ZDerivedComparison.resolutionAtOne' depends on axioms: [propext, Quot.sound]
'Mock2.Tor1ZDerivedComparison.integerMul_injective' depends on axioms: [propext, Quot.sound]
'Mock2.Tor1ZDerivedComparison.resolutionAtOne_exact' depends on axioms: [propext, Classical.choice, Quot.sound]
'Mock2.Tor1ZDerivedComparison.freeResolutionX' depends on axioms: [propext, Quot.sound]
'Mock2.Tor1ZDerivedComparison.freeResolutionD' depends on axioms: [propext, Quot.sound]
'Mock2.Tor1ZDerivedComparison.freeResolutionD_comp' depends on axioms: [propext, Quot.sound]
'Mock2.Tor1ZDerivedComparison.freeResolutionComplex' depends on axioms: [propext, Quot.sound]
'Mock2.Tor1ZDerivedComparison.freeResolutionComplex_X_zero' depends on axioms: [propext, Quot.sound]
'Mock2.Tor1ZDerivedComparison.freeResolutionComplex_X_one' depends on axioms: [propext, Quot.sound]
'Mock2.Tor1ZDerivedComparison.freeResolutionComplex_X_add_two' depends on axioms: [propext, Quot.sound]
'Mock2.Tor1ZDerivedComparison.freeResolutionComplex_d_one_zero' depends on axioms: [propext, Quot.sound]
'Mock2.Tor1ZDerivedComparison.freeResolutionComplex_d_two_one' depends on axioms: [propext, Quot.sound]
'Mock2.Tor1ZDerivedComparison.freeResolutionComplex_d_succ_two_succ' depends on axioms: [propext, Quot.sound]
'Mock2.Tor1ZDerivedComparison.freeResolutionX_free' depends on axioms: [propext, Classical.choice, Quot.sound]
'Mock2.Tor1ZDerivedComparison.freeResolutionX_projective' depends on axioms: [propext, Classical.choice, Quot.sound]
'Mock2.Tor1ZDerivedComparison.freeResolutionComplex_exactAt_one' depends on axioms: [propext,
 Classical.choice,
 Quot.sound]
'Mock2.Tor1ZDerivedComparison.freeResolutionComplex_exactAt_add_two' depends on axioms: [propext,
 Classical.choice,
 Quot.sound]
'Mock2.Tor1ZDerivedComparison.freeResolutionComplex_exactAt_succ' depends on axioms: [propext,
 Classical.choice,
 Quot.sound]
'Mock2.Tor1ZDerivedComparison.freeResolutionAugmentation' depends on axioms: [propext, Classical.choice, Quot.sound]
'Mock2.Tor1ZDerivedComparison.freeResolutionAugmentation_f_zero' depends on axioms: [propext,
 Classical.choice,
 Quot.sound]
'Mock2.Tor1ZDerivedComparison.freeResolutionAugmentation_f_succ' depends on axioms: [propext,
 Classical.choice,
 Quot.sound]
'Mock2.Tor1ZDerivedComparison.freeResolutionAugmentation_quasiIso' depends on axioms: [propext,
 Classical.choice,
 Quot.sound]
'Mock2.Tor1ZDerivedComparison.standardProjectiveResolution' depends on axioms: [propext, Classical.choice, Quot.sound]
'Mock2.Tor1ZDerivedComparison.standardProjectiveResolution_complex' depends on axioms: [propext,
 Classical.choice,
 Quot.sound]
'Mock2.Tor1ZDerivedComparison.standardProjectiveResolution_π' depends on axioms: [propext, Classical.choice, Quot.sound]
'Mock2.Tor1ZDerivedComparison.tensorRightFunctor' depends on axioms: [propext, Classical.choice, Quot.sound]
'Mock2.Tor1ZDerivedComparison.tensorResolutionComplex' depends on axioms: [propext, Classical.choice, Quot.sound]
'Mock2.Tor1ZDerivedComparison.tensorResolutionComplex_X_zero' depends on axioms: [propext, Classical.choice, Quot.sound]
'Mock2.Tor1ZDerivedComparison.tensorResolutionComplex_X_one' depends on axioms: [propext, Classical.choice, Quot.sound]
'Mock2.Tor1ZDerivedComparison.tensorResolutionComplex_X_add_two_isZero' depends on axioms: [propext,
 Classical.choice,
 Quot.sound]
'Mock2.Tor1ZDerivedComparison.tensorResolutionComplex_d_one_zero' depends on axioms: [propext,
 Classical.choice,
 Quot.sound]
'Mock2.Tor1ZDerivedComparison.tensorResolutionComplex_d_two_one' depends on axioms: [propext,
 Classical.choice,
 Quot.sound]
'Mock2.Tor1ZDerivedComparison.residueMulLinear' depends on axioms: [propext, Quot.sound]
'Mock2.Tor1ZDerivedComparison.residueMulLinear_apply_zsmul' depends on axioms: [propext, Quot.sound]
'Mock2.Tor1ZDerivedComparison.residueMulLinear_apply' depends on axioms: [propext, Quot.sound]
'Mock2.Tor1ZDerivedComparison.residueMulLinear_eq_mulLeft_toIntLinearMap' depends on axioms: [propext, Quot.sound]
'Mock2.Tor1ZDerivedComparison.tensor_integerMul_leftUnitor' depends on axioms: [propext, Classical.choice, Quot.sound]
'Mock2.Tor1ZDerivedComparison.normalizedTensorShortComplex' depends on axioms: [propext, Quot.sound]
'Mock2.Tor1ZDerivedComparison.normalizedTensorShortComplex_f' depends on axioms: [propext, Quot.sound]
'Mock2.Tor1ZDerivedComparison.normalizedTensorShortComplex_g' depends on axioms: [propext, Quot.sound]
'Mock2.Tor1ZDerivedComparison.tensorResolutionXTwoIsoZero' depends on axioms: [propext, Classical.choice, Quot.sound]
'Mock2.Tor1ZDerivedComparison.tensorResolutionXOneIso' depends on axioms: [propext, Classical.choice, Quot.sound]
'Mock2.Tor1ZDerivedComparison.tensorResolutionXZeroIso' depends on axioms: [propext, Classical.choice, Quot.sound]
'Mock2.Tor1ZDerivedComparison.tensorDegreeOneShortComplexIso' depends on axioms: [propext, Classical.choice, Quot.sound]
'Mock2.Tor1ZDerivedComparison.residueMulKernel' depends on axioms: [propext, Quot.sound]
'Mock2.Tor1ZDerivedComparison.tor1CyclicModule' depends on axioms: [propext, Quot.sound]
'Mock2.Tor1ZDerivedComparison.residueMulKernel_eq_mulLeft_toIntSubmodule' depends on axioms: [propext, Quot.sound]
'Mock2.Tor1ZDerivedComparison.residueMulKernelLinearEquiv' depends on axioms: [propext, Quot.sound]
'Mock2.Tor1ZDerivedComparison.residueMulKernelIso' depends on axioms: [propext, Quot.sound]
'Mock2.Tor1ZDerivedComparison.normalizedTensorHomologyIsoKernel' depends on axioms: [propext,
 Classical.choice,
 Quot.sound]
'Mock2.Tor1ZDerivedComparison.tensorResolutionHomologyOneIsoKernel' depends on axioms: [propext,
 Classical.choice,
 Quot.sound]
'Mock2.Tor1ZDerivedComparison.tensorResolutionHomologyOneIsoCyclicModel' depends on axioms: [propext,
 Classical.choice,
 Quot.sound]
'Mock2.Tor1ZDerivedComparison.tensorResolutionHomologyOneEquivCyclicModel' depends on axioms: [propext,
 Classical.choice,
 Quot.sound]
'Mock2.Tor1ZDerivedComparison.MathlibTor1Z' depends on axioms: [propext, Classical.choice, Quot.sound]
'Mock2.Tor1ZDerivedComparison.MathlibTor1Z_eq_leftDerived' depends on axioms: [propext, Classical.choice, Quot.sound]
'Mock2.Tor1ZDerivedComparison.mathlibTor1ZIsoTensorResolutionHomology' depends on axioms: [propext,
 Classical.choice,
 Quot.sound]
'Mock2.Tor1ZDerivedComparison.mathlibTor1ZIsoCyclicModel' depends on axioms: [propext, Classical.choice, Quot.sound]
'Mock2.Tor1ZDerivedComparison.mathlibTor1ZEquivCyclicModel' depends on axioms: [propext, Classical.choice, Quot.sound]
'Mock2.Tor1ZDerivedComparison.mathlibTor1ZEquivThickness' depends on axioms: [propext, Classical.choice, Quot.sound]
'Mock2.Tor1ZDerivedComparison.mathlibTor1ZPrimePowerEquivThickness' depends on axioms: [propext,
 Classical.choice,
 Quot.sound]
'Mock2.Tor1ZDerivedComparison.mathlibTor1ZEquivZModGcd' depends on axioms: [propext, Classical.choice, Quot.sound]
'Mock2.Tor1ZDerivedComparison.mathlibTor1ZPrimePowerEquivZMod' depends on axioms: [propext,
 Classical.choice,
 Quot.sound]
'Mock2.Tor1ZDerivedComparison.mathlibTor1ZPrimePowerCanonicalEquiv' depends on axioms: [propext,
 Classical.choice,
 Quot.sound]
'Mock2.Tor1ZDerivedComparison.mathlibTor1ZPrimePowerCanonicalEquiv_eq_resolution_trans_explicit' depends on axioms: [propext,
 Classical.choice,
 Quot.sound]
'Mock2.Tor1ZDerivedComparison.mathlibTor1ZPrimePowerCanonical_triangle' depends on axioms: [propext,
 Classical.choice,
 Quot.sound]
'Mock2.Tor1ZDerivedComparison.mathlibTor1ZPrimePowerEquivPadicValNat' depends on axioms: [propext,
 Classical.choice,
 Quot.sound]
'Mock2.Tor1ZDerivedComparison.Tor1ZComparisonCertificate' depends on axioms: [propext, Classical.choice, Quot.sound]
'Mock2.Tor1ZDerivedComparison.tor1ZComparison_certificate' depends on axioms: [propext, Classical.choice, Quot.sound]
'Mock2.Tor1ZDerivedComparison.Prop21ActualTorCertificate' depends on axioms: [propext, Classical.choice, Quot.sound]
'Mock2.Tor1ZDerivedComparison.prop21ActualTor_certificate' depends on axioms: [propext, Classical.choice, Quot.sound]
'Mock2.lemma6_1_covariance_restrict' depends on axioms: [propext, Quot.sound]
'Mock2.Aq.restrict' depends on axioms: [propext, Quot.sound]
'Mock2.Aq.restrict_val' depends on axioms: [propext, Quot.sound]
'Mock2.Aq.restrict_covariant' depends on axioms: [propext, Quot.sound]
'Mock2.Aq.restrict_id' depends on axioms: [propext, Quot.sound]
'Mock2.Aq.restrict_comp' depends on axioms: [propext, Quot.sound]
'Mock2.lemma6_1_restriction_stability' depends on axioms: [propext, Quot.sound]
'Mock2.lemma6_1_Aq_restriction_stability' depends on axioms: [propext, Quot.sound]
'Mock2.IsRestrictionStableCovariance.covariantSubpresheaf' depends on axioms: [propext, Quot.sound]
'Mock2.IsRestrictionStableCovariance.covariantSubpresheaf_res_val' depends on axioms: [propext, Quot.sound]
'Mock2.IsRestrictionStableCovariance.covariantSubpresheaf_res_property' depends on axioms: [propext, Quot.sound]
'Mock2.AqPresheaf' depends on axioms: [propext, Quot.sound]
'Mock2.AqPresheaf_section' depends on axioms: [propext, Quot.sound]
'Mock2.AqPresheaf_res' depends on axioms: [propext, Quot.sound]
'Mock2.lemma6_1_covariance_certificate' depends on axioms: [propext, Quot.sound]
'Mock2.AqPresheaf_certificate' depends on axioms: [propext, Quot.sound]
'Mock2.OpenCoverData.overlap_le_left' depends on axioms: [propext, Classical.choice, Quot.sound]
'Mock2.OpenCoverData.overlap_le_right' depends on axioms: [propext, Classical.choice, Quot.sound]
'Mock2.OpenCoverData.wholeSpace' depends on axioms: [propext, Classical.choice, Quot.sound]
'Mock2.OpenCoverData.wholeSpace_target' depends on axioms: [propext, Classical.choice, Quot.sound]
'Mock2.OpenCoverData.wholeSpace_piece' depends on axioms: [propext, Classical.choice, Quot.sound]
'Mock2.PresheafLike.res_proof_irrel' depends on axioms: [propext, Quot.sound]
'Mock2.PresheafLike.overlapRestrictionLeft' depends on axioms: [propext, Classical.choice, Quot.sound]
'Mock2.PresheafLike.overlapRestrictionRight' depends on axioms: [propext, Classical.choice, Quot.sound]
'Mock2.PresheafLike.overlapRestrictionLeft_apply' depends on axioms: [propext, Classical.choice, Quot.sound]
'Mock2.PresheafLike.overlapRestrictionRight_apply' depends on axioms: [propext, Classical.choice, Quot.sound]
'Mock2.PresheafLike.overlapRestrictions_eq_iff_compatible' depends on axioms: [propext, Classical.choice, Quot.sound]
'Mock2.PresheafLike.CoverEqualizerSet' depends on axioms: [propext, Classical.choice, Quot.sound]
'Mock2.PresheafLike.mem_coverEqualizerSet_iff_compatible' depends on axioms: [propext, Classical.choice, Quot.sound]
'Mock2.PresheafLike.mem_coverEqualizerSet_iff_pairwise_overlap' depends on axioms: [propext,
 Classical.choice,
 Quot.sound]
'Mock2.PresheafLike.coverEqualizer_compatible' depends on axioms: [propext, Classical.choice, Quot.sound]
'Mock2.PresheafLike.compatibleFamilyToEqualizer' depends on axioms: [propext, Classical.choice, Quot.sound]
'Mock2.PresheafLike.coverEqualizer_ext' depends on axioms: [propext, Classical.choice, Quot.sound]
'Mock2.PresheafLike.restrictToCover' depends on axioms: [propext, Quot.sound]
'Mock2.PresheafLike.restrictToCover_apply' depends on axioms: [propext, Quot.sound]
'Mock2.PresheafLike.restrictToCover_compatible' depends on axioms: [propext, Classical.choice, Quot.sound]
'Mock2.PresheafLike.globalToEqualizer' depends on axioms: [propext, Classical.choice, Quot.sound]
'Mock2.PresheafLike.globalToEqualizer_apply' depends on axioms: [propext, Classical.choice, Quot.sound]
'Mock2.PresheafLike.HasGluing' depends on axioms: [propext, Quot.sound]
'Mock2.PresheafLike.hasGluing_iff_exists_isGluing' depends on axioms: [propext, Quot.sound]
'Mock2.PresheafLike.local_restriction_left' depends on axioms: [propext, Classical.choice, Quot.sound]
'Mock2.PresheafLike.local_restriction_right' depends on axioms: [propext, Classical.choice, Quot.sound]
'Mock2.PresheafLike.local_restriction_left_apply' depends on axioms: [propext, Classical.choice, Quot.sound]
'Mock2.PresheafLike.local_restriction_right_apply' depends on axioms: [propext, Classical.choice, Quot.sound]
'Mock2.PresheafLike.mem_globalSectionEqualizerSet_iff_maps_eq' depends on axioms: [propext,
 Classical.choice,
 Quot.sound]
'Mock2.PresheafLike.global_family_mem_equalizer_iff_pairwise_overlap' depends on axioms: [propext,
 Classical.choice,
 Quot.sound]
'Mock2.IsSheafLike.existsUnique_gluing' depends on axioms: [propext, Classical.choice, Quot.sound]
'Mock2.IsSheafLike.glue' depends on axioms: [propext, Classical.choice, Quot.sound]
'Mock2.IsSheafLike.glue_isGluing' depends on axioms: [propext, Classical.choice, Quot.sound]
'Mock2.IsSheafLike.global_glue' depends on axioms: [propext, Classical.choice, Quot.sound]
'Mock2.IsSheafLike.global_glue_isGluing' depends on axioms: [propext, Classical.choice, Quot.sound]
'Mock2.IsSheafLike.global_gluing_unique' depends on axioms: [propext, Classical.choice, Quot.sound]
'Mock2.IsSheafLike.global_existsUnique_gluing' depends on axioms: [propext, Classical.choice, Quot.sound]
'Mock2.IsSheafLike.global_glued_section_unique' depends on axioms: [propext, Classical.choice, Quot.sound]
'Mock2.covariance_iff_cover_restrictions' depends on axioms: [propext, Quot.sound]
'Mock2.Aq.underlyingFamily' depends on axioms: [propext, Quot.sound]
'Mock2.Aq.underlyingFamily_apply' depends on axioms: [propext, Quot.sound]
'Mock2.Aq.underlyingFamily_compatible' depends on axioms: [propext, Classical.choice, Quot.sound]
'Mock2.Aq.locality' depends on axioms: [propext, Classical.choice, Quot.sound]
'Mock2.Aq.underlying_gluing_exists' depends on axioms: [propext, Classical.choice, Quot.sound]
'Mock2.Aq.glued_form_covariant' depends on axioms: [propext, Quot.sound]
'Mock2.Aq.gluing_exists' depends on axioms: [propext, Classical.choice, Quot.sound]
'Mock2.Aq.gluing_unique' depends on axioms: [propext, Classical.choice, Quot.sound]
'Mock2.prop16_Aq_is_sheaf' depends on axioms: [propext, Classical.choice, Quot.sound]
'Mock2.prop16_Aq_sheaf_certificate' depends on axioms: [propext, Classical.choice, Quot.sound]
'Mock2.CurvatureAlgebra.formPresheaf' depends on axioms: [propext, Quot.sound]
'Mock2.CurvatureAlgebra.curvature' depends on axioms: [propext, Quot.sound]
'Mock2.CurvatureAlgebra.curvature_def' depends on axioms: [propext, Quot.sound]
'Mock2.CurvatureAlgebra.curvature_restrict' depends on axioms: [propext, Quot.sound]
'Mock2.CurvatureAlgebra.curvatureFamily' depends on axioms: [propext, Quot.sound]
'Mock2.CurvatureAlgebra.curvatureFamily_apply' depends on axioms: [propext, Quot.sound]
'Mock2.CurvatureAlgebra.curvatureFamily_compatible' depends on axioms: [propext, Classical.choice, Quot.sound]
'Mock2.CurvatureAlgebra.curvatureFamily_isGluing' depends on axioms: [propext, Quot.sound]
'Mock2.CurvatureAlgebra.local_curvatures_glue' depends on axioms: [propext, Quot.sound]
'Mock2.CurvatureAlgebra.curvatureFamily_hasGluing_of_hasGluing' depends on axioms: [propext, Quot.sound]
'Mock2.CurvatureAlgebra.curvatureFamily_hasGluing_of_isSheaf' depends on axioms: [propext, Classical.choice, Quot.sound]
'Mock2.propositions17And18_curvature_certificate' depends on axioms: [propext, Classical.choice, Quot.sound]
'Mock2.TruncatedGaugeCovariantDGA' depends on axioms: [propext, Quot.sound]
'Mock2.TruncatedGaugeCovariantDGA.toCurvatureAlgebra' depends on axioms: [propext, Quot.sound]
'Mock2.TruncatedGaugeCovariantDGA.toCurvatureAlgebra_uniformCarrier' depends on axioms: [propext, Quot.sound]
'Mock2.TruncatedGaugeCovariantDGA.toCurvatureAlgebra_zero_one_two_sameCarrier' depends on axioms: [propext, Quot.sound]
'Mock2.TruncatedGaugeCovariantDGA.toCurvatureAlgebra_res' depends on axioms: [propext, Quot.sound]
'Mock2.TruncatedGaugeCovariantDGA.toCurvatureAlgebra_add₂' depends on axioms: [propext, Quot.sound]
'Mock2.TruncatedGaugeCovariantDGA.toCurvatureAlgebra_d' depends on axioms: [propext, Quot.sound]
'Mock2.TruncatedGaugeCovariantDGA.toCurvatureAlgebra_wedge' depends on axioms: [propext, Quot.sound]
'Mock2.TruncatedGaugeCovariantDGA.AdmissibleGaugeTransformation' depends on axioms: [propext, Quot.sound]
'Mock2.TruncatedGaugeCovariantDGA.AdmissibleGaugeTransformation.identity' depends on axioms: [propext, Quot.sound]
'Mock2.TruncatedGaugeCovariantDGA.AdmissibleGaugeTransformation.comp' depends on axioms: [propext, Quot.sound]
'Mock2.TruncatedGaugeCovariantDGA.AdmissibleGaugeTransformation.inverse' depends on axioms: [propext, Quot.sound]
'Mock2.TruncatedGaugeCovariantDGA.AdmissibleGaugeTransformation.restrict' depends on axioms: [propext, Quot.sound]
'Mock2.TruncatedGaugeCovariantDGA.AdmissibleGaugeTransformation.identity_value' depends on axioms: [propext, Quot.sound]
'Mock2.TruncatedGaugeCovariantDGA.AdmissibleGaugeTransformation.comp_value' depends on axioms: [propext, Quot.sound]
'Mock2.TruncatedGaugeCovariantDGA.AdmissibleGaugeTransformation.inverse_value' depends on axioms: [propext, Quot.sound]
'Mock2.TruncatedGaugeCovariantDGA.AdmissibleGaugeTransformation.restrict_value' depends on axioms: [propext, Quot.sound]
'Mock2.TruncatedGaugeCovariantDGA.conjugate' depends on axioms: [propext, Quot.sound]
'Mock2.TruncatedGaugeCovariantDGA.pureGauge' depends on axioms: [propext, Quot.sound]
'Mock2.TruncatedGaugeCovariantDGA.gaugeTransform' depends on axioms: [propext, Quot.sound]
'Mock2.TruncatedGaugeCovariantDGA.gaugeTransform_formula' depends on axioms: [propext, Quot.sound]
'Mock2.TruncatedGaugeCovariantDGA.legacyConnectionAdmissibleGaugeAssumption' depends on axioms: [propext, Quot.sound]
'Mock2.TruncatedGaugeCovariantDGA.connectionAdmissible_gauge_from_interface' depends on axioms: [propext, Quot.sound]
'Mock2.TruncatedGaugeCovariantDGA.gaugeTransform_admissible' depends on axioms: [propext, Quot.sound]
'Mock2.TruncatedGaugeCovariantDGA.scalar_leibniz' depends on axioms: [propext, Quot.sound]
'Mock2.TruncatedGaugeCovariantDGA.oneForm_leibniz_left' depends on axioms: [propext, Quot.sound]
'Mock2.TruncatedGaugeCovariantDGA.oneForm_leibniz_right' depends on axioms: [propext, Quot.sound]
'Mock2.TruncatedGaugeCovariantDGA.differential_squared_on_gauge' depends on axioms: [propext, Quot.sound]
'Mock2.TruncatedGaugeCovariantDGA.multiplication_associative' does not depend on any axioms
'Mock2.TruncatedGaugeCovariantDGA.multiplication_left_distributive' does not depend on any axioms
'Mock2.TruncatedGaugeCovariantDGA.multiplication_right_distributive' does not depend on any axioms
'Mock2.TruncatedGaugeCovariantDGA.wedge_left_matrix' depends on axioms: [propext, Quot.sound]
'Mock2.TruncatedGaugeCovariantDGA.wedge_right_matrix' depends on axioms: [propext, Quot.sound]
'Mock2.TruncatedGaugeCovariantDGA.wedge_middle_matrix' depends on axioms: [propext, Quot.sound]
'Mock2.TruncatedGaugeCovariantDGA.mul_unit_inverse_middle' depends on axioms: [propext, Quot.sound]
'Mock2.TruncatedGaugeCovariantDGA.derivative_inverse' depends on axioms: [propext, Quot.sound]
'Mock2.TruncatedGaugeCovariantDGA.conjugate_add' depends on axioms: [propext, Quot.sound]
'Mock2.TruncatedGaugeCovariantDGA.conjugate_mul' depends on axioms: [propext, Quot.sound]
'Mock2.TruncatedGaugeCovariantDGA.conjugate_mul_pureGauge' depends on axioms: [propext, Quot.sound]
'Mock2.TruncatedGaugeCovariantDGA.inverseDerivative_mul_conjugate' depends on axioms: [propext, Quot.sound]
'Mock2.TruncatedGaugeCovariantDGA.inverseDerivative_mul_differential' depends on axioms: [propext, Quot.sound]
'Mock2.TruncatedGaugeCovariantDGA.d_conjugate' depends on axioms: [propext, Quot.sound]
'Mock2.TruncatedGaugeCovariantDGA.d_pureGauge' depends on axioms: [propext, Quot.sound]
'Mock2.TruncatedGaugeCovariantDGA.d_gaugeTransform' depends on axioms: [propext, Quot.sound]
'Mock2.TruncatedGaugeCovariantDGA.gaugeTransform_mul_self' depends on axioms: [propext, Quot.sound]
'Mock2.TruncatedGaugeCovariantDGA.curvature_gaugeTransform' depends on axioms: [propext, Quot.sound]
'Mock2.TruncatedGaugeCovariantDGA.proposition17_gauge_covariance' depends on axioms: [propext, Quot.sound]
'Mock2.TruncatedGaugeCovariantDGA.proposition18_gauge_covariance' depends on axioms: [propext, Quot.sound]
'Mock2.TruncatedGaugeCovariantDGA.proposition17_curvature_gluing' depends on axioms: [propext, Quot.sound]
'Mock2.TruncatedGaugeCovariantDGA.proposition18_curvature_restriction' depends on axioms: [propext, Quot.sound]
'Mock2.TruncatedGaugeCovariantDGA.proposition18_curvature_gluing' depends on axioms: [propext, Quot.sound]
'Mock2.propositions17And18_gaugeCovariance_certificate' depends on axioms: [propext, Quot.sound]
'Mock2.GaugeCovarianceBoundaryCertificate' depends on axioms: [propext, Classical.choice, Quot.sound]
'Mock2.gaugeCovariance_boundary_certificate' depends on axioms: [propext, Classical.choice, Quot.sound]
'Mock2.GradedForm.cast' does not depend on any axioms
'Mock2.GradedForm.cast_rfl' does not depend on any axioms
'Mock2.GradedForm.cast_self' does not depend on any axioms
'Mock2.GradedForm.cast_add' does not depend on any axioms
'Mock2.GradedForm.cast_zero' does not depend on any axioms
'Mock2.GradedForm.cast_neg' does not depend on any axioms
'Mock2.GradedForm.cast_zsmul' does not depend on any axioms
'Mock2.GradedForm.cast_matrix_apply' does not depend on any axioms
'Mock2.GradedForm.cast_pi_apply' does not depend on any axioms
'Mock2.GradedForm.succ_add_degree' does not depend on any axioms
'Mock2.GradedForm.add_succ_degree' does not depend on any axioms
'Mock2.GaugeCovariantDGA' depends on axioms: [propext, Quot.sound]
'Mock2.GaugeCovariantDGA.res_add' depends on axioms: [propext, Quot.sound]
'Mock2.GaugeCovariantDGA.res_zero' depends on axioms: [propext, Quot.sound]
'Mock2.GaugeCovariantDGA.d_add' depends on axioms: [propext, Quot.sound]
'Mock2.GaugeCovariantDGA.d_zero' depends on axioms: [propext, Quot.sound]
'Mock2.GaugeCovariantDGA.wedge_zero_left' depends on axioms: [propext, Quot.sound]
'Mock2.GaugeCovariantDGA.wedge_zero_right' depends on axioms: [propext, Quot.sound]
'Mock2.GaugeCovariantDGA.toCurvatureAlgebra' depends on axioms: [propext, Quot.sound]
'Mock2.GaugeCovariantDGA.toCurvatureAlgebra_form' depends on axioms: [propext, Quot.sound]
'Mock2.GaugeCovariantDGA.toCurvatureAlgebra_d' depends on axioms: [propext, Quot.sound]
'Mock2.GaugeCovariantDGA.toCurvatureAlgebra_wedge' depends on axioms: [propext, Quot.sound]
'Mock2.PolynomialMatrixDifferentialForms.ChartForm' depends on axioms: [propext, Classical.choice, Quot.sound]
'Mock2.PolynomialMatrixDifferentialForms.chartFormAddCommGroup' depends on axioms: [propext,
 Classical.choice,
 Quot.sound]
'Mock2.PolynomialMatrixDifferentialForms.cast_c0' depends on axioms: [propext, Classical.choice, Quot.sound]
'Mock2.PolynomialMatrixDifferentialForms.cast_cx' depends on axioms: [propext, Classical.choice, Quot.sound]
'Mock2.PolynomialMatrixDifferentialForms.cast_cy' depends on axioms: [propext, Classical.choice, Quot.sound]
'Mock2.PolynomialMatrixDifferentialForms.cast_cxy' depends on axioms: [propext, Classical.choice, Quot.sound]
'Mock2.PolynomialMatrixDifferentialForms.wedge' depends on axioms: [propext, Classical.choice, Quot.sound]
'Mock2.PolynomialMatrixDifferentialForms.wedge_c0' depends on axioms: [propext, Classical.choice, Quot.sound]
'Mock2.PolynomialMatrixDifferentialForms.wedge_cx' depends on axioms: [propext, Classical.choice, Quot.sound]
'Mock2.PolynomialMatrixDifferentialForms.wedge_cy' depends on axioms: [propext, Classical.choice, Quot.sound]
'Mock2.PolynomialMatrixDifferentialForms.wedge_cxy' depends on axioms: [propext, Classical.choice, Quot.sound]
'Mock2.PolynomialMatrixDifferentialForms.wedge_add_left' depends on axioms: [propext, Classical.choice, Quot.sound]
'Mock2.PolynomialMatrixDifferentialForms.wedge_add_right' depends on axioms: [propext, Classical.choice, Quot.sound]
'Mock2.PolynomialMatrixDifferentialForms.wedge_zero_left' depends on axioms: [propext, Classical.choice, Quot.sound]
'Mock2.PolynomialMatrixDifferentialForms.wedge_zero_right' depends on axioms: [propext, Classical.choice, Quot.sound]
'Mock2.PolynomialMatrixDifferentialForms.wedge_assoc' depends on axioms: [propext, Classical.choice, Quot.sound]
'Mock2.PolynomialMatrixDifferentialForms.differential' depends on axioms: [propext, Classical.choice, Quot.sound]
'Mock2.PolynomialMatrixDifferentialForms.differential_zero' depends on axioms: [propext, Classical.choice, Quot.sound]
'Mock2.PolynomialMatrixDifferentialForms.differential_add' depends on axioms: [propext, Classical.choice, Quot.sound]
'Mock2.PolynomialMatrixDifferentialForms.differentialHom' depends on axioms: [propext, Classical.choice, Quot.sound]
'Mock2.PolynomialMatrixDifferentialForms.differential_squared' depends on axioms: [propext,
 Classical.choice,
 Quot.sound]
'Mock2.PolynomialMatrixDifferentialForms.graded_leibniz' depends on axioms: [propext, Classical.choice, Quot.sound]
'Mock2.PolynomialMatrixDifferentialForms.Omega' depends on axioms: [propext, Classical.choice, Quot.sound]
'Mock2.PolynomialMatrixDifferentialForms.restrictHom' depends on axioms: [propext, Classical.choice, Quot.sound]
'Mock2.PolynomialMatrixDifferentialForms.restrict_id' depends on axioms: [propext, Classical.choice, Quot.sound]
'Mock2.PolynomialMatrixDifferentialForms.restrict_comp' depends on axioms: [propext, Classical.choice, Quot.sound]
'Mock2.PolynomialMatrixDifferentialForms.matrixWedge' depends on axioms: [propext, Classical.choice, Quot.sound]
'Mock2.PolynomialMatrixDifferentialForms.matrixWedge_apply' depends on axioms: [propext, Classical.choice, Quot.sound]
'Mock2.PolynomialMatrixDifferentialForms.matrixDifferential' depends on axioms: [propext, Classical.choice, Quot.sound]
'Mock2.PolynomialMatrixDifferentialForms.matrixDifferential_apply' depends on axioms: [propext,
 Classical.choice,
 Quot.sound]
'Mock2.PolynomialMatrixDifferentialForms.matrixDifferential_zero' depends on axioms: [propext,
 Classical.choice,
 Quot.sound]
'Mock2.PolynomialMatrixDifferentialForms.matrixDifferential_add' depends on axioms: [propext,
 Classical.choice,
 Quot.sound]
'Mock2.PolynomialMatrixDifferentialForms.matrixDifferentialHom' depends on axioms: [propext,
 Classical.choice,
 Quot.sound]
'Mock2.PolynomialMatrixDifferentialForms.matrixWedge_add_left' depends on axioms: [propext,
 Classical.choice,
 Quot.sound]
'Mock2.PolynomialMatrixDifferentialForms.matrixWedge_add_right' depends on axioms: [propext,
 Classical.choice,
 Quot.sound]
'Mock2.PolynomialMatrixDifferentialForms.matrixWedge_assoc' depends on axioms: [propext, Classical.choice, Quot.sound]
'Mock2.PolynomialMatrixDifferentialForms.matrixDifferential_squared' depends on axioms: [propext,
 Classical.choice,
 Quot.sound]
'Mock2.PolynomialMatrixDifferentialForms.matrixGradedLeibniz' depends on axioms: [propext, Classical.choice, Quot.sound]
'Mock2.PolynomialMatrixDifferentialForms.restrict_add' depends on axioms: [propext, Classical.choice, Quot.sound]
'Mock2.PolynomialMatrixDifferentialForms.restrict_matrixWedge' depends on axioms: [propext,
 Classical.choice,
 Quot.sound]
'Mock2.PolynomialMatrixDifferentialForms.restrict_matrixDifferential' depends on axioms: [propext,
 Classical.choice,
 Quot.sound]
'Mock2.PolynomialMatrixDifferentialForms.zeroFormCoefficient' depends on axioms: [propext, Classical.choice, Quot.sound]
'Mock2.PolynomialMatrixDifferentialForms.zeroFormCoefficient_wedge' depends on axioms: [propext,
 Classical.choice,
 Quot.sound]
'Mock2.PolynomialMatrixDifferentialForms.zeroFormMatrix' depends on axioms: [propext, Classical.choice, Quot.sound]
'Mock2.PolynomialMatrixDifferentialForms.matrixWedge_zeroFormMatrix' depends on axioms: [propext,
 Classical.choice,
 Quot.sound]
'Mock2.PolynomialMatrixDifferentialForms.coordinateX' depends on axioms: [propext, Classical.choice, Quot.sound]
'Mock2.PolynomialMatrixDifferentialForms.dx' depends on axioms: [propext, Classical.choice, Quot.sound]
'Mock2.PolynomialMatrixDifferentialForms.differential_coordinateX' depends on axioms: [propext,
 Classical.choice,
 Quot.sound]
'Mock2.PolynomialMatrixDifferentialForms.dx_ne_zero' depends on axioms: [propext, Classical.choice, Quot.sound]
'Mock2.PolynomialMatrixDifferentialForms.gradedDGA' depends on axioms: [propext, Classical.choice, Quot.sound]
'Mock2.PolynomialMatrixDifferentialForms.curvatureAlgebra' depends on axioms: [propext, Classical.choice, Quot.sound]
'Mock2.Section61ActualGradedDifferentialFormsCertificate' depends on axioms: [propext, Classical.choice, Quot.sound]
'Mock2.section61_actualGradedDifferentialForms_certificate' depends on axioms: [propext, Classical.choice, Quot.sound]
'Mock2.checklist_6_1_unconditional' depends on axioms: [propext, Classical.choice, Quot.sound]
'Mock2.PaperFaithfulConnection.EqModelFiber' depends on axioms: [propext, Classical.choice, Quot.sound]
'Mock2.PaperFaithfulConnection.GaugeLieAlgebra' depends on axioms: [propext, Classical.choice, Quot.sound]
'Mock2.PaperFaithfulConnection.EqFamily' depends on axioms: [propext, Classical.choice, Quot.sound]
'Mock2.PaperFaithfulConnection.EqBundle' depends on axioms: [propext, Classical.choice, Quot.sound]
'Mock2.PaperFaithfulConnection.EqProjection' depends on axioms: [propext, Classical.choice, Quot.sound]
'Mock2.PaperFaithfulConnection.EqProjection_mk' depends on axioms: [propext, Classical.choice, Quot.sound]
'Mock2.PaperFaithfulConnection.Eq_isVectorBundle' depends on axioms: [propext, Classical.choice, Quot.sound]
'Mock2.PaperFaithfulConnection.GeometricSection' depends on axioms: [propext, Classical.choice, Quot.sound]
'Mock2.PaperFaithfulConnection.BundleForm' depends on axioms: [propext, Classical.choice, Quot.sound]
'Mock2.PaperFaithfulConnection.LocalFramedSection' depends on axioms: [propext, Classical.choice, Quot.sound]
'Mock2.PaperFaithfulConnection.GValuedPolynomialForm' depends on axioms: [propext, Classical.choice, Quot.sound]
'Mock2.PaperFaithfulConnection.toGeometricSection' depends on axioms: [propext, Classical.choice, Quot.sound]
'Mock2.PaperFaithfulConnection.toGeometricSection_apply' depends on axioms: [propext, Classical.choice, Quot.sound]
'Mock2.PaperFaithfulConnection.PolynomialBundleSection' depends on axioms: [propext, Classical.choice, Quot.sound]
'Mock2.PaperFaithfulConnection.PolynomialBundleSection.ofCoordinates' depends on axioms: [propext,
 Classical.choice,
 Quot.sound]
'Mock2.PaperFaithfulConnection.PolynomialBundleSection.ofCoordinates_geometric' depends on axioms: [propext,
 Classical.choice,
 Quot.sound]
'Mock2.PaperFaithfulConnection.PolynomialBundleSection.ofCoordinates_coordinates' depends on axioms: [propext,
 Classical.choice,
 Quot.sound]
'Mock2.PaperFaithfulConnection.vectorDifferential' depends on axioms: [propext, Classical.choice, Quot.sound]
'Mock2.PaperFaithfulConnection.matrixVectorWedge' depends on axioms: [propext, Classical.choice, Quot.sound]
'Mock2.PaperFaithfulConnection.vectorDifferential_apply' depends on axioms: [propext, Classical.choice, Quot.sound]
'Mock2.PaperFaithfulConnection.matrixVectorWedge_apply' depends on axioms: [propext, Classical.choice, Quot.sound]
'Mock2.PaperFaithfulConnection.vectorDifferential_zero' depends on axioms: [propext, Classical.choice, Quot.sound]
'Mock2.PaperFaithfulConnection.vectorDifferential_add' depends on axioms: [propext, Classical.choice, Quot.sound]
'Mock2.PaperFaithfulConnection.vectorDifferential_squared' depends on axioms: [propext, Classical.choice, Quot.sound]
'Mock2.PaperFaithfulConnection.matrixVectorWedge_add_left' depends on axioms: [propext, Classical.choice, Quot.sound]
'Mock2.PaperFaithfulConnection.matrixVectorWedge_add_right' depends on axioms: [propext, Classical.choice, Quot.sound]
'Mock2.PaperFaithfulConnection.matrixVectorWedge_zero_right' depends on axioms: [propext, Classical.choice, Quot.sound]
'Mock2.PaperFaithfulConnection.matrixVectorWedge_assoc' depends on axioms: [propext, Classical.choice, Quot.sound]
'Mock2.PaperFaithfulConnection.vectorGradedLeibniz' depends on axioms: [propext, Classical.choice, Quot.sound]
'Mock2.PaperFaithfulConnection.vectorLeibniz_one_zero' depends on axioms: [propext, Classical.choice, Quot.sound]
'Mock2.PaperFaithfulConnection.Core' depends on axioms: [propext, Classical.choice, Quot.sound]
'Mock2.PaperFaithfulConnection.Core.GValuedForm' depends on axioms: [propext, Classical.choice, Quot.sound]
'Mock2.PaperFaithfulConnection.Core.nabla' depends on axioms: [propext, Classical.choice, Quot.sound]
'Mock2.PaperFaithfulConnection.Core.nablaHom' depends on axioms: [propext, Classical.choice, Quot.sound]
'Mock2.PaperFaithfulConnection.Core.nablaBundleSection' depends on axioms: [propext, Classical.choice, Quot.sound]
'Mock2.PaperFaithfulConnection.Core.nablaBundleSection_formula' depends on axioms: [propext,
 Classical.choice,
 Quot.sound]
'Mock2.PaperFaithfulConnection.Core.nablaOne' depends on axioms: [propext, Classical.choice, Quot.sound]
'Mock2.PaperFaithfulConnection.Core.curvature' depends on axioms: [propext, Classical.choice, Quot.sound]
'Mock2.PaperFaithfulConnection.Core.curvatureAction' depends on axioms: [propext, Classical.choice, Quot.sound]
'Mock2.PaperFaithfulConnection.Core.nablaSquared' depends on axioms: [propext, Classical.choice, Quot.sound]
'Mock2.PaperFaithfulConnection.Core.nabla_apply' depends on axioms: [propext, Classical.choice, Quot.sound]
'Mock2.PaperFaithfulConnection.Core.nablaOne_apply' depends on axioms: [propext, Classical.choice, Quot.sound]
'Mock2.PaperFaithfulConnection.Core.curvature_formula' depends on axioms: [propext, Classical.choice, Quot.sound]
'Mock2.PaperFaithfulConnection.Core.potential_action_assoc' depends on axioms: [propext, Classical.choice, Quot.sound]
'Mock2.PaperFaithfulConnection.Core.nablaSquared_eq_curvatureAction' depends on axioms: [propext,
 Classical.choice,
 Quot.sound]
'Mock2.PaperFaithfulConnection.Core.nablaSquared_operator_eq_curvatureAction' depends on axioms: [propext,
 Classical.choice,
 Quot.sound]
'Mock2.PaperFaithfulConnection.Core.restrict' depends on axioms: [propext, Classical.choice, Quot.sound]
'Mock2.PaperFaithfulConnection.Core.restrict_potential' depends on axioms: [propext, Classical.choice, Quot.sound]
'Mock2.PaperFaithfulConnection.Core.curvature_restrict' depends on axioms: [propext, Classical.choice, Quot.sound]
'Mock2.PaperFaithfulConnection.Core.curvature_entry_is_twoForm' depends on axioms: [propext,
 Classical.choice,
 Quot.sound]
'Mock2.PaperFaithfulConnection.identityZeroForm' depends on axioms: [propext, Classical.choice, Quot.sound]
'Mock2.PaperFaithfulConnection.matrixWedge_identity_right' depends on axioms: [propext, Classical.choice, Quot.sound]
'Mock2.PaperFaithfulConnection.matrixWedge_identity_left_cast' depends on axioms: [propext,
 Classical.choice,
 Quot.sound]
'Mock2.PaperFaithfulConnection.matrixWedge_identity_left_zero' depends on axioms: [propext,
 Classical.choice,
 Quot.sound]
'Mock2.PaperFaithfulConnection.matrixWedge_identity_left_one' depends on axioms: [propext, Classical.choice, Quot.sound]
'Mock2.PaperFaithfulConnection.matrixWedge_identity_left_two' depends on axioms: [propext, Classical.choice, Quot.sound]
'Mock2.PaperFaithfulConnection.matrixDifferential_identityZeroForm' depends on axioms: [propext,
 Classical.choice,
 Quot.sound]
'Mock2.PaperFaithfulConnection.matrixWedge_neg_left' depends on axioms: [propext, Classical.choice, Quot.sound]
'Mock2.PaperFaithfulConnection.matrixWedge_neg_right' depends on axioms: [propext, Classical.choice, Quot.sound]
'Mock2.PaperFaithfulConnection.matrixLeibniz_zero_one' depends on axioms: [propext, Classical.choice, Quot.sound]
'Mock2.PaperFaithfulConnection.matrixLeibniz_one_zero' depends on axioms: [propext, Classical.choice, Quot.sound]
'Mock2.PaperFaithfulConnection.LocalFrameChange' depends on axioms: [propext, Classical.choice, Quot.sound]
'Mock2.PaperFaithfulConnection.LocalFrameChange.identity' depends on axioms: [propext, Classical.choice, Quot.sound]
'Mock2.PaperFaithfulConnection.LocalFrameChange.conjugateOne' depends on axioms: [propext, Classical.choice, Quot.sound]
'Mock2.PaperFaithfulConnection.LocalFrameChange.conjugateTwo' depends on axioms: [propext, Classical.choice, Quot.sound]
'Mock2.PaperFaithfulConnection.LocalFrameChange.pureGauge' depends on axioms: [propext, Classical.choice, Quot.sound]
'Mock2.PaperFaithfulConnection.LocalFrameChange.transformPotential' depends on axioms: [propext,
 Classical.choice,
 Quot.sound]
'Mock2.PaperFaithfulConnection.LocalFrameChange.conjugateOne_formula' depends on axioms: [propext,
 Classical.choice,
 Quot.sound]
'Mock2.PaperFaithfulConnection.LocalFrameChange.conjugateTwo_formula' depends on axioms: [propext,
 Classical.choice,
 Quot.sound]
'Mock2.PaperFaithfulConnection.LocalFrameChange.pureGauge_formula' depends on axioms: [propext,
 Classical.choice,
 Quot.sound]
'Mock2.PaperFaithfulConnection.LocalFrameChange.transformPotential_formula' depends on axioms: [propext,
 Classical.choice,
 Quot.sound]
'Mock2.PaperFaithfulConnection.LocalFrameChange.conjugateTwo_add' depends on axioms: [propext,
 Classical.choice,
 Quot.sound]
'Mock2.PaperFaithfulConnection.LocalFrameChange.cancel_middle_one' depends on axioms: [propext,
 Classical.choice,
 Quot.sound]
'Mock2.PaperFaithfulConnection.LocalFrameChange.differential_inverse' depends on axioms: [propext,
 Classical.choice,
 Quot.sound]
'Mock2.PaperFaithfulConnection.LocalFrameChange.conjugateOne_wedge' depends on axioms: [propext,
 Classical.choice,
 Quot.sound]
'Mock2.PaperFaithfulConnection.LocalFrameChange.conjugateOne_wedge_pureGauge' depends on axioms: [propext,
 Classical.choice,
 Quot.sound]
'Mock2.PaperFaithfulConnection.LocalFrameChange.inverseDerivative_conjugate_term' depends on axioms: [propext,
 Classical.choice,
 Quot.sound]
'Mock2.PaperFaithfulConnection.LocalFrameChange.inverseDerivative_differential_term' depends on axioms: [propext,
 Classical.choice,
 Quot.sound]
'Mock2.PaperFaithfulConnection.LocalFrameChange.differential_conjugateOne' depends on axioms: [propext,
 Classical.choice,
 Quot.sound]
'Mock2.PaperFaithfulConnection.LocalFrameChange.differential_pureGauge' depends on axioms: [propext,
 Classical.choice,
 Quot.sound]
'Mock2.PaperFaithfulConnection.LocalFrameChange.differential_transformPotential' depends on axioms: [propext,
 Classical.choice,
 Quot.sound]
'Mock2.PaperFaithfulConnection.LocalFrameChange.transformPotential_wedge_self' depends on axioms: [propext,
 Classical.choice,
 Quot.sound]
'Mock2.PaperFaithfulConnection.LocalFrameChange.transformConnection' depends on axioms: [propext,
 Classical.choice,
 Quot.sound]
'Mock2.PaperFaithfulConnection.LocalFrameChange.transformConnection_potential' depends on axioms: [propext,
 Classical.choice,
 Quot.sound]
'Mock2.PaperFaithfulConnection.LocalFrameChange.curvature_transformConnection' depends on axioms: [propext,
 Classical.choice,
 Quot.sound]
'Mock2.PaperFaithfulConnection.LocalFrameChange.transformSection' depends on axioms: [propext,
 Classical.choice,
 Quot.sound]
'Mock2.PaperFaithfulConnection.LocalFrameChange.forwardSection' depends on axioms: [propext,
 Classical.choice,
 Quot.sound]
'Mock2.PaperFaithfulConnection.LocalFrameChange.identityZeroForm_vectorAction' depends on axioms: [propext,
 Classical.choice,
 Quot.sound]
'Mock2.PaperFaithfulConnection.LocalFrameChange.forwardSection_transformSection' depends on axioms: [propext,
 Classical.choice,
 Quot.sound]
'Mock2.PaperFaithfulConnection.LocalFrameChange.transformSection_forwardSection' depends on axioms: [propext,
 Classical.choice,
 Quot.sound]
'Mock2.PaperFaithfulConnection.LocalFrameChange.cancel_middle_vector_two' depends on axioms: [propext,
 Classical.choice,
 Quot.sound]
'Mock2.PaperFaithfulConnection.LocalFrameChange.curvatureAction_transformSection' depends on axioms: [propext,
 Classical.choice,
 Quot.sound]
'Mock2.Definition16.Eq' depends on axioms: [propext, Classical.choice, Quot.sound]
'Mock2.Definition16.EqToX' depends on axioms: [propext, Classical.choice, Quot.sound]
'Mock2.Definition16.Connection' depends on axioms: [propext, Classical.choice, Quot.sound]
'Mock2.Definition16.nabla' depends on axioms: [propext, Classical.choice, Quot.sound]
'Mock2.Definition16.curvature' depends on axioms: [propext, Classical.choice, Quot.sound]
'Mock2.Definition17.Eq' depends on axioms: [propext, Classical.choice, Quot.sound]
'Mock2.Definition17.EqToX' depends on axioms: [propext, Classical.choice, Quot.sound]
'Mock2.Definition17.Connection' depends on axioms: [propext, Classical.choice, Quot.sound]
'Mock2.Definition17.nabla' depends on axioms: [propext, Classical.choice, Quot.sound]
'Mock2.Definition17.curvature' depends on axioms: [propext, Classical.choice, Quot.sound]
'Mock2.definitions16And17_bundle_alias_same' depends on axioms: [propext, Classical.choice, Quot.sound]
'Mock2.definitions16And17_connection_alias_same' depends on axioms: [propext, Classical.choice, Quot.sound]
'Mock2.definitions16And17_nabla_same' depends on axioms: [propext, Classical.choice, Quot.sound]
'Mock2.definitions16And17_curvature_same' depends on axioms: [propext, Classical.choice, Quot.sound]
'Mock2.PaperFaithfulConnection.Core.zero' depends on axioms: [propext, Classical.choice, Quot.sound]
'Mock2.PaperFaithfulConnection.Core.zero_potential' depends on axioms: [propext, Classical.choice, Quot.sound]
'Mock2.Section62PaperFaithfulConnectionCertificate' depends on axioms: [propext, Classical.choice, Quot.sound]
'Mock2.section62_paperFaithfulConnection_certificate' depends on axioms: [propext, Classical.choice, Quot.sound]
'Mock2.checklist_6_2_unconditional' depends on axioms: [propext, Classical.choice, Quot.sound]
'Mock2.FlatSector' does not depend on any axioms
'Mock2.FlatSector.curvature_eq_zero' does not depend on any axioms
'Mock2.FlatSector.mk_val' does not depend on any axioms
'Mock2.FlatSector.nonempty_iff_exists_curvature_eq_zero' does not depend on any axioms
'Mock2.AbstractActionDecomposition' does not depend on any axioms
'Mock2.AbstractActionDecomposition.flatSector' does not depend on any axioms
'Mock2.AbstractActionDecomposition.action_eq_M_add_R_of_flat' does not depend on any axioms
'Mock2.AbstractActionDecomposition.action_eq_M_add_R_on_flatSector' does not depend on any axioms
'Mock2.AbstractActionDecomposition.flatVacuum_action_eq_zero' does not depend on any axioms
'Mock2.IsGlobalMinimizer' does not depend on any axioms
'Mock2.Proposition19Hypotheses' depends on axioms: [propext]
'Mock2.two_nonnegative_terms_eq_zero' depends on axioms: [propext, Quot.sound]
'Mock2.Proposition19Hypotheses.minimizer_action_le_zero' depends on axioms: [propext]
'Mock2.Proposition19Hypotheses.minimizer_action_nonnegative' depends on axioms: [propext]
'Mock2.Proposition19Hypotheses.minimizer_action_eq_zero' depends on axioms: [propext]
'Mock2.Proposition19Hypotheses.minimizer_M_add_R_eq_zero' depends on axioms: [propext]
'Mock2.proposition19_M_and_R_vanish' depends on axioms: [propext, Quot.sound]
'Mock2.proposition19_massless_phase' depends on axioms: [propext, Quot.sound]
'Mock2.Definition18AndProposition19Certificate' depends on axioms: [propext]
'Mock2.definition18AndProposition19_certificate' depends on axioms: [propext, Quot.sound]
'Mock2.TruncatedGaugeCovariantDGA.localFlatSector' depends on axioms: [propext, Quot.sound]
'Mock2.proposition20GlobalSectionsEquivEqualizer' depends on axioms: [propext, Classical.choice, Quot.sound]
'Mock2.global_sections_equiv_equalizer' depends on axioms: [propext, Classical.choice, Quot.sound]
'Mock2.global_sections_equiv_equalizer_nonempty' depends on axioms: [propext, Classical.choice, Quot.sound]
'Mock2.proposition20_equalizer_certificate' depends on axioms: [propext, Classical.choice, Quot.sound]
'Mock2.Definition11.RadiusBase' depends on axioms: [propext, Classical.choice, Quot.sound]
'Mock2.Definition11.H' depends on axioms: [propext, Classical.choice, Quot.sound]
'Mock2.Definition11.Gamma2' depends on axioms: [propext, Classical.choice, Quot.sound]
'Mock2.Definition11.Gamma2Quotient' depends on axioms: [propext, Classical.choice, Quot.sound]
'Mock2.Definition11.radiusBase_pos' depends on axioms: [propext, Classical.choice, Quot.sound]
'Mock2.Definition11.radiusBase_lt_one' depends on axioms: [propext, Classical.choice, Quot.sound]
'Mock2.Definition11.qParameter' depends on axioms: [propext, Classical.choice, Quot.sound]
'Mock2.Definition11.qRadius' depends on axioms: [propext, Classical.choice, Quot.sound]
'Mock2.Definition11.qRadius_eq_exp_neg_two_pi_im' depends on axioms: [propext, Classical.choice, Quot.sound]
'Mock2.Definition11.qRadius_pos' depends on axioms: [propext, Classical.choice, Quot.sound]
'Mock2.Definition11.qRadius_lt_one' depends on axioms: [propext, Classical.choice, Quot.sound]
'Mock2.Definition11.qRadiusPoint' depends on axioms: [propext, Classical.choice, Quot.sound]
'Mock2.Definition11.qRadiusPoint_val' depends on axioms: [propext, Classical.choice, Quot.sound]
'Mock2.Definition11.radiusRepresentative' depends on axioms: [propext, Classical.choice, Quot.sound]
'Mock2.Definition11.radiusRepresentative_im' depends on axioms: [propext, Classical.choice, Quot.sound]
'Mock2.Definition11.qRadius_radiusRepresentative' depends on axioms: [propext, Classical.choice, Quot.sound]
'Mock2.Definition11.qRadiusPoint_radiusRepresentative' depends on axioms: [propext, Classical.choice, Quot.sound]
'Mock2.Definition11.qRadiusPoint_surjective' depends on axioms: [propext, Classical.choice, Quot.sound]
'Mock2.Definition11.gammaLower' depends on axioms: [propext, Classical.choice, Quot.sound]
'Mock2.Definition11.gammaLower_mem_Gamma2' depends on axioms: [propext, Classical.choice, Quot.sound]
'Mock2.Definition11.gammaLowerInGamma2' depends on axioms: [propext, Classical.choice, Quot.sound]
'Mock2.Definition11.gammaLower_smul_I_im' depends on axioms: [propext, Classical.choice, Quot.sound]
'Mock2.Definition11.gammaLowerInGamma2_smul_I_im' depends on axioms: [propext, Classical.choice, Quot.sound]
'Mock2.Definition11.qRadius_gammaLower_ne' depends on axioms: [propext, Classical.choice, Quot.sound]
'Mock2.Definition11.quotientMk' depends on axioms: [propext, Classical.choice, Quot.sound]
'Mock2.Definition11.quotientMk_smul' depends on axioms: [propext, Classical.choice, Quot.sound]
'Mock2.Definition11.OriginalPiWellDefined' depends on axioms: [propext, Classical.choice, Quot.sound]
'Mock2.Definition11.originalPi_not_wellDefined' depends on axioms: [propext, Classical.choice, Quot.sound]
'Mock2.LocallyConstantValueSheaf.openInclusion' depends on axioms: [propext, Classical.choice, Quot.sound]
'Mock2.LocallyConstantValueSheaf.openInclusion_val' depends on axioms: [propext, Classical.choice, Quot.sound]
'Mock2.LocallyConstantValueSheaf.presheaf' depends on axioms: [propext, Classical.choice, Quot.sound]
'Mock2.LocallyConstantValueSheaf.presheaf_res_apply' depends on axioms: [propext, Classical.choice, Quot.sound]
'Mock2.LocallyConstantValueSheaf.coverIndex' depends on axioms: [propext, Classical.choice, Quot.sound]
'Mock2.LocallyConstantValueSheaf.coverIndex_mem' depends on axioms: [propext, Classical.choice, Quot.sound]
'Mock2.LocallyConstantValueSheaf.glueFunction' depends on axioms: [propext, Classical.choice, Quot.sound]
'Mock2.LocallyConstantValueSheaf.glueFunction_eq_section' depends on axioms: [propext, Classical.choice, Quot.sound]
'Mock2.LocallyConstantValueSheaf.glueSection' depends on axioms: [propext, Classical.choice, Quot.sound]
'Mock2.LocallyConstantValueSheaf.locality' depends on axioms: [propext, Classical.choice, Quot.sound]
'Mock2.LocallyConstantValueSheaf.gluing_exists' depends on axioms: [propext, Classical.choice, Quot.sound]
'Mock2.LocallyConstantValueSheaf.gluing_unique' depends on axioms: [propext, Classical.choice, Quot.sound]
'Mock2.LocallyConstantValueSheaf.isSheaf' depends on axioms: [propext, Classical.choice, Quot.sound]
'Mock2.Definition11.AnalyticData' depends on axioms: [propext, Classical.choice, Quot.sound]
'Mock2.Definition11.AnalyticData.totalOperator' depends on axioms: [propext, Classical.choice, Quot.sound]
'Mock2.Definition11.AnalyticData.solutionSpace' depends on axioms: [propext, Classical.choice, Quot.sound]
'Mock2.Definition11.AnalyticData.mem_solutionSpace_iff' depends on axioms: [propext, Classical.choice, Quot.sound]
'Mock2.Definition11.Fibre' depends on axioms: [propext, Classical.choice, Quot.sound]
'Mock2.Definition11.FibreAtRepresentative' depends on axioms: [propext, Classical.choice, Quot.sound]
'Mock2.Definition11.representativeChange' depends on axioms: [propext, Classical.choice, Quot.sound]
'Mock2.Definition11.representativeChange_apply' depends on axioms: [propext, Classical.choice, Quot.sound]
'Mock2.Definition11.transport' depends on axioms: [propext, Classical.choice, Quot.sound]
'Mock2.Definition11.transport_apply' depends on axioms: [propext, Classical.choice, Quot.sound]
'Mock2.Definition11.transport_refl' depends on axioms: [propext, Classical.choice, Quot.sound]
'Mock2.Definition11.transport_trans' depends on axioms: [propext, Classical.choice, Quot.sound]
'Mock2.Definition11.localSectionPresheaf' depends on axioms: [propext, Classical.choice, Quot.sound]
'Mock2.Definition11.localSectionPresheaf_isSheaf' depends on axioms: [propext, Classical.choice, Quot.sound]
'Mock2.Definition11.section_isLocallyConstant' depends on axioms: [propext, Classical.choice, Quot.sound]
'Mock2.QLocalSystem' does not depend on any axioms
'Mock2.Definition11.Lq' depends on axioms: [propext, Classical.choice, Quot.sound]
'Mock2.Definition11.Lq_fiber' depends on axioms: [propext, Classical.choice, Quot.sound]
'Mock2.Definition11.Lq_res_apply' depends on axioms: [propext, Classical.choice, Quot.sound]
'Mock2.Definition11.Lq_res_id' depends on axioms: [propext, Classical.choice, Quot.sound]
'Mock2.Definition11.Lq_res_comp' depends on axioms: [propext, Classical.choice, Quot.sound]
'Mock2.Definition11.Certificate' depends on axioms: [propext, Classical.choice, Quot.sound]
'Mock2.Definition11.certificate' depends on axioms: [propext, Classical.choice, Quot.sound]
'Mock2.MockBundle.toPresheafLike' depends on axioms: [propext, Quot.sound]
'Mock2.MockSheaf' depends on axioms: [propext, Classical.choice, Quot.sound]
'Mock2.Mmock.QSeries' depends on axioms: [propext, Classical.choice, Quot.sound]
'Mock2.Mmock.QSeries.term' depends on axioms: [propext, Classical.choice, Quot.sound]
'Mock2.Mmock.QSeries.ConvergesAt' depends on axioms: [propext, Classical.choice, Quot.sound]
'Mock2.Mmock.QSeries.sumAt' depends on axioms: [propext, Classical.choice, Quot.sound]
'Mock2.Mmock.QSeries.convergenceRegion' depends on axioms: [propext, Classical.choice, Quot.sound]
'Mock2.Mmock.QSeries.inverseConvergenceRegion' depends on axioms: [propext, Classical.choice, Quot.sound]
'Mock2.Mmock.QSeries.mem_convergenceRegion_iff' depends on axioms: [propext, Classical.choice, Quot.sound]
'Mock2.Mmock.QSeries.mem_inverseConvergenceRegion_iff' depends on axioms: [propext, Classical.choice, Quot.sound]
'Mock2.Mmock.QSeries.zero_convergesAt' depends on axioms: [propext, Classical.choice, Quot.sound]
'Mock2.Mmock.QSeries.zero_sumAt' depends on axioms: [propext, Classical.choice, Quot.sound]
'Mock2.Mmock.CommonAnnulus' depends on axioms: [propext, Classical.choice, Quot.sound]
'Mock2.Mmock.CommonAnnulus.carrier' depends on axioms: [propext, Classical.choice, Quot.sound]
'Mock2.Mmock.CommonAnnulus.mem_carrier_iff' depends on axioms: [propext, Classical.choice, Quot.sound]
'Mock2.Mmock.CommonAnnulus.inner_lt_outer' depends on axioms: [propext, Classical.choice, Quot.sound]
'Mock2.Mmock.CommonAnnulus.one_mem' depends on axioms: [propext, Classical.choice, Quot.sound]
'Mock2.Mmock.CommonAnnulus.carrier_nonempty' depends on axioms: [propext, Classical.choice, Quot.sound]
'Mock2.Mmock.CommonAnnulus.ne_zero' depends on axioms: [propext, Classical.choice, Quot.sound]
'Mock2.Mmock.SeriesTriple' depends on axioms: [propext, Classical.choice, Quot.sound]
'Mock2.Mmock.KernelData' depends on axioms: [propext, Classical.choice, Quot.sound]
'Mock2.Mmock.SeriesTriple.insideConvergenceRegion' depends on axioms: [propext, Classical.choice, Quot.sound]
'Mock2.Mmock.SeriesTriple.correctionConvergenceRegion' depends on axioms: [propext, Classical.choice, Quot.sound]
'Mock2.Mmock.SeriesTriple.outsideConvergenceRegion' depends on axioms: [propext, Classical.choice, Quot.sound]
'Mock2.Mmock.SeriesTriple.mem_insideConvergenceRegion_iff' depends on axioms: [propext, Classical.choice, Quot.sound]
'Mock2.Mmock.SeriesTriple.mem_correctionConvergenceRegion_iff' depends on axioms: [propext,
 Classical.choice,
 Quot.sound]
'Mock2.Mmock.SeriesTriple.mem_outsideConvergenceRegion_iff' depends on axioms: [propext, Classical.choice, Quot.sound]
'Mock2.Mmock.KernelData.psiConvergenceRegion' depends on axioms: [propext, Classical.choice, Quot.sound]
'Mock2.Mmock.KernelData.mem_psiConvergenceRegion_iff' depends on axioms: [propext, Classical.choice, Quot.sound]
'Mock2.Mmock.commonConvergenceRegion' depends on axioms: [propext, Classical.choice, Quot.sound]
'Mock2.Mmock.mem_commonConvergenceRegion_iff' depends on axioms: [propext, Classical.choice, Quot.sound]
'Mock2.Mmock.MatchesOn' depends on axioms: [propext, Classical.choice, Quot.sound]
'Mock2.Mmock.CertifiedGerm' depends on axioms: [propext, Classical.choice, Quot.sound]
'Mock2.Mmock.CertifiedGerm.common_convergence' depends on axioms: [propext, Classical.choice, Quot.sound]
'Mock2.Mmock.CertifiedGerm.inside_converges' depends on axioms: [propext, Classical.choice, Quot.sound]
'Mock2.Mmock.CertifiedGerm.psi_converges' depends on axioms: [propext, Classical.choice, Quot.sound]
'Mock2.Mmock.CertifiedGerm.correction_converges' depends on axioms: [propext, Classical.choice, Quot.sound]
'Mock2.Mmock.CertifiedGerm.outside_ne_zero' depends on axioms: [propext, Classical.choice, Quot.sound]
'Mock2.Mmock.CertifiedGerm.outside_converges' depends on axioms: [propext, Classical.choice, Quot.sound]
'Mock2.Mmock.CertifiedGerm.matching_identity' depends on axioms: [propext, Classical.choice, Quot.sound]
'Mock2.Mmock.CertifiedGerm.outside_value_unique' depends on axioms: [propext, Classical.choice, Quot.sound]
'Mock2.Mmock.zeroCommonAnnulus' depends on axioms: [propext, Classical.choice, Quot.sound]
'Mock2.Mmock.zeroKernel' depends on axioms: [propext, Classical.choice, Quot.sound]
'Mock2.Mmock.zeroSeriesTriple' depends on axioms: [propext, Classical.choice, Quot.sound]
'Mock2.Mmock.zeroCertifiedGerm' depends on axioms: [propext, Classical.choice, Quot.sound]
'Mock2.Mmock.RadiusBase' depends on axioms: [propext, Classical.choice, Quot.sound]
'Mock2.Mmock.RadiusPoint' depends on axioms: [propext, Classical.choice, Quot.sound]
'Mock2.Mmock.LocalSection' depends on axioms: [propext, Classical.choice, Quot.sound]
'Mock2.Mmock.LocalSection.germAt' depends on axioms: [propext, Classical.choice, Quot.sound]
'Mock2.Mmock.LocalSection.insideAt' depends on axioms: [propext, Classical.choice, Quot.sound]
'Mock2.Mmock.LocalSection.correctionAt' depends on axioms: [propext, Classical.choice, Quot.sound]
'Mock2.Mmock.LocalSection.outsideAt' depends on axioms: [propext, Classical.choice, Quot.sound]
'Mock2.Mmock.LocalSection.insideValueAtRadius' depends on axioms: [propext, Classical.choice, Quot.sound]
'Mock2.Mmock.LocalSection.correctionValueAtRadius' depends on axioms: [propext, Classical.choice, Quot.sound]
'Mock2.Mmock.LocalSection.outsideValueAtRadius' depends on axioms: [propext, Classical.choice, Quot.sound]
'Mock2.Mmock.LocalSection.germAt_apply' depends on axioms: [propext, Classical.choice, Quot.sound]
'Mock2.Mmock.LocalSection.insideAt_apply' depends on axioms: [propext, Classical.choice, Quot.sound]
'Mock2.Mmock.LocalSection.correctionAt_apply' depends on axioms: [propext, Classical.choice, Quot.sound]
'Mock2.Mmock.LocalSection.outsideAt_apply' depends on axioms: [propext, Classical.choice, Quot.sound]
'Mock2.Mmock.LocalSection.common_annulus_nonempty' depends on axioms: [propext, Classical.choice, Quot.sound]
'Mock2.Mmock.LocalSection.inside_converges' depends on axioms: [propext, Classical.choice, Quot.sound]
'Mock2.Mmock.LocalSection.psi_converges' depends on axioms: [propext, Classical.choice, Quot.sound]
'Mock2.Mmock.LocalSection.correction_converges' depends on axioms: [propext, Classical.choice, Quot.sound]
'Mock2.Mmock.LocalSection.outside_converges' depends on axioms: [propext, Classical.choice, Quot.sound]
'Mock2.Mmock.LocalSection.matching_identity' depends on axioms: [propext, Classical.choice, Quot.sound]
'Mock2.Mmock.LocalSection.matching_at_radius' depends on axioms: [propext, Classical.choice, Quot.sound]
'Mock2.Mmock.presheaf' depends on axioms: [propext, Classical.choice, Quot.sound]
'Mock2.Mmock.presheaf_section' depends on axioms: [propext, Classical.choice, Quot.sound]
'Mock2.Mmock.presheaf_res_apply' depends on axioms: [propext, Classical.choice, Quot.sound]
'Mock2.Mmock.isSheaf' depends on axioms: [propext, Classical.choice, Quot.sound]
'Mock2.Mmock.actualBundle' depends on axioms: [propext, Classical.choice, Quot.sound]
'Mock2.Mmock.actualBundle_section' depends on axioms: [propext, Classical.choice, Quot.sound]
'Mock2.Mmock.actualBundle_res_apply' depends on axioms: [propext, Classical.choice, Quot.sound]
'Mock2.Mmock.actualBundle_toPresheafLike' depends on axioms: [propext, Classical.choice, Quot.sound]
'Mock2.Mmock.actualSheaf' depends on axioms: [propext, Classical.choice, Quot.sound]
'Mock2.Mmock.restriction_series' depends on axioms: [propext, Classical.choice, Quot.sound]
'Mock2.Mmock.restriction_annulus' depends on axioms: [propext, Classical.choice, Quot.sound]
'Mock2.Mmock.restriction_preserves_inside_convergence' depends on axioms: [propext, Classical.choice, Quot.sound]
'Mock2.Mmock.restriction_preserves_psi_convergence' depends on axioms: [propext, Classical.choice, Quot.sound]
'Mock2.Mmock.restriction_preserves_correction_convergence' depends on axioms: [propext, Classical.choice, Quot.sound]
'Mock2.Mmock.restriction_preserves_outside_convergence' depends on axioms: [propext, Classical.choice, Quot.sound]
'Mock2.Mmock.restriction_preserves_matching' depends on axioms: [propext, Classical.choice, Quot.sound]
'Mock2.Mmock.locality' depends on axioms: [propext, Classical.choice, Quot.sound]
'Mock2.Mmock.gluing_exists' depends on axioms: [propext, Classical.choice, Quot.sound]
'Mock2.Mmock.gluing_unique' depends on axioms: [propext, Classical.choice, Quot.sound]
'Mock2.Mmock.existsUnique_gluing' depends on axioms: [propext, Classical.choice, Quot.sound]
'Mock2.Mmock.zeroLocalSection' depends on axioms: [propext, Classical.choice, Quot.sound]
'Mock2.Mmock.zeroLocalSection_apply' depends on axioms: [propext, Classical.choice, Quot.sound]
'Mock2.Mmock.PaperAnalyticInput' depends on axioms: [propext, Classical.choice, Quot.sound]
'Mock2.Mmock.PaperAnalyticInput.proposition12_common_convergence' depends on axioms: [propext,
 Classical.choice,
 Quot.sound]
'Mock2.Mmock.PaperAnalyticInput.proposition12_identity' depends on axioms: [propext, Classical.choice, Quot.sound]
'Mock2.Mmock.PaperAnalyticInput.proposition13_cusp_identity' depends on axioms: [propext, Classical.choice, Quot.sound]
'Mock2.Mmock.PaperAnalyticInput.theorem51_overlap_identity' depends on axioms: [propext, Classical.choice, Quot.sound]
'Mock2.Mmock.PaperAnalyticInput.theorem51_completion_overlap' depends on axioms: [propext, Classical.choice, Quot.sound]
'Mock2.Mmock.Certificate' depends on axioms: [propext, Classical.choice, Quot.sound]
'Mock2.Mmock.certificate' depends on axioms: [propext, Classical.choice, Quot.sound]
'Mock2.Mmock.zero_model_inhabited' depends on axioms: [propext, Classical.choice, Quot.sound]
'Mock2.Mmock.zero_certificate' depends on axioms: [propext, Classical.choice, Quot.sound]
'Mock2.Mmock.QSeries.add_convergesAt' depends on axioms: [propext, Classical.choice, Quot.sound]
'Mock2.Mmock.QSeries.smul_convergesAt' depends on axioms: [propext, Classical.choice, Quot.sound]
'Mock2.Mmock.QSeries.sumAt_add' depends on axioms: [propext, Classical.choice, Quot.sound]
'Mock2.Mmock.QSeries.sumAt_smul' depends on axioms: [propext, Classical.choice, Quot.sound]
'Mock2.Definition12Tensor.LinearPresheaf' depends on axioms: [propext, Classical.choice, Quot.sound]
'Mock2.Definition12Tensor.LinearPresheaf.toPresheafLike' depends on axioms: [propext, Classical.choice, Quot.sound]
'Mock2.Definition12Tensor.LinearPresheaf.restrictionLinear' depends on axioms: [propext, Classical.choice, Quot.sound]
'Mock2.Definition12Tensor.LinearPresheaf.restrictionLinear_apply' depends on axioms: [propext,
 Classical.choice,
 Quot.sound]
'Mock2.Definition12Tensor.locallyConstantRestriction' depends on axioms: [propext, Classical.choice, Quot.sound]
'Mock2.Definition12Tensor.locallyConstantRestriction_apply' depends on axioms: [propext, Classical.choice, Quot.sound]
'Mock2.Definition12Tensor.locallyConstantRestriction_id' depends on axioms: [propext, Classical.choice, Quot.sound]
'Mock2.Definition12Tensor.locallyConstantRestriction_comp' depends on axioms: [propext, Classical.choice, Quot.sound]
'Mock2.Definition12Tensor.locallyConstantLinearPresheaf' depends on axioms: [propext, Classical.choice, Quot.sound]
'Mock2.Definition12Tensor.locallyConstantLinearPresheaf_obj' depends on axioms: [propext, Classical.choice, Quot.sound]
'Mock2.Definition12Tensor.locallyConstantLinearPresheaf_isSheaf' depends on axioms: [propext,
 Classical.choice,
 Quot.sound]
'Mock2.Definition12Tensor.lqLinearPresheaf' depends on axioms: [propext, Classical.choice, Quot.sound]
'Mock2.Definition12Tensor.lqLinearPresheaf_obj' depends on axioms: [propext, Classical.choice, Quot.sound]
'Mock2.Definition12Tensor.lqLinearPresheaf_res_apply' depends on axioms: [propext, Classical.choice, Quot.sound]
'Mock2.Definition12Tensor.lq_fibre_has_module' depends on axioms: [propext, Classical.choice, Quot.sound]
'Mock2.Definition12Tensor.lq_restriction_isLinear' depends on axioms: [propext, Classical.choice, Quot.sound]
'Mock2.Definition12Tensor.MmockLinear.convergentSeries' depends on axioms: [propext, Classical.choice, Quot.sound]
'Mock2.Definition12Tensor.MmockLinear.inverseConvergentSeries' depends on axioms: [propext,
 Classical.choice,
 Quot.sound]
'Mock2.Definition12Tensor.MmockLinear.mem_convergentSeries_iff' depends on axioms: [propext,
 Classical.choice,
 Quot.sound]
'Mock2.Definition12Tensor.MmockLinear.mem_inverseConvergentSeries_iff' depends on axioms: [propext,
 Classical.choice,
 Quot.sound]
'Mock2.Definition12Tensor.MmockLinear.VariationRaw' depends on axioms: [propext, Classical.choice, Quot.sound]
'Mock2.Definition12Tensor.MmockLinear.variationInside' depends on axioms: [propext, Classical.choice, Quot.sound]
'Mock2.Definition12Tensor.MmockLinear.variationCorrection' depends on axioms: [propext, Classical.choice, Quot.sound]
'Mock2.Definition12Tensor.MmockLinear.variationOutside' depends on axioms: [propext, Classical.choice, Quot.sound]
'Mock2.Definition12Tensor.MmockLinear.variationInside_converges' depends on axioms: [propext,
 Classical.choice,
 Quot.sound]
'Mock2.Definition12Tensor.MmockLinear.variationCorrection_converges' depends on axioms: [propext,
 Classical.choice,
 Quot.sound]
'Mock2.Definition12Tensor.MmockLinear.variationOutside_converges' depends on axioms: [propext,
 Classical.choice,
 Quot.sound]
'Mock2.Definition12Tensor.MmockLinear.evalLinear' depends on axioms: [propext, Classical.choice, Quot.sound]
'Mock2.Definition12Tensor.MmockLinear.inverseEvalLinear' depends on axioms: [propext, Classical.choice, Quot.sound]
'Mock2.Definition12Tensor.MmockLinear.homogeneousFunctional' depends on axioms: [propext, Classical.choice, Quot.sound]
'Mock2.Definition12Tensor.MmockLinear.homogeneousVariation' depends on axioms: [propext, Classical.choice, Quot.sound]
'Mock2.Definition12Tensor.MmockLinear.mem_homogeneousVariation_iff' depends on axioms: [propext,
 Classical.choice,
 Quot.sound]
'Mock2.Definition12Tensor.MmockLinear.variationModule' depends on axioms: [propext, Classical.choice, Quot.sound]
'Mock2.Definition12Tensor.MmockLinear.homogeneousInside' depends on axioms: [propext, Classical.choice, Quot.sound]
'Mock2.Definition12Tensor.MmockLinear.homogeneousCorrection' depends on axioms: [propext, Classical.choice, Quot.sound]
'Mock2.Definition12Tensor.MmockLinear.homogeneousOutside' depends on axioms: [propext, Classical.choice, Quot.sound]
'Mock2.Definition12Tensor.MmockLinear.homogeneousInside_converges' depends on axioms: [propext,
 Classical.choice,
 Quot.sound]
'Mock2.Definition12Tensor.MmockLinear.homogeneousCorrection_converges' depends on axioms: [propext,
 Classical.choice,
 Quot.sound]
'Mock2.Definition12Tensor.MmockLinear.homogeneousOutside_converges' depends on axioms: [propext,
 Classical.choice,
 Quot.sound]
'Mock2.Definition12Tensor.MmockLinear.homogeneous_identity' depends on axioms: [propext, Classical.choice, Quot.sound]
'Mock2.Definition12Tensor.MmockLinear.AffineBase' depends on axioms: [propext, Classical.choice, Quot.sound]
'Mock2.Definition12Tensor.MmockLinear.AffineBase.translateSeries' depends on axioms: [propext,
 Classical.choice,
 Quot.sound]
'Mock2.Definition12Tensor.MmockLinear.AffineBase.translate' depends on axioms: [propext, Classical.choice, Quot.sound]
'Mock2.Definition12Tensor.MmockLinear.linearMmockPresheaf' depends on axioms: [propext, Classical.choice, Quot.sound]
'Mock2.Definition12Tensor.MmockLinear.linearMmockPresheaf_obj' depends on axioms: [propext,
 Classical.choice,
 Quot.sound]
'Mock2.Definition12Tensor.MmockLinear.linearMmockPresheaf_res_apply' depends on axioms: [propext,
 Classical.choice,
 Quot.sound]
'Mock2.Definition12Tensor.MmockLinear.mmock_fibre_has_module' depends on axioms: [propext, Classical.choice, Quot.sound]
'Mock2.Definition12Tensor.MmockLinear.mmock_restriction_isLinear' depends on axioms: [propext,
 Classical.choice,
 Quot.sound]
'Mock2.Definition12Tensor.MmockLinear.linearMmockPresheaf_isSheaf' depends on axioms: [propext,
 Classical.choice,
 Quot.sound]
'Mock2.Definition12Tensor.LinearPresheaf.restrictionLinear_id' depends on axioms: [propext,
 Classical.choice,
 Quot.sound]
'Mock2.Definition12Tensor.LinearPresheaf.restrictionLinear_comp' depends on axioms: [propext,
 Classical.choice,
 Quot.sound]
'Mock2.Definition12Tensor.LinearPresheafEquiv' depends on axioms: [propext, Classical.choice, Quot.sound]
'Mock2.Definition12Tensor.LinearPresheafEquiv.naturality_apply' depends on axioms: [propext,
 Classical.choice,
 Quot.sound]
'Mock2.Definition12Tensor.LinearPresheafEquiv.symm' depends on axioms: [propext, Classical.choice, Quot.sound]
'Mock2.Definition12Tensor.LinearPresheafEquiv.trans' depends on axioms: [propext, Classical.choice, Quot.sound]
'Mock2.Definition12Tensor.LinearPresheafEquiv.isSheaf_of_equiv' depends on axioms: [propext,
 Classical.choice,
 Quot.sound]
'Mock2.Definition12Tensor.LinearPresheafEquiv.isSheaf_iff' depends on axioms: [propext, Classical.choice, Quot.sound]
'Mock2.Definition12Tensor.TensorSection' depends on axioms: [propext, Classical.choice, Quot.sound]
'Mock2.Definition12Tensor.tensorRestriction' depends on axioms: [propext, Classical.choice, Quot.sound]
'Mock2.Definition12Tensor.tensorRestriction_tmul' depends on axioms: [propext, Classical.choice, Quot.sound]
'Mock2.Definition12Tensor.tensorRestriction_id' depends on axioms: [propext, Classical.choice, Quot.sound]
'Mock2.Definition12Tensor.tensorRestriction_comp' depends on axioms: [propext, Classical.choice, Quot.sound]
'Mock2.Definition12Tensor.tensorPresheaf' depends on axioms: [propext, Classical.choice, Quot.sound]
'Mock2.Definition12Tensor.tensorPresheaf_obj' depends on axioms: [propext, Classical.choice, Quot.sound]
'Mock2.Definition12Tensor.tensorPresheaf_res_hom' depends on axioms: [propext, Classical.choice, Quot.sound]
'Mock2.Definition12Tensor.tensorPresheaf_res_tmul' depends on axioms: [propext, Classical.choice, Quot.sound]
'Mock2.Definition12Tensor.tensor_fibre_has_module' depends on axioms: [propext, Classical.choice, Quot.sound]
'Mock2.Definition12Tensor.tensor_restriction_isLinear' depends on axioms: [propext, Classical.choice, Quot.sound]
'Mock2.Definition12Tensor.GenuineTensorCertificate' depends on axioms: [propext, Classical.choice, Quot.sound]
'Mock2.Definition12Tensor.genuineTensor_certificate' depends on axioms: [propext, Classical.choice, Quot.sound]
'Mock2.Definition12Tensor.pointwiseTensorBilinear' depends on axioms: [propext, Classical.choice, Quot.sound]
'Mock2.Definition12Tensor.pointwiseTensorComparison' depends on axioms: [propext, Classical.choice, Quot.sound]
'Mock2.Definition12Tensor.pointwiseTensorComparison_tmul_apply' depends on axioms: [propext,
 Classical.choice,
 Quot.sound]
'Mock2.Definition12Tensor.locallyConstantPointwiseTensor' depends on axioms: [propext, Classical.choice, Quot.sound]
'Mock2.Definition12Tensor.locallyConstantTensorSheaf' depends on axioms: [propext, Classical.choice, Quot.sound]
'Mock2.Definition12Tensor.locallyConstantTensorSheaf_obj' depends on axioms: [propext, Classical.choice, Quot.sound]
'Mock2.Definition12Tensor.locallyConstantTensorSheaf_isSheaf' depends on axioms: [propext, Classical.choice, Quot.sound]
'Mock2.Definition12Tensor.pointwiseTensorComparison_naturality' depends on axioms: [propext,
 Classical.choice,
 Quot.sound]
'Mock2.Definition12Tensor.pointwiseTensorComparison_naturality_apply' depends on axioms: [propext,
 Classical.choice,
 Quot.sound]
'Mock2.Definition12Tensor.LocalTrivializationComparison' depends on axioms: [propext, Classical.choice, Quot.sound]
'Mock2.Definition12Tensor.LocalTrivializationComparison.app_toLinearMap_eq' depends on axioms: [propext,
 Classical.choice,
 Quot.sound]
'Mock2.Definition12Tensor.LocalTrivializationComparison.naturality' depends on axioms: [propext,
 Classical.choice,
 Quot.sound]
'Mock2.Definition12Tensor.LocalTrivializationComparison.toLinearPresheafEquiv' depends on axioms: [propext,
 Classical.choice,
 Quot.sound]
'Mock2.Definition12Tensor.LocalTrivializationComparison.pointwiseTensor_isSheaf' depends on axioms: [propext,
 Classical.choice,
 Quot.sound]
'Mock2.Definition12Tensor.TensorSheafBoundaryCertificate' depends on axioms: [propext, Classical.choice, Quot.sound]
'Mock2.Definition12Tensor.tensorSheafBoundary_certificate' depends on axioms: [propext, Classical.choice, Quot.sound]
'Mock2.Definition12Tensor.actualGenuineTensorPresheaf' depends on axioms: [propext, Classical.choice, Quot.sound]
'Mock2.Definition12Tensor.actualGenuineTensorSection' depends on axioms: [propext, Classical.choice, Quot.sound]
'Mock2.Definition12Tensor.actualGenuineTensorPresheaf_obj' depends on axioms: [propext, Classical.choice, Quot.sound]
'Mock2.Definition12Tensor.actualGenuineTensorPresheaf_res_tmul' depends on axioms: [propext,
 Classical.choice,
 Quot.sound]
'Mock2.Definition12Tensor.actualGenuineTensorSheaf' depends on axioms: [propext, Classical.choice, Quot.sound]
'Mock2.Definition12Tensor.actualGenuineTensorSheaf_isSheaf' depends on axioms: [propext, Classical.choice, Quot.sound]
'Mock2.Definition12Tensor.actualGenuineTensor_certificate' depends on axioms: [propext, Classical.choice, Quot.sound]
'Mock2.Definition12Tensor.PairSection' depends on axioms: [propext, Classical.choice, Quot.sound]
'Mock2.Definition12Tensor.pairRestriction' depends on axioms: [propext, Classical.choice, Quot.sound]
'Mock2.Definition12Tensor.pairRestriction_fst' depends on axioms: [propext, Classical.choice, Quot.sound]
'Mock2.Definition12Tensor.pairRestriction_snd' depends on axioms: [propext, Classical.choice, Quot.sound]
'Mock2.Definition12Tensor.pairRestriction_id' depends on axioms: [propext, Classical.choice, Quot.sound]
'Mock2.Definition12Tensor.pairRestriction_comp' depends on axioms: [propext, Classical.choice, Quot.sound]
'Mock2.Definition12Tensor.pairPresheaf' depends on axioms: [propext, Classical.choice, Quot.sound]
'Mock2.Definition12Tensor.pairPresheaf_obj' depends on axioms: [propext, Classical.choice, Quot.sound]
'Mock2.Definition12Tensor.pairPresheaf_res_apply' depends on axioms: [propext, Classical.choice, Quot.sound]
'Mock2.Definition12Tensor.PairTensorEquivalenceData' depends on axioms: [propext, Classical.choice, Quot.sound]
'Mock2.Definition12Tensor.PairTensorEquivalenceData.linearEquiv' depends on axioms: [propext,
 Classical.choice,
 Quot.sound]
'Mock2.Definition12Tensor.PairTensorEquivalenceData.tensorToPair_pairToTensor' depends on axioms: [propext,
 Classical.choice,
 Quot.sound]
'Mock2.Definition12Tensor.PairTensorEquivalenceData.pairToTensor_tensorToPair' depends on axioms: [propext,
 Classical.choice,
 Quot.sound]
'Mock2.Definition12Tensor.PairTensorEquivalenceData.pairToTensor_naturality' depends on axioms: [propext,
 Classical.choice,
 Quot.sound]
'Mock2.Definition12Tensor.PairTensorEquivalenceData.tensorToPair_naturality' depends on axioms: [propext,
 Classical.choice,
 Quot.sound]
'Mock2.Definition12Tensor.PairTensorEquivalenceData.toLinearPresheafEquiv' depends on axioms: [propext,
 Classical.choice,
 Quot.sound]
'Mock2.Definition12Tensor.PairTensorEquivalenceData.fibre_equiv' depends on axioms: [propext,
 Classical.choice,
 Quot.sound]
'Mock2.Definition12Tensor.PairTensorEquivalenceData.pair_isSheaf_iff_tensor_isSheaf' depends on axioms: [propext,
 Classical.choice,
 Quot.sound]
'Mock2.Definition12Tensor.PairTensorEquivalenceCertificate' depends on axioms: [propext, Classical.choice, Quot.sound]
'Mock2.Definition12Tensor.pairTensorEquivalence_certificate' depends on axioms: [propext, Classical.choice, Quot.sound]
'Mock2.Definition12Tensor.FullCertificate' depends on axioms: [propext, Classical.choice, Quot.sound]
'Mock2.Definition12Tensor.full_certificate' depends on axioms: [propext, Classical.choice, Quot.sound]
'Mock2.Definition13QCovariant.ScalarSection' depends on axioms: [propext, Classical.choice, Quot.sound]
'Mock2.Definition13QCovariant.Omega1Section' depends on axioms: [propext, Classical.choice, Quot.sound]
'Mock2.Definition13QCovariant.omega1Presheaf' depends on axioms: [propext, Classical.choice, Quot.sound]
'Mock2.Definition13QCovariant.omega1Presheaf_obj' depends on axioms: [propext, Classical.choice, Quot.sound]
'Mock2.Definition13QCovariant.omega1Presheaf_isSheaf' depends on axioms: [propext, Classical.choice, Quot.sound]
'Mock2.Definition13QCovariant.omega1Presheaf_res_apply' depends on axioms: [propext, Classical.choice, Quot.sound]
'Mock2.Definition13QCovariant.dlogFrame' depends on axioms: [propext, Classical.choice, Quot.sound]
'Mock2.Definition13QCovariant.dlogFrame_apply' depends on axioms: [propext, Classical.choice, Quot.sound]
'Mock2.Definition13QCovariant.dlogFrame_restrict' depends on axioms: [propext, Classical.choice, Quot.sound]
'Mock2.Definition13QCovariant.logDifferential' depends on axioms: [propext, Classical.choice, Quot.sound]
'Mock2.Definition13QCovariant.logDifferential_apply' depends on axioms: [propext, Classical.choice, Quot.sound]
'Mock2.Definition13QCovariant.logDifferential_restrict' depends on axioms: [propext, Classical.choice, Quot.sound]
'Mock2.Definition13QCovariant.logDifferential_leibniz' depends on axioms: [propext, Classical.choice, Quot.sound]
'Mock2.Definition13QCovariant.sectionScalarMul' depends on axioms: [propext, Classical.choice, Quot.sound]
'Mock2.Definition13QCovariant.sectionScalarMul_apply' depends on axioms: [propext, Classical.choice, Quot.sound]
'Mock2.Definition13QCovariant.sectionScalarAction' depends on axioms: [propext, Classical.choice, Quot.sound]
'Mock2.Definition13QCovariant.sectionScalarAction_apply' depends on axioms: [propext, Classical.choice, Quot.sound]
'Mock2.Definition13QCovariant.sectionScalarAction_restrict' depends on axioms: [propext, Classical.choice, Quot.sound]
'Mock2.Definition13QCovariant.pointwiseOperator' depends on axioms: [propext, Classical.choice, Quot.sound]
'Mock2.Definition13QCovariant.pointwiseOperator_apply' depends on axioms: [propext, Classical.choice, Quot.sound]
'Mock2.Definition13QCovariant.pointwiseOperator_restrict' depends on axioms: [propext, Classical.choice, Quot.sound]
'Mock2.Definition13QCovariant.pointwiseOperator_scalar' depends on axioms: [propext, Classical.choice, Quot.sound]
'Mock2.Definition13QCovariant.tensorWithForm' depends on axioms: [propext, Classical.choice, Quot.sound]
'Mock2.Definition13QCovariant.tensorWithForm_apply' depends on axioms: [propext, Classical.choice, Quot.sound]
'Mock2.Definition13QCovariant.framedOperator' depends on axioms: [propext, Classical.choice, Quot.sound]
'Mock2.Definition13QCovariant.framedOperator_apply' depends on axioms: [propext, Classical.choice, Quot.sound]
'Mock2.Definition13QCovariant.framedOperator_restrict' depends on axioms: [propext, Classical.choice, Quot.sound]
'Mock2.Definition13QCovariant.FibreOperators' depends on axioms: [propext, Classical.choice, Quot.sound]
'Mock2.Definition13QCovariant.zeroFibreOperators' depends on axioms: [propext, Classical.choice, Quot.sound]
'Mock2.Definition13QCovariant.nablaQFactor' depends on axioms: [propext, Classical.choice, Quot.sound]
'Mock2.Definition13QCovariant.dQFactor' depends on axioms: [propext, Classical.choice, Quot.sound]
'Mock2.Definition13QCovariant.nablaQFactor_apply' depends on axioms: [propext, Classical.choice, Quot.sound]
'Mock2.Definition13QCovariant.dQFactor_apply' depends on axioms: [propext, Classical.choice, Quot.sound]
'Mock2.Definition13QCovariant.nablaQFactor_restrict' depends on axioms: [propext, Classical.choice, Quot.sound]
'Mock2.Definition13QCovariant.dQFactor_restrict' depends on axioms: [propext, Classical.choice, Quot.sound]
'Mock2.Definition13QCovariant.AqSection' depends on axioms: [propext, Classical.choice, Quot.sound]
'Mock2.Definition13QCovariant.AqOmega1Section' depends on axioms: [propext, Classical.choice, Quot.sound]
'Mock2.Definition13QCovariant.aqPresheaf' depends on axioms: [propext, Classical.choice, Quot.sound]
'Mock2.Definition13QCovariant.aqOmega1Presheaf' depends on axioms: [propext, Classical.choice, Quot.sound]
'Mock2.Definition13QCovariant.aqPresheaf_obj' depends on axioms: [propext, Classical.choice, Quot.sound]
'Mock2.Definition13QCovariant.aqOmega1Presheaf_obj' depends on axioms: [propext, Classical.choice, Quot.sound]
'Mock2.Definition13QCovariant.leftTensorReassociate' depends on axioms: [propext, Classical.choice, Quot.sound]
'Mock2.Definition13QCovariant.leftTensorReassociate_tmul' depends on axioms: [propext, Classical.choice, Quot.sound]
'Mock2.Definition13QCovariant.rightTensorReassociate' depends on axioms: [propext, Classical.choice, Quot.sound]
'Mock2.Definition13QCovariant.rightTensorReassociate_tmul' depends on axioms: [propext, Classical.choice, Quot.sound]
'Mock2.Definition13QCovariant.nablaTensorId' depends on axioms: [propext, Classical.choice, Quot.sound]
'Mock2.Definition13QCovariant.idTensorDq' depends on axioms: [propext, Classical.choice, Quot.sound]
'Mock2.Definition13QCovariant.nablaTensorId_tmul' depends on axioms: [propext, Classical.choice, Quot.sound]
'Mock2.Definition13QCovariant.idTensorDq_tmul' depends on axioms: [propext, Classical.choice, Quot.sound]
'Mock2.Definition13QCovariant.Dq' depends on axioms: [propext, Classical.choice, Quot.sound]
'Mock2.Definition13QCovariant.Dq_eq_nablaTensorId_add_idTensorDq' depends on axioms: [propext,
 Classical.choice,
 Quot.sound]
'Mock2.Definition13QCovariant.Dq_apply' depends on axioms: [propext, Classical.choice, Quot.sound]
'Mock2.Definition13QCovariant.Dq_tmul' depends on axioms: [propext, Classical.choice, Quot.sound]
'Mock2.Definition13QCovariant.Dq_map_add' depends on axioms: [propext, Classical.choice, Quot.sound]
'Mock2.Definition13QCovariant.Dq_map_smul' depends on axioms: [propext, Classical.choice, Quot.sound]
'Mock2.Definition13QCovariant.potentialCoefficient' depends on axioms: [propext, Classical.choice, Quot.sound]
'Mock2.Definition13QCovariant.logRadialCoefficient' depends on axioms: [propext, Classical.choice, Quot.sound]
'Mock2.Definition13QCovariant.localCoefficient' depends on axioms: [propext, Classical.choice, Quot.sound]
'Mock2.Definition13QCovariant.potentialCoefficient_tmul' depends on axioms: [propext, Classical.choice, Quot.sound]
'Mock2.Definition13QCovariant.logRadialCoefficient_tmul' depends on axioms: [propext, Classical.choice, Quot.sound]
'Mock2.Definition13QCovariant.localCoefficient_apply' depends on axioms: [propext, Classical.choice, Quot.sound]
'Mock2.Definition13QCovariant.localCoefficient_tmul' depends on axioms: [propext, Classical.choice, Quot.sound]
'Mock2.Definition13QCovariant.nablaTensorId_localTrivialization' depends on axioms: [propext,
 Classical.choice,
 Quot.sound]
'Mock2.Definition13QCovariant.idTensorDq_localTrivialization' depends on axioms: [propext, Classical.choice, Quot.sound]
'Mock2.Definition13QCovariant.Dq_localTrivialization_tmul' depends on axioms: [propext, Classical.choice, Quot.sound]
'Mock2.Definition13QCovariant.Dq_localTrivialization' depends on axioms: [propext, Classical.choice, Quot.sound]
'Mock2.Definition13QCovariant.potentialCoefficient_restrict' depends on axioms: [propext, Classical.choice, Quot.sound]
'Mock2.Definition13QCovariant.logRadialCoefficient_restrict' depends on axioms: [propext, Classical.choice, Quot.sound]
'Mock2.Definition13QCovariant.localCoefficient_restrict' depends on axioms: [propext, Classical.choice, Quot.sound]
'Mock2.Definition13QCovariant.nablaTensorId_restrict' depends on axioms: [propext, Classical.choice, Quot.sound]
'Mock2.Definition13QCovariant.idTensorDq_restrict' depends on axioms: [propext, Classical.choice, Quot.sound]
'Mock2.Definition13QCovariant.Dq_restrict' depends on axioms: [propext, Classical.choice, Quot.sound]
'Mock2.Definition13QCovariant.aqScalarAction' depends on axioms: [propext, Classical.choice, Quot.sound]
'Mock2.Definition13QCovariant.aqScalarAction_tmul' depends on axioms: [propext, Classical.choice, Quot.sound]
'Mock2.Definition13QCovariant.aqOmega1ScalarAction' depends on axioms: [propext, Classical.choice, Quot.sound]
'Mock2.Definition13QCovariant.aqOmega1ScalarAction_tmul' depends on axioms: [propext, Classical.choice, Quot.sound]
'Mock2.Definition13QCovariant.leibnizCorrection' depends on axioms: [propext, Classical.choice, Quot.sound]
'Mock2.Definition13QCovariant.leibnizCorrection_apply' depends on axioms: [propext, Classical.choice, Quot.sound]
'Mock2.Definition13QCovariant.leibnizCorrection_eq_zero' depends on axioms: [propext, Classical.choice, Quot.sound]
'Mock2.Definition13QCovariant.potentialCoefficient_scalar' depends on axioms: [propext, Classical.choice, Quot.sound]
'Mock2.Definition13QCovariant.logRadialCoefficient_scalar' depends on axioms: [propext, Classical.choice, Quot.sound]
'Mock2.Definition13QCovariant.localCoefficient_scalar' depends on axioms: [propext, Classical.choice, Quot.sound]
'Mock2.Definition13QCovariant.Dq_scalar' depends on axioms: [propext, Classical.choice, Quot.sound]
'Mock2.Definition13QCovariant.Dq_leibniz' depends on axioms: [propext, Classical.choice, Quot.sound]
'Mock2.Definition13QCovariant.Certificate' depends on axioms: [propext, Classical.choice, Quot.sound]
'Mock2.Definition13QCovariant.certificate' depends on axioms: [propext, Classical.choice, Quot.sound]
'Mock2.Definition13QCovariant.ActualLqFibre' depends on axioms: [propext, Classical.choice, Quot.sound]
'Mock2.Definition13QCovariant.ActualMmockFibre' depends on axioms: [propext, Classical.choice, Quot.sound]
'Mock2.Definition13QCovariant.ActualFibreOperators' depends on axioms: [propext, Classical.choice, Quot.sound]
'Mock2.Definition13QCovariant.actualAqOmega1Presheaf' depends on axioms: [propext, Classical.choice, Quot.sound]
'Mock2.Definition13QCovariant.actualAqOmega1Presheaf_eq' depends on axioms: [propext, Classical.choice, Quot.sound]
'Mock2.Definition13QCovariant.actualDq' depends on axioms: [propext, Classical.choice, Quot.sound]
'Mock2.Definition13QCovariant.actualDq_apply' depends on axioms: [propext, Classical.choice, Quot.sound]
'Mock2.Definition13QCovariant.actualDq_map_add' depends on axioms: [propext, Classical.choice, Quot.sound]
'Mock2.Definition13QCovariant.actualDq_map_smul' depends on axioms: [propext, Classical.choice, Quot.sound]
'Mock2.Definition13QCovariant.actualDq_restrict' depends on axioms: [propext, Classical.choice, Quot.sound]
'Mock2.Definition13QCovariant.actualDq_localTrivialization' depends on axioms: [propext, Classical.choice, Quot.sound]
'Mock2.Definition13QCovariant.actualDq_leibniz' depends on axioms: [propext, Classical.choice, Quot.sound]
'Mock2.Definition13QCovariant.actual_certificate' depends on axioms: [propext, Classical.choice, Quot.sound]
'Mock2.Definition13QCovariant.zeroActualFibreOperators' depends on axioms: [propext, Classical.choice, Quot.sound]
'Mock2.Definition13QCovariant.correctedDq' depends on axioms: [propext, Classical.choice, Quot.sound]
'Mock2.Definition13QCovariant.corrected_certificate' depends on axioms: [propext, Classical.choice, Quot.sound]
'Mock2.actualQGaugeVariables' depends on axioms: [propext, Classical.choice, Quot.sound]
'Mock2.actualQGaugeVariablesPresheaf' depends on axioms: [propext, Classical.choice, Quot.sound]
'Mock2.actualQGaugeVariablesPresheaf_field' depends on axioms: [propext, Classical.choice, Quot.sound]
'Mock2.actualQGaugeVariables_restrict_mockPart' depends on axioms: [propext, Classical.choice, Quot.sound]
'Mock2.QGaugePresheaf.actualMmock_definitions12To14_certificate' depends on axioms: [propext,
 Classical.choice,
 Quot.sound]
'Mock2.QGaugeVariable.ext' does not depend on any axioms
'Mock2.QGaugeVariable.restrict' does not depend on any axioms
'Mock2.QGaugeVariable.restrict_localSystemPart' does not depend on any axioms
'Mock2.QGaugeVariable.restrict_mockPart' does not depend on any axioms
'Mock2.QGaugeVariable.restrict_id' does not depend on any axioms
'Mock2.QGaugeVariable.restrict_comp' does not depend on any axioms
'Mock2.qGaugeVariablesPresheaf' does not depend on any axioms
'Mock2.QGaugePresheaf.qCovariantDerivative_local_formula' does not depend on any axioms
'Mock2.QGaugePresheaf.qCovariantDerivative_restrict' does not depend on any axioms
'Mock2.QGaugePresheaf.Morphism.naturality_apply' does not depend on any axioms
'Mock2.QGaugePresheaf.Morphism.id' does not depend on any axioms
'Mock2.QGaugePresheaf.Morphism.comp' does not depend on any axioms
'Mock2.QGaugePresheaf.Morphism.id_app' does not depend on any axioms
'Mock2.QGaugePresheaf.Morphism.comp_app' does not depend on any axioms
'Mock2.QGaugePresheaf.Morphism.ext' depends on axioms: [Quot.sound]
'Mock2.QGaugePresheaf.Morphism.id_comp' depends on axioms: [Quot.sound]
'Mock2.QGaugePresheaf.Morphism.comp_id' depends on axioms: [Quot.sound]
'Mock2.QGaugePresheaf.Morphism.comp_assoc' depends on axioms: [Quot.sound]
'Mock2.QGaugePresheaf.mem_Eq_iff' does not depend on any axioms
'Mock2.QGaugePresheaf.Eq_restrict_mem' does not depend on any axioms
'Mock2.QGaugePresheaf.balancedRestriction' does not depend on any axioms
'Mock2.QGaugePresheaf.balancedRestriction_val' does not depend on any axioms
'Mock2.QGaugePresheaf.balancedRestriction_id' does not depend on any axioms
'Mock2.QGaugePresheaf.balancedRestriction_comp' does not depend on any axioms
'Mock2.QGaugePresheaf.balancedEqualizerSheaf' does not depend on any axioms
'Mock2.QGaugePresheaf.balancedEqualizerSheaf_field' does not depend on any axioms
'Mock2.QGaugePresheaf.balancedEqualizerSheaf_res_val' does not depend on any axioms
'Mock2.QGaugePresheaf.balancedEqualizer_isSheaf' depends on axioms: [propext, Classical.choice, Quot.sound]
'Mock2.QGaugePresheaf.definitions12To14_certificate' does not depend on any axioms
'Mock2.QGaugePresheaf.toPresheafLike' depends on axioms: [propext, Quot.sound]
'Mock2.QGaugePresheaf.ModularCovarianceData' does not depend on any axioms
'Mock2.QGaugePresheaf.ModularCovarianceRestrictionStable' does not depend on any axioms
'Mock2.QGaugePresheaf.ModularCovariant' does not depend on any axioms
'Mock2.QGaugePresheaf.modularCovariance_restrict' does not depend on any axioms
'Mock2.QGaugePresheaf.covariantQGaugePresheaf' does not depend on any axioms
'Mock2.QGaugePresheaf.covariantQGaugePresheaf_res_val' does not depend on any axioms
'Mock2.QGaugePresheaf.lemma6_1_qGauge_certificate' does not depend on any axioms
'Mock2.QGaugePresheaf.modularCovarianceRestrictionStable' depends on axioms: [propext, Quot.sound]
'Mock2.QGaugePresheaf.modularCovariance_restrict_abstract' depends on axioms: [propext, Quot.sound]
'Mock2.QGaugePresheaf.lemma6_1_topological_qGauge_certificate' depends on axioms: [propext, Quot.sound]
'Mock2.QGaugePresheaf.modularCovariantAqPresheaf' depends on axioms: [propext, Quot.sound]
'Mock2.QGaugePresheaf.prop16_qGauge_Aq_is_sheaf' depends on axioms: [propext, Classical.choice, Quot.sound]
'Mock2.QGaugePresheaf.prop16_qGauge_Aq_certificate' depends on axioms: [propext, Classical.choice, Quot.sound]
'Mock2.QGaugePresheaf.sheaf_property_components' depends on axioms: [propext, Classical.choice, Quot.sound]
'Mock2.QGaugePresheaf.sheaf_property_locality' depends on axioms: [propext, Classical.choice, Quot.sound]
'Mock2.QGaugePresheaf.sheaf_property_gluing_exists' depends on axioms: [propext, Classical.choice, Quot.sound]
'Mock2.QGaugePresheaf.sheaf_property_gluing_unique' depends on axioms: [propext, Classical.choice, Quot.sound]
'Mock2.QGaugePresheaf.proposition20GlobalQGaugeEquivEqualizer' depends on axioms: [propext,
 Classical.choice,
 Quot.sound]
'Mock2.QGaugePresheaf.proposition20_qGauge_certificate' depends on axioms: [propext, Classical.choice, Quot.sound]
'Mock2.QGaugePresheaf.prop20GlobalQGaugeEqualizerEquiv' depends on axioms: [propext, Classical.choice, Quot.sound]
'Mock2.QGaugePresheaf.prop20_global_qGauge_equalizer' depends on axioms: [propext, Classical.choice, Quot.sound]
'Mock2.QGaugePresheaf.prop20_global_qGauge_equalizer_iff' depends on axioms: [propext, Classical.choice, Quot.sound]
'Mock2.QGaugePresheaf.prop20_global_qGauge_gluing_unique' depends on axioms: [propext, Classical.choice, Quot.sound]
'Mock2.QGaugePresheaf.prop20_global_qGauge_existsUnique_gluing' depends on axioms: [propext,
 Classical.choice,
 Quot.sound]
'Mock2.QGaugePresheaf.prop20_global_qGauge_certificate' depends on axioms: [propext, Classical.choice, Quot.sound]
'Mock2.QGaugePresheaf.QCovariantDerivative.toQConnection' does not depend on any axioms
'Mock2.QGaugePresheaf.QCovariantDerivative.toQConnection_apply' does not depend on any axioms
'Mock2.QGaugePresheaf.curvature_restrict' does not depend on any axioms
'Mock2.QGaugePresheaf.gauge_covariance_formula' does not depend on any axioms
'Mock2.QGaugePresheaf.flat_sector_mass_vanishes' does not depend on any axioms
'Mock2.Definition14Boundary.BoundaryDatum' depends on axioms: [propext, Classical.choice, Quot.sound]
'Mock2.Definition14Boundary.GaugeDatum' depends on axioms: [propext, Classical.choice, Quot.sound]
'Mock2.Definition14Boundary.insideBoundaryDatum' depends on axioms: [propext, Classical.choice, Quot.sound]
'Mock2.Definition14Boundary.outsideBoundaryDatum' depends on axioms: [propext, Classical.choice, Quot.sound]
'Mock2.Definition14Boundary.outside_eq_predicted' depends on axioms: [propext, Classical.choice, Quot.sound]
'Mock2.Definition14Boundary.outsideBoundaryDatum_components_eq' depends on axioms: [propext,
 Classical.choice,
 Quot.sound]
'Mock2.Definition14Boundary.insideBoundary_eq_outsideBoundary_iff' depends on axioms: [propext,
 Classical.choice,
 Quot.sound]
'Mock2.Definition14Boundary.Bq' depends on axioms: [propext, Classical.choice, Quot.sound]
'Mock2.Definition14Boundary.resIn' depends on axioms: [propext, Classical.choice, Quot.sound]
'Mock2.Definition14Boundary.resOut' depends on axioms: [propext, Classical.choice, Quot.sound]
'Mock2.Definition14Boundary.resOut_components_eq' depends on axioms: [propext, Classical.choice, Quot.sound]
'Mock2.Definition14Boundary.resIn_naturality' depends on axioms: [propext, Classical.choice, Quot.sound]
'Mock2.Definition14Boundary.resOut_naturality' depends on axioms: [propext, Classical.choice, Quot.sound]
'Mock2.Definition14Boundary.EqSheaf' depends on axioms: [propext, Classical.choice, Quot.sound]
'Mock2.Definition14Boundary.EqSheaf_isSheaf' depends on axioms: [propext, Classical.choice, Quot.sound]
'Mock2.Definition14Boundary.SectionGloballyCompatible.restrict' depends on axioms: [propext,
 Classical.choice,
 Quot.sound]
'Mock2.Definition14Boundary.mem_EqSheaf_iff_globalCompatible' depends on axioms: [propext, Classical.choice, Quot.sound]
'Mock2.Definition14Boundary.MathlibBridge.toMathlibPresheaf' depends on axioms: [propext, Quot.sound]
'Mock2.Definition14Boundary.MathlibBridge.toMathlibNatTrans' depends on axioms: [propext, Classical.choice, Quot.sound]
'Mock2.Definition14Boundary.MathlibBridge.toMathlibPresheaf_isSheaf' depends on axioms: [propext,
 Classical.choice,
 Quot.sound]
'Mock2.Definition14Boundary.MathlibBridge.mathlibEqualizerInclusion_condition' depends on axioms: [propext,
 Classical.choice,
 Quot.sound]
'Mock2.Definition14Boundary.MathlibBridge.mathlibSubtypeLift' depends on axioms: [propext, Classical.choice, Quot.sound]
'Mock2.Definition14Boundary.MathlibBridge.mathlibSubtypeLift_fac' depends on axioms: [propext,
 Classical.choice,
 Quot.sound]
'Mock2.Definition14Boundary.MathlibBridge.mathlibSubtypeLift_unique' depends on axioms: [propext,
 Classical.choice,
 Quot.sound]
'Mock2.Definition14Boundary.MathlibBridge.mathlibSubtypeForkIsLimit' depends on axioms: [propext,
 Classical.choice,
 Quot.sound]
'Mock2.Definition14Boundary.MathlibBridge.mathlibSubtypeEqualizerIso' depends on axioms: [propext,
 Classical.choice,
 Quot.sound]
'Mock2.Definition14Boundary.MathlibBridge.mathlibSubtypeEqualizerIso_hom_comp_ι' depends on axioms: [propext,
 Classical.choice,
 Quot.sound]
'Mock2.Definition14Boundary.Certificate' depends on axioms: [propext, Classical.choice, Quot.sound]
'Mock2.Definition14Boundary.certificate' depends on axioms: [propext, Classical.choice, Quot.sound]
'Mock2.Definition15Geometry.H' depends on axioms: [propext, Classical.choice, Quot.sound]
'Mock2.Definition15Geometry.Gamma2' depends on axioms: [propext, Classical.choice, Quot.sound]
'Mock2.Definition15Geometry.X' depends on axioms: [propext, Classical.choice, Quot.sound]
'Mock2.Definition15Geometry.quotientMap' depends on axioms: [propext, Classical.choice, Quot.sound]
'Mock2.Definition15Geometry.quotientMap_smul' depends on axioms: [propext, Classical.choice, Quot.sound]
'Mock2.Definition15Geometry.coverOpen' depends on axioms: [propext, Classical.choice, Quot.sound]
'Mock2.Definition15Geometry.piPreimage_subset' depends on axioms: [propext, Classical.choice, Quot.sound]
'Mock2.Definition15Geometry.smul_mem_coverOpen_iff' depends on axioms: [propext, Classical.choice, Quot.sound]
'Mock2.Definition15Geometry.gammaGL' depends on axioms: [propext, Classical.choice, Quot.sound]
'Mock2.Definition15Geometry.gammaGL_matrix_det' depends on axioms: [propext, Classical.choice, Quot.sound]
'Mock2.Definition15Geometry.gammaGL_det_pos' depends on axioms: [propext, Classical.choice, Quot.sound]
'Mock2.Definition15Geometry.denominator' depends on axioms: [propext, Classical.choice, Quot.sound]
'Mock2.Definition15Geometry.denominator_eq_c_tau_add_d' depends on axioms: [propext, Classical.choice, Quot.sound]
'Mock2.Definition15Geometry.denominator_ne_zero' depends on axioms: [propext, Classical.choice, Quot.sound]
'Mock2.Definition15Geometry.denominator_mul' depends on axioms: [propext, Classical.choice, Quot.sound]
'Mock2.Definition15Geometry.denominatorUnit' depends on axioms: [propext, Classical.choice, Quot.sound]
'Mock2.Definition15Geometry.denominatorUnit_mul' depends on axioms: [propext, Classical.choice, Quot.sound]
'Mock2.Definition15Geometry.deckAction_contMDiff' depends on axioms: [propext, Classical.choice, Quot.sound]
'Mock2.Definition15Geometry.deckDerivative' depends on axioms: [propext, Classical.choice, Quot.sound]
'Mock2.Definition15Geometry.deckDerivative_eq_coordinateDeriv' depends on axioms: [propext,
 Classical.choice,
 Quot.sound]
'Mock2.Definition15Geometry.deckDerivative_mul' depends on axioms: [propext, Classical.choice, Quot.sound]
'Mock2.Definition15Geometry.deckTangent' depends on axioms: [propext, Classical.choice, Quot.sound]
'Mock2.Definition15Geometry.deckTangent_mul' depends on axioms: [propext, Classical.choice, Quot.sound]
'Mock2.Definition15Geometry.HalfWeightBranch' depends on axioms: [propext, Classical.choice, Quot.sound]
'Mock2.Definition15Geometry.HalfWeightBranch.square_coe' depends on axioms: [propext, Classical.choice, Quot.sound]
'Mock2.Definition15Geometry.HalfWeightBranch.branchDefect' depends on axioms: [propext, Classical.choice, Quot.sound]
'Mock2.Definition15Geometry.MultiplierSystem' depends on axioms: [propext, Classical.choice, Quot.sound]
'Mock2.Definition15Geometry.MultiplierSystem.automorphyFactor' depends on axioms: [propext,
 Classical.choice,
 Quot.sound]
'Mock2.Definition15Geometry.MultiplierSystem.automorphyFactor_mul' depends on axioms: [propext,
 Classical.choice,
 Quot.sound]
'Mock2.Definition15Geometry.MultiplierSystem.nu_mul' depends on axioms: [propext, Classical.choice, Quot.sound]
'Mock2.Definition15Geometry.EtaHalfWeight.etaValue' depends on axioms: [propext, Classical.choice, Quot.sound]
'Mock2.Definition15Geometry.EtaHalfWeight.etaValue_ne_zero' depends on axioms: [propext, Classical.choice, Quot.sound]
'Mock2.Definition15Geometry.EtaHalfWeight.etaValue_contMDiff' depends on axioms: [propext, Classical.choice, Quot.sound]
'Mock2.Definition15Geometry.EtaHalfWeight.etaValue_pow_twentyFour_smul' depends on axioms: [propext,
 Classical.choice,
 Quot.sound]
'Mock2.Definition15Geometry.EtaHalfWeight.etaRatio' depends on axioms: [propext, Classical.choice, Quot.sound]
'Mock2.Definition15Geometry.EtaHalfWeight.etaRatio_ne_zero' depends on axioms: [propext, Classical.choice, Quot.sound]
'Mock2.Definition15Geometry.EtaHalfWeight.etaRatio_mul' depends on axioms: [propext, Classical.choice, Quot.sound]
'Mock2.Definition15Geometry.EtaHalfWeight.etaRatio_contMDiff' depends on axioms: [propext, Classical.choice, Quot.sound]
'Mock2.Definition15Geometry.EtaHalfWeight.etaRatioUnit' depends on axioms: [propext, Classical.choice, Quot.sound]
'Mock2.Definition15Geometry.EtaHalfWeight.etaRatioUnit_mul' depends on axioms: [propext, Classical.choice, Quot.sound]
'Mock2.Definition15Geometry.EtaHalfWeight.etaResidual' depends on axioms: [propext, Classical.choice, Quot.sound]
'Mock2.Definition15Geometry.EtaHalfWeight.etaResidual_ne_zero' depends on axioms: [propext,
 Classical.choice,
 Quot.sound]
'Mock2.Definition15Geometry.EtaHalfWeight.etaResidual_pow_twelve' depends on axioms: [propext,
 Classical.choice,
 Quot.sound]
'Mock2.Definition15Geometry.EtaHalfWeight.etaResidual_contMDiff' depends on axioms: [propext,
 Classical.choice,
 Quot.sound]
'Mock2.Definition15Geometry.EtaHalfWeight.etaResidualRoot' depends on axioms: [propext, Classical.choice, Quot.sound]
'Mock2.Definition15Geometry.EtaHalfWeight.etaResidualRoot_continuous' depends on axioms: [propext,
 Classical.choice,
 Quot.sound]
'Mock2.Definition15Geometry.EtaHalfWeight.etaResidualRoot_isLocallyConstant' depends on axioms: [propext,
 Classical.choice,
 Quot.sound]
'Mock2.Definition15Geometry.EtaHalfWeight.etaResidual_eq_base' depends on axioms: [propext,
 Classical.choice,
 Quot.sound]
'Mock2.Definition15Geometry.EtaHalfWeight.sqrt_etaResidual_sq' depends on axioms: [propext,
 Classical.choice,
 Quot.sound]
'Mock2.Definition15Geometry.EtaHalfWeight.sqrt_etaResidual_ne_zero' depends on axioms: [propext,
 Classical.choice,
 Quot.sound]
'Mock2.Definition15Geometry.EtaHalfWeight.etaNu' depends on axioms: [propext, Classical.choice, Quot.sound]
'Mock2.Definition15Geometry.EtaHalfWeight.etaNu_square' depends on axioms: [propext, Classical.choice, Quot.sound]
'Mock2.Definition15Geometry.EtaHalfWeight.etaBranchValue' depends on axioms: [propext, Classical.choice, Quot.sound]
'Mock2.Definition15Geometry.EtaHalfWeight.etaBranchValue_square' depends on axioms: [propext,
 Classical.choice,
 Quot.sound]
'Mock2.Definition15Geometry.EtaHalfWeight.etaBranchValue_contMDiff' depends on axioms: [propext,
 Classical.choice,
 Quot.sound]
'Mock2.Definition15Geometry.EtaHalfWeight.branch' depends on axioms: [propext, Classical.choice, Quot.sound]
'Mock2.Definition15Geometry.EtaHalfWeight.multiplier' depends on axioms: [propext, Classical.choice, Quot.sound]
'Mock2.Definition15Geometry.EtaHalfWeight.multiplier_automorphyFactor' depends on axioms: [propext,
 Classical.choice,
 Quot.sound]
'Mock2.Definition15Geometry.EtaHalfWeight.branch_multiplier_exists' depends on axioms: [propext,
 Classical.choice,
 Quot.sound]
'Mock2.Definition15Geometry.EtaHalfWeight.ConstructionCertificate' depends on axioms: [propext,
 Classical.choice,
 Quot.sound]
'Mock2.Definition15Geometry.EtaHalfWeight.constructionCertificate' depends on axioms: [propext,
 Classical.choice,
 Quot.sound]
'Mock2.Definition15Geometry.lineSmul' depends on axioms: [propext, Classical.choice, Quot.sound]
'Mock2.Definition15Geometry.lineSmul_contMDiff' depends on axioms: [propext, Classical.choice, Quot.sound]
'Mock2.Definition15Geometry.lineSmul_one' depends on axioms: [propext, Classical.choice, Quot.sound]
'Mock2.Definition15Geometry.lineSmul_mul' depends on axioms: [propext, Classical.choice, Quot.sound]
'Mock2.Definition15Geometry.lineMulAction' depends on axioms: [propext, Classical.choice, Quot.sound]
'Mock2.Definition15Geometry.lineOrbitRel' depends on axioms: [propext, Classical.choice, Quot.sound]
'Mock2.Definition15Geometry.AutomorphicLineBundleTotal' depends on axioms: [propext, Classical.choice, Quot.sound]
'Mock2.Definition15Geometry.lineBundleMk_lineSmul' depends on axioms: [propext, Classical.choice, Quot.sound]
'Mock2.Definition15Geometry.lineBundleProjection' depends on axioms: [propext, Classical.choice, Quot.sound]
'Mock2.Definition15Geometry.lineBundleProjection_surjective' depends on axioms: [propext, Classical.choice, Quot.sound]
'Mock2.Definition15Geometry.AutomorphicLineBundle' depends on axioms: [propext, Classical.choice, Quot.sound]
'Mock2.Definition15Geometry.LHalfNu' depends on axioms: [propext, Classical.choice, Quot.sound]
'Mock2.Definition15Geometry.GaugeLieAlgebra' depends on axioms: [propext, Classical.choice, Quot.sound]
'Mock2.Definition15Geometry.gaugeLieAlgebraStructure' depends on axioms: [propext, Classical.choice, Quot.sound]
'Mock2.Definition15Geometry.SmoothOneForm' depends on axioms: [propext, Classical.choice, Quot.sound]
'Mock2.Definition15Geometry.SmoothOneForm.zero' depends on axioms: [propext, Classical.choice, Quot.sound]
'Mock2.Definition15Geometry.SmoothOneForm.restrict' depends on axioms: [propext, Classical.choice, Quot.sound]
'Mock2.Definition15Geometry.SmoothOneForm.restrict_comp' depends on axioms: [propext, Classical.choice, Quot.sound]
'Mock2.Definition15Geometry.coverDeckMap' depends on axioms: [propext, Classical.choice, Quot.sound]
'Mock2.Definition15Geometry.coverInclusion_coverDeckMap' depends on axioms: [propext, Classical.choice, Quot.sound]
'Mock2.Definition15Geometry.coverDeckMap_contMDiff' depends on axioms: [propext, Classical.choice, Quot.sound]
'Mock2.Definition15Geometry.deckPullback' depends on axioms: [propext, Classical.choice, Quot.sound]
'Mock2.Definition15Geometry.deckPullback_one' depends on axioms: [propext, Classical.choice, Quot.sound]
'Mock2.Definition15Geometry.deckPullback_mul' depends on axioms: [propext, Classical.choice, Quot.sound]
'Mock2.Definition15Geometry.deckPullback_restrict' depends on axioms: [propext, Classical.choice, Quot.sound]
'Mock2.Definition15Geometry.deckPullback_restrict_apply' depends on axioms: [propext, Classical.choice, Quot.sound]
'Mock2.Definition15Geometry.Equation62' depends on axioms: [propext, Classical.choice, Quot.sound]
'Mock2.Definition15Geometry.Covariant' depends on axioms: [propext, Classical.choice, Quot.sound]
'Mock2.Definition15Geometry.equation62_iff_pointwise' depends on axioms: [propext, Classical.choice, Quot.sound]
'Mock2.Definition15Geometry.equation62_mul_consistent' depends on axioms: [propext, Classical.choice, Quot.sound]
'Mock2.Definition15Geometry.equation62_lhs_restrict' depends on axioms: [propext, Classical.choice, Quot.sound]
'Mock2.Definition15Geometry.equation62_rhs_restrict' depends on axioms: [propext, Classical.choice, Quot.sound]
'Mock2.Definition15Geometry.equation62_restrict' depends on axioms: [propext, Classical.choice, Quot.sound]
'Mock2.Definition15Geometry.QuotientTwistedOneForm' depends on axioms: [propext, Classical.choice, Quot.sound]
'Mock2.Definition15Geometry.QuotientTwistedOneForm.restrict' depends on axioms: [propext, Classical.choice, Quot.sound]
'Mock2.Definition15Geometry.QuotientTwistedOneForm.restrict_comp' depends on axioms: [propext,
 Classical.choice,
 Quot.sound]
'Mock2.Definition15Geometry.CovariantLift' depends on axioms: [propext, Classical.choice, Quot.sound]
'Mock2.Definition15Geometry.descentEquiv' depends on axioms: [propext, Classical.choice, Quot.sound]
'Mock2.Definition15Geometry.quotientFormPresheaf' depends on axioms: [propext, Classical.choice, Quot.sound]
'Mock2.Definition15Geometry.liftedFormPresheaf' depends on axioms: [propext, Classical.choice, Quot.sound]
'Mock2.Definition15Geometry.liftedFormQGaugePresheaf' depends on axioms: [propext, Classical.choice, Quot.sound]
'Mock2.Definition15Geometry.liftedFormQGaugePresheaf_res' depends on axioms: [propext, Classical.choice, Quot.sound]
'Mock2.Definition15Geometry.liftedFormQGauge_toPresheafLike' depends on axioms: [propext, Classical.choice, Quot.sound]
'Mock2.Definition15Geometry.equation62CovariancePredicate' depends on axioms: [propext, Classical.choice, Quot.sound]
'Mock2.Definition15Geometry.equation62ModularCovarianceData' depends on axioms: [propext, Classical.choice, Quot.sound]
'Mock2.Definition15Geometry.equation62ModularCovarianceRestrictionStable' depends on axioms: [propext,
 Classical.choice,
 Quot.sound]
'Mock2.Definition15Geometry.equation62RestrictionStable' depends on axioms: [propext, Classical.choice, Quot.sound]
'Mock2.Definition15Geometry.AqEquation62' depends on axioms: [propext, Classical.choice, Quot.sound]
'Mock2.Definition15Geometry.AqEquation62Presheaf' depends on axioms: [propext, Classical.choice, Quot.sound]
'Mock2.Definition15Geometry.zeroAqEquation62' depends on axioms: [propext, Classical.choice, Quot.sound]
'Mock2.Definition15Geometry.quotientTwistedOneFormEquivAq' depends on axioms: [propext, Classical.choice, Quot.sound]
'Mock2.Definition15Geometry.quotientTwistedOneFormEquivAq_natural' depends on axioms: [propext,
 Classical.choice,
 Quot.sound]
'Mock2.Definition15Geometry.lemma6_1' depends on axioms: [propext, Classical.choice, Quot.sound]
'Mock2.Definition15Geometry.lemma6_1_exact' depends on axioms: [propext, Classical.choice, Quot.sound]
'Mock2.Definition15Geometry.Lemma61Certificate' depends on axioms: [propext, Classical.choice, Quot.sound]
'Mock2.Definition15Geometry.lemma6_1_certificate' depends on axioms: [propext, Classical.choice, Quot.sound]
'Mock2.Definition15Geometry.liftedFormPresheaf_res' depends on axioms: [propext, Classical.choice, Quot.sound]
'Mock2.Definition15Geometry.liftedFormPresheaf_res_id' depends on axioms: [propext, Classical.choice, Quot.sound]
'Mock2.Definition15Geometry.liftedFormPresheaf_res_comp' depends on axioms: [propext, Classical.choice, Quot.sound]
'Mock2.Definition15Geometry.strictSmoothOneFormLocalPredicate' depends on axioms: [propext,
 Classical.choice,
 Quot.sound]
'Mock2.Definition15Geometry.strictGlueIndex' depends on axioms: [propext, Classical.choice, Quot.sound]
'Mock2.Definition15Geometry.strictGlueIndex_mem' depends on axioms: [propext, Classical.choice, Quot.sound]
'Mock2.Definition15Geometry.strictGluePoint' depends on axioms: [propext, Classical.choice, Quot.sound]
'Mock2.Definition15Geometry.strictOverlapPoint' depends on axioms: [propext, Classical.choice, Quot.sound]
'Mock2.Definition15Geometry.strictCompatible_eval' depends on axioms: [propext, Classical.choice, Quot.sound]
'Mock2.Definition15Geometry.strictGluedToFun' depends on axioms: [propext, Classical.choice, Quot.sound]
'Mock2.Definition15Geometry.strictGluedToFun_eq_of_mem' depends on axioms: [propext, Classical.choice, Quot.sound]
'Mock2.Definition15Geometry.strictGluedToFun_eq_on_piece' depends on axioms: [propext, Classical.choice, Quot.sound]
'Mock2.Definition15Geometry.strictGluedToFun_contMDiff' depends on axioms: [propext, Classical.choice, Quot.sound]
'Mock2.Definition15Geometry.strictSmoothOneFormGlue' depends on axioms: [propext, Classical.choice, Quot.sound]
'Mock2.Definition15Geometry.strictSmoothOneFormGlue_restrict_apply' depends on axioms: [propext,
 Classical.choice,
 Quot.sound]
'Mock2.Definition15Geometry.strictSmoothOneFormGlue_isGluing' depends on axioms: [propext, Classical.choice, Quot.sound]
'Mock2.Definition15Geometry.strictSmoothOneForm_locality' depends on axioms: [propext, Classical.choice, Quot.sound]
'Mock2.Definition15Geometry.strictSmoothOneForm_gluing_exists' depends on axioms: [propext,
 Classical.choice,
 Quot.sound]
'Mock2.Definition15Geometry.strictSmoothOneForm_gluing_unique' depends on axioms: [propext,
 Classical.choice,
 Quot.sound]
'Mock2.Definition15Geometry.strictSmoothOneFormIsSheaf' depends on axioms: [propext, Classical.choice, Quot.sound]
'Mock2.Definition15Geometry.equation62_of_cover_restrictions' depends on axioms: [propext, Classical.choice, Quot.sound]
'Mock2.Definition15Geometry.equation62IsLocalCovariance' depends on axioms: [propext, Classical.choice, Quot.sound]
'Mock2.Definition15Geometry.strictGluedLift_covariant' depends on axioms: [propext, Classical.choice, Quot.sound]
'Mock2.Definition15Geometry.strictChosenGluedLift_covariant' depends on axioms: [propext, Classical.choice, Quot.sound]
'Mock2.Definition15Geometry.strictEqualityTwistedOneFormPresheaf' depends on axioms: [propext,
 Classical.choice,
 Quot.sound]
'Mock2.Definition15Geometry.strictEqualityOverlapCompatibility' depends on axioms: [propext,
 Classical.choice,
 Quot.sound]
'Mock2.Definition15Geometry.strictEqualityOverlapCompatibility_iff_literal' depends on axioms: [propext,
 Classical.choice,
 Quot.sound]
'Mock2.Definition15Geometry.proposition16_strictEqualityTwistedOneForm_isSheaf' depends on axioms: [propext,
 Classical.choice,
 Quot.sound]
'Mock2.Definition15Geometry.Proposition16StrictEqualityCertificate' depends on axioms: [propext,
 Classical.choice,
 Quot.sound]
'Mock2.Definition15Geometry.proposition16_strictEquality_certificate' depends on axioms: [propext,
 Classical.choice,
 Quot.sound]
'Mock2.Definition15Geometry.Certificate' depends on axioms: [propext, Classical.choice, Quot.sound]
'Mock2.Definition15Geometry.certificate' depends on axioms: [propext, Classical.choice, Quot.sound]
'Mock2.Definition15Geometry.SmoothOneForm.add' depends on axioms: [propext, Classical.choice, Quot.sound]
'Mock2.Definition15Geometry.SmoothOneForm.neg' depends on axioms: [propext, Classical.choice, Quot.sound]
'Mock2.Definition15Geometry.SmoothOneForm.smoothOneFormAddCommGroup' depends on axioms: [propext,
 Classical.choice,
 Quot.sound]
'Mock2.Definition15Geometry.SmoothOneForm.add_apply' depends on axioms: [propext, Classical.choice, Quot.sound]
'Mock2.Definition15Geometry.SmoothOneForm.neg_apply' depends on axioms: [propext, Classical.choice, Quot.sound]
'Mock2.Definition15Geometry.SmoothOneForm.restrict_add' depends on axioms: [propext, Classical.choice, Quot.sound]
'Mock2.Definition15Geometry.SmoothOneForm.restrict_neg' depends on axioms: [propext, Classical.choice, Quot.sound]
'Mock2.Definition15Geometry.deckPullback_add' depends on axioms: [propext, Classical.choice, Quot.sound]
'Mock2.Definition15Geometry.deckPullback_neg' depends on axioms: [propext, Classical.choice, Quot.sound]
'Mock2.Definition15Geometry.equation62_add' depends on axioms: [propext, Classical.choice, Quot.sound]
'Mock2.Definition15Geometry.equation62_neg' depends on axioms: [propext, Classical.choice, Quot.sound]
'Mock2.Definition15Geometry.SmoothGaugeMap' depends on axioms: [propext, Classical.choice, Quot.sound]
'Mock2.Definition15Geometry.SmoothGaugeMap.smoothGaugeMapCoeFun' depends on axioms: [propext,
 Classical.choice,
 Quot.sound]
'Mock2.Definition15Geometry.SmoothGaugeMap.ext' depends on axioms: [propext, Classical.choice, Quot.sound]
'Mock2.Definition15Geometry.SmoothGaugeMap.ext_pointwise' depends on axioms: [propext, Classical.choice, Quot.sound]
'Mock2.Definition15Geometry.SmoothGaugeMap.identity' depends on axioms: [propext, Classical.choice, Quot.sound]
'Mock2.Definition15Geometry.SmoothGaugeMap.constant' depends on axioms: [propext, Classical.choice, Quot.sound]
'Mock2.Definition15Geometry.SmoothGaugeMap.comp' depends on axioms: [propext, Classical.choice, Quot.sound]
'Mock2.Definition15Geometry.SmoothGaugeMap.inverse' depends on axioms: [propext, Classical.choice, Quot.sound]
'Mock2.Definition15Geometry.SmoothGaugeMap.restrict' depends on axioms: [propext, Classical.choice, Quot.sound]
'Mock2.Definition15Geometry.SmoothGaugeMap.identity_apply' depends on axioms: [propext, Classical.choice, Quot.sound]
'Mock2.Definition15Geometry.SmoothGaugeMap.constant_apply' depends on axioms: [propext, Classical.choice, Quot.sound]
'Mock2.Definition15Geometry.SmoothGaugeMap.comp_apply' depends on axioms: [propext, Classical.choice, Quot.sound]
'Mock2.Definition15Geometry.SmoothGaugeMap.inverse_apply' depends on axioms: [propext, Classical.choice, Quot.sound]
'Mock2.Definition15Geometry.SmoothGaugeMap.inverse_smooth' depends on axioms: [propext, Classical.choice, Quot.sound]
'Mock2.Definition15Geometry.SmoothGaugeMap.restrict_apply' depends on axioms: [propext, Classical.choice, Quot.sound]
'Mock2.Definition15Geometry.SmoothGaugeMap.comp_identity_left' depends on axioms: [propext,
 Classical.choice,
 Quot.sound]
'Mock2.Definition15Geometry.SmoothGaugeMap.comp_identity_right' depends on axioms: [propext,
 Classical.choice,
 Quot.sound]
'Mock2.Definition15Geometry.SmoothGaugeMap.comp_constant' depends on axioms: [propext, Classical.choice, Quot.sound]
'Mock2.Definition15Geometry.SmoothGaugeMap.inverse_constant' depends on axioms: [propext, Classical.choice, Quot.sound]
'Mock2.Definition15Geometry.SmoothGaugeMap.inverse_comp' depends on axioms: [propext, Classical.choice, Quot.sound]
'Mock2.Definition15Geometry.SmoothGaugeMap.comp_inverse' depends on axioms: [propext, Classical.choice, Quot.sound]
'Mock2.Definition15Geometry.SmoothGaugeMap.restrict_identity' depends on axioms: [propext, Classical.choice, Quot.sound]
'Mock2.Definition15Geometry.SmoothGaugeMap.restrict_comp' depends on axioms: [propext, Classical.choice, Quot.sound]
'Mock2.Definition15Geometry.SmoothGaugeMap.restrict_inverse' depends on axioms: [propext, Classical.choice, Quot.sound]
'Mock2.Definition15Geometry.SmoothGaugeMap.restrict_constant' depends on axioms: [propext, Classical.choice, Quot.sound]
'Mock2.Definition15Geometry.SmoothGaugeMap.DeckInvariant' depends on axioms: [propext, Classical.choice, Quot.sound]
'Mock2.Definition15Geometry.SmoothGaugeMap.RhoCompatible' depends on axioms: [propext, Classical.choice, Quot.sound]
'Mock2.Definition15Geometry.SmoothGaugeMap.Central' depends on axioms: [propext, Classical.choice, Quot.sound]
'Mock2.Definition15Geometry.SmoothGaugeMap.deckInvariant_identity' depends on axioms: [propext,
 Classical.choice,
 Quot.sound]
'Mock2.Definition15Geometry.SmoothGaugeMap.deckInvariant_constant' depends on axioms: [propext,
 Classical.choice,
 Quot.sound]
'Mock2.Definition15Geometry.SmoothGaugeMap.deckInvariant_comp' depends on axioms: [propext,
 Classical.choice,
 Quot.sound]
'Mock2.Definition15Geometry.SmoothGaugeMap.deckInvariant_inverse' depends on axioms: [propext,
 Classical.choice,
 Quot.sound]
'Mock2.Definition15Geometry.SmoothGaugeMap.deckInvariant_restrict' depends on axioms: [propext,
 Classical.choice,
 Quot.sound]
'Mock2.Definition15Geometry.SmoothGaugeMap.central_identity' depends on axioms: [propext, Classical.choice, Quot.sound]
'Mock2.Definition15Geometry.SmoothGaugeMap.central_comp' depends on axioms: [propext, Classical.choice, Quot.sound]
'Mock2.Definition15Geometry.SmoothGaugeMap.central_inverse' depends on axioms: [propext, Classical.choice, Quot.sound]
'Mock2.Definition15Geometry.SmoothGaugeMap.central_restrict' depends on axioms: [propext, Classical.choice, Quot.sound]
'Mock2.Definition15Geometry.SmoothGaugeMap.rhoCompatible_identity' depends on axioms: [propext,
 Classical.choice,
 Quot.sound]
'Mock2.Definition15Geometry.SmoothGaugeMap.rhoCompatible_comp' depends on axioms: [propext,
 Classical.choice,
 Quot.sound]
'Mock2.Definition15Geometry.SmoothGaugeMap.rhoCompatible_inverse' depends on axioms: [propext,
 Classical.choice,
 Quot.sound]
'Mock2.Definition15Geometry.SmoothGaugeMap.rhoCompatible_restrict' depends on axioms: [propext,
 Classical.choice,
 Quot.sound]
'Mock2.Definition15Geometry.SmoothGaugeMap.rhoCompatible_of_deckInvariant_of_central' depends on axioms: [propext,
 Classical.choice,
 Quot.sound]
'Mock2.Definition15Geometry.gaugeAdjointValue' depends on axioms: [propext, Classical.choice, Quot.sound]
'Mock2.Definition15Geometry.leftLogarithmicDerivativeValue' depends on axioms: [propext, Classical.choice, Quot.sound]
'Mock2.Definition15Geometry.gaugeAdjointValue_eq_id_of_central' depends on axioms: [propext,
 Classical.choice,
 Quot.sound]
'Mock2.Definition15Geometry.leftLogarithmicDerivativeValue_constant' depends on axioms: [propext,
 Classical.choice,
 Quot.sound]
'Mock2.Definition15Geometry.MaurerCartanCalculus' depends on axioms: [propext, Classical.choice, Quot.sound]
'Mock2.Definition15Geometry.GaugeAdmissible' depends on axioms: [propext, Classical.choice, Quot.sound]
'Mock2.Definition15Geometry.GaugeAdmissible.identity' depends on axioms: [propext, Classical.choice, Quot.sound]
'Mock2.Definition15Geometry.GaugeAdmissible.comp' depends on axioms: [propext, Classical.choice, Quot.sound]
'Mock2.Definition15Geometry.GaugeAdmissible.inverse' depends on axioms: [propext, Classical.choice, Quot.sound]
'Mock2.Definition15Geometry.GaugeAdmissible.restrict' depends on axioms: [propext, Classical.choice, Quot.sound]
'Mock2.Definition15Geometry.GaugeAdmissible.of_deckInvariant' depends on axioms: [propext, Classical.choice, Quot.sound]
'Mock2.Definition15Geometry.centralConjugate' depends on axioms: [propext, Classical.choice, Quot.sound]
'Mock2.Definition15Geometry.gaugeAction' depends on axioms: [propext, Classical.choice, Quot.sound]
'Mock2.Definition15Geometry.centralConjugate_apply' depends on axioms: [propext, Classical.choice, Quot.sound]
'Mock2.Definition15Geometry.centralConjugate_pointwise_paper_formula' depends on axioms: [propext,
 Classical.choice,
 Quot.sound]
'Mock2.Definition15Geometry.gaugeAction_formula' depends on axioms: [propext, Classical.choice, Quot.sound]
'Mock2.Definition15Geometry.gaugeAction_pointwise_paper_formula' depends on axioms: [propext,
 Classical.choice,
 Quot.sound]
'Mock2.Definition15Geometry.equation62_gaugeAction' depends on axioms: [propext, Classical.choice, Quot.sound]
'Mock2.Definition15Geometry.gaugeAction_restrict' depends on axioms: [propext, Classical.choice, Quot.sound]
'Mock2.Definition15Geometry.Equation62GaugeActionInstance' depends on axioms: [propext, Classical.choice, Quot.sound]
'Mock2.Definition15Geometry.equation62GaugeActionInstance' depends on axioms: [propext, Classical.choice, Quot.sound]
'Mock2.Definition15Geometry.connectionAdmissible_gauge_from_derived_instance' depends on axioms: [propext,
 Classical.choice,
 Quot.sound]
'Mock2.Definition15Geometry.Section63AdmissibleGaugeCertificate' depends on axioms: [propext,
 Classical.choice,
 Quot.sound]
'Mock2.Definition15Geometry.section63_admissibleGauge_certificate' depends on axioms: [propext,
 Classical.choice,
 Quot.sound]
'Mock2.Definition15Geometry.section63_complexUnits_universal' depends on axioms: [propext, Classical.choice, Quot.sound]
'Mock2.Definition15Geometry.UnconditionalSection63Witness.ModelSpace' depends on axioms: [propext,
 Classical.choice,
 Quot.sound]
'Mock2.Definition15Geometry.UnconditionalSection63Witness.GaugeGroup' depends on axioms: [propext,
 Classical.choice,
 Quot.sound]
'Mock2.Definition15Geometry.UnconditionalSection63Witness.GaugeModel' depends on axioms: [propext,
 Classical.choice,
 Quot.sound]
'Mock2.Definition15Geometry.UnconditionalSection63Witness.gaugeGroupLieGroup' depends on axioms: [propext,
 Classical.choice,
 Quot.sound]
'Mock2.Definition15Geometry.UnconditionalSection63Witness.smoothGaugeMap_eq_constant' depends on axioms: [propext,
 Classical.choice,
 Quot.sound]
'Mock2.Definition15Geometry.UnconditionalSection63Witness.literalMaurerCartanCalculus' depends on axioms: [propext,
 Classical.choice,
 Quot.sound]
'Mock2.Definition15Geometry.UnconditionalSection63Witness.concreteCertificate' depends on axioms: [propext,
 Classical.choice,
 Quot.sound]
'Mock2.Definition15Geometry.UnconditionalSection63Certificate' depends on axioms: [propext,
 Classical.choice,
 Quot.sound]
'Mock2.Definition15Geometry.checklist_6_3_unconditional' depends on axioms: [propext, Classical.choice, Quot.sound]
'Mock2.Proposition17And18FinalSpecialization.Base' depends on axioms: [propext, Classical.choice, Quot.sound]
'Mock2.Proposition17And18FinalSpecialization.ModularGaugeGroup' depends on axioms: [propext,
 Classical.choice,
 Quot.sound]
'Mock2.Proposition17And18FinalSpecialization.ModularGaugeModel' depends on axioms: [propext,
 Classical.choice,
 Quot.sound]
'Mock2.Proposition17And18FinalSpecialization.FormFibre' depends on axioms: [propext, Classical.choice, Quot.sound]
'Mock2.Proposition17And18FinalSpecialization.Form' depends on axioms: [propext, Classical.choice, Quot.sound]
'Mock2.Proposition17And18FinalSpecialization.restrictForm' depends on axioms: [propext, Classical.choice, Quot.sound]
'Mock2.Proposition17And18FinalSpecialization.restrictForm_apply' depends on axioms: [propext,
 Classical.choice,
 Quot.sound]
'Mock2.Proposition17And18FinalSpecialization.differential' depends on axioms: [propext, Classical.choice, Quot.sound]
'Mock2.Proposition17And18FinalSpecialization.differential_apply' depends on axioms: [propext,
 Classical.choice,
 Quot.sound]
'Mock2.Proposition17And18FinalSpecialization.wedge' depends on axioms: [propext, Classical.choice, Quot.sound]
'Mock2.Proposition17And18FinalSpecialization.wedge_apply' depends on axioms: [propext, Classical.choice, Quot.sound]
'Mock2.Proposition17And18FinalSpecialization.restrictForm_id' depends on axioms: [propext, Classical.choice, Quot.sound]
'Mock2.Proposition17And18FinalSpecialization.restrictForm_comp' depends on axioms: [propext,
 Classical.choice,
 Quot.sound]
'Mock2.Proposition17And18FinalSpecialization.restrictForm_add' depends on axioms: [propext,
 Classical.choice,
 Quot.sound]
'Mock2.Proposition17And18FinalSpecialization.restrictForm_differential' depends on axioms: [propext,
 Classical.choice,
 Quot.sound]
'Mock2.Proposition17And18FinalSpecialization.restrictForm_wedge' depends on axioms: [propext,
 Classical.choice,
 Quot.sound]
'Mock2.Proposition17And18FinalSpecialization.curvatureAlgebra' depends on axioms: [propext,
 Classical.choice,
 Quot.sound]
'Mock2.Proposition17And18FinalSpecialization.curvature_apply' depends on axioms: [propext, Classical.choice, Quot.sound]
'Mock2.Proposition17And18FinalSpecialization.formPresheaf_eq_locallyConstant' depends on axioms: [propext,
 Classical.choice,
 Quot.sound]
'Mock2.Proposition17And18FinalSpecialization.formPresheaf_isSheaf' depends on axioms: [propext,
 Classical.choice,
 Quot.sound]
'Mock2.Proposition17And18FinalSpecialization.identityForm' depends on axioms: [propext, Classical.choice, Quot.sound]
'Mock2.Proposition17And18FinalSpecialization.identityForm_apply' depends on axioms: [propext,
 Classical.choice,
 Quot.sound]
'Mock2.Proposition17And18FinalSpecialization.FrameChange' depends on axioms: [propext, Classical.choice, Quot.sound]
'Mock2.Proposition17And18FinalSpecialization.FrameChange.identity' depends on axioms: [propext,
 Classical.choice,
 Quot.sound]
'Mock2.Proposition17And18FinalSpecialization.FrameChange.at' depends on axioms: [propext, Classical.choice, Quot.sound]
'Mock2.Proposition17And18FinalSpecialization.FrameChange.restrict' depends on axioms: [propext,
 Classical.choice,
 Quot.sound]
'Mock2.Proposition17And18FinalSpecialization.FrameChange.conjugateOne' depends on axioms: [propext,
 Classical.choice,
 Quot.sound]
'Mock2.Proposition17And18FinalSpecialization.FrameChange.conjugateTwo' depends on axioms: [propext,
 Classical.choice,
 Quot.sound]
'Mock2.Proposition17And18FinalSpecialization.FrameChange.pureGauge' depends on axioms: [propext,
 Classical.choice,
 Quot.sound]
'Mock2.Proposition17And18FinalSpecialization.FrameChange.transformPotential' depends on axioms: [propext,
 Classical.choice,
 Quot.sound]
'Mock2.Proposition17And18FinalSpecialization.FrameChange.conjugateOne_apply' depends on axioms: [propext,
 Classical.choice,
 Quot.sound]
'Mock2.Proposition17And18FinalSpecialization.FrameChange.conjugateTwo_apply' depends on axioms: [propext,
 Classical.choice,
 Quot.sound]
'Mock2.Proposition17And18FinalSpecialization.FrameChange.pureGauge_apply' depends on axioms: [propext,
 Classical.choice,
 Quot.sound]
'Mock2.Proposition17And18FinalSpecialization.FrameChange.transformPotential_apply' depends on axioms: [propext,
 Classical.choice,
 Quot.sound]
'Mock2.Proposition17And18FinalSpecialization.FrameChange.differential_inverse' depends on axioms: [propext,
 Classical.choice,
 Quot.sound]
'Mock2.Proposition17And18FinalSpecialization.FrameChange.wedge_sign_one_zero' depends on axioms: [propext,
 Classical.choice,
 Quot.sound]
'Mock2.Proposition17And18FinalSpecialization.FrameChange.conjugateTwo_add' depends on axioms: [propext,
 Classical.choice,
 Quot.sound]
'Mock2.Proposition17And18FinalSpecialization.FrameChange.differential_transformPotential' depends on axioms: [propext,
 Classical.choice,
 Quot.sound]
'Mock2.Proposition17And18FinalSpecialization.FrameChange.transformPotential_wedge_self' depends on axioms: [propext,
 Classical.choice,
 Quot.sound]
'Mock2.Proposition17And18FinalSpecialization.FrameChange.crossTermCancellation' depends on axioms: [propext,
 Classical.choice,
 Quot.sound]
'Mock2.Proposition17And18FinalSpecialization.FrameChange.curvature_transformPotential' depends on axioms: [propext,
 Classical.choice,
 Quot.sound]
'Mock2.Proposition17And18FinalSpecialization.FrameChange.curvature_transformPotential_formula' depends on axioms: [propext,
 Classical.choice,
 Quot.sound]
'Mock2.Proposition17And18FinalSpecialization.FrameChange.transformPotential_restrict' depends on axioms: [propext,
 Classical.choice,
 Quot.sound]
'Mock2.Proposition17And18FinalSpecialization.FrameChange.conjugateTwo_restrict' depends on axioms: [propext,
 Classical.choice,
 Quot.sound]
'Mock2.Proposition17And18FinalSpecialization.modularConnectionPresheaf' depends on axioms: [propext,
 Classical.choice,
 Quot.sound]
'Mock2.Proposition17And18FinalSpecialization.modularConnection_isSheaf' depends on axioms: [propext,
 Classical.choice,
 Quot.sound]
'Mock2.Proposition17And18FinalSpecialization.Connection' depends on axioms: [propext, Classical.choice, Quot.sound]
'Mock2.Proposition17And18FinalSpecialization.zeroConnection' depends on axioms: [propext, Classical.choice, Quot.sound]
'Mock2.Proposition17And18FinalSpecialization.connectionPresheaf' depends on axioms: [propext,
 Classical.choice,
 Quot.sound]
'Mock2.Proposition17And18FinalSpecialization.modularFamily' depends on axioms: [propext, Classical.choice, Quot.sound]
'Mock2.Proposition17And18FinalSpecialization.formFamily' depends on axioms: [propext, Classical.choice, Quot.sound]
'Mock2.Proposition17And18FinalSpecialization.modularFamily_compatible' depends on axioms: [propext,
 Classical.choice,
 Quot.sound]
'Mock2.Proposition17And18FinalSpecialization.formFamily_compatible' depends on axioms: [propext,
 Classical.choice,
 Quot.sound]
'Mock2.Proposition17And18FinalSpecialization.connection_locality' depends on axioms: [propext,
 Classical.choice,
 Quot.sound]
'Mock2.Proposition17And18FinalSpecialization.connection_gluing_exists' depends on axioms: [propext,
 Classical.choice,
 Quot.sound]
'Mock2.Proposition17And18FinalSpecialization.connection_gluing_unique' depends on axioms: [propext,
 Classical.choice,
 Quot.sound]
'Mock2.Proposition17And18FinalSpecialization.connection_isSheaf' depends on axioms: [propext,
 Classical.choice,
 Quot.sound]
'Mock2.Proposition17And18FinalSpecialization.compatibleLocalConnections_existsUnique_global' depends on axioms: [propext,
 Classical.choice,
 Quot.sound]
'Mock2.Proposition17And18FinalSpecialization.globalConnection' depends on axioms: [propext,
 Classical.choice,
 Quot.sound]
'Mock2.Proposition17And18FinalSpecialization.globalConnection_isGluing' depends on axioms: [propext,
 Classical.choice,
 Quot.sound]
'Mock2.Proposition17And18FinalSpecialization.connectionCurvature' depends on axioms: [propext,
 Classical.choice,
 Quot.sound]
'Mock2.Proposition17And18FinalSpecialization.localCurvatureFamily' depends on axioms: [propext,
 Classical.choice,
 Quot.sound]
'Mock2.Proposition17And18FinalSpecialization.connectionCurvature_restrict' depends on axioms: [propext,
 Classical.choice,
 Quot.sound]
'Mock2.Proposition17And18FinalSpecialization.localCurvatures_glue_to_global' depends on axioms: [propext,
 Classical.choice,
 Quot.sound]
'Mock2.Proposition17And18FinalSpecialization.compatibleLocalCurvatures_glue' depends on axioms: [propext,
 Classical.choice,
 Quot.sound]
'Mock2.Proposition17And18FinalSpecialization.localCurvatureFamily_compatible' depends on axioms: [propext,
 Classical.choice,
 Quot.sound]
'Mock2.Proposition17And18FinalSpecialization.frameGaugeTransform' depends on axioms: [propext,
 Classical.choice,
 Quot.sound]
'Mock2.Proposition17And18FinalSpecialization.connectionCurvature_frameGaugeTransform' depends on axioms: [propext,
 Classical.choice,
 Quot.sound]
'Mock2.Proposition17And18FinalSpecialization.connectionCurvature_frameGaugeTransform_formula' depends on axioms: [propext,
 Classical.choice,
 Quot.sound]
'Mock2.Proposition17And18FinalSpecialization.frameGaugeTransform_restrict' depends on axioms: [propext,
 Classical.choice,
 Quot.sound]
'Mock2.Proposition17And18FinalSpecialization.FinalSpecializationCertificate' depends on axioms: [propext,
 Classical.choice,
 Quot.sound]
'Mock2.Proposition17And18FinalSpecialization.checklist_6_4_unconditional' depends on axioms: [propext,
 Classical.choice,
 Quot.sound]
'Mock2.Definition18Proposition19ActualSpecialization.GlobalAqSection' depends on axioms: [propext,
 Classical.choice,
 Quot.sound]
'Mock2.Definition18Proposition19ActualSpecialization.AdmissibleGlobalConfiguration' depends on axioms: [propext,
 Classical.choice,
 Quot.sound]
'Mock2.Definition18Proposition19ActualSpecialization.CurvatureInnerProduct' depends on axioms: [propext,
 Classical.choice,
 Quot.sound]
'Mock2.Definition18Proposition19ActualSpecialization.CurvatureIntegrable' depends on axioms: [propext,
 Classical.choice,
 Quot.sound]
'Mock2.Definition18Proposition19ActualSpecialization.curvatureEnergy' depends on axioms: [propext,
 Classical.choice,
 Quot.sound]
'Mock2.Definition18Proposition19ActualSpecialization.curvatureEnergy_nonnegative' depends on axioms: [propext,
 Classical.choice,
 Quot.sound]
'Mock2.Definition18Proposition19ActualSpecialization.curvatureEnergy_eq_zero_of_flat' depends on axioms: [propext,
 Classical.choice,
 Quot.sound]
'Mock2.Definition18Proposition19ActualSpecialization.canonicalVacuum' depends on axioms: [propext,
 Classical.choice,
 Quot.sound]
'Mock2.Definition18Proposition19ActualSpecialization.equation_6_12' depends on axioms: [propext,
 Classical.choice,
 Quot.sound]
'Mock2.Definition18Proposition19ActualSpecialization.HypothesisH1' depends on axioms: [propext,
 Classical.choice,
 Quot.sound]
'Mock2.Definition18Proposition19ActualSpecialization.HypothesisH2' depends on axioms: [propext,
 Classical.choice,
 Quot.sound]
'Mock2.Definition18Proposition19ActualSpecialization.HypothesisH3' depends on axioms: [propext,
 Classical.choice,
 Quot.sound]
'Mock2.Definition18Proposition19ActualSpecialization.HypothesisH3.expression_existsUnique' depends on axioms: [propext,
 Classical.choice,
 Quot.sound]
'Mock2.Definition18Proposition19ActualSpecialization.HypothesisH3.flat_reduction' depends on axioms: [propext,
 Classical.choice,
 Quot.sound]
'Mock2.Definition18Proposition19ActualSpecialization.HypothesisH3.equation_iff_reduced_on_flat' depends on axioms: [propext,
 Classical.choice,
 Quot.sound]
'Mock2.Definition18Proposition19ActualSpecialization.actualActionDecomposition' depends on axioms: [propext,
 Classical.choice,
 Quot.sound]
'Mock2.Definition18Proposition19ActualSpecialization.toProposition19Hypotheses' depends on axioms: [propext,
 Classical.choice,
 Quot.sound]
'Mock2.Definition18Proposition19ActualSpecialization.minimizer_action_le_zero' depends on axioms: [propext,
 Classical.choice,
 Quot.sound]
'Mock2.Definition18Proposition19ActualSpecialization.minimizer_action_nonnegative' depends on axioms: [propext,
 Classical.choice,
 Quot.sound]
'Mock2.Definition18Proposition19ActualSpecialization.minimizer_action_eq_zero' depends on axioms: [propext,
 Classical.choice,
 Quot.sound]
'Mock2.Definition18Proposition19ActualSpecialization.minimizer_Mq_add_Rq_eq_zero' depends on axioms: [propext,
 Classical.choice,
 Quot.sound]
'Mock2.Definition18Proposition19ActualSpecialization.proposition19_actual_via_abstract' depends on axioms: [propext,
 Classical.choice,
 Quot.sound]
'Mock2.Definition18Proposition19ActualSpecialization.proposition19_actual_without_H3' depends on axioms: [propext,
 Classical.choice,
 Quot.sound]
'Mock2.Definition18Proposition19ActualSpecialization.proposition19_conclusion_for_every_H3' depends on axioms: [propext,
 Classical.choice,
 Quot.sound]
'Mock2.Definition18Proposition19ActualSpecialization.proposition19_actual_paper' depends on axioms: [propext,
 Classical.choice,
 Quot.sound]
'Mock2.Definition18Proposition19ActualSpecialization.canonicalVacuum_isGlobalMinimizer_for_zero_effective_terms' depends on axioms: [propext,
 Classical.choice,
 Quot.sound]
'Mock2.Definition18Proposition19ActualSpecialization.ActualDefinition18Proposition19InterfaceCertificate' depends on axioms: [propext,
 Classical.choice,
 Quot.sound]
'Mock2.Definition18Proposition19ActualSpecialization.checklist_7_P1_unconditional' depends on axioms: [propext,
 Classical.choice,
 Quot.sound]
'Mock2.Proposition20ActualQGaugeSpecialization.AqPresheaf' depends on axioms: [propext, Classical.choice, Quot.sound]
'Mock2.Proposition20ActualQGaugeSpecialization.actualQGaugePresheaf' depends on axioms: [propext,
 Classical.choice,
 Quot.sound]
'Mock2.Proposition20ActualQGaugeSpecialization.proposition16_supplies_hAq' depends on axioms: [propext,
 Classical.choice,
 Quot.sound]
'Mock2.Proposition20ActualQGaugeSpecialization.GeometryRegion' does not depend on any axioms
'Mock2.Proposition20ActualQGaugeSpecialization.AdaptedGeometryCover' depends on axioms: [propext,
 Classical.choice,
 Quot.sound]
'Mock2.Proposition20ActualQGaugeSpecialization.AdaptedGeometryCover.openCover' depends on axioms: [propext,
 Classical.choice,
 Quot.sound]
'Mock2.Proposition20ActualQGaugeSpecialization.AdaptedGeometryCover.canonical' depends on axioms: [propext,
 Classical.choice,
 Quot.sound]
'Mock2.Proposition20ActualQGaugeSpecialization.AdaptedGeometryCover.canonical_covers' depends on axioms: [propext,
 Classical.choice,
 Quot.sound]
'Mock2.Proposition20ActualQGaugeSpecialization.aqSectionAddCommGroup' depends on axioms: [propext,
 Classical.choice,
 Quot.sound]
'Mock2.Proposition20ActualQGaugeSpecialization.aqRes_zero' depends on axioms: [propext, Classical.choice, Quot.sound]
'Mock2.Proposition20ActualQGaugeSpecialization.aqRes_add' depends on axioms: [propext, Classical.choice, Quot.sound]
'Mock2.Proposition20ActualQGaugeSpecialization.aqRes_neg' depends on axioms: [propext, Classical.choice, Quot.sound]
'Mock2.Proposition20ActualQGaugeSpecialization.equation613Left' depends on axioms: [propext,
 Classical.choice,
 Quot.sound]
'Mock2.Proposition20ActualQGaugeSpecialization.equation613Right' depends on axioms: [propext,
 Classical.choice,
 Quot.sound]
'Mock2.Proposition20ActualQGaugeSpecialization.equation613Difference' depends on axioms: [propext,
 Classical.choice,
 Quot.sound]
'Mock2.Proposition20ActualQGaugeSpecialization.equalizerEquivKernel' depends on axioms: [propext,
 Classical.choice,
 Quot.sound]
'Mock2.Proposition20ActualQGaugeSpecialization.proposition20ActualGlobalEquivEqualizer' depends on axioms: [propext,
 Classical.choice,
 Quot.sound]
'Mock2.Proposition20ActualQGaugeSpecialization.proposition20ActualGlobalEquivKernel' depends on axioms: [propext,
 Classical.choice,
 Quot.sound]
'Mock2.Proposition20ActualQGaugeSpecialization.equation614_iff' depends on axioms: [propext,
 Classical.choice,
 Quot.sound]
'Mock2.Proposition20ActualQGaugeSpecialization.equation614_gluing_exists' depends on axioms: [propext,
 Classical.choice,
 Quot.sound]
'Mock2.Proposition20ActualQGaugeSpecialization.equation614_gluing_unique' depends on axioms: [propext,
 Classical.choice,
 Quot.sound]
'Mock2.Proposition20ActualQGaugeSpecialization.equation614_existsUnique_gluing' depends on axioms: [propext,
 Classical.choice,
 Quot.sound]
'Mock2.Proposition20ActualQGaugeSpecialization.categoricalEqualizerForkIsLimit' depends on axioms: [propext,
 Classical.choice,
 Quot.sound]
'Mock2.Proposition20ActualQGaugeSpecialization.categoricalEqualizerIso' depends on axioms: [propext,
 Classical.choice,
 Quot.sound]
'Mock2.Proposition20ActualQGaugeSpecialization.globalRestrictionForkIsLimit' depends on axioms: [propext,
 Classical.choice,
 Quot.sound]
'Mock2.Proposition20ActualQGaugeSpecialization.PresheafLikeMathlibBridge.toMathlibPresheaf' depends on axioms: [propext,
 Quot.sound]
'Mock2.Proposition20ActualQGaugeSpecialization.PresheafLikeMathlibBridge.toMathlibPresheaf_isSheaf' depends on axioms: [propext,
 Classical.choice,
 Quot.sound]
'Mock2.Proposition20ActualQGaugeSpecialization.PresheafLikeMathlibBridge.toMathlibSheaf' depends on axioms: [propext,
 Classical.choice,
 Quot.sound]
'Mock2.Proposition20ActualQGaugeSpecialization.mathlibAqPresheaf' depends on axioms: [propext,
 Classical.choice,
 Quot.sound]
'Mock2.Proposition20ActualQGaugeSpecialization.mathlibAqPresheaf_isSheaf' depends on axioms: [propext,
 Classical.choice,
 Quot.sound]
'Mock2.Proposition20ActualQGaugeSpecialization.mathlibAqSheaf' depends on axioms: [propext,
 Classical.choice,
 Quot.sound]
'Mock2.Proposition20ActualQGaugeSpecialization.CustomMathlibComparisonCertificate' depends on axioms: [propext,
 Classical.choice,
 Quot.sound]
'Mock2.Proposition20ActualQGaugeSpecialization.customMathlibComparison_certificate' depends on axioms: [propext,
 Classical.choice,
 Quot.sound]
'Mock2.Proposition20ActualQGaugeSpecialization.ActualProposition20Certificate' depends on axioms: [propext,
 Classical.choice,
 Quot.sound]
'Mock2.Proposition20ActualQGaugeSpecialization.actualProposition20_certificate' depends on axioms: [propext,
 Classical.choice,
 Quot.sound]
'Mock2.Proposition20ActualQGaugeSpecialization.checklist_8_P1_unconditional' depends on axioms: [propext,
 Classical.choice,
 Quot.sound]
'Mock2.Proposition14.RadiusPath' depends on axioms: [propext, Classical.choice, Quot.sound]
'Mock2.Proposition14.RadiusPathClass' depends on axioms: [propext, Classical.choice, Quot.sound]
'Mock2.Proposition14.constantPath' depends on axioms: [propext, Classical.choice, Quot.sound]
'Mock2.Proposition14.concatenatePath' depends on axioms: [propext, Classical.choice, Quot.sound]
'Mock2.Proposition14.pathClass' depends on axioms: [propext, Classical.choice, Quot.sound]
'Mock2.Proposition14.pathClass_constant' depends on axioms: [propext, Classical.choice, Quot.sound]
'Mock2.Proposition14.pathClass_concatenate' depends on axioms: [propext, Classical.choice, Quot.sound]
'Mock2.Proposition14.pathClass_eq_iff_homotopic' depends on axioms: [propext, Classical.choice, Quot.sound]
'Mock2.Proposition14.Trajectory' depends on axioms: [propext, Classical.choice, Quot.sound]
'Mock2.Proposition14.HqEvolutionData' depends on axioms: [propext, Classical.choice, Quot.sound]
'Mock2.Proposition14.HqEvolutionWellPosed' depends on axioms: [propext, Classical.choice, Quot.sound]
'Mock2.Proposition14.HqEvolutionWellPosed.exists_solution' depends on axioms: [propext, Classical.choice, Quot.sound]
'Mock2.Proposition14.HqEvolutionWellPosed.solution_eq' depends on axioms: [propext, Classical.choice, Quot.sound]
'Mock2.Proposition14.HqEvolutionWellPosed.solution' depends on axioms: [propext, Classical.choice, Quot.sound]
'Mock2.Proposition14.HqEvolutionWellPosed.solution_spec' depends on axioms: [propext, Classical.choice, Quot.sound]
'Mock2.Proposition14.HqEvolutionWellPosed.solution_initial' depends on axioms: [propext, Classical.choice, Quot.sound]
'Mock2.Proposition14.HqEvolutionData.Endpoint' depends on axioms: [propext, Classical.choice, Quot.sound]
'Mock2.Proposition14.HqEvolutionWellPosed.endpoint_unique' depends on axioms: [propext, Classical.choice, Quot.sound]
'Mock2.Proposition14.correctedEvolution' depends on axioms: [propext, Classical.choice, Quot.sound]
'Mock2.Proposition14.correctedEvolution_Hq_apply' depends on axioms: [propext, Classical.choice, Quot.sound]
'Mock2.Proposition14.correctedEvolution_solves_iff' depends on axioms: [propext, Classical.choice, Quot.sound]
'Mock2.Proposition14.correctedEvolutionWellPosed' depends on axioms: [propext, Classical.choice, Quot.sound]
'Mock2.Proposition14.FlatTransport' depends on axioms: [propext, Classical.choice, Quot.sound]
'Mock2.Proposition14.FlatTransport.alongPath' depends on axioms: [propext, Classical.choice, Quot.sound]
'Mock2.Proposition14.FlatTransport.alongPath_constant' depends on axioms: [propext, Classical.choice, Quot.sound]
'Mock2.Proposition14.FlatTransport.alongPath_concatenate' depends on axioms: [propext, Classical.choice, Quot.sound]
'Mock2.Proposition14.FlatTransport.alongPath_eq_of_homotopic' depends on axioms: [propext, Classical.choice, Quot.sound]
'Mock2.Proposition14.FlatTransport.IsFlat' depends on axioms: [propext, Classical.choice, Quot.sound]
'Mock2.Proposition14.FlatTransport.isFlat' depends on axioms: [propext, Classical.choice, Quot.sound]
'Mock2.Proposition14.FlatTransport.Realizes' depends on axioms: [propext, Classical.choice, Quot.sound]
'Mock2.Proposition14.FlatTransport.alongPath_eq_of_realizes' depends on axioms: [propext, Classical.choice, Quot.sound]
'Mock2.Proposition14.FlatTransport.ext' depends on axioms: [propext, Classical.choice, Quot.sound]
'Mock2.Proposition14.FlatTransport.eq_of_realizes' depends on axioms: [propext, Classical.choice, Quot.sound]
'Mock2.Proposition14.canonicalFlatTransport' depends on axioms: [propext, Classical.choice, Quot.sound]
'Mock2.Proposition14.canonicalFlatTransport_apply' depends on axioms: [propext, Classical.choice, Quot.sound]
'Mock2.Proposition14.canonicalFlatTransport_realizes' depends on axioms: [propext, Classical.choice, Quot.sound]
'Mock2.Proposition14.sectionGaugePresheaf' depends on axioms: [propext, Classical.choice, Quot.sound]
'Mock2.Proposition14.sectionGaugePresheaf_field' depends on axioms: [propext, Classical.choice, Quot.sound]
'Mock2.Proposition14.sectionGaugePresheaf_res_apply' depends on axioms: [propext, Classical.choice, Quot.sound]
'Mock2.Proposition14.sectionGaugePresheaf_res_add' depends on axioms: [propext, Classical.choice, Quot.sound]
'Mock2.Proposition14.sectionGaugePresheaf_res_zero' depends on axioms: [propext, Classical.choice, Quot.sound]
'Mock2.Proposition14.LocalFormulaData' depends on axioms: [propext, Classical.choice, Quot.sound]
'Mock2.Proposition14.LocalFormulaData.connection' depends on axioms: [propext, Classical.choice, Quot.sound]
'Mock2.Proposition14.LocalFormulaData.connection_apply' depends on axioms: [propext, Classical.choice, Quot.sound]
'Mock2.Proposition14.LocalFormulaData.toQCovariantDerivative' depends on axioms: [propext, Classical.choice, Quot.sound]
'Mock2.Proposition14.LocalFormulaData.toQCovariantDerivative_Dq_apply' depends on axioms: [propext,
 Classical.choice,
 Quot.sound]
'Mock2.Proposition14.LocalFormulaData.toQConnection' depends on axioms: [propext, Classical.choice, Quot.sound]
'Mock2.Proposition14.qConnection_ext' depends on axioms: [propext, Classical.choice, Quot.sound]
'Mock2.Proposition14.LocalFormulaData.connection_unique' depends on axioms: [propext, Classical.choice, Quot.sound]
'Mock2.Proposition14.LocalFormulaData.connection_eq_iff_localFormula' depends on axioms: [propext,
 Classical.choice,
 Quot.sound]
'Mock2.Proposition14.zeroLocalFormula' depends on axioms: [propext, Classical.choice, Quot.sound]
'Mock2.Proposition14.nablaQ' depends on axioms: [propext, Classical.choice, Quot.sound]
'Mock2.Proposition14.nablaQ_apply' depends on axioms: [propext, Classical.choice, Quot.sound]
'Mock2.Proposition14.nablaQ_local_formula' depends on axioms: [propext, Classical.choice, Quot.sound]
'Mock2.Proposition14.nablaQ_existsUnique' depends on axioms: [propext, Classical.choice, Quot.sound]
'Mock2.Proposition14.nablaQ_eq_iff_zeroLocalFormula' depends on axioms: [propext, Classical.choice, Quot.sound]
'Mock2.Proposition14.correctedQCovariantDerivative' depends on axioms: [propext, Classical.choice, Quot.sound]
'Mock2.Proposition14.correctedQCovariantDerivative_toQConnection' depends on axioms: [propext,
 Classical.choice,
 Quot.sound]
'Mock2.Proposition14.AnalyticInput' depends on axioms: [propext, Classical.choice, Quot.sound]
'Mock2.Proposition14.AnalyticInput.connection' depends on axioms: [propext, Classical.choice, Quot.sound]
'Mock2.Proposition14.AnalyticInput.covariantDerivative' depends on axioms: [propext, Classical.choice, Quot.sound]
'Mock2.Proposition14.AnalyticInput.evolution_existsUnique' depends on axioms: [propext, Classical.choice, Quot.sound]
'Mock2.Proposition14.AnalyticInput.transport_isFlat' depends on axioms: [propext, Classical.choice, Quot.sound]
'Mock2.Proposition14.AnalyticInput.transport_unique' depends on axioms: [propext, Classical.choice, Quot.sound]
'Mock2.Proposition14.AnalyticInput.transport_unique_structure' depends on axioms: [propext,
 Classical.choice,
 Quot.sound]
'Mock2.Proposition14.AnalyticInput.connection_local_formula' depends on axioms: [propext, Classical.choice, Quot.sound]
'Mock2.Proposition14.AnalyticInput.connection_unique' depends on axioms: [propext, Classical.choice, Quot.sound]
'Mock2.Proposition14.AnalyticInput.covariantDerivative_toQConnection' depends on axioms: [propext,
 Classical.choice,
 Quot.sound]
'Mock2.Proposition14.correctedAnalyticInput' depends on axioms: [propext, Classical.choice, Quot.sound]
'Mock2.Proposition14.correctedAnalyticInput_connection' depends on axioms: [propext, Classical.choice, Quot.sound]
'Mock2.Proposition14.correctedAnalyticInput_covariantDerivative' depends on axioms: [propext,
 Classical.choice,
 Quot.sound]
'Mock2.Proposition14.Certificate' depends on axioms: [propext, Classical.choice, Quot.sound]
'Mock2.Proposition14.certificate' depends on axioms: [propext, Classical.choice, Quot.sound]
'Mock2.PrimeIndex' depends on axioms: [propext]
'Mock2.PrimeIndex.isPrime' depends on axioms: [propext]
'Mock2.BalancedQGaugeSheafCategory' depends on axioms: [propext]
'Mock2.BalancedQGaugeSheafCategory.balancedSheaf' depends on axioms: [propext]
'Mock2.BalancedQGaugeSheafCategory.Hom' depends on axioms: [propext]
'Mock2.BalancedQGaugeSheafCategory.Hom.id' depends on axioms: [propext]
'Mock2.BalancedQGaugeSheafCategory.Hom.comp' depends on axioms: [propext]
'Mock2.BalancedQGaugeSheafCategory.Hom.ext' depends on axioms: [propext]
'Mock2.PrimalitySheafCategory' depends on axioms: [propext]
'Mock2.PrimalitySheafCategory.Hom' depends on axioms: [propext]
'Mock2.PrimalitySheafCategory.Hom.id' depends on axioms: [propext]
'Mock2.PrimalitySheafCategory.Hom.comp' depends on axioms: [propext]
'Mock2.PrimalitySheafCategory.Hom.ext' depends on axioms: [propext]
'Mock2.Proposition15FunctorBridge.F' depends on axioms: [propext, Quot.sound]
'Mock2.Proposition15FunctorBridge.F_map_identity' depends on axioms: [propext, Quot.sound]
'Mock2.Proposition15FunctorBridge.F_map_composition' depends on axioms: [propext, Quot.sound]
'Mock2.Proposition15FunctorBridge.F_obj_sheaf' depends on axioms: [propext, Quot.sound]
'Mock2.Proposition15FunctorBridge.F_preserves_equalizer_object' depends on axioms: [propext, Quot.sound]
'Mock2.Proposition15FunctorBridge.F_obj_PrimeProfile' depends on axioms: [propext, Quot.sound]
'Mock2.Proposition15FunctorBridge.F_obj_profileCollection' depends on axioms: [propext, Quot.sound]
'Mock2.Proposition15FunctorBridge.F_obj_localProfile' depends on axioms: [propext, Quot.sound]
'Mock2.Proposition15FunctorBridge.F_obj_localProfile_restrict' depends on axioms: [propext, Quot.sound]
'Mock2.Proposition15FunctorBridge.F_map_sheafMap' depends on axioms: [propext, Quot.sound]
'Mock2.Proposition15FunctorBridge.F_map_profileMap_apply' depends on axioms: [propext, Quot.sound]
'Mock2.Proposition15FunctorBridge.F_map_profile_compatible' depends on axioms: [propext, Quot.sound]
'Mock2.Proposition15FunctorBridge.F_map_preserves_overlapM' depends on axioms: [propext, Quot.sound]
'Mock2.Proposition15FunctorBridge.F_map_preserves_overlapN' depends on axioms: [propext, Quot.sound]
'Mock2.Proposition15FunctorBridge.F_equalizerEquiv' depends on axioms: [propext, Quot.sound]
'Mock2.Proposition15FunctorBridge.F_equalizer_membership_iff' depends on axioms: [propext, Quot.sound]
'Mock2.Proposition15FunctorBridge.F_preserves_equalizer' depends on axioms: [propext, Quot.sound]
'Mock2.Proposition15FunctorBridge.F_reflects_equalizer' depends on axioms: [propext, Quot.sound]
'Mock2.Proposition15FunctorBridge.SourceObstructionGroup' depends on axioms: [propext]
'Mock2.Proposition15FunctorBridge.TargetObstructionGroup' depends on axioms: [propext]
'Mock2.Proposition15FunctorBridge.F_torCompatibility' depends on axioms: [propext, Quot.sound]
'Mock2.Proposition15FunctorBridge.F_torCompatibility_apply' depends on axioms: [propext, Quot.sound]
'Mock2.Proposition15FunctorBridge.F_obstruction_gcd_compatibility' depends on axioms: [propext, Quot.sound]
'Mock2.Proposition15FunctorBridge.Proposition15FunctorBridgeCertificate' depends on axioms: [propext, Quot.sound]
'Mock2.Proposition15FunctorBridge.proposition15_functorBridge_certificate' depends on axioms: [propext, Quot.sound]
'Mock2.MathlibFreeFallback.PrincipalIdeal' does not depend on any axioms
'Mock2.MathlibFreeFallback.PredicateInter' does not depend on any axioms
'Mock2.MathlibFreeFallback.PredicateSum' does not depend on any axioms
'Mock2.MathlibFreeFallback.mem_PrincipalIdeal_iff' does not depend on any axioms
'Mock2.MathlibFreeFallback.mem_PredicateInter_iff' does not depend on any axioms
'Mock2.MathlibFreeFallback.mem_PredicateSum_iff' does not depend on any axioms
'Mock2.MathlibFreeFallback.PrincipalIdeal.zero_mem' depends on axioms: [propext]
'Mock2.MathlibFreeFallback.PrincipalIdeal.add_mem' depends on axioms: [propext]
'Mock2.MathlibFreeFallback.PrincipalIdeal.neg_mem' depends on axioms: [propext, Quot.sound]
'Mock2.MathlibFreeFallback.PrincipalIdeal.sub_mem' depends on axioms: [propext, Quot.sound]
'Mock2.MathlibFreeFallback.PredicateInter_comm_iff' depends on axioms: [propext]
'Mock2.MathlibFreeFallback.PredicateSum_comm_iff' depends on axioms: [propext]
'Mock2.MathlibFreeFallback.ModRel' does not depend on any axioms
'Mock2.MathlibFreeFallback.ModRel.refl' depends on axioms: [propext]
'Mock2.MathlibFreeFallback.ModRel.symm' depends on axioms: [propext, Quot.sound]
'Mock2.MathlibFreeFallback.ModRel.trans' depends on axioms: [propext]
'Mock2.MathlibFreeFallback.modSetoid' depends on axioms: [propext, Quot.sound]
'Mock2.MathlibFreeFallback.ZModLike' depends on axioms: [propext, Quot.sound]
'Mock2.MathlibFreeFallback.ZModLike.mk' depends on axioms: [propext, Quot.sound]
'Mock2.MathlibFreeFallback.ZModLike.zero' depends on axioms: [propext, Quot.sound]
'Mock2.MathlibFreeFallback.ZModLike.sound' depends on axioms: [propext, Quot.sound]
'Mock2.MathlibFreeFallback.ZModLike.exact' depends on axioms: [propext, Quot.sound]
'Mock2.MathlibFreeFallback.ZModLike.mk_eq_mk_iff' depends on axioms: [propext, Quot.sound]
'Mock2.MathlibFreeFallback.ZModLike.mulLeft' depends on axioms: [propext, Quot.sound]
'Mock2.MathlibFreeFallback.ZModLike.mulLeft_mk' depends on axioms: [propext, Quot.sound]
'Mock2.MathlibFreeFallback.ZModLike.mulLeft_mk_eq_zero_iff' depends on axioms: [propext, Quot.sound]
'Mock2.MathlibFreeFallback.Tor1CyclicModel' depends on axioms: [propext, Quot.sound]
'Mock2.MathlibFreeFallback.Tor1CyclicModel_kernel_iff' depends on axioms: [propext, Quot.sound]
'Mock2.MathlibFreeFallback.torElementOfRepresentative' depends on axioms: [propext, Quot.sound]
'Mock2.MathlibFreeFallback.RepresentativeCompatible' does not depend on any axioms
'Mock2.MathlibFreeFallback.RepresentativeKernel' does not depend on any axioms
'Mock2.MathlibFreeFallback.representative_exactness_iff' depends on axioms: [propext, Quot.sound]
'Mock2.MathlibFreeFallback.representativeKernel_of_compatible' depends on axioms: [propext, Quot.sound]
'Mock2.MathlibFreeFallback.representativeCompatible_of_kernel' depends on axioms: [propext, Quot.sound]
'Mock2.MathlibFreeFallback.FiniteCoverSheafData' depends on axioms: [propext, Classical.choice, Quot.sound]
'Mock2.MathlibFreeFallback.FiniteCoverSheafData.LocalFamily' depends on axioms: [propext, Classical.choice, Quot.sound]
'Mock2.MathlibFreeFallback.FiniteCoverSheafData.Compatible' depends on axioms: [propext, Classical.choice, Quot.sound]
'Mock2.MathlibFreeFallback.FiniteCoverSheafData.Equalizer' depends on axioms: [propext, Classical.choice, Quot.sound]
'Mock2.MathlibFreeFallback.FiniteCoverSheafData.restrictGlobal' depends on axioms: [propext,
 Classical.choice,
 Quot.sound]
'Mock2.MathlibFreeFallback.FiniteCoverSheafAxioms' depends on axioms: [propext, Classical.choice, Quot.sound]
'Mock2.MathlibFreeFallback.FiniteCoverSheafAxioms.globalToEqualizer' depends on axioms: [propext,
 Classical.choice,
 Quot.sound]
'Mock2.MathlibFreeFallback.FiniteCoverSheafAxioms.globalToEqualizer_val' depends on axioms: [propext,
 Classical.choice,
 Quot.sound]
'Mock2.MathlibFreeFallback.FiniteCoverSheafAxioms.glue_restrictGlobal' depends on axioms: [propext,
 Classical.choice,
 Quot.sound]
'Mock2.MathlibFreeFallback.FiniteCoverSheafAxioms.restrictGlobal_glue' depends on axioms: [propext,
 Classical.choice,
 Quot.sound]
'Mock2.MathlibFreeFallback.FiniteCoverSheafAxioms.globalSectionsEquivEqualizer' depends on axioms: [propext,
 Classical.choice,
 Quot.sound]
'Mock2.MathlibFreeFallback.FiniteCoverSheafAxioms.global_sections_equalizer_nonempty' depends on axioms: [propext,
 Classical.choice,
 Quot.sound]
'Mock2.MathlibFreeFallback.AbstractFormSheaf' does not depend on any axioms
'Mock2.MathlibFreeFallback.LocalCovariancePredicate' does not depend on any axioms
'Mock2.MathlibFreeFallback.RestrictionStableCovariance' does not depend on any axioms
'Mock2.MathlibFreeFallback.CovariantOneForm' does not depend on any axioms
'Mock2.MathlibFreeFallback.restrictCovariantOneForm' does not depend on any axioms
'Mock2.MathlibFreeFallback.restrictCovariantOneForm_val' does not depend on any axioms
'Mock2.MathlibFreeFallback.restrictCovariantOneForm_property' does not depend on any axioms
'Mock2.MathlibFreeFallback.restrictCovariantOneForm_id' does not depend on any axioms
'Mock2.MathlibFreeFallback.restrictCovariantOneForm_comp' does not depend on any axioms
'Mock2.MathlibFreeFallback.AbstractCurvatureOperations' does not depend on any axioms
'Mock2.MathlibFreeFallback.AbstractCurvatureOperations.curvature' does not depend on any axioms
'Mock2.MathlibFreeFallback.AbstractCurvatureOperations.curvature_formula' does not depend on any axioms
'Mock2.MathlibFreeFallback.AbstractCurvatureOperations.curvature_restrict' does not depend on any axioms
'Mock2.MathlibFreeFallback.ArithmeticFallbackCertificate' depends on axioms: [propext, Quot.sound]
'Mock2.MathlibFreeFallback.arithmeticFallback_certificate' depends on axioms: [propext, Quot.sound]
'Mock2.MathlibFreeFallback.FiniteCoverFallbackCertificate' depends on axioms: [propext, Classical.choice, Quot.sound]
'Mock2.MathlibFreeFallback.finiteCoverFallback_certificate' depends on axioms: [propext, Classical.choice, Quot.sound]
'Mock2.MathlibFreeFallback.CovarianceFallbackCertificate' does not depend on any axioms
'Mock2.MathlibFreeFallback.covarianceFallback_certificate' does not depend on any axioms
'Mock2.MathlibFreeFallback.CurvatureFallbackCertificate' does not depend on any axioms
'Mock2.MathlibFreeFallback.curvatureFallback_certificate' does not depend on any axioms
'Mock2.MathlibFreeFallback.FallbackCertificationBundle' depends on axioms: [propext, Classical.choice, Quot.sound]
'Mock2.MathlibFreeFallback.fallbackCertificationBundle' depends on axioms: [propext, Classical.choice, Quot.sound]
'Mock2.Proposition15ActualFunctor.ShEq' depends on axioms: [propext, Classical.choice, Quot.sound]
'Mock2.Proposition15ActualFunctor.ShEq.Hom' depends on axioms: [propext, Classical.choice, Quot.sound]
'Mock2.Proposition15ActualFunctor.ShEq.Hom.balancedMap' depends on axioms: [propext, Classical.choice, Quot.sound]
'Mock2.Proposition15ActualFunctor.ShEq.Hom.balancedMap_id' depends on axioms: [propext, Classical.choice, Quot.sound]
'Mock2.Proposition15ActualFunctor.ShEq.Hom.balancedMap_comp' depends on axioms: [propext, Classical.choice, Quot.sound]
'Mock2.Proposition15ActualFunctor.ShP' depends on axioms: [propext, Classical.choice, Quot.sound]
'Mock2.Proposition15ActualFunctor.ZeroPrimeLocalProfileModel.localSpectralProfile' depends on axioms: [propext,
 Classical.choice,
 Quot.sound]
'Mock2.Proposition15ActualFunctor.ZeroPrimeLocalProfileModel.existsUnique_normalized' depends on axioms: [propext,
 Classical.choice,
 Quot.sound]
'Mock2.Proposition15ActualFunctor.F' depends on axioms: [propext, Classical.choice, Quot.sound]
'Mock2.Proposition15ActualFunctor.F_zeroProfile_is_constructed_model' depends on axioms: [propext,
 Classical.choice,
 Quot.sound]
'Mock2.Proposition15ActualFunctor.F_zeroProfile_restrict_model' depends on axioms: [propext,
 Classical.choice,
 Quot.sound]
'Mock2.Proposition15ActualFunctor.F_map_zeroProfile_natural_model' depends on axioms: [propext,
 Classical.choice,
 Quot.sound]
'Mock2.Proposition15ActualFunctor.targetEqualizerForkIsLimit' depends on axioms: [propext, Classical.choice, Quot.sound]
'Mock2.Proposition15ActualFunctor.targetEqualizerIso' depends on axioms: [propext, Classical.choice, Quot.sound]
'Mock2.Proposition15ActualFunctor.constantSourceTorFunctor_model' depends on axioms: [propext,
 Classical.choice,
 Quot.sound]
'Mock2.Proposition15ActualFunctor.constantTargetTorFunctor_model' depends on axioms: [propext,
 Classical.choice,
 Quot.sound]
'Mock2.Proposition15ActualFunctor.constantTorComparisonIso_model' depends on axioms: [propext,
 Classical.choice,
 Quot.sound]
'Mock2.Proposition15ActualFunctor.constantTorNaturalitySquare_model' depends on axioms: [propext,
 Classical.choice,
 Quot.sound]
'Mock2.Proposition15ActualFunctor.definition14Source' depends on axioms: [propext, Classical.choice, Quot.sound]
'Mock2.Proposition15ActualFunctor.definition14Source_balancedSheaf' depends on axioms: [propext,
 Classical.choice,
 Quot.sound]
'Mock2.Proposition15ActualFunctor.definition14Target' depends on axioms: [propext, Classical.choice, Quot.sound]
'Mock2.Proposition15ActualFunctor.actualSource' depends on axioms: [propext, Classical.choice, Quot.sound]
'Mock2.Proposition15ActualFunctor.actualAqEquivBalanced' depends on axioms: [propext, Classical.choice, Quot.sound]
'Mock2.Proposition15ActualFunctor.proposition20KernelEquivActualSource' depends on axioms: [propext,
 Classical.choice,
 Quot.sound]
'Mock2.Proposition15ActualFunctor.StandaloneZeroProfileCertificate' depends on axioms: [propext,
 Classical.choice,
 Quot.sound]
'Mock2.Proposition15ActualFunctor.standaloneZeroProfile_certificate' depends on axioms: [propext,
 Classical.choice,
 Quot.sound]
'Mock2.Proposition15ActualFunctor.checklist_9_standalone_zeroProfile' depends on axioms: [propext,
 Classical.choice,
 Quot.sound]
'Mock2.PaperElementaryIntegration.tensorGaugePresheafOverX_zeroModel' depends on axioms: [propext,
 Classical.choice,
 Quot.sound]
'Mock2.PaperElementaryIntegration.tensorToActualQGauge_zeroModel' depends on axioms: [propext,
 Classical.choice,
 Quot.sound]
'Mock2.PaperElementaryIntegration.tensorToActualQGauge_zeroModel_natural' depends on axioms: [propext,
 Classical.choice,
 Quot.sound]
'Mock2.PaperElementaryIntegration.TensorToModularQGaugeBridge' depends on axioms: [propext,
 Classical.choice,
 Quot.sound]
'Mock2.PaperElementaryIntegration.TensorToModularQGaugeBridge.zeroModel' depends on axioms: [propext,
 Classical.choice,
 Quot.sound]
'Mock2.PaperElementaryIntegration.qGaugeToConnection_zeroModel' depends on axioms: [propext,
 Classical.choice,
 Quot.sound]
'Mock2.PaperElementaryIntegration.qGaugeEquivZeroModelConnectionImage' depends on axioms: [propext,
 Classical.choice,
 Quot.sound]
'Mock2.PaperElementaryIntegration.qGaugeToConnection_zeroModel_restrict' depends on axioms: [propext,
 Classical.choice,
 Quot.sound]
'Mock2.PaperElementaryIntegration.qGaugeToConnection_zeroModel_curvature_eq_zero' depends on axioms: [propext,
 Classical.choice,
 Quot.sound]
'Mock2.PaperElementaryIntegration.QGaugeDGARealization' depends on axioms: [propext, Classical.choice, Quot.sound]
'Mock2.PaperElementaryIntegration.QGaugeDGARealization.toConnection' depends on axioms: [propext,
 Classical.choice,
 Quot.sound]
'Mock2.PaperElementaryIntegration.QGaugeDGARealization.zeroModel' depends on axioms: [propext,
 Classical.choice,
 Quot.sound]
'Mock2.PaperElementaryIntegration.admissibleQGaugeConfiguration_zeroModel' depends on axioms: [propext,
 Classical.choice,
 Quot.sound]
'Mock2.PaperElementaryIntegration.actualAction_curvature_bridge' depends on axioms: [propext,
 Classical.choice,
 Quot.sound]
'Mock2.PaperElementaryIntegration.zeroH3_zeroModel' depends on axioms: [propext, Classical.choice, Quot.sound]
'Mock2.PaperElementaryIntegration.proposition19_zero_effective_zeroModel' depends on axioms: [propext,
 Classical.choice,
 Quot.sound]
'Mock2.PaperElementaryIntegration.PaperElementaryInputData' depends on axioms: [propext, Classical.choice, Quot.sound]
'Mock2.PaperElementaryIntegration.PaperElementaryModel' depends on axioms: [propext, Classical.choice, Quot.sound]
'Mock2.PaperElementaryIntegration.canonicalZeroBridgeModel' depends on axioms: [propext, Classical.choice, Quot.sound]
'Mock2.PaperElementaryIntegration.PaperElementaryConclusions' depends on axioms: [propext, Classical.choice, Quot.sound]
'Mock2.PaperElementaryIntegration.canonicalZeroBridgeModel_certificate' depends on axioms: [propext,
 Classical.choice,
 Quot.sound]
'Mock2.PaperElementaryIntegration.FallbackAliases.Tor1Model_model' does not depend on any axioms
'Mock2.PaperElementaryIntegration.FallbackAliases.qGaugeVariablesPresheaf_model' does not depend on any axioms
'Mock2.PaperElementaryIntegration.FallbackAliases.proposition20GlobalSectionsEquivEqualizer_conditional' depends on axioms: [propext,
 Classical.choice,
 Quot.sound]
'Mock2.PaperElementaryIntegration.FallbackAliases.prop16_Aq_is_sheaf_abstract' depends on axioms: [propext,
 Classical.choice,
 Quot.sound]
'Mock2.PaperElementaryIntegration.FallbackAliases.proposition15CopiedProfileFunctor_model' depends on axioms: [propext,
 Quot.sound]
'Mock2.PaperElementaryIntegration.FallbackAliases.proposition15TorCompatibility_model' depends on axioms: [propext,
 Quot.sound]
'Mock2.PaperElementaryIntegration.PaperMap.classification' does not depend on any axioms
'Mock2.PaperElementaryIntegration.PaperMap.traceRow' does not depend on any axioms
'Mock2.PaperElementaryIntegration.PaperMap.paperTrace' does not depend on any axioms
'Mock2.PaperElementaryIntegration.PaperMap.certificate' depends on axioms: [propext, Classical.choice, Quot.sound]
'Mock2.PaperElementaryIntegration.StaticAcceptanceCertificate' depends on axioms: [propext,
 Classical.choice,
 Quot.sound]
'Mock2.PaperElementaryIntegration.staticAcceptance_certificate' depends on axioms: [propext,
 Classical.choice,
 Quot.sound]
'Mock2.bridge_obstruction_matches_Tor1' depends on axioms: [propext, Classical.choice, Quot.sound]
