/home/runner/work/mathlib4/mathlib4/PrimalitySheafVerification/Mock2_Advanced.lean:6:0: warning: 
'Mathlib.Algebra.Exact' has been deprecated: please replace this import by

import Mathlib.Algebra.Exact.Basic
/home/runner/work/mathlib4/mathlib4/PrimalitySheafVerification/Mock2_Advanced.lean:6:0: warning: 
'Mathlib.Analysis.Normed.Operator.Compact' has been deprecated: please replace this import by

import Mathlib.Analysis.Normed.Operator.Compact.Basic
/home/runner/work/mathlib4/mathlib4/PrimalitySheafVerification/Mock2_Advanced.lean:570:4: warning: try 'simp' instead of 'simpa'

Note: This linter can be disabled with `set_option linter.unnecessarySimpa false`
/home/runner/work/mathlib4/mathlib4/PrimalitySheafVerification/Mock2_Advanced.lean:959:2: warning: try 'simp' instead of 'simpa'

Note: This linter can be disabled with `set_option linter.unnecessarySimpa false`
/home/runner/work/mathlib4/mathlib4/PrimalitySheafVerification/Mock2_Advanced.lean:972:2: warning: try 'simp' instead of 'simpa'

Note: This linter can be disabled with `set_option linter.unnecessarySimpa false`
/home/runner/work/mathlib4/mathlib4/PrimalitySheafVerification/Mock2_Advanced.lean:1281:34: warning: `Set.setOf_forall` has been deprecated: Use `Set.ofPred_forall` instead
/home/runner/work/mathlib4/mathlib4/PrimalitySheafVerification/Mock2_Advanced.lean:1379:0: warning: Definition `truncationCertificateOfCompact` is a proposition; use `theorem` instead of `def`

Note: This linter can be disabled with `set_option linter.defProp false`
/home/runner/work/mathlib4/mathlib4/PrimalitySheafVerification/Mock2_Advanced.lean:1458:25: warning: This simp argument is unused:
  Complex.normSq_eq_zero

Hint: Omit it from the simp argument list.
  [apply] simp [Function.support, continuousMassDensity, spectralActivitySet]

Note: This linter can be disabled with `set_option linter.unusedSimpArgs false`
/home/runner/work/mathlib4/mathlib4/PrimalitySheafVerification/Mock2_Advanced.lean:2288:26: warning: Variable name `hcover` is not explicitly referenced.

Hint: The binding can be removed (if unused) or named `_` (if used implicitly). Alternatively, prefix the name with `_` to silence this warning:
  [apply] _hcover

Note: This linter can be disabled with `set_option linter.unusedVariables false`
/home/runner/work/mathlib4/mathlib4/PrimalitySheafVerification/Mock2_Advanced.lean:2293:26: warning: Variable name `hcover` is not explicitly referenced.

Hint: The binding can be removed (if unused) or named `_` (if used implicitly). Alternatively, prefix the name with `_` to silence this warning:
  [apply] _hcover

Note: This linter can be disabled with `set_option linter.unusedVariables false`
/home/runner/work/mathlib4/mathlib4/PrimalitySheafVerification/Mock2_Advanced.lean:2707:4: warning: try 'simp' instead of 'simpa'

Note: This linter can be disabled with `set_option linter.unnecessarySimpa false`
/home/runner/work/mathlib4/mathlib4/PrimalitySheafVerification/Mock2_Advanced.lean:2712:4: warning: try 'simp' instead of 'simpa'

Note: This linter can be disabled with `set_option linter.unnecessarySimpa false`
/home/runner/work/mathlib4/mathlib4/PrimalitySheafVerification/Mock2_Advanced.lean:2866:26: warning: Variable name `hcover` is not explicitly referenced.

Hint: The binding can be removed (if unused) or named `_` (if used implicitly). Alternatively, prefix the name with `_` to silence this warning:
  [apply] _hcover

Note: This linter can be disabled with `set_option linter.unusedVariables false`
/home/runner/work/mathlib4/mathlib4/PrimalitySheafVerification/Mock2_Advanced.lean:2873:26: warning: Variable name `hcover` is not explicitly referenced.

Hint: The binding can be removed (if unused) or named `_` (if used implicitly). Alternatively, prefix the name with `_` to silence this warning:
  [apply] _hcover

Note: This linter can be disabled with `set_option linter.unusedVariables false`
/home/runner/work/mathlib4/mathlib4/PrimalitySheafVerification/Mock2_Advanced.lean:2938:10: warning: This simp argument is unused:
  IsGaugeCovariant

Hint: Omit it from the simp argument list.
  [apply] simp

Note: This linter can be disabled with `set_option linter.unusedSimpArgs false`
/home/runner/work/mathlib4/mathlib4/PrimalitySheafVerification/Mock2_Advanced.lean:3032:52: warning: Variable name `hVU` is not explicitly referenced.

Hint: The binding can be removed (if unused) or named `_` (if used implicitly). Alternatively, prefix the name with `_` to silence this warning:
  [apply] _hVU

Note: This linter can be disabled with `set_option linter.unusedVariables false`
/home/runner/work/mathlib4/mathlib4/PrimalitySheafVerification/Mock2_Advanced.lean:3168:61: warning: Variable name `hVU` is not explicitly referenced.

Hint: The binding can be removed (if unused) or named `_` (if used implicitly). Alternatively, prefix the name with `_` to silence this warning:
  [apply] _hVU

Note: This linter can be disabled with `set_option linter.unusedVariables false`
/home/runner/work/mathlib4/mathlib4/PrimalitySheafVerification/Mock2_Advanced.lean:3316:42: warning: This simp argument is unused:
  j

Hint: Omit it from the simp argument list.
  [apply] simp only [hxi, if_pos, glued, hxU]

Note: This linter can be disabled with `set_option linter.unusedSimpArgs false`
/home/runner/work/mathlib4/mathlib4/PrimalitySheafVerification/Mock2_Advanced.lean:4110:34: warning: `Set.mem_setOf_eq` has been deprecated: Use `Set.mem_ofPred_eq` instead
/home/runner/work/mathlib4/mathlib4/PrimalitySheafVerification/Mock2_Advanced.lean:4129:8: warning: Try `simp at hmem` instead of `simpa using hmem`

Note: This linter can be disabled with `set_option linter.unnecessarySimpa false`
/home/runner/work/mathlib4/mathlib4/PrimalitySheafVerification/Mock2_Advanced.lean:5051:27: warning: Try `simp at hlt` instead of `simpa using hlt`

Note: This linter can be disabled with `set_option linter.unnecessarySimpa false`
/home/runner/work/mathlib4/mathlib4/PrimalitySheafVerification/Mock2_Advanced.lean:5342:6: warning: 'ring' tactic does nothing

Note: This linter can be disabled with `set_option linter.unusedTactic false`
/home/runner/work/mathlib4/mathlib4/PrimalitySheafVerification/Mock2_Advanced.lean:5342:6: warning: this tactic is never executed

Note: This linter can be disabled with `set_option linter.unreachableTactic false`
/home/runner/work/mathlib4/mathlib4/PrimalitySheafVerification/Mock2_Advanced.lean:5720:10: warning: `ContinuousLinearMap.add_apply` has been deprecated: Use `add_apply` instead

Note: The updated constant is in a different namespace. Dot notation may need to be changed (e.g., from `x.add_apply` to `add_apply x`).
/home/runner/work/mathlib4/mathlib4/PrimalitySheafVerification/Mock2_Advanced.lean:6047:27: warning: Try `simp at ha` instead of `simpa using ha`

Note: This linter can be disabled with `set_option linter.unnecessarySimpa false`
/home/runner/work/mathlib4/mathlib4/PrimalitySheafVerification/Mock2_Advanced.lean:6062:27: warning: Try `simp at ha` instead of `simpa using ha`

Note: This linter can be disabled with `set_option linter.unnecessarySimpa false`
/home/runner/work/mathlib4/mathlib4/PrimalitySheafVerification/Mock2_Advanced.lean:6373:0: warning: Definition `globalPoincare_sq_def2_1` is a proposition; use `theorem` instead of `def`

Note: This linter can be disabled with `set_option linter.defProp false`
/home/runner/work/mathlib4/mathlib4/PrimalitySheafVerification/Mock2_Advanced.lean:6407:29: warning: This simp argument is unused:
  abelRemainder

Hint: Omit it from the simp argument list.
  [apply] simp [prefixSum]

Note: This linter can be disabled with `set_option linter.unusedSimpArgs false`
/home/runner/work/mathlib4/mathlib4/PrimalitySheafVerification/Mock2_Advanced.lean:6451:19: warning: Variable name `C` is not explicitly referenced.

Hint: The binding can be removed (if unused) or named `_` (if used implicitly). Alternatively, prefix the name with `_` to silence this warning:
  [apply] _C

Note: This linter can be disabled with `set_option linter.unusedVariables false`
/home/runner/work/mathlib4/mathlib4/PrimalitySheafVerification/Mock2_Advanced.lean:6560:0: warning: Definition `orderedKernel_and_bound_def2_2` is a proposition; use `theorem` instead of `def`

Note: This linter can be disabled with `set_option linter.defProp false`
/home/runner/work/mathlib4/mathlib4/PrimalitySheafVerification/Mock2_Advanced.lean:7132:4: warning: try 'simp' instead of 'simpa'

Note: This linter can be disabled with `set_option linter.unnecessarySimpa false`
/home/runner/work/mathlib4/mathlib4/PrimalitySheafVerification/Mock2_Advanced.lean:7137:41: warning: This simp argument is unused:
  hzero

Hint: Omit it from the simp argument list.
  [apply] simp [Function.comp_def]

Note: This linter can be disabled with `set_option linter.unusedSimpArgs false`
/home/runner/work/mathlib4/mathlib4/PrimalitySheafVerification/Mock2_Advanced.lean:7240:2: warning: try 'simp' instead of 'simpa'

Note: This linter can be disabled with `set_option linter.unnecessarySimpa false`
/home/runner/work/mathlib4/mathlib4/PrimalitySheafVerification/Mock2_Advanced.lean:7294:33: warning: Variable name `hT` is not explicitly referenced.

Hint: The binding can be removed (if unused) or named `_` (if used implicitly). Alternatively, prefix the name with `_` to silence this warning:
  [apply] _hT

Note: This linter can be disabled with `set_option linter.unusedVariables false`
/home/runner/work/mathlib4/mathlib4/PrimalitySheafVerification/Mock2_Advanced.lean:7400:26: warning: 'ring' tactic does nothing

Note: This linter can be disabled with `set_option linter.unusedTactic false`
/home/runner/work/mathlib4/mathlib4/PrimalitySheafVerification/Mock2_Advanced.lean:7400:26: warning: this tactic is never executed

Note: This linter can be disabled with `set_option linter.unreachableTactic false`
/home/runner/work/mathlib4/mathlib4/PrimalitySheafVerification/Mock2_Advanced.lean:7533:6: warning: `MeasureTheory.setIntegral_eq_of_subset_of_forall_diff_eq_zero` has been deprecated: Use `MeasureTheory.setIntegral_eq_of_subset_of_forall_sdiff_eq_zero` instead
/home/runner/work/mathlib4/mathlib4/PrimalitySheafVerification/Mock2_Advanced.lean:7564:43: warning: This simp argument is unused:
  id_eq

Hint: Omit it from the simp argument list.
  [apply] simp only [mul_one]

Note: This linter can be disabled with `set_option linter.unusedSimpArgs false`
/home/runner/work/mathlib4/mathlib4/PrimalitySheafVerification/Mock2_Advanced.lean:7575:43: warning: This simp argument is unused:
  id_eq

Hint: Omit it from the simp argument list.
  [apply] simp only [mul_one]

Note: This linter can be disabled with `set_option linter.unusedSimpArgs false`
/home/runner/work/mathlib4/mathlib4/PrimalitySheafVerification/Mock2_Advanced.lean:7660:12: warning: This simp argument is unused:
  hc

Hint: Omit it from the simp argument list.
  [apply] simp

Note: This linter can be disabled with `set_option linter.unusedSimpArgs false`
/home/runner/work/mathlib4/mathlib4/PrimalitySheafVerification/Mock2_Advanced.lean:7661:22: warning: Used `tac1 <;> tac2` where `(tac1; tac2)` would suffice

Note: This linter can be disabled with `set_option linter.unnecessarySeqFocus false`
/home/runner/work/mathlib4/mathlib4/PrimalitySheafVerification/Mock2_Advanced.lean:7689:26: warning: This simp argument is unused:
  Complex.ofReal_sin

Hint: Omit it from the simp argument list.
  [apply] simp only [neg_mul, Complex.ofReal_mul, Complex.ofReal_neg, Complex.cos_neg, Complex.sin_neg,
    Complex.ofReal_cos]

Note: This linter can be disabled with `set_option linter.unusedSimpArgs false`
/home/runner/work/mathlib4/mathlib4/PrimalitySheafVerification/Mock2_Advanced.lean:8836:14: warning: This simp argument is unused:
  norm_mul

Hint: Omit it from the simp argument list.
  [apply] simp [abs_of_nonneg (A.nonnegative t)]

Note: This linter can be disabled with `set_option linter.unusedSimpArgs false`
/home/runner/work/mathlib4/mathlib4/PrimalitySheafVerification/Mock2_Advanced.lean:8876:14: warning: This simp argument is unused:
  norm_mul

Hint: Omit it from the simp argument list.
  [apply] simp [abs_of_nonneg (A.nonnegative t)]

Note: This linter can be disabled with `set_option linter.unusedSimpArgs false`
/home/runner/work/mathlib4/mathlib4/PrimalitySheafVerification/Mock2_Advanced.lean:10039:8: warning: `tendsto_finset_sum` has been deprecated: Use `tendsto_finsetSum` instead
/home/runner/work/mathlib4/mathlib4/PrimalitySheafVerification/Mock2_Advanced.lean:10067:52: warning: Used `tac1 <;> tac2` where `(tac1; tac2)` would suffice

Note: This linter can be disabled with `set_option linter.unnecessarySeqFocus false`
/home/runner/work/mathlib4/mathlib4/PrimalitySheafVerification/Mock2_Advanced.lean:10095:31: warning: Used `tac1 <;> tac2` where `(tac1; tac2)` would suffice

Note: This linter can be disabled with `set_option linter.unnecessarySeqFocus false`
/home/runner/work/mathlib4/mathlib4/PrimalitySheafVerification/Mock2_Advanced.lean:10387:5: warning: Variable name `D` is not explicitly referenced.

Hint: The binding can be removed (if unused) or named `_` (if used implicitly). Alternatively, prefix the name with `_` to silence this warning:
  [apply] _D

Note: This linter can be disabled with `set_option linter.unusedVariables false`
/home/runner/work/mathlib4/mathlib4/PrimalitySheafVerification/Mock2_Advanced.lean:10493:6: warning: `MeasureTheory.integral_finset_sum` has been deprecated: Use `MeasureTheory.integral_finsetSum` instead
/home/runner/work/mathlib4/mathlib4/PrimalitySheafVerification/Mock2_Advanced.lean:10569:2: warning: Try this: 
  letI̵

The goal is a proposition, so `let` is preferred over `letI`.
The difference between `let` and `letI` is that `letI` inlines the value.
But this is not relevant for proofs because of proof irrelevance.

Note: This linter can be disabled with `set_option linter.style.haveILetI false`
/home/runner/work/mathlib4/mathlib4/PrimalitySheafVerification/Mock2_Advanced.lean:10589:6: warning: Try this: 
  letI̵

The goal is a proposition, so `let` is preferred over `letI`.
The difference between `let` and `letI` is that `letI` inlines the value.
But this is not relevant for proofs because of proof irrelevance.

Note: This linter can be disabled with `set_option linter.style.haveILetI false`
/home/runner/work/mathlib4/mathlib4/PrimalitySheafVerification/Mock2_Advanced.lean:10730:2: warning: `MeasureTheory.integral_finset_sum` has been deprecated: Use `MeasureTheory.integral_finsetSum` instead
/home/runner/work/mathlib4/mathlib4/PrimalitySheafVerification/Mock2_Advanced.lean:10914:20: warning: This simp argument is unused:
  Real.norm_eq_abs

Hint: Omit it from the simp argument list.
  [apply] simp [kernel, abs_of_nonneg hi]

Note: This linter can be disabled with `set_option linter.unusedSimpArgs false`
/home/runner/work/mathlib4/mathlib4/PrimalitySheafVerification/Mock2_Advanced.lean:10914:38: warning: This simp argument is unused:
  abs_of_nonneg hi

Hint: Omit it from the simp argument list.
  [apply] simp [kernel, Real.norm_eq_abs]

Note: This linter can be disabled with `set_option linter.unusedSimpArgs false`
/home/runner/work/mathlib4/mathlib4/PrimalitySheafVerification/Mock2_Advanced.lean:10981:26: warning: 'ring' tactic does nothing

Note: This linter can be disabled with `set_option linter.unusedTactic false`
/home/runner/work/mathlib4/mathlib4/PrimalitySheafVerification/Mock2_Advanced.lean:10981:26: warning: this tactic is never executed

Note: This linter can be disabled with `set_option linter.unreachableTactic false`
/home/runner/work/mathlib4/mathlib4/PrimalitySheafVerification/Mock2_Advanced.lean:11705:4: warning: try 'simp' instead of 'simpa'

Note: This linter can be disabled with `set_option linter.unnecessarySimpa false`
/home/runner/work/mathlib4/mathlib4/PrimalitySheafVerification/Mock2_Advanced.lean:11708:4: warning: try 'simp' instead of 'simpa'

Note: This linter can be disabled with `set_option linter.unnecessarySimpa false`
/home/runner/work/mathlib4/mathlib4/PrimalitySheafVerification/Mock2_Advanced.lean:11848:8: warning: Try `simp at hvnorm` instead of `simpa using hvnorm`

Note: This linter can be disabled with `set_option linter.unnecessarySimpa false`
/home/runner/work/mathlib4/mathlib4/PrimalitySheafVerification/Mock2_Advanced.lean:11850:6: warning: try 'simp' instead of 'simpa'

Note: This linter can be disabled with `set_option linter.unnecessarySimpa false`
/home/runner/work/mathlib4/mathlib4/PrimalitySheafVerification/Mock2_Advanced.lean:11914:8: warning: Variable name `x` is not explicitly referenced.

Hint: The binding can be removed (if unused) or named `_` (if used implicitly). Alternatively, prefix the name with `_` to silence this warning:
  [apply] _x

Note: This linter can be disabled with `set_option linter.unusedVariables false`
/home/runner/work/mathlib4/mathlib4/PrimalitySheafVerification/Mock2_Advanced.lean:11948:8: warning: This simp argument is unused:
  GlobalPoincare.PoincareEstimate

Hint: Omit it from the simp argument list.
  [apply] simp

Note: This linter can be disabled with `set_option linter.unusedSimpArgs false`
/home/runner/work/mathlib4/mathlib4/PrimalitySheafVerification/Mock2_Advanced.lean:11970:32: warning: Variable name `hB` is not explicitly referenced.

Hint: The binding can be removed (if unused) or named `_` (if used implicitly). Alternatively, prefix the name with `_` to silence this warning:
  [apply] _hB

Note: This linter can be disabled with `set_option linter.unusedVariables false`
/home/runner/work/mathlib4/mathlib4/PrimalitySheafVerification/Mock2_Advanced.lean:12776:10: warning: This simp argument is unused:
  GlobalPoincare.PoincareEstimate

Hint: Omit it from the simp argument list.
  [apply] simp

Note: This linter can be disabled with `set_option linter.unusedSimpArgs false`
/home/runner/work/mathlib4/mathlib4/PrimalitySheafVerification/Mock2_Advanced.lean:13868:10: warning: 'ring' tactic does nothing

Note: This linter can be disabled with `set_option linter.unusedTactic false`
/home/runner/work/mathlib4/mathlib4/PrimalitySheafVerification/Mock2_Advanced.lean:13868:10: warning: this tactic is never executed

Note: This linter can be disabled with `set_option linter.unreachableTactic false`
/home/runner/work/mathlib4/mathlib4/PrimalitySheafVerification/Mock2_Advanced.lean:14804:8: warning: try 'simp' instead of 'simpa'

Note: This linter can be disabled with `set_option linter.unnecessarySimpa false`
/home/runner/work/mathlib4/mathlib4/PrimalitySheafVerification/Mock2_Advanced.lean:14814:8: warning: try 'simp' instead of 'simpa'

Note: This linter can be disabled with `set_option linter.unnecessarySimpa false`
/home/runner/work/mathlib4/mathlib4/PrimalitySheafVerification/Mock2_Advanced.lean:14934:4: warning: Try `simp at hvalue` instead of `simpa using hvalue`

Note: This linter can be disabled with `set_option linter.unnecessarySimpa false`
/home/runner/work/mathlib4/mathlib4/PrimalitySheafVerification/Mock2_Advanced.lean:15137:4: warning: Try `simp at hfirst` instead of `simpa using hfirst`

Note: This linter can be disabled with `set_option linter.unnecessarySimpa false`
/home/runner/work/mathlib4/mathlib4/PrimalitySheafVerification/Mock2_Advanced.lean:15608:4: warning: try 'simp' instead of 'simpa'

Note: This linter can be disabled with `set_option linter.unnecessarySimpa false`
/home/runner/work/mathlib4/mathlib4/PrimalitySheafVerification/Mock2_Advanced.lean:15639:68: warning: Used `tac1 <;> tac2` where `(tac1; tac2)` would suffice

Note: This linter can be disabled with `set_option linter.unnecessarySeqFocus false`
/home/runner/work/mathlib4/mathlib4/PrimalitySheafVerification/Mock2_Advanced.lean:15685:10: warning: `ext` did not consume the patterns `z`

Note: This linter can be disabled with `set_option linter.unusedRCasesPattern false`
/home/runner/work/mathlib4/mathlib4/PrimalitySheafVerification/Mock2_Advanced.lean:15740:19: warning: This simp argument is unused:
  Category.id_comp

Hint: Omit it from the simp argument list.
  [apply] simp only [Category.comp_id]

Note: This linter can be disabled with `set_option linter.unusedSimpArgs false`
/home/runner/work/mathlib4/mathlib4/PrimalitySheafVerification/Mock2_Advanced.lean:15740:37: warning: This simp argument is unused:
  Category.comp_id

Hint: Omit it from the simp argument list.
  [apply] simp only [Category.id_comp]

Note: This linter can be disabled with `set_option linter.unusedSimpArgs false`
/home/runner/work/mathlib4/mathlib4/PrimalitySheafVerification/Mock2_Advanced.lean:15743:19: warning: This simp argument is unused:
  Category.id_comp

Hint: Omit it from the simp argument list.
  [apply] simp only [Category.comp_id]

Note: This linter can be disabled with `set_option linter.unusedSimpArgs false`
/home/runner/work/mathlib4/mathlib4/PrimalitySheafVerification/Mock2_Advanced.lean:15743:37: warning: This simp argument is unused:
  Category.comp_id

Hint: Omit it from the simp argument list.
  [apply] simp only [Category.id_comp]

Note: This linter can be disabled with `set_option linter.unusedSimpArgs false`
/home/runner/work/mathlib4/mathlib4/PrimalitySheafVerification/Mock2_Advanced.lean:15810:2: warning: Try this: 
  letI̵

The goal is a proposition, so `let` is preferred over `letI`.
The difference between `let` and `letI` is that `letI` inlines the value.
But this is not relevant for proofs because of proof irrelevance.

Note: This linter can be disabled with `set_option linter.style.haveILetI false`
/home/runner/work/mathlib4/mathlib4/PrimalitySheafVerification/Mock2_Advanced.lean:15871:6: warning: `ext` did not consume the patterns `z`

Note: This linter can be disabled with `set_option linter.unusedRCasesPattern false`
/home/runner/work/mathlib4/mathlib4/PrimalitySheafVerification/Mock2_Advanced.lean:15872:38: warning: This simp argument is unused:
  smul_eq_mul

Hint: Omit it from the simp argument list.
  [apply] simp [cyclicResolutionDifferential]

Note: This linter can be disabled with `set_option linter.unusedSimpArgs false`
/home/runner/work/mathlib4/mathlib4/PrimalitySheafVerification/Mock2_Advanced.lean:16024:2: warning: Try this: 
  letI̵

The goal is a proposition, so `let` is preferred over `letI`.
The difference between `let` and `letI` is that `letI` inlines the value.
But this is not relevant for proofs because of proof irrelevance.

Note: This linter can be disabled with `set_option linter.style.haveILetI false`
/home/runner/work/mathlib4/mathlib4/PrimalitySheafVerification/Mock2_Advanced.lean:16025:2: warning: Try this: 
  letI̵

The goal is a proposition, so `let` is preferred over `letI`.
The difference between `let` and `letI` is that `letI` inlines the value.
But this is not relevant for proofs because of proof irrelevance.

Note: This linter can be disabled with `set_option linter.style.haveILetI false`
/home/runner/work/mathlib4/mathlib4/PrimalitySheafVerification/Mock2_Advanced.lean:16262:8: warning: This simp argument is unused:
  Real.volume_Ioc

Hint: Omit it from the simp argument list.
  [apply] simp

Note: This linter can be disabled with `set_option linter.unusedSimpArgs false`
/home/runner/work/mathlib4/mathlib4/PrimalitySheafVerification/Mock2_Advanced.lean:16346:25: warning: This simp argument is unused:
  spectralData

Hint: Omit it from the simp argument list.
  [apply] simp [rankinSelbergTruncatedMass, rankinSelbergTruncatedMassAtCusp, rankinSelbergFamily, smoothTest,
    symmetricRealExhaustion, Gamma2Cusp.card_eq, nsmul_eq_mul]

Note: This linter can be disabled with `set_option linter.unusedSimpArgs false`
/home/runner/work/mathlib4/mathlib4/PrimalitySheafVerification/Mock2_Advanced.lean:16392:7: warning: Variable name `m` is not explicitly referenced.

Hint: The binding can be removed (if unused) or named `_` (if used implicitly). Alternatively, prefix the name with `_` to silence this warning:
  [apply] _m

Note: This linter can be disabled with `set_option linter.unusedVariables false`
/home/runner/work/mathlib4/mathlib4/PrimalitySheafVerification/Mock2_Advanced.lean:16392:15: warning: Variable name `k` is not explicitly referenced.

Hint: The binding can be removed (if unused) or named `_` (if used implicitly). Alternatively, prefix the name with `_` to silence this warning:
  [apply] _k

Note: This linter can be disabled with `set_option linter.unusedVariables false`
/home/runner/work/mathlib4/mathlib4/PrimalitySheafVerification/Mock2_Advanced.lean:16411:23: warning: This simp argument is unused:
  integral_const_mul

Hint: Omit it from the simp argument list.
  [apply] simp [productKernel, integral_mul_const]

Note: This linter can be disabled with `set_option linter.unusedSimpArgs false`
/home/runner/work/mathlib4/mathlib4/PrimalitySheafVerification/Mock2_Advanced.lean:16732:8: warning: `continuous_finset_sum` has been deprecated: Use `continuous_finsetSum` instead
/home/runner/work/mathlib4/mathlib4/PrimalitySheafVerification/Mock2_Advanced.lean:16754:13: warning: 'ring' tactic does nothing

Note: This linter can be disabled with `set_option linter.unusedTactic false`
/home/runner/work/mathlib4/mathlib4/PrimalitySheafVerification/Mock2_Advanced.lean:16754:13: warning: this tactic is never executed

Note: This linter can be disabled with `set_option linter.unreachableTactic false`
/home/runner/work/mathlib4/mathlib4/PrimalitySheafVerification/Mock2_Advanced.lean:16827:12: warning: `intervalIntegral.integral_finset_sum` has been deprecated: Use `intervalIntegral.integral_finsetSum` instead
/home/runner/work/mathlib4/mathlib4/PrimalitySheafVerification/Mock2_Advanced.lean:16829:13: warning: `continuous_finset_sum` has been deprecated: Use `continuous_finsetSum` instead
/home/runner/work/mathlib4/mathlib4/PrimalitySheafVerification/Mock2_Advanced.lean:16835:12: warning: `intervalIntegral.integral_finset_sum` has been deprecated: Use `intervalIntegral.integral_finsetSum` instead
/home/runner/work/mathlib4/mathlib4/PrimalitySheafVerification/Mock2_Advanced.lean:16995:0: warning: automatically included section variable(s) unused in theorem `Mock2Adv.CorrectedLemmas.ConcreteGraphCompletion.derivativeMap_fst`:
  [CompleteSpace HR]
  [CompleteSpace HL]
consider restructuring your `variable` declarations so that the variables are not in scope or explicitly omit them:
  omit [CompleteSpace HR] [CompleteSpace HL] in theorem ...

Note: This linter can be disabled with `set_option linter.unusedSectionVars false`
/home/runner/work/mathlib4/mathlib4/PrimalitySheafVerification/Mock2_Advanced.lean:17001:0: warning: automatically included section variable(s) unused in theorem `Mock2Adv.CorrectedLemmas.ConcreteGraphCompletion.derivativeMap_snd`:
  [CompleteSpace HR]
  [CompleteSpace HL]
consider restructuring your `variable` declarations so that the variables are not in scope or explicitly omit them:
  omit [CompleteSpace HR] [CompleteSpace HL] in theorem ...

Note: This linter can be disabled with `set_option linter.unusedSectionVars false`
/home/runner/work/mathlib4/mathlib4/PrimalitySheafVerification/Mock2_Advanced.lean:17007:0: warning: automatically included section variable(s) unused in theorem `Mock2Adv.CorrectedLemmas.ConcreteGraphCompletion.graphMap_fst`:
  [CompleteSpace H0]
  [CompleteSpace HR]
  [CompleteSpace HL]
consider restructuring your `variable` declarations so that the variables are not in scope or explicitly omit them:
  omit [CompleteSpace H0] [CompleteSpace HR] [CompleteSpace HL] in theorem ...

Note: This linter can be disabled with `set_option linter.unusedSectionVars false`
/home/runner/work/mathlib4/mathlib4/PrimalitySheafVerification/Mock2_Advanced.lean:17013:0: warning: automatically included section variable(s) unused in theorem `Mock2Adv.CorrectedLemmas.ConcreteGraphCompletion.graphMap_snd_fst`:
  [CompleteSpace H0]
  [CompleteSpace HR]
  [CompleteSpace HL]
consider restructuring your `variable` declarations so that the variables are not in scope or explicitly omit them:
  omit [CompleteSpace H0] [CompleteSpace HR] [CompleteSpace HL] in theorem ...

Note: This linter can be disabled with `set_option linter.unusedSectionVars false`
/home/runner/work/mathlib4/mathlib4/PrimalitySheafVerification/Mock2_Advanced.lean:17019:0: warning: automatically included section variable(s) unused in theorem `Mock2Adv.CorrectedLemmas.ConcreteGraphCompletion.graphMap_snd_snd`:
  [CompleteSpace H0]
  [CompleteSpace HR]
  [CompleteSpace HL]
consider restructuring your `variable` declarations so that the variables are not in scope or explicitly omit them:
  omit [CompleteSpace H0] [CompleteSpace HR] [CompleteSpace HL] in theorem ...

Note: This linter can be disabled with `set_option linter.unusedSectionVars false`
/home/runner/work/mathlib4/mathlib4/PrimalitySheafVerification/Mock2_Advanced.lean:17026:0: warning: automatically included section variable(s) unused in theorem `Mock2Adv.CorrectedLemmas.ConcreteGraphCompletion.graphMap_norm_sq`:
  [CompleteSpace H0]
  [CompleteSpace HR]
  [CompleteSpace HL]
consider restructuring your `variable` declarations so that the variables are not in scope or explicitly omit them:
  omit [CompleteSpace H0] [CompleteSpace HR] [CompleteSpace HL] in theorem ...

Note: This linter can be disabled with `set_option linter.unusedSectionVars false`
/home/runner/work/mathlib4/mathlib4/PrimalitySheafVerification/Mock2_Advanced.lean:17060:0: warning: automatically included section variable(s) unused in theorem `Mock2Adv.CorrectedLemmas.ConcreteGraphCompletion.graphCore_le_graphSobolev`:
  [CompleteSpace H0]
  [CompleteSpace HR]
  [CompleteSpace HL]
consider restructuring your `variable` declarations so that the variables are not in scope or explicitly omit them:
  omit [CompleteSpace H0] [CompleteSpace HR] [CompleteSpace HL] in theorem ...

Note: This linter can be disabled with `set_option linter.unusedSectionVars false`
/home/runner/work/mathlib4/mathlib4/PrimalitySheafVerification/Mock2_Advanced.lean:17065:0: warning: automatically included section variable(s) unused in theorem `Mock2Adv.CorrectedLemmas.ConcreteGraphCompletion.isClosed_graphSobolev`:
  [CompleteSpace H0]
  [CompleteSpace HR]
  [CompleteSpace HL]
consider restructuring your `variable` declarations so that the variables are not in scope or explicitly omit them:
  omit [CompleteSpace H0] [CompleteSpace HR] [CompleteSpace HL] in theorem ...

Note: This linter can be disabled with `set_option linter.unusedSectionVars false`
/home/runner/work/mathlib4/mathlib4/PrimalitySheafVerification/Mock2_Advanced.lean:17158:0: warning: automatically included section variable(s) unused in theorem `Mock2Adv.CorrectedLemmas.ClosableGraphBridge.CommonCoreOperators.jointPMap_domain`:
  [CompleteSpace H0]
  [CompleteSpace HR]
  [CompleteSpace HL]
consider restructuring your `variable` declarations so that the variables are not in scope or explicitly omit them:
  omit [CompleteSpace H0] [CompleteSpace HR] [CompleteSpace HL] in theorem ...

Note: This linter can be disabled with `set_option linter.unusedSectionVars false`
/home/runner/work/mathlib4/mathlib4/PrimalitySheafVerification/Mock2_Advanced.lean:17164:0: warning: automatically included section variable(s) unused in theorem `Mock2Adv.CorrectedLemmas.ClosableGraphBridge.CommonCoreOperators.jointPMap_fst`:
  [CompleteSpace H0]
  [CompleteSpace HR]
  [CompleteSpace HL]
consider restructuring your `variable` declarations so that the variables are not in scope or explicitly omit them:
  omit [CompleteSpace H0] [CompleteSpace HR] [CompleteSpace HL] in theorem ...

Note: This linter can be disabled with `set_option linter.unusedSectionVars false`
/home/runner/work/mathlib4/mathlib4/PrimalitySheafVerification/Mock2_Advanced.lean:17171:0: warning: automatically included section variable(s) unused in theorem `Mock2Adv.CorrectedLemmas.ClosableGraphBridge.CommonCoreOperators.jointPMap_snd`:
  [CompleteSpace H0]
  [CompleteSpace HR]
  [CompleteSpace HL]
consider restructuring your `variable` declarations so that the variables are not in scope or explicitly omit them:
  omit [CompleteSpace H0] [CompleteSpace HR] [CompleteSpace HL] in theorem ...

Note: This linter can be disabled with `set_option linter.unusedSectionVars false`
/home/runner/work/mathlib4/mathlib4/PrimalitySheafVerification/Mock2_Advanced.lean:17177:0: warning: automatically included section variable(s) unused in theorem `Mock2Adv.CorrectedLemmas.ClosableGraphBridge.CommonCoreOperators.dense_jointPMap_domain`:
  [CompleteSpace H0]
  [CompleteSpace HR]
  [CompleteSpace HL]
consider restructuring your `variable` declarations so that the variables are not in scope or explicitly omit them:
  omit [CompleteSpace H0] [CompleteSpace HR] [CompleteSpace HL] in theorem ...

Note: This linter can be disabled with `set_option linter.unusedSectionVars false`
/home/runner/work/mathlib4/mathlib4/PrimalitySheafVerification/Mock2_Advanced.lean:17204:0: warning: automatically included section variable(s) unused in theorem `Mock2Adv.CorrectedLemmas.ClosableGraphBridge.mem_transportedGraph_iff`:
  [CompleteSpace H0]
  [CompleteSpace HR]
  [CompleteSpace HL]
consider restructuring your `variable` declarations so that the variables are not in scope or explicitly omit them:
  omit [CompleteSpace H0] [CompleteSpace HR] [CompleteSpace HL] in theorem ...

Note: This linter can be disabled with `set_option linter.unusedSectionVars false`
/home/runner/work/mathlib4/mathlib4/PrimalitySheafVerification/Mock2_Advanced.lean:17211:0: warning: automatically included section variable(s) unused in theorem `Mock2Adv.CorrectedLemmas.ClosableGraphBridge.isClosed_graphCompletion`:
  [CompleteSpace H0]
  [CompleteSpace HR]
  [CompleteSpace HL]
consider restructuring your `variable` declarations so that the variables are not in scope or explicitly omit them:
  omit [CompleteSpace H0] [CompleteSpace HR] [CompleteSpace HL] in theorem ...

Note: This linter can be disabled with `set_option linter.unusedSectionVars false`
/home/runner/work/mathlib4/mathlib4/PrimalitySheafVerification/Mock2_Advanced.lean:17218:0: warning: automatically included section variable(s) unused in theorem `Mock2Adv.CorrectedLemmas.ClosableGraphBridge.isClosed_transportedGraph_of_isClosed`:
  [CompleteSpace H0]
  [CompleteSpace HR]
  [CompleteSpace HL]
consider restructuring your `variable` declarations so that the variables are not in scope or explicitly omit them:
  omit [CompleteSpace H0] [CompleteSpace HR] [CompleteSpace HL] in theorem ...

Note: This linter can be disabled with `set_option linter.unusedSectionVars false`
/home/runner/work/mathlib4/mathlib4/PrimalitySheafVerification/Mock2_Advanced.lean:17231:0: warning: automatically included section variable(s) unused in theorem `Mock2Adv.CorrectedLemmas.ClosableGraphBridge.transportedGraph_le_closureGraph`:
  [CompleteSpace H0]
  [CompleteSpace HR]
  [CompleteSpace HL]
consider restructuring your `variable` declarations so that the variables are not in scope or explicitly omit them:
  omit [CompleteSpace H0] [CompleteSpace HR] [CompleteSpace HL] in theorem ...

Note: This linter can be disabled with `set_option linter.unusedSectionVars false`
/home/runner/work/mathlib4/mathlib4/PrimalitySheafVerification/Mock2_Advanced.lean:17253:0: warning: automatically included section variable(s) unused in theorem `Mock2Adv.CorrectedLemmas.ClosableGraphBridge.graphCompletion_eq_transportedClosureGraph`:
  [CompleteSpace H0]
  [CompleteSpace HR]
  [CompleteSpace HL]
consider restructuring your `variable` declarations so that the variables are not in scope or explicitly omit them:
  omit [CompleteSpace H0] [CompleteSpace HR] [CompleteSpace HL] in theorem ...

Note: This linter can be disabled with `set_option linter.unusedSectionVars false`
/home/runner/work/mathlib4/mathlib4/PrimalitySheafVerification/Mock2_Advanced.lean:17316:0: warning: automatically included section variable(s) unused in theorem `Mock2Adv.CorrectedLemmas.ClosableGraphBridge.closureDomainGraphPoint_fst`:
  [CompleteSpace H0]
  [CompleteSpace HR]
  [CompleteSpace HL]
consider restructuring your `variable` declarations so that the variables are not in scope or explicitly omit them:
  omit [CompleteSpace H0] [CompleteSpace HR] [CompleteSpace HL] in theorem ...

Note: This linter can be disabled with `set_option linter.unusedSectionVars false`
/home/runner/work/mathlib4/mathlib4/PrimalitySheafVerification/Mock2_Advanced.lean:17323:0: warning: automatically included section variable(s) unused in theorem `Mock2Adv.CorrectedLemmas.ClosableGraphBridge.closureDomainGraphPoint_snd`:
  [CompleteSpace H0]
  [CompleteSpace HR]
  [CompleteSpace HL]
consider restructuring your `variable` declarations so that the variables are not in scope or explicitly omit them:
  omit [CompleteSpace H0] [CompleteSpace HR] [CompleteSpace HL] in theorem ...

Note: This linter can be disabled with `set_option linter.unusedSectionVars false`
/home/runner/work/mathlib4/mathlib4/PrimalitySheafVerification/Mock2_Advanced.lean:17335:2: warning: try 'simp' instead of 'simpa'

Note: This linter can be disabled with `set_option linter.unnecessarySimpa false`
/home/runner/work/mathlib4/mathlib4/PrimalitySheafVerification/Mock2_Advanced.lean:17387:23: warning: This simp argument is unused:
  closureDomainGraphPoint_snd

Hint: Omit it from the simp argument list.
  [apply] simp only [closureDomainToGraphCompletion, LinearMap.coe_mk, AddHom.coe_mk]

Note: This linter can be disabled with `set_option linter.unusedSimpArgs false`
/home/runner/work/mathlib4/mathlib4/PrimalitySheafVerification/Mock2_Advanced.lean:17484:0: warning: automatically included section variable(s) unused in theorem `Mock2Adv.CorrectedLemmas.ClosableGraphBridge.graphCompletion_norm_sq`:
  [CompleteSpace H0]
  [CompleteSpace HR]
  [CompleteSpace HL]
consider restructuring your `variable` declarations so that the variables are not in scope or explicitly omit them:
  omit [CompleteSpace H0] [CompleteSpace HR] [CompleteSpace HL] in theorem ...

Note: This linter can be disabled with `set_option linter.unusedSectionVars false`
/home/runner/work/mathlib4/mathlib4/PrimalitySheafVerification/Mock2_Advanced.lean:17544:0: warning: automatically included section variable(s) unused in theorem `Mock2Adv.CorrectedLemmas.ClosableGraphBridge.ambientToData_apply`:
  [CompleteSpace H0]
  [CompleteSpace HR]
  [CompleteSpace HL]
consider restructuring your `variable` declarations so that the variables are not in scope or explicitly omit them:
  omit [CompleteSpace H0] [CompleteSpace HR] [CompleteSpace HL] in theorem ...

Note: This linter can be disabled with `set_option linter.unusedSectionVars false`
/home/runner/work/mathlib4/mathlib4/PrimalitySheafVerification/Mock2_Advanced.lean:17551:0: warning: automatically included section variable(s) unused in theorem `Mock2Adv.CorrectedLemmas.ClosableGraphBridge.ambientToData_add`:
  [CompleteSpace H0]
  [CompleteSpace HR]
  [CompleteSpace HL]
consider restructuring your `variable` declarations so that the variables are not in scope or explicitly omit them:
  omit [CompleteSpace H0] [CompleteSpace HR] [CompleteSpace HL] in theorem ...

Note: This linter can be disabled with `set_option linter.unusedSectionVars false`
/home/runner/work/mathlib4/mathlib4/PrimalitySheafVerification/Mock2_Advanced.lean:17566:0: warning: automatically included section variable(s) unused in theorem `Mock2Adv.CorrectedLemmas.ClosableGraphBridge.ambientToData_smul`:
  [CompleteSpace H0]
  [CompleteSpace HR]
  [CompleteSpace HL]
consider restructuring your `variable` declarations so that the variables are not in scope or explicitly omit them:
  omit [CompleteSpace H0] [CompleteSpace HR] [CompleteSpace HL] in theorem ...

Note: This linter can be disabled with `set_option linter.unusedSectionVars false`
/home/runner/work/mathlib4/mathlib4/PrimalitySheafVerification/Mock2_Advanced.lean:17592:0: warning: automatically included section variable(s) unused in theorem `Mock2Adv.CorrectedLemmas.ClosableGraphBridge.ambientToData_injective_of_denseRange`:
  [CompleteSpace H0]
  [CompleteSpace HR]
  [CompleteSpace HL]
consider restructuring your `variable` declarations so that the variables are not in scope or explicitly omit them:
  omit [CompleteSpace H0] [CompleteSpace HR] [CompleteSpace HL] in theorem ...

Note: This linter can be disabled with `set_option linter.unusedSectionVars false`
/home/runner/work/mathlib4/mathlib4/PrimalitySheafVerification/Mock2_Advanced.lean:17641:0: warning: automatically included section variable(s) unused in theorem `Mock2Adv.CorrectedLemmas.ClosableGraphBridge.isClosable_of_formalAdjoint_dense`:
  [CompleteSpace H0]
consider restructuring your `variable` declarations so that the variables are not in scope or explicitly omit them:
  omit [CompleteSpace H0] in theorem ...

Note: This linter can be disabled with `set_option linter.unusedSectionVars false`
/home/runner/work/mathlib4/mathlib4/PrimalitySheafVerification/Mock2_Advanced.lean:17869:2: warning: try 'simp' instead of 'simpa'

Note: This linter can be disabled with `set_option linter.unnecessarySimpa false`
/home/runner/work/mathlib4/mathlib4/PrimalitySheafVerification/Mock2_Advanced.lean:17937:31: warning: Used `tac1 <;> tac2` where `(tac1; tac2)` would suffice

Note: This linter can be disabled with `set_option linter.unnecessarySeqFocus false`
/home/runner/work/mathlib4/mathlib4/PrimalitySheafVerification/Mock2_Advanced.lean:18132:2: warning: Try this: 
  letI̵

The goal is a proposition, so `let` is preferred over `letI`.
The difference between `let` and `letI` is that `letI` inlines the value.
But this is not relevant for proofs because of proof irrelevance.

Note: This linter can be disabled with `set_option linter.style.haveILetI false`
/home/runner/work/mathlib4/mathlib4/PrimalitySheafVerification/Mock2_Advanced.lean:18546:6: warning: 'ring' tactic does nothing

Note: This linter can be disabled with `set_option linter.unusedTactic false`
/home/runner/work/mathlib4/mathlib4/PrimalitySheafVerification/Mock2_Advanced.lean:18546:6: warning: this tactic is never executed

Note: This linter can be disabled with `set_option linter.unreachableTactic false`
/home/runner/work/mathlib4/mathlib4/PrimalitySheafVerification/Mock2_Advanced.lean:18787:7: warning: Local variable 's' resembles constructor 'Mock2Adv.CorrectedLemmas.Gamma2SixCellPolygon.Gamma2Rep.s' - write '.s' (with a dot) or 'Mock2Adv.CorrectedLemmas.Gamma2SixCellPolygon.Gamma2Rep.s' to use the constructor.

Note: This linter can be disabled with `set_option linter.constructorNameAsVariable false`
/home/runner/work/mathlib4/mathlib4/PrimalitySheafVerification/Mock2_Advanced.lean:18810:2: warning: try 'simp' instead of 'simpa'

Note: This linter can be disabled with `set_option linter.unnecessarySimpa false`
/home/runner/work/mathlib4/mathlib4/PrimalitySheafVerification/Mock2_Advanced.lean:18819:11: warning: This simp argument is unused:
  mul_assoc

Hint: Omit it from the simp argument list.
  [apply] simp [γ]

Note: This linter can be disabled with `set_option linter.unusedSimpArgs false`
/home/runner/work/mathlib4/mathlib4/PrimalitySheafVerification/Mock2_Advanced.lean:18829:2: warning: try 'simp' instead of 'simpa'

Note: This linter can be disabled with `set_option linter.unnecessarySimpa false`
/home/runner/work/mathlib4/mathlib4/PrimalitySheafVerification/Mock2_Advanced.lean:18873:35: warning: Local variable 's' resembles constructor 'Mock2Adv.CorrectedLemmas.Gamma2SixCellPolygon.Gamma2Rep.s' - write '.s' (with a dot) or 'Mock2Adv.CorrectedLemmas.Gamma2SixCellPolygon.Gamma2Rep.s' to use the constructor.

Note: This linter can be disabled with `set_option linter.constructorNameAsVariable false`
/home/runner/work/mathlib4/mathlib4/PrimalitySheafVerification/Mock2_Advanced.lean:18897:20: warning: Local variable 's' resembles constructor 'Mock2Adv.CorrectedLemmas.Gamma2SixCellPolygon.Gamma2Rep.s' - write '.s' (with a dot) or 'Mock2Adv.CorrectedLemmas.Gamma2SixCellPolygon.Gamma2Rep.s' to use the constructor.

Note: This linter can be disabled with `set_option linter.constructorNameAsVariable false`
/home/runner/work/mathlib4/mathlib4/PrimalitySheafVerification/Mock2_Advanced.lean:18898:10: warning: Local variable 's' resembles constructor 'Mock2Adv.CorrectedLemmas.Gamma2SixCellPolygon.Gamma2Rep.s' - write '.s' (with a dot) or 'Mock2Adv.CorrectedLemmas.Gamma2SixCellPolygon.Gamma2Rep.s' to use the constructor.

Note: This linter can be disabled with `set_option linter.constructorNameAsVariable false`
/home/runner/work/mathlib4/mathlib4/PrimalitySheafVerification/Mock2_Advanced.lean:18927:10: warning: Local variable 's' resembles constructor 'Mock2Adv.CorrectedLemmas.Gamma2SixCellPolygon.Gamma2Rep.s' - write '.s' (with a dot) or 'Mock2Adv.CorrectedLemmas.Gamma2SixCellPolygon.Gamma2Rep.s' to use the constructor.

Note: This linter can be disabled with `set_option linter.constructorNameAsVariable false`
/home/runner/work/mathlib4/mathlib4/PrimalitySheafVerification/Mock2_Advanced.lean:19906:46: warning: This simp argument is unused:
  Function.comp_def

Hint: Omit it from the simp argument list.
  [apply] simp [modularCurve, ambientModularAction, hcurveτ, UpperHalfPlane.ofComplex_apply]

Note: This linter can be disabled with `set_option linter.unusedSimpArgs false`
/home/runner/work/mathlib4/mathlib4/PrimalitySheafVerification/Mock2_Advanced.lean:19918:2: warning: Try this: 
  letI̵

The goal is a proposition, so `let` is preferred over `letI`.
The difference between `let` and `letI` is that `letI` inlines the value.
But this is not relevant for proofs because of proof irrelevance.

Note: This linter can be disabled with `set_option linter.style.haveILetI false`
/home/runner/work/mathlib4/mathlib4/PrimalitySheafVerification/Mock2_Advanced.lean:19985:10: warning: This simp argument is unused:
  closedCellBoundaryPiece

Hint: Omit it from the simp argument list.
  [apply] simp [modularImage, realGL_smul]

Note: This linter can be disabled with `set_option linter.unusedSimpArgs false`
/home/runner/work/mathlib4/mathlib4/PrimalitySheafVerification/Mock2_Advanced.lean:19985:35: warning: This simp argument is unused:
  modularImage

Hint: Omit it from the simp argument list.
  [apply] simp [closedCellBoundaryPiece, realGL_smul]

Note: This linter can be disabled with `set_option linter.unusedSimpArgs false`
/home/runner/work/mathlib4/mathlib4/PrimalitySheafVerification/Mock2_Advanced.lean:19988:10: warning: This simp argument is unused:
  closedCellBoundaryPiece

Hint: Omit it from the simp argument list.
  [apply] simp [modularImage, realGL_smul]

Note: This linter can be disabled with `set_option linter.unusedSimpArgs false`
/home/runner/work/mathlib4/mathlib4/PrimalitySheafVerification/Mock2_Advanced.lean:19988:35: warning: This simp argument is unused:
  modularImage

Hint: Omit it from the simp argument list.
  [apply] simp [closedCellBoundaryPiece, realGL_smul]

Note: This linter can be disabled with `set_option linter.unusedSimpArgs false`
/home/runner/work/mathlib4/mathlib4/PrimalitySheafVerification/Mock2_Advanced.lean:19991:10: warning: This simp argument is unused:
  closedCellBoundaryPiece

Hint: Omit it from the simp argument list.
  [apply] simp [modularImage, realGL_smul]

Note: This linter can be disabled with `set_option linter.unusedSimpArgs false`
/home/runner/work/mathlib4/mathlib4/PrimalitySheafVerification/Mock2_Advanced.lean:19991:35: warning: This simp argument is unused:
  modularImage

Hint: Omit it from the simp argument list.
  [apply] simp [closedCellBoundaryPiece, realGL_smul]

Note: This linter can be disabled with `set_option linter.unusedSimpArgs false`
/home/runner/work/mathlib4/mathlib4/PrimalitySheafVerification/Mock2_Advanced.lean:20453:2: warning: Try this: 
  letI̵

The goal is a proposition, so `let` is preferred over `letI`.
The difference between `let` and `letI` is that `letI` inlines the value.
But this is not relevant for proofs because of proof irrelevance.

Note: This linter can be disabled with `set_option linter.style.haveILetI false`
/home/runner/work/mathlib4/mathlib4/PrimalitySheafVerification/Mock2_Advanced.lean:20455:2: warning: Try this: 
  letI̵

The goal is a proposition, so `let` is preferred over `letI`.
The difference between `let` and `letI` is that `letI` inlines the value.
But this is not relevant for proofs because of proof irrelevance.

Note: This linter can be disabled with `set_option linter.style.haveILetI false`
/home/runner/work/mathlib4/mathlib4/PrimalitySheafVerification/Mock2_Advanced.lean:20550:0: warning: Definition `concreteGamma2TruncationCertificate` is a proposition; use `theorem` instead of `def`

Note: This linter can be disabled with `set_option linter.defProp false`
/home/runner/work/mathlib4/mathlib4/PrimalitySheafVerification/Mock2_Advanced.lean:20877:2: warning: try 'simp' instead of 'simpa'

Note: This linter can be disabled with `set_option linter.unnecessarySimpa false`
/home/runner/work/mathlib4/mathlib4/PrimalitySheafVerification/Mock2_Advanced.lean:20878:36: warning: 'norm_num' tactic does nothing

Note: This linter can be disabled with `set_option linter.unusedTactic false`
/home/runner/work/mathlib4/mathlib4/PrimalitySheafVerification/Mock2_Advanced.lean:20878:36: warning: this tactic is never executed

Note: This linter can be disabled with `set_option linter.unreachableTactic false`
/home/runner/work/mathlib4/mathlib4/PrimalitySheafVerification/Mock2_Advanced.lean:20890:2: warning: try 'simp' instead of 'simpa'

Note: This linter can be disabled with `set_option linter.unnecessarySimpa false`
/home/runner/work/mathlib4/mathlib4/PrimalitySheafVerification/Mock2_Advanced.lean:20887:35: warning: This simp argument is unused:
  UpperHalfPlane.coe_mk

Hint: Omit it from the simp argument list.
  [apply] simp only [firstBase, secondBase, transformedPoint, ModularGroup.S_inv, ModularGroup.SL_neg_smul,
    UpperHalfPlane.modular_T_zpow_smul, UpperHalfPlane.coe_vadd, UpperHalfPlane.modular_S_smul, inv_neg]

Note: This linter can be disabled with `set_option linter.unusedSimpArgs false`
/home/runner/work/mathlib4/mathlib4/PrimalitySheafVerification/Mock2_Advanced.lean:20905:44: warning: This simp argument is unused:
  ModularGroup.coe_T_zpow

Hint: Omit it from the simp argument list.
  [apply] simp [zeroTranslation, CuspQStabilizer.Gamma2Cusp.translationElement, Gamma2Cusp.scalingMatrix,
    GenuineGamma2Metaplectic.realMatrix, UpperHalfPlane.denom, Matrix.SpecialLinearGroup.coe_mul, ModularGroup.S_inv,
    ModularGroup.coe_S, Matrix.mul_fin_two]

Note: This linter can be disabled with `set_option linter.unusedSimpArgs false`
/home/runner/work/mathlib4/mathlib4/PrimalitySheafVerification/Mock2_Advanced.lean:20906:4: warning: This simp argument is unused:
  Matrix.mul_fin_two

Hint: Omit it from the simp argument list.
  [apply] simp [zeroTranslation, CuspQStabilizer.Gamma2Cusp.translationElement, Gamma2Cusp.scalingMatrix,
    GenuineGamma2Metaplectic.realMatrix, UpperHalfPlane.denom, Matrix.SpecialLinearGroup.coe_mul, ModularGroup.S_inv,
    ModularGroup.coe_S, ModularGroup.coe_T_zpow]

Note: This linter can be disabled with `set_option linter.unusedSimpArgs false`
/home/runner/work/mathlib4/mathlib4/PrimalitySheafVerification/Mock2_Advanced.lean:20907:57: warning: Used `tac1 <;> tac2` where `(tac1; tac2)` would suffice

Note: This linter can be disabled with `set_option linter.unnecessarySeqFocus false`
/home/runner/work/mathlib4/mathlib4/PrimalitySheafVerification/Mock2_Advanced.lean:21603:2: warning: Try this: 
  letI̵

The goal is a proposition, so `let` is preferred over `letI`.
The difference between `let` and `letI` is that `letI` inlines the value.
But this is not relevant for proofs because of proof irrelevance.

Note: This linter can be disabled with `set_option linter.style.haveILetI false`
/home/runner/work/mathlib4/mathlib4/PrimalitySheafVerification/Mock2_Advanced.lean:21758:26: warning: 'ring' tactic does nothing

Note: This linter can be disabled with `set_option linter.unusedTactic false`
/home/runner/work/mathlib4/mathlib4/PrimalitySheafVerification/Mock2_Advanced.lean:21758:26: warning: this tactic is never executed

Note: This linter can be disabled with `set_option linter.unreachableTactic false`
/home/runner/work/mathlib4/mathlib4/PrimalitySheafVerification/Mock2_Advanced.lean:22119:26: warning: Used `tac1 <;> tac2` where `(tac1; tac2)` would suffice

Note: This linter can be disabled with `set_option linter.unnecessarySeqFocus false`
/home/runner/work/mathlib4/mathlib4/PrimalitySheafVerification/Mock2_Advanced.lean:22515:2: warning: try 'simp' instead of 'simpa'

Note: This linter can be disabled with `set_option linter.unnecessarySimpa false`
/home/runner/work/mathlib4/mathlib4/PrimalitySheafVerification/Mock2_Advanced.lean:22522:2: warning: try 'simp' instead of 'simpa'

Note: This linter can be disabled with `set_option linter.unnecessarySimpa false`
/home/runner/work/mathlib4/mathlib4/PrimalitySheafVerification/Mock2_Advanced.lean:22925:24: warning: This simp argument is unused:
  Matrix.mul_fin_two

Hint: Omit it from the simp argument list.
  [apply] simp [scalingFirstColumn, Mock2Adv.Gamma2Cusp.scalingMatrix, Matrix.SpecialLinearGroup.coe_mul,
    ModularGroup.coe_T, ModularGroup.coe_S]

Note: This linter can be disabled with `set_option linter.unusedSimpArgs false`
/home/runner/work/mathlib4/mathlib4/PrimalitySheafVerification/Mock2_Advanced.lean:23157:26: warning: This simp argument is unused:
  ModularGroup.coe_T_inv

Hint: Omit it from the simp argument list.
  [apply] simp [integralFirstColumn, CorrectedLemmas.Gamma2SixCellPolygon.repMatrix,
    CorrectedLemmas.Gamma2SixCellPolygon.repColumnCusp, scalingFirstColumn, Mock2Adv.Gamma2Cusp.scalingMatrix,
    Matrix.SpecialLinearGroup.coe_mul, ModularGroup.coe_S, ModularGroup.coe_T, Matrix.mul_fin_two]

Note: This linter can be disabled with `set_option linter.unusedSimpArgs false`
/home/runner/work/mathlib4/mathlib4/PrimalitySheafVerification/Mock2_Advanced.lean:23157:50: warning: This simp argument is unused:
  Matrix.mul_fin_two

Hint: Omit it from the simp argument list.
  [apply] simp [integralFirstColumn, CorrectedLemmas.Gamma2SixCellPolygon.repMatrix,
    CorrectedLemmas.Gamma2SixCellPolygon.repColumnCusp, scalingFirstColumn, Mock2Adv.Gamma2Cusp.scalingMatrix,
    Matrix.SpecialLinearGroup.coe_mul, ModularGroup.coe_S, ModularGroup.coe_T, ModularGroup.coe_T_inv]

Note: This linter can be disabled with `set_option linter.unusedSimpArgs false`
/home/runner/work/mathlib4/mathlib4/PrimalitySheafVerification/Mock2_Advanced.lean:23247:0: warning: automatically included section variable(s) unused in theorem `Mock2Adv.CorrectedLemmas.FiniteSeriesConstruction.partialSum_tendsto_tsum`:
  [CompleteSpace E]
consider restructuring your `variable` declarations so that the variables are not in scope or explicitly omit them:
  omit [CompleteSpace E] in theorem ...

Note: This linter can be disabled with `set_option linter.unusedSectionVars false`
/home/runner/work/mathlib4/mathlib4/PrimalitySheafVerification/Mock2_Advanced.lean:23281:0: warning: automatically included section variable(s) unused in theorem `Mock2Adv.CorrectedLemmas.FiniteSeriesConstruction.linearMap_partialSum`:
  [CompleteSpace E]
consider restructuring your `variable` declarations so that the variables are not in scope or explicitly omit them:
  omit [CompleteSpace E] in theorem ...

Note: This linter can be disabled with `set_option linter.unusedSectionVars false`
/home/runner/work/mathlib4/mathlib4/PrimalitySheafVerification/Mock2_Advanced.lean:23290:0: warning: automatically included section variable(s) unused in theorem `Mock2Adv.CorrectedLemmas.FiniteSeriesConstruction.continuousLinearMap_tsum`:
  [CompleteSpace E]
consider restructuring your `variable` declarations so that the variables are not in scope or explicitly omit them:
  omit [CompleteSpace E] in theorem ...

Note: This linter can be disabled with `set_option linter.unusedSectionVars false`
/home/runner/work/mathlib4/mathlib4/PrimalitySheafVerification/Mock2_Advanced.lean:23344:0: warning: automatically included section variable(s) unused in theorem `Mock2Adv.CorrectedLemmas.ComplexRealLaxMilgram.realPartInnerFunctional_apply`:
  [CompleteSpace E]
consider restructuring your `variable` declarations so that the variables are not in scope or explicitly omit them:
  omit [CompleteSpace E] in theorem ...

Note: This linter can be disabled with `set_option linter.unusedSectionVars false`
/home/runner/work/mathlib4/mathlib4/PrimalitySheafVerification/Mock2_Advanced.lean:23356:0: warning: automatically included section variable(s) unused in theorem `Mock2Adv.CorrectedLemmas.ComplexRealLaxMilgram.realBilinearForm_apply`:
  [CompleteSpace E]
consider restructuring your `variable` declarations so that the variables are not in scope or explicitly omit them:
  omit [CompleteSpace E] in theorem ...

Note: This linter can be disabled with `set_option linter.unusedSectionVars false`
/home/runner/work/mathlib4/mathlib4/PrimalitySheafVerification/Mock2_Advanced.lean:23568:4: warning: Try `simp at hvalue` instead of `simpa using hvalue`

Note: This linter can be disabled with `set_option linter.unnecessarySimpa false`
/home/runner/work/mathlib4/mathlib4/PrimalitySheafVerification/Mock2_Advanced.lean:23644:4: warning: Try `simp at hvalue` instead of `simpa using hvalue`

Note: This linter can be disabled with `set_option linter.unnecessarySimpa false`
/home/runner/work/mathlib4/mathlib4/PrimalitySheafVerification/Mock2_Advanced.lean:23664:6: warning: `ext` did not consume the patterns `v` and `w`

Note: This linter can be disabled with `set_option linter.unusedRCasesPattern false`
/home/runner/work/mathlib4/mathlib4/PrimalitySheafVerification/Mock2_Advanced.lean:23988:2: warning: Try `simp at h` instead of `simpa using h`

Note: This linter can be disabled with `set_option linter.unnecessarySimpa false`
/home/runner/work/mathlib4/mathlib4/PrimalitySheafVerification/Mock2_Advanced.lean:23993:2: warning: Try `simp at h` instead of `simpa using h`

Note: This linter can be disabled with `set_option linter.unnecessarySimpa false`
/home/runner/work/mathlib4/mathlib4/PrimalitySheafVerification/Mock2_Advanced.lean:24153:2: warning: try 'simp' instead of 'simpa'

Note: This linter can be disabled with `set_option linter.unnecessarySimpa false`
/home/runner/work/mathlib4/mathlib4/PrimalitySheafVerification/Mock2_Advanced.lean:24708:0: warning: Definition `item1_standardTheta_T2_proved` is a proposition; use `theorem` instead of `def`

Note: This linter can be disabled with `set_option linter.defProp false`
/home/runner/work/mathlib4/mathlib4/PrimalitySheafVerification/Mock2_Advanced.lean:24711:0: warning: Definition `item1_standardTheta_gamma2Translation_proved` is a proposition; use `theorem` instead of `def`

Note: This linter can be disabled with `set_option linter.defProp false`
/home/runner/work/mathlib4/mathlib4/PrimalitySheafVerification/Mock2_Advanced.lean:24714:0: warning: Definition `item1_standardTheta_S_proved` is a proposition; use `theorem` instead of `def`

Note: This linter can be disabled with `set_option linter.defProp false`
/home/runner/work/mathlib4/mathlib4/PrimalitySheafVerification/Mock2_Advanced.lean:24717:0: warning: Definition `item1_standardThetaSeries_proved` is a proposition; use `theorem` instead of `def`

Note: This linter can be disabled with `set_option linter.defProp false`
/home/runner/work/mathlib4/mathlib4/PrimalitySheafVerification/Mock2_Advanced.lean:24720:0: warning: Definition `item1_standardThetaSummable_proved` is a proposition; use `theorem` instead of `def`

Note: This linter can be disabled with `set_option linter.defProp false`
/home/runner/work/mathlib4/mathlib4/PrimalitySheafVerification/Mock2_Advanced.lean:24723:0: warning: Definition `item1_standardThetaSharpGaussianBound_proved` is a proposition; use `theorem` instead of `def`

Note: This linter can be disabled with `set_option linter.defProp false`
/home/runner/work/mathlib4/mathlib4/PrimalitySheafVerification/Mock2_Advanced.lean:24726:0: warning: Definition `item1_standardThetaSixCellDensityMajorant_proved` is a proposition; use `theorem` instead of `def`

Note: This linter can be disabled with `set_option linter.defProp false`
/home/runner/work/mathlib4/mathlib4/PrimalitySheafVerification/Mock2_Advanced.lean:24729:0: warning: Definition `item1_standardThetaFundamentalMemLp_proved` is a proposition; use `theorem` instead of `def`

Note: This linter can be disabled with `set_option linter.defProp false`
/home/runner/work/mathlib4/mathlib4/PrimalitySheafVerification/Mock2_Advanced.lean:24732:0: warning: Definition `item1_standardThetaPositiveAutomorphicL2_proved` is a proposition; use `theorem` instead of `def`

Note: This linter can be disabled with `set_option linter.defProp false`
/home/runner/work/mathlib4/mathlib4/PrimalitySheafVerification/Mock2_Advanced.lean:24735:0: warning: Definition `item1_standardThetaDecay_proved` is a proposition; use `theorem` instead of `def`

Note: This linter can be disabled with `set_option linter.defProp false`
/home/runner/work/mathlib4/mathlib4/PrimalitySheafVerification/Mock2_Advanced.lean:24738:0: warning: Definition `item1_unitaryMultiplierCancellation_correctedAndProved` is a proposition; use `theorem` instead of `def`

Note: This linter can be disabled with `set_option linter.defProp false`
/home/runner/work/mathlib4/mathlib4/PrimalitySheafVerification/Mock2_Advanced.lean:24741:0: warning: Definition `item1_genuineSquareRootFactorNonvanishing_proved` is a proposition; use `theorem` instead of `def`

Note: This linter can be disabled with `set_option linter.defProp false`
/home/runner/work/mathlib4/mathlib4/PrimalitySheafVerification/Mock2_Advanced.lean:24744:0: warning: Definition `item1_genuineDenominatorCocycle_proved` is a proposition; use `theorem` instead of `def`

Note: This linter can be disabled with `set_option linter.defProp false`
/home/runner/work/mathlib4/mathlib4/PrimalitySheafVerification/Mock2_Advanced.lean:24747:0: warning: Definition `item1_genuineFiberGlobalSignDichotomy_proved` is a proposition; use `theorem` instead of `def`

Note: This linter can be disabled with `set_option linter.defProp false`
/home/runner/work/mathlib4/mathlib4/PrimalitySheafVerification/Mock2_Advanced.lean:24750:0: warning: Definition `item1_genuineFiberTwoSheetClassification_proved` is a proposition; use `theorem` instead of `def`

Note: This linter can be disabled with `set_option linter.defProp false`
/home/runner/work/mathlib4/mathlib4/PrimalitySheafVerification/Mock2_Advanced.lean:24753:0: warning: Definition `item1_gamma2StandardGenerators_proved` is a proposition; use `theorem` instead of `def`

Note: This linter can be disabled with `set_option linter.defProp false`
/home/runner/work/mathlib4/mathlib4/PrimalitySheafVerification/Mock2_Advanced.lean:24756:0: warning: Definition `item1_weightHalfPeterssonDensityInvariance_correctedAndProved` is a proposition; use `theorem` instead of `def`

Note: This linter can be disabled with `set_option linter.defProp false`
/home/runner/work/mathlib4/mathlib4/PrimalitySheafVerification/Mock2_Advanced.lean:24765:0: warning: Definition `item1_translationTwoThetaPair_proved` is a proposition; use `theorem` instead of `def`

Note: This linter can be disabled with `set_option linter.defProp false`
/home/runner/work/mathlib4/mathlib4/PrimalitySheafVerification/Mock2_Advanced.lean:24768:0: warning: Definition `item1_centralNegOneThetaPair_proved` is a proposition; use `theorem` instead of `def`

Note: This linter can be disabled with `set_option linter.defProp false`
/home/runner/work/mathlib4/mathlib4/PrimalitySheafVerification/Mock2_Advanced.lean:24771:0: warning: Definition `item1_thetaPhaseUnique_of_nonzero_proved` is a proposition; use `theorem` instead of `def`

Note: This linter can be disabled with `set_option linter.defProp false`
/home/runner/work/mathlib4/mathlib4/PrimalitySheafVerification/Mock2_Advanced.lean:24774:0: warning: Definition `item1_explicitThetaNonzeroPoint_proved` is a proposition; use `theorem` instead of `def`

Note: This linter can be disabled with `set_option linter.defProp false`
/home/runner/work/mathlib4/mathlib4/PrimalitySheafVerification/Mock2_Advanced.lean:24777:0: warning: Definition `item1_fullCovarianceBuildsCharacter_correctedAndProved` is a proposition; use `theorem` instead of `def`

Note: This linter can be disabled with `set_option linter.defProp false`
/home/runner/work/mathlib4/mathlib4/PrimalitySheafVerification/Mock2_Advanced.lean:24780:0: warning: Definition `item1_fullThetaCovariance_proved` is a proposition; use `theorem` instead of `def`

Note: This linter can be disabled with `set_option linter.defProp false`
/home/runner/work/mathlib4/mathlib4/PrimalitySheafVerification/Mock2_Advanced.lean:24786:0: warning: Definition `item1_standardThetaGenuineAutomorphy_proved` is a proposition; use `theorem` instead of `def`

Note: This linter can be disabled with `set_option linter.defProp false`
/home/runner/work/mathlib4/mathlib4/PrimalitySheafVerification/Mock2_Advanced.lean:24789:0: warning: Definition `item1_nonunitaryCancellationErratum` is a proposition; use `theorem` instead of `def`

Note: This linter can be disabled with `set_option linter.defProp false`
/home/runner/work/mathlib4/mathlib4/PrimalitySheafVerification/Mock2_Advanced.lean:24792:0: warning: Definition `item1_genuineMetaplecticDenomCocycle_proved` is a proposition; use `theorem` instead of `def`

Note: This linter can be disabled with `set_option linter.defProp false`
/home/runner/work/mathlib4/mathlib4/PrimalitySheafVerification/Mock2_Advanced.lean:24795:0: warning: Definition `item1_genuineMetaplecticFactorNonzero_proved` is a proposition; use `theorem` instead of `def`

Note: This linter can be disabled with `set_option linter.defProp false`
/home/runner/work/mathlib4/mathlib4/PrimalitySheafVerification/Mock2_Advanced.lean:24798:0: warning: Definition `item1_genuineMetaplecticNormSquare_proved` is a proposition; use `theorem` instead of `def`

Note: This linter can be disabled with `set_option linter.defProp false`
/home/runner/work/mathlib4/mathlib4/PrimalitySheafVerification/Mock2_Advanced.lean:24801:0: warning: Definition `item1_genuineMetaplecticNormSqDenom_proved` is a proposition; use `theorem` instead of `def`

Note: This linter can be disabled with `set_option linter.defProp false`
/home/runner/work/mathlib4/mathlib4/PrimalitySheafVerification/Mock2_Advanced.lean:24804:0: warning: Definition `item1_genuineMetaplecticHeightTransform_proved` is a proposition; use `theorem` instead of `def`

Note: This linter can be disabled with `set_option linter.defProp false`
/home/runner/work/mathlib4/mathlib4/PrimalitySheafVerification/Mock2_Advanced.lean:24807:0: warning: Definition `item1_genuineMetaplecticMulClosure_proved` is a proposition; use `theorem` instead of `def`

Note: This linter can be disabled with `set_option linter.defProp false`
/home/runner/work/mathlib4/mathlib4/PrimalitySheafVerification/Mock2_Advanced.lean:24810:0: warning: Definition `item1_genuineMetaplecticInvClosure_proved` is a proposition; use `theorem` instead of `def`

Note: This linter can be disabled with `set_option linter.defProp false`
/home/runner/work/mathlib4/mathlib4/PrimalitySheafVerification/Mock2_Advanced.lean:24813:0: warning: Definition `item1_genuineMetaplecticGroupAssociativity_proved` is a proposition; use `theorem` instead of `def`

Note: This linter can be disabled with `set_option linter.defProp false`
/home/runner/work/mathlib4/mathlib4/PrimalitySheafVerification/Mock2_Advanced.lean:24816:0: warning: Definition `item1_genuineMetaplecticGroupInverse_proved` is a proposition; use `theorem` instead of `def`

Note: This linter can be disabled with `set_option linter.defProp false`
/home/runner/work/mathlib4/mathlib4/PrimalitySheafVerification/Mock2_Advanced.lean:24819:0: warning: Definition `item1_genuineMetaplecticProjectionCocycle_proved` is a proposition; use `theorem` instead of `def`

Note: This linter can be disabled with `set_option linter.defProp false`
/home/runner/work/mathlib4/mathlib4/PrimalitySheafVerification/Mock2_Advanced.lean:24822:0: warning: Definition `item1_thetaGeneratorDenominator_proved` is a proposition; use `theorem` instead of `def`

Note: This linter can be disabled with `set_option linter.defProp false`
/home/runner/work/mathlib4/mathlib4/PrimalitySheafVerification/Mock2_Advanced.lean:24825:0: warning: Definition `item1_thetaGeneratorProjection_proved` is a proposition; use `theorem` instead of `def`

Note: This linter can be disabled with `set_option linter.defProp false`
/home/runner/work/mathlib4/mathlib4/PrimalitySheafVerification/Mock2_Advanced.lean:24828:0: warning: Definition `item1_thetaGeneratorFactorNonzero_proved` is a proposition; use `theorem` instead of `def`

Note: This linter can be disabled with `set_option linter.defProp false`
/home/runner/work/mathlib4/mathlib4/PrimalitySheafVerification/Mock2_Advanced.lean:24831:0: warning: Definition `item1_thetaGeneratorFactorNorm_proved` is a proposition; use `theorem` instead of `def`

Note: This linter can be disabled with `set_option linter.defProp false`
/home/runner/work/mathlib4/mathlib4/PrimalitySheafVerification/Mock2_Advanced.lean:24834:0: warning: Definition `item1_thetaGeneratorCovariance_proved` is a proposition; use `theorem` instead of `def`

Note: This linter can be disabled with `set_option linter.defProp false`
/home/runner/work/mathlib4/mathlib4/PrimalitySheafVerification/Mock2_Advanced.lean:24837:0: warning: Definition `item1_centralNegOneMembership_proved` is a proposition; use `theorem` instead of `def`

Note: This linter can be disabled with `set_option linter.defProp false`
/home/runner/work/mathlib4/mathlib4/PrimalitySheafVerification/Mock2_Advanced.lean:24840:0: warning: Definition `item1_centralNegOneProjection_proved` is a proposition; use `theorem` instead of `def`

Note: This linter can be disabled with `set_option linter.defProp false`
/home/runner/work/mathlib4/mathlib4/PrimalitySheafVerification/Mock2_Advanced.lean:24843:0: warning: Definition `item1_centralNegOneFactorNorm_proved` is a proposition; use `theorem` instead of `def`

Note: This linter can be disabled with `set_option linter.defProp false`
/home/runner/work/mathlib4/mathlib4/PrimalitySheafVerification/Mock2_Advanced.lean:24846:0: warning: Definition `item1_centralNegOneSquareObstruction_proved` is a proposition; use `theorem` instead of `def`

Note: This linter can be disabled with `set_option linter.defProp false`
/home/runner/work/mathlib4/mathlib4/PrimalitySheafVerification/Mock2_Advanced.lean:24849:0: warning: Definition `item1_globalHomomorphicLiftNonSplitErratum` is a proposition; use `theorem` instead of `def`

Note: This linter can be disabled with `set_option linter.defProp false`
/home/runner/work/mathlib4/mathlib4/PrimalitySheafVerification/Mock2_Advanced.lean:24852:0: warning: Definition `q2E_mellinGammaIntegral_proved` is a proposition; use `theorem` instead of `def`

Note: This linter can be disabled with `set_option linter.defProp false`
/home/runner/work/mathlib4/mathlib4/PrimalitySheafVerification/Mock2_Advanced.lean:24855:0: warning: Definition `q2F_betaOneEndpointErratum` is a proposition; use `theorem` instead of `def`

Note: This linter can be disabled with `set_option linter.defProp false`
/home/runner/work/mathlib4/mathlib4/PrimalitySheafVerification/Mock2_Advanced.lean:24860:0: warning: Definition `equations1_1_to_1_2_distributionalRestriction_correctedAndProved` is a proposition; use `theorem` instead of `def`

Note: This linter can be disabled with `set_option linter.defProp false`
/home/runner/work/mathlib4/mathlib4/PrimalitySheafVerification/Mock2_Advanced.lean:24863:0: warning: Definition `equation1_6_averageFactor_correctedAndProved` is a proposition; use `theorem` instead of `def`

Note: This linter can be disabled with `set_option linter.defProp false`
/home/runner/work/mathlib4/mathlib4/PrimalitySheafVerification/Mock2_Advanced.lean:24866:0: warning: Definition `equation1_6_missingHalfErratum` is a proposition; use `theorem` instead of `def`

Note: This linter can be disabled with `set_option linter.defProp false`
/home/runner/work/mathlib4/mathlib4/PrimalitySheafVerification/Mock2_Advanced.lean:24869:0: warning: Definition `equations1_7_to_1_8_boundarySign_correctedAndProved` is a proposition; use `theorem` instead of `def`

Note: This linter can be disabled with `set_option linter.defProp false`
/home/runner/work/mathlib4/mathlib4/PrimalitySheafVerification/Mock2_Advanced.lean:24872:0: warning: Definition `equations1_7_to_1_8_plusBoundaryErratum` is a proposition; use `theorem` instead of `def`

Note: This linter can be disabled with `set_option linter.defProp false`
/home/runner/work/mathlib4/mathlib4/PrimalitySheafVerification/Mock2_Advanced.lean:24875:0: warning: Definition `equations1_13_to_1_16_realLaxMilgram_proved` is a proposition; use `theorem` instead of `def`

Note: This linter can be disabled with `set_option linter.defProp false`
/home/runner/work/mathlib4/mathlib4/PrimalitySheafVerification/Mock2_Advanced.lean:24878:0: warning: Definition `equations1_13_to_1_16_complexRealForm_constructedAndProved` is a proposition; use `theorem` instead of `def`

Note: This linter can be disabled with `set_option linter.defProp false`
/home/runner/work/mathlib4/mathlib4/PrimalitySheafVerification/Mock2_Advanced.lean:24881:0: warning: Definition `equations1_13_to_1_16_complexCoercivity_toReal_proved` is a proposition; use `theorem` instead of `def`

Note: This linter can be disabled with `set_option linter.defProp false`
/home/runner/work/mathlib4/mathlib4/PrimalitySheafVerification/Mock2_Advanced.lean:24884:0: warning: Definition `equations1_13_to_1_16_complexRealLaxMilgramOperator_proved` is a proposition; use `theorem` instead of `def`

Note: This linter can be disabled with `set_option linter.defProp false`
/home/runner/work/mathlib4/mathlib4/PrimalitySheafVerification/Mock2_Advanced.lean:24887:0: warning: Definition `equations1_13_to_1_16_complexRealLaxMilgramEstimates_proved` is a proposition; use `theorem` instead of `def`

Note: This linter can be disabled with `set_option linter.defProp false`
/home/runner/work/mathlib4/mathlib4/PrimalitySheafVerification/Mock2_Advanced.lean:24890:0: warning: Definition `equations1_14_to_1_15_shiftedCoercivity_correctedAndProved` is a proposition; use `theorem` instead of `def`

Note: This linter can be disabled with `set_option linter.defProp false`
/home/runner/work/mathlib4/mathlib4/PrimalitySheafVerification/Mock2_Advanced.lean:24893:0: warning: Definition `equations1_1_to_1_16_graphNormConstructedAndProved` is a proposition; use `theorem` instead of `def`

Note: This linter can be disabled with `set_option linter.defProp false`
/home/runner/work/mathlib4/mathlib4/PrimalitySheafVerification/Mock2_Advanced.lean:24896:0: warning: Definition `equations1_1_to_1_16_graphCoreDenseAndProved` is a proposition; use `theorem` instead of `def`

Note: This linter can be disabled with `set_option linter.defProp false`
/home/runner/work/mathlib4/mathlib4/PrimalitySheafVerification/Mock2_Advanced.lean:24899:0: warning: Definition `equations1_1_to_1_16_inverseDensityErratum` is a proposition; use `theorem` instead of `def`

Note: This linter can be disabled with `set_option linter.defProp false`
/home/runner/work/mathlib4/mathlib4/PrimalitySheafVerification/Mock2_Advanced.lean:24902:0: warning: Definition `equations1_1_to_1_16_leftMaassFactorizationErratum` is a proposition; use `theorem` instead of `def`

Note: This linter can be disabled with `set_option linter.defProp false`
/home/runner/work/mathlib4/mathlib4/PrimalitySheafVerification/Mock2_Advanced.lean:24905:0: warning: Definition `equations1_1_to_1_16_rightMaassFactorizationErratum` is a proposition; use `theorem` instead of `def`

Note: This linter can be disabled with `set_option linter.defProp false`
/home/runner/work/mathlib4/mathlib4/PrimalitySheafVerification/Mock2_Advanced.lean:24908:0: warning: Definition `equations1_1_to_1_16_unitaryAdjoint_correctedAndProved` is a proposition; use `theorem` instead of `def`

Note: This linter can be disabled with `set_option linter.defProp false`
/home/runner/work/mathlib4/mathlib4/PrimalitySheafVerification/Mock2_Advanced.lean:24911:0: warning: Definition `equations1_1_to_1_16_graphClosure_correctedAndProved` is a proposition; use `theorem` instead of `def`

Note: This linter can be disabled with `set_option linter.defProp false`
/home/runner/work/mathlib4/mathlib4/PrimalitySheafVerification/Mock2_Advanced.lean:24917:0: warning: Definition `equations1_1_to_1_16_automorphicL2CompleteClosure_correctedAndProved` is a proposition; use `theorem` instead of `def`

Note: This linter can be disabled with `set_option linter.defProp false`
/home/runner/work/mathlib4/mathlib4/PrimalitySheafVerification/Mock2_Advanced.lean:24920:0: warning: Definition `equations1_1_to_1_16_polygonRealizationFaithful_correctedAndProved` is a proposition; use `theorem` instead of `def`

Note: This linter can be disabled with `set_option linter.defProp false`
/home/runner/work/mathlib4/mathlib4/PrimalitySheafVerification/Mock2_Advanced.lean:24923:0: warning: Definition `equations1_1_to_1_16_standardThetaSharpGaussianBound_proved` is a proposition; use `theorem` instead of `def`

Note: This linter can be disabled with `set_option linter.defProp false`
/home/runner/work/mathlib4/mathlib4/PrimalitySheafVerification/Mock2_Advanced.lean:24926:0: warning: Definition `equations1_1_to_1_16_fdHeightEnvelopeIntegrable_correctedAndProved` is a proposition; use `theorem` instead of `def`

Note: This linter can be disabled with `set_option linter.defProp false`
/home/runner/work/mathlib4/mathlib4/PrimalitySheafVerification/Mock2_Advanced.lean:24929:0: warning: Definition `equations1_1_to_1_16_standardThetaFundamentalMemLp_proved` is a proposition; use `theorem` instead of `def`

Note: This linter can be disabled with `set_option linter.defProp false`
/home/runner/work/mathlib4/mathlib4/PrimalitySheafVerification/Mock2_Advanced.lean:24932:0: warning: Definition `equations1_1_to_1_16_standardThetaPositiveAutomorphicL2_proved` is a proposition; use `theorem` instead of `def`

Note: This linter can be disabled with `set_option linter.defProp false`
/home/runner/work/mathlib4/mathlib4/PrimalitySheafVerification/Mock2_Advanced.lean:24935:0: warning: Definition `equations1_1_to_1_16_positiveCentralPhase_correctedAndProved` is a proposition; use `theorem` instead of `def`

Note: This linter can be disabled with `set_option linter.defProp false`
/home/runner/work/mathlib4/mathlib4/PrimalitySheafVerification/Mock2_Advanced.lean:24938:0: warning: Definition `equations1_1_to_1_16_inverseCentralPhase_correctedAndProved` is a proposition; use `theorem` instead of `def`

Note: This linter can be disabled with `set_option linter.defProp false`
/home/runner/work/mathlib4/mathlib4/PrimalitySheafVerification/Mock2_Advanced.lean:24941:0: warning: Definition `equations1_1_to_1_16_inverseStandardThetaSectorErratum` is a proposition; use `theorem` instead of `def`

Note: This linter can be disabled with `set_option linter.defProp false`
/home/runner/work/mathlib4/mathlib4/PrimalitySheafVerification/Mock2_Advanced.lean:24946:0: warning: Definition `definition3_cuspHeightInfinityFormula_proved` is a proposition; use `theorem` instead of `def`

Note: This linter can be disabled with `set_option linter.defProp false`
/home/runner/work/mathlib4/mathlib4/PrimalitySheafVerification/Mock2_Advanced.lean:24949:0: warning: Definition `definition3_cuspHeightZeroFormula_proved` is a proposition; use `theorem` instead of `def`

Note: This linter can be disabled with `set_option linter.defProp false`
/home/runner/work/mathlib4/mathlib4/PrimalitySheafVerification/Mock2_Advanced.lean:24952:0: warning: Definition `definition3_cuspHeightOneFormula_proved` is a proposition; use `theorem` instead of `def`

Note: This linter can be disabled with `set_option linter.defProp false`
/home/runner/work/mathlib4/mathlib4/PrimalitySheafVerification/Mock2_Advanced.lean:24955:0: warning: Definition `definition3_heightOneHoroballsPairwiseDisjoint_proved` is a proposition; use `theorem` instead of `def`

Note: This linter can be disabled with `set_option linter.defProp false`
/home/runner/work/mathlib4/mathlib4/PrimalitySheafVerification/Mock2_Advanced.lean:24958:0: warning: Definition `Mock2Adv.UnnumberedFormulaLedger.definition3_closedTruncation_proved` of class type is semireducible. Most type class instances should be instance-reducible, so consider marking this
definition with `@[instance_reducible]`. If it is intentionally semireducible, this warning can be disabled with `set_option warn.classDefReducibility false`.
/home/runner/work/mathlib4/mathlib4/PrimalitySheafVerification/Mock2_Advanced.lean:24958:0: warning: Definition `definition3_closedTruncation_proved` is a proposition; use `theorem` instead of `def`

Note: This linter can be disabled with `set_option linter.defProp false`
/home/runner/work/mathlib4/mathlib4/PrimalitySheafVerification/Mock2_Advanced.lean:24961:0: warning: Definition `definition3_sixCellRepCuspHeight_proved` is a proposition; use `theorem` instead of `def`

Note: This linter can be disabled with `set_option linter.defProp false`
/home/runner/work/mathlib4/mathlib4/PrimalitySheafVerification/Mock2_Advanced.lean:24964:0: warning: Definition `definition3_sixCellPullbackHeightEnvelope_proved` is a proposition; use `theorem` instead of `def`

Note: This linter can be disabled with `set_option linter.defProp false`
/home/runner/work/mathlib4/mathlib4/PrimalitySheafVerification/Mock2_Advanced.lean:24967:0: warning: Definition `definition3_sixCellCompactCarrier_proved` is a proposition; use `theorem` instead of `def`

Note: This linter can be disabled with `set_option linter.defProp false`
/home/runner/work/mathlib4/mathlib4/PrimalitySheafVerification/Mock2_Advanced.lean:24970:0: warning: Definition `definition3_sixCellTruncationCompact_proved` is a proposition; use `theorem` instead of `def`

Note: This linter can be disabled with `set_option linter.defProp false`
/home/runner/work/mathlib4/mathlib4/PrimalitySheafVerification/Mock2_Advanced.lean:24973:0: warning: Definition `definition3_sixCellTruncationBoundaryCover_proved` is a proposition; use `theorem` instead of `def`

Note: This linter can be disabled with `set_option linter.defProp false`
/home/runner/work/mathlib4/mathlib4/PrimalitySheafVerification/Mock2_Advanced.lean:24976:0: warning: Definition `definition3_positiveCuspLevelRange_proved` is a proposition; use `theorem` instead of `def`

Note: This linter can be disabled with `set_option linter.defProp false`
/home/runner/work/mathlib4/mathlib4/PrimalitySheafVerification/Mock2_Advanced.lean:24979:0: warning: Definition `definition3_nonpositiveCuspLevelEmpty_proved` is a proposition; use `theorem` instead of `def`

Note: This linter can be disabled with `set_option linter.defProp false`
/home/runner/work/mathlib4/mathlib4/PrimalitySheafVerification/Mock2_Advanced.lean:24982:0: warning: Definition `definition3_positiveCuspLevelRegular_proved` is a proposition; use `theorem` instead of `def`

Note: This linter can be disabled with `set_option linter.defProp false`
/home/runner/work/mathlib4/mathlib4/PrimalitySheafVerification/Mock2_Advanced.lean:24985:0: warning: Definition `definition3_allCuspLevelsRegular_proved` is a proposition; use `theorem` instead of `def`

Note: This linter can be disabled with `set_option linter.defProp false`
/home/runner/work/mathlib4/mathlib4/PrimalitySheafVerification/Mock2_Advanced.lean:24988:0: warning: Definition `definition3_sixOpenCellsPairwiseDisjoint_proved` is a proposition; use `theorem` instead of `def`

Note: This linter can be disabled with `set_option linter.defProp false`
/home/runner/work/mathlib4/mathlib4/PrimalitySheafVerification/Mock2_Advanced.lean:24991:0: warning: Definition `definition3_sixCellInteriorOrbitUnique_proved` is a proposition; use `theorem` instead of `def`

Note: This linter can be disabled with `set_option linter.defProp false`
/home/runner/work/mathlib4/mathlib4/PrimalitySheafVerification/Mock2_Advanced.lean:24994:0: warning: Definition `definition3_standardFdPiecewiseSmoothBoundary_proved` is a proposition; use `theorem` instead of `def`

Note: This linter can be disabled with `set_option linter.defProp false`
/home/runner/work/mathlib4/mathlib4/PrimalitySheafVerification/Mock2_Advanced.lean:24997:0: warning: Definition `definition3_modularBoundaryTransfer_proved` is a proposition; use `theorem` instead of `def`

Note: This linter can be disabled with `set_option linter.defProp false`
/home/runner/work/mathlib4/mathlib4/PrimalitySheafVerification/Mock2_Advanced.lean:25000:0: warning: Definition `definition3_eachClosedCellPiecewiseSmoothBoundary_proved` is a proposition; use `theorem` instead of `def`

Note: This linter can be disabled with `set_option linter.defProp false`
/home/runner/work/mathlib4/mathlib4/PrimalitySheafVerification/Mock2_Advanced.lean:25003:0: warning: Definition `definition3_truncatedPolygonPiecewiseSmoothBoundary_proved` is a proposition; use `theorem` instead of `def`

Note: This linter can be disabled with `set_option linter.defProp false`
/home/runner/work/mathlib4/mathlib4/PrimalitySheafVerification/Mock2_Advanced.lean:25006:0: warning: Definition `equations1_14_to_1_16_unshiftedCoercivity_correctedAndProved` is a proposition; use `theorem` instead of `def`

Note: This linter can be disabled with `set_option linter.defProp false`
/home/runner/work/mathlib4/mathlib4/PrimalitySheafVerification/Mock2_Advanced.lean:25009:0: warning: Definition `equation1_16_aprioriEstimate_correctedAndProved` is a proposition; use `theorem` instead of `def`

Note: This linter can be disabled with `set_option linter.defProp false`
/home/runner/work/mathlib4/mathlib4/PrimalitySheafVerification/Mock2_Advanced.lean:25012:0: warning: Definition `equation1_16_undoShiftErratum` is a proposition; use `theorem` instead of `def`

Note: This linter can be disabled with `set_option linter.defProp false`
/home/runner/work/mathlib4/mathlib4/PrimalitySheafVerification/Mock2_Advanced.lean:25015:0: warning: Definition `equations1_17_to_1_24_reducedPoincare_correctedAndProved` is a proposition; use `theorem` instead of `def`

Note: This linter can be disabled with `set_option linter.defProp false`
/home/runner/work/mathlib4/mathlib4/PrimalitySheafVerification/Mock2_Advanced.lean:25018:0: warning: Definition `equations1_17_to_1_24_zeroModeErratum` is a proposition; use `theorem` instead of `def`

Note: This linter can be disabled with `set_option linter.defProp false`
/home/runner/work/mathlib4/mathlib4/PrimalitySheafVerification/Mock2_Advanced.lean:25021:0: warning: Definition `equations1_26_to_1_30_firstDivergentTailErratum` is a proposition; use `theorem` instead of `def`

Note: This linter can be disabled with `set_option linter.defProp false`
/home/runner/work/mathlib4/mathlib4/PrimalitySheafVerification/Mock2_Advanced.lean:25024:0: warning: Definition `equations1_26_to_1_30_secondDivergentTailErratum` is a proposition; use `theorem` instead of `def`

Note: This linter can be disabled with `set_option linter.defProp false`
/home/runner/work/mathlib4/mathlib4/PrimalitySheafVerification/Mock2_Advanced.lean:25027:0: warning: Definition `equations1_26_to_1_30_halfOrderBesselPositivity_proved` is a proposition; use `theorem` instead of `def`

Note: This linter can be disabled with `set_option linter.defProp false`
/home/runner/work/mathlib4/mathlib4/PrimalitySheafVerification/Mock2_Advanced.lean:25030:0: warning: Definition `equations1_26_to_1_30_halfOrderBesselEnvelope_proved` is a proposition; use `theorem` instead of `def`

Note: This linter can be disabled with `set_option linter.defProp false`
/home/runner/work/mathlib4/mathlib4/PrimalitySheafVerification/Mock2_Advanced.lean:25033:0: warning: Definition `equations1_26_to_1_30_criticalExponentErratum` is a proposition; use `theorem` instead of `def`

Note: This linter can be disabled with `set_option linter.defProp false`
/home/runner/work/mathlib4/mathlib4/PrimalitySheafVerification/Mock2_Advanced.lean:25036:0: warning: Definition `equations1_26_to_1_30_positiveDecayMargin_proved` is a proposition; use `theorem` instead of `def`

Note: This linter can be disabled with `set_option linter.defProp false`
/home/runner/work/mathlib4/mathlib4/PrimalitySheafVerification/Mock2_Advanced.lean:25039:0: warning: Definition `equations1_26_to_1_30_quarterPowerAbsorptionErratum` is a proposition; use `theorem` instead of `def`

Note: This linter can be disabled with `set_option linter.defProp false`
/home/runner/work/mathlib4/mathlib4/PrimalitySheafVerification/Mock2_Advanced.lean:25045:0: warning: Definition `section7E_unitRightInverse_proved` is a proposition; use `theorem` instead of `def`

Note: This linter can be disabled with `set_option linter.defProp false`
/home/runner/work/mathlib4/mathlib4/PrimalitySheafVerification/Mock2_Advanced.lean:25048:0: warning: Definition `section7E_unitLeftInverse_proved` is a proposition; use `theorem` instead of `def`

Note: This linter can be disabled with `set_option linter.defProp false`
/home/runner/work/mathlib4/mathlib4/PrimalitySheafVerification/Mock2_Advanced.lean:25051:0: warning: Definition `section7E_intrinsicLiftIdentification_proved` is a proposition; use `theorem` instead of `def`

Note: This linter can be disabled with `set_option linter.defProp false`
/home/runner/work/mathlib4/mathlib4/PrimalitySheafVerification/Mock2_Advanced.lean:25054:0: warning: Definition `section7E_representativeIndependence_proved` is a proposition; use `theorem` instead of `def`

Note: This linter can be disabled with `set_option linter.defProp false`
/home/runner/work/mathlib4/mathlib4/PrimalitySheafVerification/Mock2_Advanced.lean:25057:0: warning: Definition `section7E_multiplierUnitNorm_proved` is a proposition; use `theorem` instead of `def`

Note: This linter can be disabled with `set_option linter.defProp false`
/home/runner/work/mathlib4/mathlib4/PrimalitySheafVerification/Mock2_Advanced.lean:25060:0: warning: Definition `section7E_summandUnitNorm_proved` is a proposition; use `theorem` instead of `def`

Note: This linter can be disabled with `set_option linter.defProp false`
/home/runner/work/mathlib4/mathlib4/PrimalitySheafVerification/Mock2_Advanced.lean:25063:0: warning: Definition `section7E_trivialCardinalityBound_proved` is a proposition; use `theorem` instead of `def`

Note: This linter can be disabled with `set_option linter.defProp false`
/home/runner/work/mathlib4/mathlib4/PrimalitySheafVerification/Mock2_Advanced.lean:25066:0: warning: Definition `section7E_modulusOneNormalization_proved` is a proposition; use `theorem` instead of `def`

Note: This linter can be disabled with `set_option linter.defProp false`
/home/runner/work/mathlib4/mathlib4/PrimalitySheafVerification/Mock2_Advanced.lean:25069:0: warning: Definition `section7E_cancellingMultiplierSaturatesCardinalityErratum` is a proposition; use `theorem` instead of `def`

Note: This linter can be disabled with `set_option linter.defProp false`
/home/runner/work/mathlib4/mathlib4/PrimalitySheafVerification/Mock2_Advanced.lean:25072:0: warning: Definition `section7E_criticalTailCannotSupplyKuznetsovLimitErratum` is a proposition; use `theorem` instead of `def`

Note: This linter can be disabled with `set_option linter.defProp false`
/home/runner/work/mathlib4/mathlib4/PrimalitySheafVerification/Mock2_Advanced.lean:25075:0: warning: Definition `section7B_fullSpaceLaplacianGapErratum` is a proposition; use `theorem` instead of `def`

Note: This linter can be disabled with `set_option linter.defProp false`
/home/runner/work/mathlib4/mathlib4/PrimalitySheafVerification/Mock2_Advanced.lean:25078:0: warning: Definition `section7C_coefficientLimitNeedsSummabilityErratum` is a proposition; use `theorem` instead of `def`

Note: This linter can be disabled with `set_option linter.defProp false`
/home/runner/work/mathlib4/mathlib4/PrimalitySheafVerification/Mock2_Advanced.lean:25081:0: warning: Definition `equations1_31_to_1_33_threeInputGapErratum` is a proposition; use `theorem` instead of `def`

Note: This linter can be disabled with `set_option linter.defProp false`
/home/runner/work/mathlib4/mathlib4/PrimalitySheafVerification/Mock2_Advanced.lean:25084:0: warning: Definition `pages23_to_25_realResolventPoleErratum` is a proposition; use `theorem` instead of `def`

Note: This linter can be disabled with `set_option linter.defProp false`
/home/runner/work/mathlib4/mathlib4/PrimalitySheafVerification/Mock2_Advanced.lean:25087:0: warning: Definition `pages23_to_25_unitarityDoesNotGiveStrictPositiveDensityErratum` is a proposition; use `theorem` instead of `def`

Note: This linter can be disabled with `set_option linter.defProp false`
/home/runner/work/mathlib4/mathlib4/PrimalitySheafVerification/Mock2_Advanced.lean:25090:0: warning: Definition `pages23_to_25_scalarLogDerivativeNonrealErratum` is a proposition; use `theorem` instead of `def`

Note: This linter can be disabled with `set_option linter.defProp false`
/home/runner/work/mathlib4/mathlib4/PrimalitySheafVerification/Mock2_Advanced.lean:25093:0: warning: Definition `pages23_to_25_correctedScalarLogDensity_eq_one_proved` is a proposition; use `theorem` instead of `def`

Note: This linter can be disabled with `set_option linter.defProp false`
/home/runner/work/mathlib4/mathlib4/PrimalitySheafVerification/Mock2_Advanced.lean:25096:0: warning: Definition `pages23_to_25_correctedScalarLogDensity_nonneg_proved` is a proposition; use `theorem` instead of `def`

Note: This linter can be disabled with `set_option linter.defProp false`
/home/runner/work/mathlib4/mathlib4/PrimalitySheafVerification/Mock2_Advanced.lean:25099:0: warning: Definition `pages23_to_25_correctedScalarLogDensity_pos_proved` is a proposition; use `theorem` instead of `def`

Note: This linter can be disabled with `set_option linter.defProp false`
/home/runner/work/mathlib4/mathlib4/PrimalitySheafVerification/Mock2_Advanced.lean:25102:0: warning: Definition `pages23_to_25_positiveTestDoesNotGiveUniformMassErratum` is a proposition; use `theorem` instead of `def`

Note: This linter can be disabled with `set_option linter.defProp false`
/home/runner/work/mathlib4/mathlib4/PrimalitySheafVerification/Mock2_Advanced.lean:25105:0: warning: Definition `pages23_to_25_cuspEisensteinNormalizationUnderdeterminedErratum` is a proposition; use `theorem` instead of `def`

Note: This linter can be disabled with `set_option linter.defProp false`
/home/runner/work/mathlib4/mathlib4/PrimalitySheafVerification/Mock2_Advanced.lean:25108:0: warning: Definition `pages23_to_25_positiveMeasureNormalizationUnderdeterminedErratum` is a proposition; use `theorem` instead of `def`

Note: This linter can be disabled with `set_option linter.defProp false`
/home/runner/work/mathlib4/mathlib4/PrimalitySheafVerification/Mock2_Advanced.lean:25111:0: warning: Definition `pages23_to_25_cuspAndMeasureNormalizationAmbiguityErratum` is a proposition; use `theorem` instead of `def`

Note: This linter can be disabled with `set_option linter.defProp false`
/home/runner/work/mathlib4/mathlib4/PrimalitySheafVerification/Mock2_Advanced.lean:25114:0: warning: Definition `pages23_to_25_uniformActivityCannotBeEliminatedErratum` is a proposition; use `theorem` instead of `def`

Note: This linter can be disabled with `set_option linter.defProp false`
/home/runner/work/mathlib4/mathlib4/PrimalitySheafVerification/Mock2_Advanced.lean:25119:0: warning: Definition `equations3_1_to_3_6_tentConvolution_proved` is a proposition; use `theorem` instead of `def`

Note: This linter can be disabled with `set_option linter.defProp false`
/home/runner/work/mathlib4/mathlib4/PrimalitySheafVerification/Mock2_Advanced.lean:25122:0: warning: Definition `equations3_1_to_3_6_tentFourierPositivity_proved` is a proposition; use `theorem` instead of `def`

Note: This linter can be disabled with `set_option linter.defProp false`
/home/runner/work/mathlib4/mathlib4/PrimalitySheafVerification/Mock2_Advanced.lean:25125:0: warning: Definition `equations3_1_to_3_6_tentLocalization_proved` is a proposition; use `theorem` instead of `def`

Note: This linter can be disabled with `set_option linter.defProp false`
/home/runner/work/mathlib4/mathlib4/PrimalitySheafVerification/Mock2_Advanced.lean:25128:0: warning: Definition `equations3_1_to_3_6_transformNormalizationScales_proved` is a proposition; use `theorem` instead of `def`

Note: This linter can be disabled with `set_option linter.defProp false`
/home/runner/work/mathlib4/mathlib4/PrimalitySheafVerification/Mock2_Advanced.lean:25131:0: warning: Definition `equations3_1_to_3_6_unspecifiedNormalizationErratum` is a proposition; use `theorem` instead of `def`

Note: This linter can be disabled with `set_option linter.defProp false`
/home/runner/work/mathlib4/mathlib4/PrimalitySheafVerification/Mock2_Advanced.lean:25134:0: warning: Definition `equations3_7_to_3_19_selectedTermDecomposition_proved` is a proposition; use `theorem` instead of `def`

Note: This linter can be disabled with `set_option linter.defProp false`
/home/runner/work/mathlib4/mathlib4/PrimalitySheafVerification/Mock2_Advanced.lean:25137:0: warning: Definition `equations3_7_to_3_19_remainingModes_nonnegative_proved` is a proposition; use `theorem` instead of `def`

Note: This linter can be disabled with `set_option linter.defProp false`
/home/runner/work/mathlib4/mathlib4/PrimalitySheafVerification/Mock2_Advanced.lean:25140:0: warning: Definition `equations3_7_to_3_19_selectedModeIsolation_proved` is a proposition; use `theorem` instead of `def`

Note: This linter can be disabled with `set_option linter.defProp false`
/home/runner/work/mathlib4/mathlib4/PrimalitySheafVerification/Mock2_Advanced.lean:25143:0: warning: Definition `equations3_7_to_3_19_selectedModePlusMassIsolation_proved` is a proposition; use `theorem` instead of `def`

Note: This linter can be disabled with `set_option linter.defProp false`
/home/runner/work/mathlib4/mathlib4/PrimalitySheafVerification/Mock2_Advanced.lean:25146:0: warning: Definition `equations3_7_to_3_19_singleActivityBlockErratum` is a proposition; use `theorem` instead of `def`

Note: This linter can be disabled with `set_option linter.defProp false`
/home/runner/work/mathlib4/mathlib4/PrimalitySheafVerification/Mock2_Advanced.lean:25149:0: warning: Definition `equations3_7_to_3_19_powerComparisonErratum` is a proposition; use `theorem` instead of `def`

Note: This linter can be disabled with `set_option linter.defProp false`
/home/runner/work/mathlib4/mathlib4/PrimalitySheafVerification/Mock2_Advanced.lean:25152:0: warning: Definition `equations3_20_to_3_26_parallelEnergy_zero_proved` is a proposition; use `theorem` instead of `def`

Note: This linter can be disabled with `set_option linter.defProp false`
/home/runner/work/mathlib4/mathlib4/PrimalitySheafVerification/Mock2_Advanced.lean:25155:0: warning: Definition `equations3_20_to_3_26_positiveShadowErratum` is a proposition; use `theorem` instead of `def`

Note: This linter can be disabled with `set_option linter.defProp false`
/home/runner/work/mathlib4/mathlib4/PrimalitySheafVerification/Mock2_Advanced.lean:25158:0: warning: Definition `equations3_20_to_3_26_boundarySign_correctedAndProved` is a proposition; use `theorem` instead of `def`

Note: This linter can be disabled with `set_option linter.defProp false`
/home/runner/work/mathlib4/mathlib4/PrimalitySheafVerification/Mock2_Advanced.lean:25161:0: warning: Definition `equations3_20_to_3_26_zeroBoundaryErratum` is a proposition; use `theorem` instead of `def`

Note: This linter can be disabled with `set_option linter.defProp false`
/home/runner/work/mathlib4/mathlib4/PrimalitySheafVerification/Mock2_Advanced.lean:25166:0: warning: Definition `equations4_10_to_4_27_dampingDirectionErratum` is a proposition; use `theorem` instead of `def`

Note: This linter can be disabled with `set_option linter.defProp false`
/home/runner/work/mathlib4/mathlib4/PrimalitySheafVerification/Mock2_Advanced.lean:25169:0: warning: Definition `equations4_10_to_4_27_correctedDampingDirection_proved` is a proposition; use `theorem` instead of `def`

Note: This linter can be disabled with `set_option linter.defProp false`
/home/runner/work/mathlib4/mathlib4/PrimalitySheafVerification/Mock2_Advanced.lean:25172:0: warning: Definition `equations4_10_to_4_27_correctedExponentDirection_proved` is a proposition; use `theorem` instead of `def`

Note: This linter can be disabled with `set_option linter.defProp false`
/home/runner/work/mathlib4/mathlib4/PrimalitySheafVerification/Mock2_Advanced.lean:25175:0: warning: Definition `equation4_17_widthTwoModeIntegral_proved` is a proposition; use `theorem` instead of `def`

Note: This linter can be disabled with `set_option linter.defProp false`
/home/runner/work/mathlib4/mathlib4/PrimalitySheafVerification/Mock2_Advanced.lean:25178:0: warning: Definition `equation4_17_widthTwoOrthogonality_proved` is a proposition; use `theorem` instead of `def`

Note: This linter can be disabled with `set_option linter.defProp false`
/home/runner/work/mathlib4/mathlib4/PrimalitySheafVerification/Mock2_Advanced.lean:25181:0: warning: Definition `equation4_17_widthTwoFiniteHermitianParseval_proved` is a proposition; use `theorem` instead of `def`

Note: This linter can be disabled with `set_option linter.defProp false`
/home/runner/work/mathlib4/mathlib4/PrimalitySheafVerification/Mock2_Advanced.lean:25184:0: warning: Definition `equation4_17_widthTwoFiniteNormSqParseval_proved` is a proposition; use `theorem` instead of `def`

Note: This linter can be disabled with `set_option linter.defProp false`
/home/runner/work/mathlib4/mathlib4/PrimalitySheafVerification/Mock2_Advanced.lean:25187:0: warning: Definition `equation4_17_widthTwoFiniteParseval_proved` is a proposition; use `theorem` instead of `def`

Note: This linter can be disabled with `set_option linter.defProp false`
/home/runner/work/mathlib4/mathlib4/PrimalitySheafVerification/Mock2_Advanced.lean:25190:0: warning: Definition `equations4_10_to_4_27_fixedHeightSqrtAbsorption_correctedAndProved` is a proposition; use `theorem` instead of `def`

Note: This linter can be disabled with `set_option linter.defProp false`
/home/runner/work/mathlib4/mathlib4/PrimalitySheafVerification/Mock2_Advanced.lean:25193:0: warning: Definition `equations4_10_to_4_27_fixedHeightSummability_correctedAndProved` is a proposition; use `theorem` instead of `def`

Note: This linter can be disabled with `set_option linter.defProp false`
/home/runner/work/mathlib4/mathlib4/PrimalitySheafVerification/Mock2_Advanced.lean:25196:0: warning: Definition `equations4_10_to_4_27_firstDerivativeWeight_correctedAndProved` is a proposition; use `theorem` instead of `def`

Note: This linter can be disabled with `set_option linter.defProp false`
/home/runner/work/mathlib4/mathlib4/PrimalitySheafVerification/Mock2_Advanced.lean:25199:0: warning: Definition `equations4_10_to_4_27_secondDerivativeWeight_correctedAndProved` is a proposition; use `theorem` instead of `def`

Note: This linter can be disabled with `set_option linter.defProp false`
/home/runner/work/mathlib4/mathlib4/PrimalitySheafVerification/Mock2_Advanced.lean:25202:0: warning: Definition `section7C_positiveModulusKloostermanBound_proved` is a proposition; use `theorem` instead of `def`

Note: This linter can be disabled with `set_option linter.defProp false`
/home/runner/work/mathlib4/mathlib4/PrimalitySheafVerification/Mock2_Advanced.lean:25205:0: warning: Definition `section7C_coefficientTruncationZero_proved` is a proposition; use `theorem` instead of `def`

Note: This linter can be disabled with `set_option linter.defProp false`
/home/runner/work/mathlib4/mathlib4/PrimalitySheafVerification/Mock2_Advanced.lean:25208:0: warning: Definition `section7C_coefficientTruncationSuccDifference_proved` is a proposition; use `theorem` instead of `def`

Note: This linter can be disabled with `set_option linter.defProp false`
/home/runner/work/mathlib4/mathlib4/PrimalitySheafVerification/Mock2_Advanced.lean:25211:0: warning: Definition `section7C_tunedFiniteMainTailDecomposition_proved` is a proposition; use `theorem` instead of `def`

Note: This linter can be disabled with `set_option linter.defProp false`
/home/runner/work/mathlib4/mathlib4/PrimalitySheafVerification/Mock2_Advanced.lean:25214:0: warning: Definition `section7C_termCardinalityBesselEnvelope_proved` is a proposition; use `theorem` instead of `def`

Note: This linter can be disabled with `set_option linter.defProp false`
/home/runner/work/mathlib4/mathlib4/PrimalitySheafVerification/Mock2_Advanced.lean:25217:0: warning: Definition `section7C_finiteCoefficientEnvelope_proved` is a proposition; use `theorem` instead of `def`

Note: This linter can be disabled with `set_option linter.defProp false`
/home/runner/work/mathlib4/mathlib4/PrimalitySheafVerification/Mock2_Advanced.lean:25220:0: warning: Definition `section7C_criticalPointwiseEnvelopeErratum` is a proposition; use `theorem` instead of `def`

Note: This linter can be disabled with `set_option linter.defProp false`
/home/runner/work/mathlib4/mathlib4/PrimalitySheafVerification/Mock2_Advanced.lean:25223:0: warning: Definition `section7D_halfOrderWhittakerPositivity_proved` is a proposition; use `theorem` instead of `def`

Note: This linter can be disabled with `set_option linter.defProp false`
/home/runner/work/mathlib4/mathlib4/PrimalitySheafVerification/Mock2_Advanced.lean:25226:0: warning: Definition `section7D_halfOrderWhittakerFirstDerivative_proved` is a proposition; use `theorem` instead of `def`

Note: This linter can be disabled with `set_option linter.defProp false`
/home/runner/work/mathlib4/mathlib4/PrimalitySheafVerification/Mock2_Advanced.lean:25229:0: warning: Definition `section7D_halfOrderWhittakerSecondDerivative_proved` is a proposition; use `theorem` instead of `def`

Note: This linter can be disabled with `set_option linter.defProp false`
/home/runner/work/mathlib4/mathlib4/PrimalitySheafVerification/Mock2_Advanced.lean:25232:0: warning: Definition `section7D_halfOrderWhittakerODE_proved` is a proposition; use `theorem` instead of `def`

Note: This linter can be disabled with `set_option linter.defProp false`
/home/runner/work/mathlib4/mathlib4/PrimalitySheafVerification/Mock2_Advanced.lean:25235:0: warning: Definition `section7D_halfOrderWhittakerSimplifiedODE_proved` is a proposition; use `theorem` instead of `def`

Note: This linter can be disabled with `set_option linter.defProp false`
/home/runner/work/mathlib4/mathlib4/PrimalitySheafVerification/Mock2_Advanced.lean:25238:0: warning: Definition `section7D_scaledWhittakerPositivity_proved` is a proposition; use `theorem` instead of `def`

Note: This linter can be disabled with `set_option linter.defProp false`
/home/runner/work/mathlib4/mathlib4/PrimalitySheafVerification/Mock2_Advanced.lean:25241:0: warning: Definition `section7D_scaledWhittakerDecay_proved` is a proposition; use `theorem` instead of `def`

Note: This linter can be disabled with `set_option linter.defProp false`
/home/runner/work/mathlib4/mathlib4/PrimalitySheafVerification/Mock2_Advanced.lean:25244:0: warning: Definition `section7D_scaledWhittakerIntegrability_proved` is a proposition; use `theorem` instead of `def`

Note: This linter can be disabled with `set_option linter.defProp false`
/home/runner/work/mathlib4/mathlib4/PrimalitySheafVerification/Mock2_Advanced.lean:25247:0: warning: Definition `section7D_scaledWhittakerIntegral_proved` is a proposition; use `theorem` instead of `def`

Note: This linter can be disabled with `set_option linter.defProp false`
/home/runner/work/mathlib4/mathlib4/PrimalitySheafVerification/Mock2_Advanced.lean:25250:0: warning: Definition `section7D_scaledWhittakerPositiveHalfLineMass_proved` is a proposition; use `theorem` instead of `def`

Note: This linter can be disabled with `set_option linter.defProp false`
/home/runner/work/mathlib4/mathlib4/PrimalitySheafVerification/Mock2_Advanced.lean:25253:0: warning: Definition `section7C_finiteTruncationsConverge_proved` is a proposition; use `theorem` instead of `def`

Note: This linter can be disabled with `set_option linter.defProp false`
/home/runner/work/mathlib4/mathlib4/PrimalitySheafVerification/Mock2_Advanced.lean:25256:0: warning: Definition `section7C_finiteTruncationsCauchy_proved` is a proposition; use `theorem` instead of `def`

Note: This linter can be disabled with `set_option linter.defProp false`
/home/runner/work/mathlib4/mathlib4/PrimalitySheafVerification/Mock2_Advanced.lean:25259:0: warning: Definition `section7C_quantitativeTailBound_proved` is a proposition; use `theorem` instead of `def`

Note: This linter can be disabled with `set_option linter.defProp false`
/home/runner/work/mathlib4/mathlib4/PrimalitySheafVerification/Mock2_Advanced.lean:25262:0: warning: Definition `section7C_operatorPassesToLimit_proved` is a proposition; use `theorem` instead of `def`

Note: This linter can be disabled with `set_option linter.defProp false`
/home/runner/work/mathlib4/mathlib4/PrimalitySheafVerification/Mock2_Advanced.lean:25265:0: warning: Definition `section7F_uniformMajorantConvergence_proved` is a proposition; use `theorem` instead of `def`

Note: This linter can be disabled with `set_option linter.defProp false`
/home/runner/work/mathlib4/mathlib4/PrimalitySheafVerification/Mock2_Advanced.lean:25268:0: warning: Definition `section7I_scalingColumnsComputed_proved` is a proposition; use `theorem` instead of `def`

Note: This linter can be disabled with `set_option linter.defProp false`
/home/runner/work/mathlib4/mathlib4/PrimalitySheafVerification/Mock2_Advanced.lean:25271:0: warning: Definition `section7I_scalingColumnsPrimitive_proved` is a proposition; use `theorem` instead of `def`

Note: This linter can be disabled with `set_option linter.defProp false`
/home/runner/work/mathlib4/mathlib4/PrimalitySheafVerification/Mock2_Advanced.lean:25274:0: warning: Definition `section7I_threeNonzeroParityClasses_proved` is a proposition; use `theorem` instead of `def`

Note: This linter can be disabled with `set_option linter.defProp false`
/home/runner/work/mathlib4/mathlib4/PrimalitySheafVerification/Mock2_Advanced.lean:25277:0: warning: Definition `section7I_uniqueParityClassifier_proved` is a proposition; use `theorem` instead of `def`

Note: This linter can be disabled with `set_option linter.defProp false`
/home/runner/work/mathlib4/mathlib4/PrimalitySheafVerification/Mock2_Advanced.lean:25280:0: warning: Definition `section7I_primitiveColumnParityNonzero_proved` is a proposition; use `theorem` instead of `def`

Note: This linter can be disabled with `set_option linter.defProp false`
/home/runner/work/mathlib4/mathlib4/PrimalitySheafVerification/Mock2_Advanced.lean:25283:0: warning: Definition `section7I_primitiveColumnClassifier_proved` is a proposition; use `theorem` instead of `def`

Note: This linter can be disabled with `set_option linter.defProp false`
/home/runner/work/mathlib4/mathlib4/PrimalitySheafVerification/Mock2_Advanced.lean:25286:0: warning: Definition `section7I_primitiveColumnOrbitClassification_proved` is a proposition; use `theorem` instead of `def`

Note: This linter can be disabled with `set_option linter.defProp false`
/home/runner/work/mathlib4/mathlib4/PrimalitySheafVerification/Mock2_Advanced.lean:25289:0: warning: Definition `section7I_gamma2ParityInvariant_proved` is a proposition; use `theorem` instead of `def`

Note: This linter can be disabled with `set_option linter.defProp false`
/home/runner/work/mathlib4/mathlib4/PrimalitySheafVerification/Mock2_Advanced.lean:25292:0: warning: Definition `section7I_signedCuspRepresentativeSeparation_proved` is a proposition; use `theorem` instead of `def`

Note: This linter can be disabled with `set_option linter.defProp false`
/home/runner/work/mathlib4/mathlib4/PrimalitySheafVerification/Mock2_Advanced.lean:25295:0: warning: Definition `equations4_28_to_4_29_qLaplacianIntertwining_correctedAndProved` is a proposition; use `theorem` instead of `def`

Note: This linter can be disabled with `set_option linter.defProp false`
/home/runner/work/mathlib4/mathlib4/PrimalitySheafVerification/Mock2_Advanced.lean:25298:0: warning: Definition `equations4_28_to_4_29_measureTransport_proved` is a proposition; use `theorem` instead of `def`

Note: This linter can be disabled with `set_option linter.defProp false`
/home/runner/work/mathlib4/mathlib4/PrimalitySheafVerification/Mock2_Advanced.lean:25301:0: warning: Definition `equations4_28_to_4_29_qParamRealPeriod_proved` is a proposition; use `theorem` instead of `def`

Note: This linter can be disabled with `set_option linter.defProp false`
/home/runner/work/mathlib4/mathlib4/PrimalitySheafVerification/Mock2_Advanced.lean:25304:0: warning: Definition `equations4_28_to_4_29_cuspTranslationMembership_proved` is a proposition; use `theorem` instead of `def`

Note: This linter can be disabled with `set_option linter.defProp false`
/home/runner/work/mathlib4/mathlib4/PrimalitySheafVerification/Mock2_Advanced.lean:25307:0: warning: Definition `equations4_28_to_4_29_scaledCuspTranslation_proved` is a proposition; use `theorem` instead of `def`

Note: This linter can be disabled with `set_option linter.defProp false`
/home/runner/work/mathlib4/mathlib4/PrimalitySheafVerification/Mock2_Advanced.lean:25310:0: warning: Definition `equations4_28_to_4_29_cuspQStabilizerInvariance_proved` is a proposition; use `theorem` instead of `def`

Note: This linter can be disabled with `set_option linter.defProp false`
/home/runner/work/mathlib4/mathlib4/PrimalitySheafVerification/Mock2_Advanced.lean:25313:0: warning: Definition `equations4_1_to_4_9_prototypeUnderdeterminedErratum` is a proposition; use `theorem` instead of `def`

Note: This linter can be disabled with `set_option linter.defProp false`
/home/runner/work/mathlib4/mathlib4/PrimalitySheafVerification/Mock2_Advanced.lean:25316:0: warning: Definition `equations4_1_to_4_9_additiveSplittingNotUniqueErratum` is a proposition; use `theorem` instead of `def`

Note: This linter can be disabled with `set_option linter.defProp false`
/home/runner/work/mathlib4/mathlib4/PrimalitySheafVerification/Mock2_Advanced.lean:25319:0: warning: Definition `equations4_30_to_4_32_eichlerKernelAmbiguity_correctedAndProved` is a proposition; use `theorem` instead of `def`

Note: This linter can be disabled with `set_option linter.defProp false`
/home/runner/work/mathlib4/mathlib4/PrimalitySheafVerification/Mock2_Advanced.lean:25322:0: warning: Definition `equations4_30_to_4_32_concreteCorrectionNonuniquenessErratum` is a proposition; use `theorem` instead of `def`

Note: This linter can be disabled with `set_option linter.defProp false`
/home/runner/work/mathlib4/mathlib4/PrimalitySheafVerification/Mock2_Advanced.lean:25325:0: warning: Definition `equation5_1_noSameUpperHalfPlaneExterior_proved` is a proposition; use `theorem` instead of `def`

Note: This linter can be disabled with `set_option linter.defProp false`
/home/runner/work/mathlib4/mathlib4/PrimalitySheafVerification/Mock2_Advanced.lean:25328:0: warning: Definition `equation5_1_missingInsideCompatibilityErratum` is a proposition; use `theorem` instead of `def`

Note: This linter can be disabled with `set_option linter.defProp false`
/home/runner/work/mathlib4/mathlib4/PrimalitySheafVerification/Mock2_Advanced.lean:25331:0: warning: Definition `equation5_1_annularMatching_correctedAndProved` is a proposition; use `theorem` instead of `def`

Note: This linter can be disabled with `set_option linter.defProp false`
/home/runner/work/mathlib4/mathlib4/PrimalitySheafVerification/Mock2_Advanced.lean:25334:0: warning: Definition `equations6_1_to_6_18_variableGaugeCovariance_correctedAndProved` is a proposition; use `theorem` instead of `def`

Note: This linter can be disabled with `set_option linter.defProp false`
/home/runner/work/mathlib4/mathlib4/PrimalitySheafVerification/Mock2_Advanced.lean:25337:0: warning: Definition `Mock2Adv.UnnumberedFormulaLedger.equations6_1_to_6_18_actualCyclicTorGcd_correctedAndProved` of class type is semireducible. Most type class instances should be instance-reducible, so consider marking this
definition with `@[instance_reducible]`. If it is intentionally semireducible, this warning can be disabled with `set_option warn.classDefReducibility false`.
/home/runner/work/mathlib4/mathlib4/PrimalitySheafVerification/Mock2_Advanced.lean:25337:0: warning: Definition `equations6_1_to_6_18_actualCyclicTorGcd_correctedAndProved` is a proposition; use `theorem` instead of `def`

Note: This linter can be disabled with `set_option linter.defProp false`
/home/runner/work/mathlib4/mathlib4/PrimalitySheafVerification/Mock2_Advanced.lean:25340:0: warning: Definition `section7J_smoothEndValuedOneForms_zero_proved` is a proposition; use `theorem` instead of `def`

Note: This linter can be disabled with `set_option linter.defProp false`
/home/runner/work/mathlib4/mathlib4/PrimalitySheafVerification/Mock2_Advanced.lean:25343:0: warning: Definition `section7J_smoothEndValuedOneForms_add_proved` is a proposition; use `theorem` instead of `def`

Note: This linter can be disabled with `set_option linter.defProp false`
/home/runner/work/mathlib4/mathlib4/PrimalitySheafVerification/Mock2_Advanced.lean:25346:0: warning: Definition `section7J_smoothEndValuedOneForms_smul_proved` is a proposition; use `theorem` instead of `def`

Note: This linter can be disabled with `set_option linter.defProp false`
/home/runner/work/mathlib4/mathlib4/PrimalitySheafVerification/Mock2_Advanced.lean:25349:0: warning: Definition `section7J_literalContDiffEndValuedOneForms_add_proved` is a proposition; use `theorem` instead of `def`

Note: This linter can be disabled with `set_option linter.defProp false`
/home/runner/work/mathlib4/mathlib4/PrimalitySheafVerification/Mock2_Advanced.lean:25352:0: warning: Definition `section7J_literalContDiffEndValuedOneForms_smul_proved` is a proposition; use `theorem` instead of `def`

Note: This linter can be disabled with `set_option linter.defProp false`
/home/runner/work/mathlib4/mathlib4/PrimalitySheafVerification/Mock2_Advanced.lean:25355:0: warning: Definition `section7J_scalarMultiplicationForm_smooth_proved` is a proposition; use `theorem` instead of `def`

Note: This linter can be disabled with `set_option linter.defProp false`
/home/runner/work/mathlib4/mathlib4/PrimalitySheafVerification/Mock2_Advanced.lean:25358:0: warning: Definition `section7J_scalarMultiplicationForm_nonzero_proved` is a proposition; use `theorem` instead of `def`

Note: This linter can be disabled with `set_option linter.defProp false`
/home/runner/work/mathlib4/mathlib4/PrimalitySheafVerification/Mock2_Advanced.lean:25361:0: warning: Definition `section7J_continuousScalarMultiplicationForm_contDiff_proved` is a proposition; use `theorem` instead of `def`

Note: This linter can be disabled with `set_option linter.defProp false`
/home/runner/work/mathlib4/mathlib4/PrimalitySheafVerification/Mock2_Advanced.lean:25364:0: warning: Definition `section7J_continuousScalarMultiplicationForm_mem_smoothSubmodule_proved` is a proposition; use `theorem` instead of `def`

Note: This linter can be disabled with `set_option linter.defProp false`
/home/runner/work/mathlib4/mathlib4/PrimalitySheafVerification/Mock2_Advanced.lean:25367:0: warning: Definition `section7J_continuousScalarMultiplicationForm_nonzero_proved` is a proposition; use `theorem` instead of `def`

Note: This linter can be disabled with `set_option linter.defProp false`
/home/runner/work/mathlib4/mathlib4/PrimalitySheafVerification/Mock2_Advanced.lean:25370:0: warning: Definition `section7J_continuousFormForgetsToLinearMapLsmul_proved` is a proposition; use `theorem` instead of `def`

Note: This linter can be disabled with `set_option linter.defProp false`
/home/runner/work/mathlib4/mathlib4/PrimalitySheafVerification/Mock2_Advanced.lean:25373:0: warning: Definition `section7J_scalarMultiplicationForm_covariant_proved` is a proposition; use `theorem` instead of `def`

Note: This linter can be disabled with `set_option linter.defProp false`
/home/runner/work/mathlib4/mathlib4/PrimalitySheafVerification/Mock2_Advanced.lean:25376:0: warning: Definition `equations6_1_to_6_18_generalizedCRTExactPackage_correctedAndProved` is a proposition; use `theorem` instead of `def`

Note: This linter can be disabled with `set_option linter.defProp false`
/home/runner/work/mathlib4/mathlib4/PrimalitySheafVerification/Mock2_Advanced.lean:25601:0: warning: Definition `E_abstractKloostermanBoundIntermediateOnly_correctedAndProved` is a proposition; use `theorem` instead of `def`

Note: This linter can be disabled with `set_option linter.defProp false`
/home/runner/work/mathlib4/mathlib4/PrimalitySheafVerification/Mock2_Advanced.lean:25607:0: warning: Definition `D_normalizedKuznetsovTransform_correctedAndProved` is a proposition; use `theorem` instead of `def`

Note: This linter can be disabled with `set_option linter.defProp false`
/home/runner/work/mathlib4/mathlib4/PrimalitySheafVerification/Mock2_Advanced.lean:25632:0: warning: Definition `A_fullCovarianceBuildsThetaCharacter_correctedAndProved` is a proposition; use `theorem` instead of `def`

Note: This linter can be disabled with `set_option linter.defProp false`
/home/runner/work/mathlib4/mathlib4/PrimalitySheafVerification/Mock2_Advanced.lean:25635:0: warning: Definition `A_gamma2StandardGenerators_proved` is a proposition; use `theorem` instead of `def`

Note: This linter can be disabled with `set_option linter.defProp false`
/home/runner/work/mathlib4/mathlib4/PrimalitySheafVerification/Mock2_Advanced.lean:25638:0: warning: Definition `A_globalGenuineThetaMultiplier_proved` is a proposition; use `theorem` instead of `def`

Note: This linter can be disabled with `set_option linter.defProp false`
/home/runner/work/mathlib4/mathlib4/PrimalitySheafVerification/Mock2_Advanced.lean:25991:0: warning: Definition `p01_multiplierCancellation_correctedAndProved` is a proposition; use `theorem` instead of `def`

Note: This linter can be disabled with `set_option linter.defProp false`
/home/runner/work/mathlib4/mathlib4/PrimalitySheafVerification/Mock2_Advanced.lean:25994:0: warning: Definition `p01_metaplecticCocycle_correctedAndProved` is a proposition; use `theorem` instead of `def`

Note: This linter can be disabled with `set_option linter.defProp false`
/home/runner/work/mathlib4/mathlib4/PrimalitySheafVerification/Mock2_Advanced.lean:25997:0: warning: Definition `p01_aeCompletion_correctedAndProved` is a proposition; use `theorem` instead of `def`

Note: This linter can be disabled with `set_option linter.defProp false`
/home/runner/work/mathlib4/mathlib4/PrimalitySheafVerification/Mock2_Advanced.lean:26000:0: warning: Definition `p01_genuineMultiplierCocycle_correctedAndProved` is a proposition; use `theorem` instead of `def`

Note: This linter can be disabled with `set_option linter.defProp false`
/home/runner/work/mathlib4/mathlib4/PrimalitySheafVerification/Mock2_Advanced.lean:26003:0: warning: Definition `p01_literalInverseHalfWeightCocycle_correctedAndProved` is a proposition; use `theorem` instead of `def`

Note: This linter can be disabled with `set_option linter.defProp false`
/home/runner/work/mathlib4/mathlib4/PrimalitySheafVerification/Mock2_Advanced.lean:26006:0: warning: Definition `p01_inverseHalfWeightDensity_correctedAndProved` is a proposition; use `theorem` instead of `def`

Note: This linter can be disabled with `set_option linter.defProp false`
/home/runner/work/mathlib4/mathlib4/PrimalitySheafVerification/Mock2_Advanced.lean:26009:0: warning: Definition `p01_plainDensityObstruction_correctedAndProved` is a proposition; use `theorem` instead of `def`

Note: This linter can be disabled with `set_option linter.defProp false`
/home/runner/work/mathlib4/mathlib4/PrimalitySheafVerification/Mock2_Advanced.lean:26012:0: warning: Definition `p01_inverseRepresentativeIndependentAutomorphy_correctedAndProved` is a proposition; use `theorem` instead of `def`

Note: This linter can be disabled with `set_option linter.defProp false`
/home/runner/work/mathlib4/mathlib4/PrimalitySheafVerification/Mock2_Advanced.lean:26015:0: warning: Definition `p01_concretePlainDensityCounterexample_proved` is a proposition; use `theorem` instead of `def`

Note: This linter can be disabled with `set_option linter.defProp false`
/home/runner/work/mathlib4/mathlib4/PrimalitySheafVerification/Mock2_Advanced.lean:26018:0: warning: Definition `p01_positivePolygonL2Density_correctedAndProved` is a proposition; use `theorem` instead of `def`

Note: This linter can be disabled with `set_option linter.defProp false`
/home/runner/work/mathlib4/mathlib4/PrimalitySheafVerification/Mock2_Advanced.lean:26021:0: warning: Definition `p01_inversePolygonL2Density_correctedAndProved` is a proposition; use `theorem` instead of `def`

Note: This linter can be disabled with `set_option linter.defProp false`
/home/runner/work/mathlib4/mathlib4/PrimalitySheafVerification/Mock2_Advanced.lean:26030:0: warning: Definition `p01_positiveAutomorphicL2HilbertClosure_correctedAndProved` is a proposition; use `theorem` instead of `def`

Note: This linter can be disabled with `set_option linter.defProp false`
/home/runner/work/mathlib4/mathlib4/PrimalitySheafVerification/Mock2_Advanced.lean:26033:0: warning: Definition `p01_inverseAutomorphicL2HilbertClosure_correctedAndProved` is a proposition; use `theorem` instead of `def`

Note: This linter can be disabled with `set_option linter.defProp false`
/home/runner/work/mathlib4/mathlib4/PrimalitySheafVerification/Mock2_Advanced.lean:26036:0: warning: Definition `p01_positivePolygonRealizationFaithful_correctedAndProved` is a proposition; use `theorem` instead of `def`

Note: This linter can be disabled with `set_option linter.defProp false`
/home/runner/work/mathlib4/mathlib4/PrimalitySheafVerification/Mock2_Advanced.lean:26039:0: warning: Definition `p01_inversePolygonRealizationFaithful_correctedAndProved` is a proposition; use `theorem` instead of `def`

Note: This linter can be disabled with `set_option linter.defProp false`
/home/runner/work/mathlib4/mathlib4/PrimalitySheafVerification/Mock2_Advanced.lean:26042:0: warning: Definition `p01_genuineAECompletion_correctedAndProved` is a proposition; use `theorem` instead of `def`

Note: This linter can be disabled with `set_option linter.defProp false`
/home/runner/work/mathlib4/mathlib4/PrimalitySheafVerification/Mock2_Advanced.lean:26045:0: warning: Definition `p01_representativeIndependentAutomorphy_correctedAndProved` is a proposition; use `theorem` instead of `def`

Note: This linter can be disabled with `set_option linter.defProp false`
/home/runner/work/mathlib4/mathlib4/PrimalitySheafVerification/Mock2_Advanced.lean:26048:0: warning: Definition `p01_standardThetaAEClassAutomorphic_proved` is a proposition; use `theorem` instead of `def`

Note: This linter can be disabled with `set_option linter.defProp false`
/home/runner/work/mathlib4/mathlib4/PrimalitySheafVerification/Mock2_Advanced.lean:26051:0: warning: Definition `p01_closableGraphValueEmbedding_correctedAndProved` is a proposition; use `theorem` instead of `def`

Note: This linter can be disabled with `set_option linter.defProp false`
/home/runner/work/mathlib4/mathlib4/PrimalitySheafVerification/Mock2_Advanced.lean:26054:0: warning: Definition `p01_graphCompletionIsClosureGraph_correctedAndProved` is a proposition; use `theorem` instead of `def`

Note: This linter can be disabled with `set_option linter.defProp false`
/home/runner/work/mathlib4/mathlib4/PrimalitySheafVerification/Mock2_Advanced.lean:26057:0: warning: Definition `p01_ambientL2ToDataPairing_correctedAndProved` is a proposition; use `theorem` instead of `def`

Note: This linter can be disabled with `set_option linter.defProp false`
/home/runner/work/mathlib4/mathlib4/PrimalitySheafVerification/Mock2_Advanced.lean:26060:0: warning: Definition `p01_ambientL2ToDataAntiLinear_correctedAndProved` is a proposition; use `theorem` instead of `def`

Note: This linter can be disabled with `set_option linter.defProp false`
/home/runner/work/mathlib4/mathlib4/PrimalitySheafVerification/Mock2_Advanced.lean:26063:0: warning: Definition `p01_ambientL2ToDataInjective_correctedAndProved` is a proposition; use `theorem` instead of `def`

Note: This linter can be disabled with `set_option linter.defProp false`
/home/runner/work/mathlib4/mathlib4/PrimalitySheafVerification/Mock2_Advanced.lean:26066:0: warning: Definition `p01_paperMaassLeftFactorizationErratum` is a proposition; use `theorem` instead of `def`

Note: This linter can be disabled with `set_option linter.defProp false`
/home/runner/work/mathlib4/mathlib4/PrimalitySheafVerification/Mock2_Advanced.lean:26069:0: warning: Definition `p01_paperMaassRightFactorizationErratum` is a proposition; use `theorem` instead of `def`

Note: This linter can be disabled with `set_option linter.defProp false`
/home/runner/work/mathlib4/mathlib4/PrimalitySheafVerification/Mock2_Advanced.lean:26072:0: warning: Definition `p01_unweightedMaassAdjointErratum` is a proposition; use `theorem` instead of `def`

Note: This linter can be disabled with `set_option linter.defProp false`
/home/runner/work/mathlib4/mathlib4/PrimalitySheafVerification/Mock2_Advanced.lean:26075:0: warning: Definition `p01_unitaryMaassAdjoint_correctedAndProved` is a proposition; use `theorem` instead of `def`

Note: This linter can be disabled with `set_option linter.defProp false`
/home/runner/work/mathlib4/mathlib4/PrimalitySheafVerification/Mock2_Advanced.lean:26078:0: warning: Definition `p01_formalAdjointImpliesClosable_correctedAndProved` is a proposition; use `theorem` instead of `def`

Note: This linter can be disabled with `set_option linter.defProp false`
/home/runner/work/mathlib4/mathlib4/PrimalitySheafVerification/Mock2_Advanced.lean:26081:0: warning: Definition `p01_centralPhaseNecessity_correctedAndProved` is a proposition; use `theorem` instead of `def`

Note: This linter can be disabled with `set_option linter.defProp false`
/home/runner/work/mathlib4/mathlib4/PrimalitySheafVerification/Mock2_Advanced.lean:26084:0: warning: Definition `p01_positiveCentralFactorConvention_correctedAndProved` is a proposition; use `theorem` instead of `def`

Note: This linter can be disabled with `set_option linter.defProp false`
/home/runner/work/mathlib4/mathlib4/PrimalitySheafVerification/Mock2_Advanced.lean:26087:0: warning: Definition `p01_inverseCentralFactorConvention_correctedAndProved` is a proposition; use `theorem` instead of `def`

Note: This linter can be disabled with `set_option linter.defProp false`
/home/runner/work/mathlib4/mathlib4/PrimalitySheafVerification/Mock2_Advanced.lean:26090:0: warning: Definition `p01_trivialGenuineMultiplierZeroSector_proved` is a proposition; use `theorem` instead of `def`

Note: This linter can be disabled with `set_option linter.defProp false`
/home/runner/work/mathlib4/mathlib4/PrimalitySheafVerification/Mock2_Advanced.lean:26093:0: warning: Definition `p01_standardThetaMultiplierConstructed_proved` is a proposition; use `theorem` instead of `def`

Note: This linter can be disabled with `set_option linter.defProp false`
/home/runner/work/mathlib4/mathlib4/PrimalitySheafVerification/Mock2_Advanced.lean:26096:0: warning: Definition `p01_standardThetaSharpGaussianBound_proved` is a proposition; use `theorem` instead of `def`

Note: This linter can be disabled with `set_option linter.defProp false`
/home/runner/work/mathlib4/mathlib4/PrimalitySheafVerification/Mock2_Advanced.lean:26099:0: warning: Definition `p01_sixCellPullbackHeightEnvelope_proved` is a proposition; use `theorem` instead of `def`

Note: This linter can be disabled with `set_option linter.defProp false`
/home/runner/work/mathlib4/mathlib4/PrimalitySheafVerification/Mock2_Advanced.lean:26102:0: warning: Definition `p01_fdHeightEnvelopeIntegrable_correctedAndProved` is a proposition; use `theorem` instead of `def`

Note: This linter can be disabled with `set_option linter.defProp false`
/home/runner/work/mathlib4/mathlib4/PrimalitySheafVerification/Mock2_Advanced.lean:26105:0: warning: Definition `p01_standardThetaSixCellDensityMajorant_proved` is a proposition; use `theorem` instead of `def`

Note: This linter can be disabled with `set_option linter.defProp false`
/home/runner/work/mathlib4/mathlib4/PrimalitySheafVerification/Mock2_Advanced.lean:26108:0: warning: Definition `p01_standardThetaFundamentalMemLp_proved` is a proposition; use `theorem` instead of `def`

Note: This linter can be disabled with `set_option linter.defProp false`
/home/runner/work/mathlib4/mathlib4/PrimalitySheafVerification/Mock2_Advanced.lean:26111:0: warning: Definition `p01_standardThetaPositiveAutomorphicL2_proved` is a proposition; use `theorem` instead of `def`

Note: This linter can be disabled with `set_option linter.defProp false`
/home/runner/work/mathlib4/mathlib4/PrimalitySheafVerification/Mock2_Advanced.lean:26114:0: warning: Definition `p01_inverseStandardThetaSectorErratum` is a proposition; use `theorem` instead of `def`

Note: This linter can be disabled with `set_option linter.defProp false`
/home/runner/work/mathlib4/mathlib4/PrimalitySheafVerification/Mock2_Advanced.lean:26117:0: warning: Definition `p01_dualConvention_correctedAndProved` is a proposition; use `theorem` instead of `def`

Note: This linter can be disabled with `set_option linter.defProp false`
/home/runner/work/mathlib4/mathlib4/PrimalitySheafVerification/Mock2_Advanced.lean:26120:0: warning: Definition `p02_distributionalRestriction_correctedAndProved` is a proposition; use `theorem` instead of `def`

Note: This linter can be disabled with `set_option linter.defProp false`
/home/runner/work/mathlib4/mathlib4/PrimalitySheafVerification/Mock2_Advanced.lean:26123:0: warning: Definition `p02_gardingShift_correctedAndProved` is a proposition; use `theorem` instead of `def`

Note: This linter can be disabled with `set_option linter.defProp false`
/home/runner/work/mathlib4/mathlib4/PrimalitySheafVerification/Mock2_Advanced.lean:26126:0: warning: Definition `p02_supportSensitiveTruncation_correctedAndProved` is a proposition; use `theorem` instead of `def`

Note: This linter can be disabled with `set_option linter.defProp false`
/home/runner/work/mathlib4/mathlib4/PrimalitySheafVerification/Mock2_Advanced.lean:26129:0: warning: Definition `p02_unshiftedCoercivity_correctedAndProved` is a proposition; use `theorem` instead of `def`

Note: This linter can be disabled with `set_option linter.defProp false`
/home/runner/work/mathlib4/mathlib4/PrimalitySheafVerification/Mock2_Advanced.lean:26132:0: warning: Definition `p03_mellinHalfPlane_correctedAndProved` is a proposition; use `theorem` instead of `def`

Note: This linter can be disabled with `set_option linter.defProp false`
/home/runner/work/mathlib4/mathlib4/PrimalitySheafVerification/Mock2_Advanced.lean:26135:0: warning: Definition `p03_betaOneLogDivergence_correctedAndProved` is a proposition; use `theorem` instead of `def`

Note: This linter can be disabled with `set_option linter.defProp false`
/home/runner/work/mathlib4/mathlib4/PrimalitySheafVerification/Mock2_Advanced.lean:26138:0: warning: Definition `p03_eisensteinCuspWindow_correctedAndProved` is a proposition; use `theorem` instead of `def`

Note: This linter can be disabled with `set_option linter.defProp false`
/home/runner/work/mathlib4/mathlib4/PrimalitySheafVerification/Mock2_Advanced.lean:26141:0: warning: Definition `p04_smoothKuznetsovTest_correctedAndProved` is a proposition; use `theorem` instead of `def`

Note: This linter can be disabled with `set_option linter.defProp false`
/home/runner/work/mathlib4/mathlib4/PrimalitySheafVerification/Mock2_Advanced.lean:26144:0: warning: Definition `p04_tailExponentOneDivergence_correctedAndProved` is a proposition; use `theorem` instead of `def`

Note: This linter can be disabled with `set_option linter.defProp false`
/home/runner/work/mathlib4/mathlib4/PrimalitySheafVerification/Mock2_Advanced.lean:26147:0: warning: Definition `p04_tailExponentHalfDivergence_correctedAndProved` is a proposition; use `theorem` instead of `def`

Note: This linter can be disabled with `set_option linter.defProp false`
/home/runner/work/mathlib4/mathlib4/PrimalitySheafVerification/Mock2_Advanced.lean:26150:0: warning: Definition `p04_noUniformQuarterPowerAbsorption_correctedAndProved` is a proposition; use `theorem` instead of `def`

Note: This linter can be disabled with `set_option linter.defProp false`
/home/runner/work/mathlib4/mathlib4/PrimalitySheafVerification/Mock2_Advanced.lean:26153:0: warning: Definition `p04_criticalEnvelopeDivergence_correctedAndProved` is a proposition; use `theorem` instead of `def`

Note: This linter can be disabled with `set_option linter.defProp false`
/home/runner/work/mathlib4/mathlib4/PrimalitySheafVerification/Mock2_Advanced.lean:26156:0: warning: Definition `p04_positiveMarginSummability_correctedAndProved` is a proposition; use `theorem` instead of `def`

Note: This linter can be disabled with `set_option linter.defProp false`
/home/runner/work/mathlib4/mathlib4/PrimalitySheafVerification/Mock2_Advanced.lean:26159:0: warning: Definition `p05_positiveMassDefinition_correctedAndProved` is a proposition; use `theorem` instead of `def`

Note: This linter can be disabled with `set_option linter.defProp false`
/home/runner/work/mathlib4/mathlib4/PrimalitySheafVerification/Mock2_Advanced.lean:26162:0: warning: Definition `p05_unitarityInsufficiency_correctedAndProved` is a proposition; use `theorem` instead of `def`

Note: This linter can be disabled with `set_option linter.defProp false`
/home/runner/work/mathlib4/mathlib4/PrimalitySheafVerification/Mock2_Advanced.lean:26165:0: warning: Definition `p05_correctedScalarDensityPositive_correctedAndProved` is a proposition; use `theorem` instead of `def`

Note: This linter can be disabled with `set_option linter.defProp false`
/home/runner/work/mathlib4/mathlib4/PrimalitySheafVerification/Mock2_Advanced.lean:26168:0: warning: Definition `p05_concreteNonnegativeTestMass_correctedAndProved` is a proposition; use `theorem` instead of `def`

Note: This linter can be disabled with `set_option linter.defProp false`
/home/runner/work/mathlib4/mathlib4/PrimalitySheafVerification/Mock2_Advanced.lean:26171:0: warning: Definition `p06_exceptionalParameter_correctedAndProved` is a proposition; use `theorem` instead of `def`

Note: This linter can be disabled with `set_option linter.defProp false`
/home/runner/work/mathlib4/mathlib4/PrimalitySheafVerification/Mock2_Advanced.lean:26174:0: warning: Definition `p06_widthTwoParseval_correctedAndProved` is a proposition; use `theorem` instead of `def`

Note: This linter can be disabled with `set_option linter.defProp false`
/home/runner/work/mathlib4/mathlib4/PrimalitySheafVerification/Mock2_Advanced.lean:26177:0: warning: Definition `p06_poincareCoefficientNonimplication_correctedAndProved` is a proposition; use `theorem` instead of `def`

Note: This linter can be disabled with `set_option linter.defProp false`
/home/runner/work/mathlib4/mathlib4/PrimalitySheafVerification/Mock2_Advanced.lean:26180:0: warning: Definition `p06_oneBlockNonimplication_correctedAndProved` is a proposition; use `theorem` instead of `def`

Note: This linter can be disabled with `set_option linter.defProp false`
/home/runner/work/mathlib4/mathlib4/PrimalitySheafVerification/Mock2_Advanced.lean:26183:0: warning: Definition `p06_fixedLowerGrowingUpperConsistency_correctedAndProved` is a proposition; use `theorem` instead of `def`

Note: This linter can be disabled with `set_option linter.defProp false`
/home/runner/work/mathlib4/mathlib4/PrimalitySheafVerification/Mock2_Advanced.lean:26186:0: warning: Definition `p06_powerSeparatedContradiction_correctedAndProved` is a proposition; use `theorem` instead of `def`

Note: This linter can be disabled with `set_option linter.defProp false`
/home/runner/work/mathlib4/mathlib4/PrimalitySheafVerification/Mock2_Advanced.lean:26189:0: warning: Definition `p07_typedCurvature_correctedAndProved` is a proposition; use `theorem` instead of `def`

Note: This linter can be disabled with `set_option linter.defProp false`
/home/runner/work/mathlib4/mathlib4/PrimalitySheafVerification/Mock2_Advanced.lean:26192:0: warning: Definition `p07_parallelMockEnergyZero_correctedAndProved` is a proposition; use `theorem` instead of `def`

Note: This linter can be disabled with `set_option linter.defProp false`
/home/runner/work/mathlib4/mathlib4/PrimalitySheafVerification/Mock2_Advanced.lean:26195:0: warning: Definition `p07_parallelBoundarySign_correctedAndProved` is a proposition; use `theorem` instead of `def`

Note: This linter can be disabled with `set_option linter.defProp false`
/home/runner/work/mathlib4/mathlib4/PrimalitySheafVerification/Mock2_Advanced.lean:26198:0: warning: Definition `p07_rademacherDampingDirection_correctedAndProved` is a proposition; use `theorem` instead of `def`

Note: This linter can be disabled with `set_option linter.defProp false`
/home/runner/work/mathlib4/mathlib4/PrimalitySheafVerification/Mock2_Advanced.lean:26201:0: warning: Definition `p07_rademacherExponentDirection_correctedAndProved` is a proposition; use `theorem` instead of `def`

Note: This linter can be disabled with `set_option linter.defProp false`
/home/runner/work/mathlib4/mathlib4/PrimalitySheafVerification/Mock2_Advanced.lean:26204:0: warning: Definition `p07_automorphicSeriesLimit_correctedAndProved` is a proposition; use `theorem` instead of `def`

Note: This linter can be disabled with `set_option linter.defProp false`
/home/runner/work/mathlib4/mathlib4/PrimalitySheafVerification/Mock2_Advanced.lean:26207:0: warning: Definition `p07_compactEmbeddingReplacement_correctedAndProved` is a proposition; use `theorem` instead of `def`

Note: This linter can be disabled with `set_option linter.defProp false`
/home/runner/work/mathlib4/mathlib4/PrimalitySheafVerification/Mock2_Advanced.lean:26210:0: warning: Definition `p08_localQCoordinate_correctedAndProved` is a proposition; use `theorem` instead of `def`

Note: This linter can be disabled with `set_option linter.defProp false`
/home/runner/work/mathlib4/mathlib4/PrimalitySheafVerification/Mock2_Advanced.lean:26213:0: warning: Definition `p08_cuspChartELpNormTransport_correctedAndProved` is a proposition; use `theorem` instead of `def`

Note: This linter can be disabled with `set_option linter.defProp false`
/home/runner/work/mathlib4/mathlib4/PrimalitySheafVerification/Mock2_Advanced.lean:26216:0: warning: Definition `p08_cuspChartMemLpTransport_correctedAndProved` is a proposition; use `theorem` instead of `def`

Note: This linter can be disabled with `set_option linter.defProp false`
/home/runner/work/mathlib4/mathlib4/PrimalitySheafVerification/Mock2_Advanced.lean:26219:0: warning: Definition `p08_scalingWidth_correctedAndProved` is a proposition; use `theorem` instead of `def`

Note: This linter can be disabled with `set_option linter.defProp false`
/home/runner/work/mathlib4/mathlib4/PrimalitySheafVerification/Mock2_Advanced.lean:26222:0: warning: Definition `p08_gamma2CuspOrbitClassification_correctedAndProved` is a proposition; use `theorem` instead of `def`

Note: This linter can be disabled with `set_option linter.defProp false`
/home/runner/work/mathlib4/mathlib4/PrimalitySheafVerification/Mock2_Advanced.lean:26225:0: warning: Definition `p08_exteriorPullbackAnalytic_correctedAndProved` is a proposition; use `theorem` instead of `def`

Note: This linter can be disabled with `set_option linter.defProp false`
/home/runner/work/mathlib4/mathlib4/PrimalitySheafVerification/Mock2_Advanced.lean:26228:0: warning: Definition `p08_chosenConnectionCompatible_correctedAndProved` is a proposition; use `theorem` instead of `def`

Note: This linter can be disabled with `set_option linter.defProp false`
/home/runner/work/mathlib4/mathlib4/PrimalitySheafVerification/Mock2_Advanced.lean:26231:0: warning: Definition `p08_chosenConnectionUnique_correctedAndProved` is a proposition; use `theorem` instead of `def`

Note: This linter can be disabled with `set_option linter.defProp false`
/home/runner/work/mathlib4/mathlib4/PrimalitySheafVerification/Mock2_Advanced.lean:26234:0: warning: Definition `p08_trivializedTransport_correctedAndProved` is a proposition; use `theorem` instead of `def`

Note: This linter can be disabled with `set_option linter.defProp false`
/home/runner/work/mathlib4/mathlib4/PrimalitySheafVerification/Mock2_Advanced.lean:26237:0: warning: Definition `p09_tensorRestriction_correctedAndProved` is a proposition; use `theorem` instead of `def`

Note: This linter can be disabled with `set_option linter.defProp false`
/home/runner/work/mathlib4/mathlib4/PrimalitySheafVerification/Mock2_Advanced.lean:26240:0: warning: Definition `p09_equalizer_correctedAndProved` is a proposition; use `theorem` instead of `def`

Note: This linter can be disabled with `set_option linter.defProp false`
/home/runner/work/mathlib4/mathlib4/PrimalitySheafVerification/Mock2_Advanced.lean:26457:0: warning: Definition `definition1_graphNorm_correctedAndProved` is a proposition; use `theorem` instead of `def`

Note: This linter can be disabled with `set_option linter.defProp false`
/home/runner/work/mathlib4/mathlib4/PrimalitySheafVerification/Mock2_Advanced.lean:26460:0: warning: Definition `definition1_denseCore_correctedAndProved` is a proposition; use `theorem` instead of `def`

Note: This linter can be disabled with `set_option linter.defProp false`
/home/runner/work/mathlib4/mathlib4/PrimalitySheafVerification/Mock2_Advanced.lean:26463:0: warning: Definition `definition1_genuineFactorCocycle_correctedAndProved` is a proposition; use `theorem` instead of `def`

Note: This linter can be disabled with `set_option linter.defProp false`
/home/runner/work/mathlib4/mathlib4/PrimalitySheafVerification/Mock2_Advanced.lean:26466:0: warning: Definition `definition1_literalInverseFactorCocycle_correctedAndProved` is a proposition; use `theorem` instead of `def`

Note: This linter can be disabled with `set_option linter.defProp false`
/home/runner/work/mathlib4/mathlib4/PrimalitySheafVerification/Mock2_Advanced.lean:26469:0: warning: Definition `definition1_inverseWeightDensityInvariant_correctedAndProved` is a proposition; use `theorem` instead of `def`

Note: This linter can be disabled with `set_option linter.defProp false`
/home/runner/work/mathlib4/mathlib4/PrimalitySheafVerification/Mock2_Advanced.lean:26472:0: warning: Definition `definition1_plainDensityObstruction_correctedAndProved` is a proposition; use `theorem` instead of `def`

Note: This linter can be disabled with `set_option linter.defProp false`
/home/runner/work/mathlib4/mathlib4/PrimalitySheafVerification/Mock2_Advanced.lean:26475:0: warning: Definition `definition1_inverseRepresentativeIndependentAutomorphy_correctedAndProved` is a proposition; use `theorem` instead of `def`

Note: This linter can be disabled with `set_option linter.defProp false`
/home/runner/work/mathlib4/mathlib4/PrimalitySheafVerification/Mock2_Advanced.lean:26478:0: warning: Definition `definition1_concretePlainDensityCounterexample_proved` is a proposition; use `theorem` instead of `def`

Note: This linter can be disabled with `set_option linter.defProp false`
/home/runner/work/mathlib4/mathlib4/PrimalitySheafVerification/Mock2_Advanced.lean:26481:0: warning: Definition `definition1_positivePolygonL2Density_correctedAndProved` is a proposition; use `theorem` instead of `def`

Note: This linter can be disabled with `set_option linter.defProp false`
/home/runner/work/mathlib4/mathlib4/PrimalitySheafVerification/Mock2_Advanced.lean:26484:0: warning: Definition `definition1_inversePolygonL2Density_correctedAndProved` is a proposition; use `theorem` instead of `def`

Note: This linter can be disabled with `set_option linter.defProp false`
/home/runner/work/mathlib4/mathlib4/PrimalitySheafVerification/Mock2_Advanced.lean:26487:0: warning: Definition `definition1_positivePolygonLpRealization_correctedAndProved` is a proposition; use `theorem` instead of `def`

Note: This linter can be disabled with `set_option linter.defProp false`
/home/runner/work/mathlib4/mathlib4/PrimalitySheafVerification/Mock2_Advanced.lean:26490:0: warning: Definition `definition1_inversePolygonLpRealization_correctedAndProved` is a proposition; use `theorem` instead of `def`

Note: This linter can be disabled with `set_option linter.defProp false`
/home/runner/work/mathlib4/mathlib4/PrimalitySheafVerification/Mock2_Advanced.lean:26493:0: warning: Definition `definition1_positiveAutomorphicL2Submodule_correctedAndProved` is a proposition; use `theorem` instead of `def`

Note: This linter can be disabled with `set_option linter.defProp false`
/home/runner/work/mathlib4/mathlib4/PrimalitySheafVerification/Mock2_Advanced.lean:26496:0: warning: Definition `definition1_inverseAutomorphicL2Submodule_correctedAndProved` is a proposition; use `theorem` instead of `def`

Note: This linter can be disabled with `set_option linter.defProp false`
/home/runner/work/mathlib4/mathlib4/PrimalitySheafVerification/Mock2_Advanced.lean:26505:0: warning: Definition `definition1_positiveAutomorphicL2CompleteClosure_correctedAndProved` is a proposition; use `theorem` instead of `def`

Note: This linter can be disabled with `set_option linter.defProp false`
/home/runner/work/mathlib4/mathlib4/PrimalitySheafVerification/Mock2_Advanced.lean:26508:0: warning: Definition `definition1_inverseAutomorphicL2CompleteClosure_correctedAndProved` is a proposition; use `theorem` instead of `def`

Note: This linter can be disabled with `set_option linter.defProp false`
/home/runner/work/mathlib4/mathlib4/PrimalitySheafVerification/Mock2_Advanced.lean:26511:0: warning: Definition `definition1_positivePolygonRealizationInjective_correctedAndProved` is a proposition; use `theorem` instead of `def`

Note: This linter can be disabled with `set_option linter.defProp false`
/home/runner/work/mathlib4/mathlib4/PrimalitySheafVerification/Mock2_Advanced.lean:26514:0: warning: Definition `definition1_inversePolygonRealizationInjective_correctedAndProved` is a proposition; use `theorem` instead of `def`

Note: This linter can be disabled with `set_option linter.defProp false`
/home/runner/work/mathlib4/mathlib4/PrimalitySheafVerification/Mock2_Advanced.lean:26517:0: warning: Definition `definition1_genuineAECompletion_correctedAndProved` is a proposition; use `theorem` instead of `def`

Note: This linter can be disabled with `set_option linter.defProp false`
/home/runner/work/mathlib4/mathlib4/PrimalitySheafVerification/Mock2_Advanced.lean:26520:0: warning: Definition `definition1_representativeIndependentAutomorphy_correctedAndProved` is a proposition; use `theorem` instead of `def`

Note: This linter can be disabled with `set_option linter.defProp false`
/home/runner/work/mathlib4/mathlib4/PrimalitySheafVerification/Mock2_Advanced.lean:26523:0: warning: Definition `definition1_standardThetaAEClassAutomorphic_proved` is a proposition; use `theorem` instead of `def`

Note: This linter can be disabled with `set_option linter.defProp false`
/home/runner/work/mathlib4/mathlib4/PrimalitySheafVerification/Mock2_Advanced.lean:26526:0: warning: Definition `definition1_closableGraphValueEmbedding_correctedAndProved` is a proposition; use `theorem` instead of `def`

Note: This linter can be disabled with `set_option linter.defProp false`
/home/runner/work/mathlib4/mathlib4/PrimalitySheafVerification/Mock2_Advanced.lean:26529:0: warning: Definition `definition1_graphCompletionIsClosureGraph_correctedAndProved` is a proposition; use `theorem` instead of `def`

Note: This linter can be disabled with `set_option linter.defProp false`
/home/runner/work/mathlib4/mathlib4/PrimalitySheafVerification/Mock2_Advanced.lean:26532:0: warning: Definition `definition1_graphCompletionClosureDomain_correctedAndProved` is a proposition; use `theorem` instead of `def`

Note: This linter can be disabled with `set_option linter.defProp false`
/home/runner/work/mathlib4/mathlib4/PrimalitySheafVerification/Mock2_Advanced.lean:26535:0: warning: Definition `definition1_paperMaassLeftFactorizationErratum` is a proposition; use `theorem` instead of `def`

Note: This linter can be disabled with `set_option linter.defProp false`
/home/runner/work/mathlib4/mathlib4/PrimalitySheafVerification/Mock2_Advanced.lean:26538:0: warning: Definition `definition1_paperMaassRightFactorizationErratum` is a proposition; use `theorem` instead of `def`

Note: This linter can be disabled with `set_option linter.defProp false`
/home/runner/work/mathlib4/mathlib4/PrimalitySheafVerification/Mock2_Advanced.lean:26541:0: warning: Definition `definition1_unweightedMaassAdjointErratum` is a proposition; use `theorem` instead of `def`

Note: This linter can be disabled with `set_option linter.defProp false`
/home/runner/work/mathlib4/mathlib4/PrimalitySheafVerification/Mock2_Advanced.lean:26544:0: warning: Definition `definition1_unitaryMaassAdjoint_correctedAndProved` is a proposition; use `theorem` instead of `def`

Note: This linter can be disabled with `set_option linter.defProp false`
/home/runner/work/mathlib4/mathlib4/PrimalitySheafVerification/Mock2_Advanced.lean:26547:0: warning: Definition `definition1_completedGraphNorm_correctedAndProved` is a proposition; use `theorem` instead of `def`

Note: This linter can be disabled with `set_option linter.defProp false`
/home/runner/work/mathlib4/mathlib4/PrimalitySheafVerification/Mock2_Advanced.lean:26550:0: warning: Definition `definition1_formalAdjointImpliesClosable_correctedAndProved` is a proposition; use `theorem` instead of `def`

Note: This linter can be disabled with `set_option linter.defProp false`
/home/runner/work/mathlib4/mathlib4/PrimalitySheafVerification/Mock2_Advanced.lean:26553:0: warning: Definition `definition1_genuineCoreDense_correctedAndProved` is a proposition; use `theorem` instead of `def`

Note: This linter can be disabled with `set_option linter.defProp false`
/home/runner/work/mathlib4/mathlib4/PrimalitySheafVerification/Mock2_Advanced.lean:26556:0: warning: Definition `definition1_centralMultiplierCompatibilityNecessary_proved` is a proposition; use `theorem` instead of `def`

Note: This linter can be disabled with `set_option linter.defProp false`
/home/runner/work/mathlib4/mathlib4/PrimalitySheafVerification/Mock2_Advanced.lean:26559:0: warning: Definition `definition1_positiveCentralPhase_correctedAndProved` is a proposition; use `theorem` instead of `def`

Note: This linter can be disabled with `set_option linter.defProp false`
/home/runner/work/mathlib4/mathlib4/PrimalitySheafVerification/Mock2_Advanced.lean:26562:0: warning: Definition `definition1_inverseCentralPhase_correctedAndProved` is a proposition; use `theorem` instead of `def`

Note: This linter can be disabled with `set_option linter.defProp false`
/home/runner/work/mathlib4/mathlib4/PrimalitySheafVerification/Mock2_Advanced.lean:26565:0: warning: Definition `definition1_standardThetaMultiplierConstructed_proved` is a proposition; use `theorem` instead of `def`

Note: This linter can be disabled with `set_option linter.defProp false`
/home/runner/work/mathlib4/mathlib4/PrimalitySheafVerification/Mock2_Advanced.lean:26568:0: warning: Definition `definition1_standardThetaSharpGaussianBound_proved` is a proposition; use `theorem` instead of `def`

Note: This linter can be disabled with `set_option linter.defProp false`
/home/runner/work/mathlib4/mathlib4/PrimalitySheafVerification/Mock2_Advanced.lean:26571:0: warning: Definition `definition1_fdHeightEnvelopeIntegrable_correctedAndProved` is a proposition; use `theorem` instead of `def`

Note: This linter can be disabled with `set_option linter.defProp false`
/home/runner/work/mathlib4/mathlib4/PrimalitySheafVerification/Mock2_Advanced.lean:26574:0: warning: Definition `definition1_standardThetaSixCellDensityMajorant_proved` is a proposition; use `theorem` instead of `def`

Note: This linter can be disabled with `set_option linter.defProp false`
/home/runner/work/mathlib4/mathlib4/PrimalitySheafVerification/Mock2_Advanced.lean:26577:0: warning: Definition `definition1_standardThetaFundamentalMemLp_proved` is a proposition; use `theorem` instead of `def`

Note: This linter can be disabled with `set_option linter.defProp false`
/home/runner/work/mathlib4/mathlib4/PrimalitySheafVerification/Mock2_Advanced.lean:26580:0: warning: Definition `definition1_standardThetaPositiveAutomorphicL2_proved` is a proposition; use `theorem` instead of `def`

Note: This linter can be disabled with `set_option linter.defProp false`
/home/runner/work/mathlib4/mathlib4/PrimalitySheafVerification/Mock2_Advanced.lean:26583:0: warning: Definition `definition1_inverseStandardThetaSectorErratum` is a proposition; use `theorem` instead of `def`

Note: This linter can be disabled with `set_option linter.defProp false`
/home/runner/work/mathlib4/mathlib4/PrimalitySheafVerification/Mock2_Advanced.lean:26586:0: warning: Definition `definition2_rieszPairing_correctedAndProved` is a proposition; use `theorem` instead of `def`

Note: This linter can be disabled with `set_option linter.defProp false`
/home/runner/work/mathlib4/mathlib4/PrimalitySheafVerification/Mock2_Advanced.lean:26589:0: warning: Definition `definition2_ambientL2ToGraphDual_correctedAndProved` is a proposition; use `theorem` instead of `def`

Note: This linter can be disabled with `set_option linter.defProp false`
/home/runner/work/mathlib4/mathlib4/PrimalitySheafVerification/Mock2_Advanced.lean:26592:0: warning: Definition `definition2_ambientL2ToGraphAntiDual_correctedAndProved` is a proposition; use `theorem` instead of `def`

Note: This linter can be disabled with `set_option linter.defProp false`
/home/runner/work/mathlib4/mathlib4/PrimalitySheafVerification/Mock2_Advanced.lean:26595:0: warning: Definition `definition2_ambientL2ToGraphDualInjective_correctedAndProved` is a proposition; use `theorem` instead of `def`

Note: This linter can be disabled with `set_option linter.defProp false`
/home/runner/work/mathlib4/mathlib4/PrimalitySheafVerification/Mock2_Advanced.lean:26598:0: warning: Definition `definition3_threeCuspLabels_proved` is a proposition; use `theorem` instead of `def`

Note: This linter can be disabled with `set_option linter.defProp false`
/home/runner/work/mathlib4/mathlib4/PrimalitySheafVerification/Mock2_Advanced.lean:26600:0: warning: Definition `definition3_widthTwo_proved` is a proposition; use `theorem` instead of `def`

Note: This linter can be disabled with `set_option linter.defProp false`
/home/runner/work/mathlib4/mathlib4/PrimalitySheafVerification/Mock2_Advanced.lean:26614:0: warning: Definition `definition3_heightOneHoroballsPairwiseDisjoint_proved` is a proposition; use `theorem` instead of `def`

Note: This linter can be disabled with `set_option linter.defProp false`
/home/runner/work/mathlib4/mathlib4/PrimalitySheafVerification/Mock2_Advanced.lean:26617:0: warning: Definition `Mock2Adv.Section51Closure.definition3_closedTruncation_proved` of class type is semireducible. Most type class instances should be instance-reducible, so consider marking this
definition with `@[instance_reducible]`. If it is intentionally semireducible, this warning can be disabled with `set_option warn.classDefReducibility false`.
/home/runner/work/mathlib4/mathlib4/PrimalitySheafVerification/Mock2_Advanced.lean:26617:0: warning: Definition `definition3_closedTruncation_proved` is a proposition; use `theorem` instead of `def`

Note: This linter can be disabled with `set_option linter.defProp false`
/home/runner/work/mathlib4/mathlib4/PrimalitySheafVerification/Mock2_Advanced.lean:26620:0: warning: Definition `definition3_exhaustion_proved` is a proposition; use `theorem` instead of `def`

Note: This linter can be disabled with `set_option linter.defProp false`
/home/runner/work/mathlib4/mathlib4/PrimalitySheafVerification/Mock2_Advanced.lean:26623:0: warning: Definition `definition3_primitiveParityClassification_proved` is a proposition; use `theorem` instead of `def`

Note: This linter can be disabled with `set_option linter.defProp false`
/home/runner/work/mathlib4/mathlib4/PrimalitySheafVerification/Mock2_Advanced.lean:26626:0: warning: Definition `definition3_primitiveColumnOrbitClassification_proved` is a proposition; use `theorem` instead of `def`

Note: This linter can be disabled with `set_option linter.defProp false`
/home/runner/work/mathlib4/mathlib4/PrimalitySheafVerification/Mock2_Advanced.lean:26629:0: warning: Definition `definition3_sixCellRepresentativeCount_proved` is a proposition; use `theorem` instead of `def`

Note: This linter can be disabled with `set_option linter.defProp false`
/home/runner/work/mathlib4/mathlib4/PrimalitySheafVerification/Mock2_Advanced.lean:26632:0: warning: Definition `Mock2Adv.Section51Closure.definition3_sixCellClosedPolygon_closed_proved` of class type is semireducible. Most type class instances should be instance-reducible, so consider marking this
definition with `@[instance_reducible]`. If it is intentionally semireducible, this warning can be disabled with `set_option warn.classDefReducibility false`.
/home/runner/work/mathlib4/mathlib4/PrimalitySheafVerification/Mock2_Advanced.lean:26632:0: warning: Definition `definition3_sixCellClosedPolygon_closed_proved` is a proposition; use `theorem` instead of `def`

Note: This linter can be disabled with `set_option linter.defProp false`
/home/runner/work/mathlib4/mathlib4/PrimalitySheafVerification/Mock2_Advanced.lean:26635:0: warning: Definition `definition3_sixCellOpenPolygon_open_proved` is a proposition; use `theorem` instead of `def`

Note: This linter can be disabled with `set_option linter.defProp false`
/home/runner/work/mathlib4/mathlib4/PrimalitySheafVerification/Mock2_Advanced.lean:26638:0: warning: Definition `definition3_sixOpenCellsPairwiseDisjoint_proved` is a proposition; use `theorem` instead of `def`

Note: This linter can be disabled with `set_option linter.defProp false`
/home/runner/work/mathlib4/mathlib4/PrimalitySheafVerification/Mock2_Advanced.lean:26641:0: warning: Definition `definition3_sixCellInteriorOrbitUnique_proved` is a proposition; use `theorem` instead of `def`

Note: This linter can be disabled with `set_option linter.defProp false`
/home/runner/work/mathlib4/mathlib4/PrimalitySheafVerification/Mock2_Advanced.lean:26644:0: warning: Definition `definition3_standardFdPiecewiseSmoothBoundary_proved` is a proposition; use `theorem` instead of `def`

Note: This linter can be disabled with `set_option linter.defProp false`
/home/runner/work/mathlib4/mathlib4/PrimalitySheafVerification/Mock2_Advanced.lean:26647:0: warning: Definition `definition3_modularBoundaryTransfer_proved` is a proposition; use `theorem` instead of `def`

Note: This linter can be disabled with `set_option linter.defProp false`
/home/runner/work/mathlib4/mathlib4/PrimalitySheafVerification/Mock2_Advanced.lean:26650:0: warning: Definition `definition3_eachClosedCellPiecewiseSmoothBoundary_proved` is a proposition; use `theorem` instead of `def`

Note: This linter can be disabled with `set_option linter.defProp false`
/home/runner/work/mathlib4/mathlib4/PrimalitySheafVerification/Mock2_Advanced.lean:26653:0: warning: Definition `definition3_truncatedPolygonPiecewiseSmoothBoundary_proved` is a proposition; use `theorem` instead of `def`

Note: This linter can be disabled with `set_option linter.defProp false`
/home/runner/work/mathlib4/mathlib4/PrimalitySheafVerification/Mock2_Advanced.lean:26656:0: warning: Definition `definition3_sixCosetReduction_bijective_proved` is a proposition; use `theorem` instead of `def`

Note: This linter can be disabled with `set_option linter.defProp false`
/home/runner/work/mathlib4/mathlib4/PrimalitySheafVerification/Mock2_Advanced.lean:26659:0: warning: Definition `definition3_sixCellOrbitCoverage_proved` is a proposition; use `theorem` instead of `def`

Note: This linter can be disabled with `set_option linter.defProp false`
/home/runner/work/mathlib4/mathlib4/PrimalitySheafVerification/Mock2_Advanced.lean:26662:0: warning: Definition `definition3_sixCellRepCuspHeight_proved` is a proposition; use `theorem` instead of `def`

Note: This linter can be disabled with `set_option linter.defProp false`
/home/runner/work/mathlib4/mathlib4/PrimalitySheafVerification/Mock2_Advanced.lean:26665:0: warning: Definition `definition3_sixCellPullbackHeightEnvelope_proved` is a proposition; use `theorem` instead of `def`

Note: This linter can be disabled with `set_option linter.defProp false`
/home/runner/work/mathlib4/mathlib4/PrimalitySheafVerification/Mock2_Advanced.lean:26668:0: warning: Definition `definition3_sixCellCompactCarrier_proved` is a proposition; use `theorem` instead of `def`

Note: This linter can be disabled with `set_option linter.defProp false`
/home/runner/work/mathlib4/mathlib4/PrimalitySheafVerification/Mock2_Advanced.lean:26671:0: warning: Definition `definition3_sixCellTruncationCompact_proved` is a proposition; use `theorem` instead of `def`

Note: This linter can be disabled with `set_option linter.defProp false`
/home/runner/work/mathlib4/mathlib4/PrimalitySheafVerification/Mock2_Advanced.lean:26674:0: warning: Definition `definition3_sixCellTruncationBoundaryCover_proved` is a proposition; use `theorem` instead of `def`

Note: This linter can be disabled with `set_option linter.defProp false`
/home/runner/work/mathlib4/mathlib4/PrimalitySheafVerification/Mock2_Advanced.lean:26677:0: warning: Definition `definition3_positiveCuspLevelRange_proved` is a proposition; use `theorem` instead of `def`

Note: This linter can be disabled with `set_option linter.defProp false`
/home/runner/work/mathlib4/mathlib4/PrimalitySheafVerification/Mock2_Advanced.lean:26680:0: warning: Definition `definition3_nonpositiveCuspLevelEmpty_proved` is a proposition; use `theorem` instead of `def`

Note: This linter can be disabled with `set_option linter.defProp false`
/home/runner/work/mathlib4/mathlib4/PrimalitySheafVerification/Mock2_Advanced.lean:26683:0: warning: Definition `definition3_positiveCuspLevelRegular_proved` is a proposition; use `theorem` instead of `def`

Note: This linter can be disabled with `set_option linter.defProp false`
/home/runner/work/mathlib4/mathlib4/PrimalitySheafVerification/Mock2_Advanced.lean:26686:0: warning: Definition `definition3_allCuspLevelsRegular_proved` is a proposition; use `theorem` instead of `def`

Note: This linter can be disabled with `set_option linter.defProp false`
/home/runner/work/mathlib4/mathlib4/PrimalitySheafVerification/Mock2_Advanced.lean:26705:0: warning: Definition `definition3_complete_correctedAndProved` is a proposition; use `theorem` instead of `def`

Note: This linter can be disabled with `set_option linter.defProp false`
/home/runner/work/mathlib4/mathlib4/PrimalitySheafVerification/Mock2_Advanced.lean:26722:0: warning: Definition `definition4_uniformMassPredicate_proved` is a proposition; use `theorem` instead of `def`

Note: This linter can be disabled with `set_option linter.defProp false`
/home/runner/work/mathlib4/mathlib4/PrimalitySheafVerification/Mock2_Advanced.lean:26725:0: warning: Definition `definition5_integrableDomain_correctedAndProved` is a proposition; use `theorem` instead of `def`

Note: This linter can be disabled with `set_option linter.defProp false`
/home/runner/work/mathlib4/mathlib4/PrimalitySheafVerification/Mock2_Advanced.lean:26728:0: warning: Definition `definition5_halfPlane_correctedAndProved` is a proposition; use `theorem` instead of `def`

Note: This linter can be disabled with `set_option linter.defProp false`
/home/runner/work/mathlib4/mathlib4/PrimalitySheafVerification/Mock2_Advanced.lean:26731:0: warning: Definition `definition6_positiveCuspMass_correctedAndProved` is a proposition; use `theorem` instead of `def`

Note: This linter can be disabled with `set_option linter.defProp false`
/home/runner/work/mathlib4/mathlib4/PrimalitySheafVerification/Mock2_Advanced.lean:26734:0: warning: Definition `definition7_massConditionPositive_proved` is a proposition; use `theorem` instead of `def`

Note: This linter can be disabled with `set_option linter.defProp false`
/home/runner/work/mathlib4/mathlib4/PrimalitySheafVerification/Mock2_Advanced.lean:26737:0: warning: Definition `definition8_intertwining_correctedAndProved` is a proposition; use `theorem` instead of `def`

Note: This linter can be disabled with `set_option linter.defProp false`
/home/runner/work/mathlib4/mathlib4/PrimalitySheafVerification/Mock2_Advanced.lean:26740:0: warning: Definition `definition8_inverseIntertwining_correctedAndProved` is a proposition; use `theorem` instead of `def`

Note: This linter can be disabled with `set_option linter.defProp false`
/home/runner/work/mathlib4/mathlib4/PrimalitySheafVerification/Mock2_Advanced.lean:26743:0: warning: Definition `definition8_eLpNormTransport_correctedAndProved` is a proposition; use `theorem` instead of `def`

Note: This linter can be disabled with `set_option linter.defProp false`
/home/runner/work/mathlib4/mathlib4/PrimalitySheafVerification/Mock2_Advanced.lean:26746:0: warning: Definition `definition8_memLpTransport_correctedAndProved` is a proposition; use `theorem` instead of `def`

Note: This linter can be disabled with `set_option linter.defProp false`
/home/runner/work/mathlib4/mathlib4/PrimalitySheafVerification/Mock2_Advanced.lean:26749:0: warning: Definition `definition9_transportIdentity_correctedAndProved` is a proposition; use `theorem` instead of `def`

Note: This linter can be disabled with `set_option linter.defProp false`
/home/runner/work/mathlib4/mathlib4/PrimalitySheafVerification/Mock2_Advanced.lean:26752:0: warning: Definition `definition9_transportComposition_correctedAndProved` is a proposition; use `theorem` instead of `def`

Note: This linter can be disabled with `set_option linter.defProp false`
/home/runner/work/mathlib4/mathlib4/PrimalitySheafVerification/Mock2_Advanced.lean:26761:0: warning: Definition `definition9_fiberEquivFiberIsTransport_correctedAndProved` is a proposition; use `theorem` instead of `def`

Note: This linter can be disabled with `set_option linter.defProp false`
/home/runner/work/mathlib4/mathlib4/PrimalitySheafVerification/Mock2_Advanced.lean:26764:0: warning: Definition `definition9_fiberFinrankConstancy_correctedAndProved` is a proposition; use `theorem` instead of `def`

Note: This linter can be disabled with `set_option linter.defProp false`
/home/runner/work/mathlib4/mathlib4/PrimalitySheafVerification/Mock2_Advanced.lean:26770:0: warning: Definition `definition9_flatSectionsModelEvaluation_correctedAndProved` is a proposition; use `theorem` instead of `def`

Note: This linter can be disabled with `set_option linter.defProp false`
/home/runner/work/mathlib4/mathlib4/PrimalitySheafVerification/Mock2_Advanced.lean:26773:0: warning: Definition `definition9_flatSectionsFinrank_correctedAndProved` is a proposition; use `theorem` instead of `def`

Note: This linter can be disabled with `set_option linter.defProp false`
/home/runner/work/mathlib4/mathlib4/PrimalitySheafVerification/Mock2_Advanced.lean:26776:0: warning: Definition `definition10_unspecifiedPrototypeErratum` is a proposition; use `theorem` instead of `def`

Note: This linter can be disabled with `set_option linter.defProp false`
/home/runner/work/mathlib4/mathlib4/PrimalitySheafVerification/Mock2_Advanced.lean:26779:0: warning: Definition `definition10_fixedLaurentModel_insideHasSum_correctedAndProved` is a proposition; use `theorem` instead of `def`

Note: This linter can be disabled with `set_option linter.defProp false`
/home/runner/work/mathlib4/mathlib4/PrimalitySheafVerification/Mock2_Advanced.lean:26782:0: warning: Definition `definition10_fixedLaurentModel_correctionHasSum_correctedAndProved` is a proposition; use `theorem` instead of `def`

Note: This linter can be disabled with `set_option linter.defProp false`
/home/runner/work/mathlib4/mathlib4/PrimalitySheafVerification/Mock2_Advanced.lean:26785:0: warning: Definition `definition10_fixedLaurentModel_outsideHasSum_correctedAndProved` is a proposition; use `theorem` instead of `def`

Note: This linter can be disabled with `set_option linter.defProp false`
/home/runner/work/mathlib4/mathlib4/PrimalitySheafVerification/Mock2_Advanced.lean:26788:0: warning: Definition `definition10_fixedLaurentModel_prototypeNonconstant_correctedAndProved` is a proposition; use `theorem` instead of `def`

Note: This linter can be disabled with `set_option linter.defProp false`
/home/runner/work/mathlib4/mathlib4/PrimalitySheafVerification/Mock2_Advanced.lean:26791:0: warning: Definition `definition10_fixedLaurentModel_prototypeNonzero_correctedAndProved` is a proposition; use `theorem` instead of `def`

Note: This linter can be disabled with `set_option linter.defProp false`
/home/runner/work/mathlib4/mathlib4/PrimalitySheafVerification/Mock2_Advanced.lean:26794:0: warning: Definition `definition10_fixedLaurentModel_overlapNonempty_correctedAndProved` is a proposition; use `theorem` instead of `def`

Note: This linter can be disabled with `set_option linter.defProp false`
/home/runner/work/mathlib4/mathlib4/PrimalitySheafVerification/Mock2_Advanced.lean:26797:0: warning: Definition `definition10_fixedLaurentModel_outsideVariableMem_correctedAndProved` is a proposition; use `theorem` instead of `def`

Note: This linter can be disabled with `set_option linter.defProp false`
/home/runner/work/mathlib4/mathlib4/PrimalitySheafVerification/Mock2_Advanced.lean:26800:0: warning: Definition `definition10_fixedLaurentModel_variableInverse_correctedAndProved` is a proposition; use `theorem` instead of `def`

Note: This linter can be disabled with `set_option linter.defProp false`
/home/runner/work/mathlib4/mathlib4/PrimalitySheafVerification/Mock2_Advanced.lean:26803:0: warning: Definition `definition10_fixedLaurentModel_dictionary_correctedAndProved` is a proposition; use `theorem` instead of `def`

Note: This linter can be disabled with `set_option linter.defProp false`
/home/runner/work/mathlib4/mathlib4/PrimalitySheafVerification/Mock2_Advanced.lean:26806:0: warning: Definition `definition10_fixedLaurentModel_insideOutside_correctedAndProved` is a proposition; use `theorem` instead of `def`

Note: This linter can be disabled with `set_option linter.defProp false`
/home/runner/work/mathlib4/mathlib4/PrimalitySheafVerification/Mock2_Advanced.lean:26809:0: warning: Definition `definition10_fixedLaurentModel_matchInsideOutside_correctedAndProved` is a proposition; use `theorem` instead of `def`

Note: This linter can be disabled with `set_option linter.defProp false`
/home/runner/work/mathlib4/mathlib4/PrimalitySheafVerification/Mock2_Advanced.lean:26812:0: warning: Definition `definition10_fixedLaurentModel_matchDictionary_correctedAndProved` is a proposition; use `theorem` instead of `def`

Note: This linter can be disabled with `set_option linter.defProp false`
/home/runner/work/mathlib4/mathlib4/PrimalitySheafVerification/Mock2_Advanced.lean:26815:0: warning: Definition `definition11_duplicateTransport_correctedAndProved` is a proposition; use `theorem` instead of `def`

Note: This linter can be disabled with `set_option linter.defProp false`
/home/runner/work/mathlib4/mathlib4/PrimalitySheafVerification/Mock2_Advanced.lean:26821:0: warning: Definition `definition11_duplicateFiberConstancy_correctedAndProved` is a proposition; use `theorem` instead of `def`

Note: This linter can be disabled with `set_option linter.defProp false`
/home/runner/work/mathlib4/mathlib4/PrimalitySheafVerification/Mock2_Advanced.lean:26827:0: warning: Definition `definition12_sheafificationUniversalProperty_correctedAndProved` is a proposition; use `theorem` instead of `def`

Note: This linter can be disabled with `set_option linter.defProp false`
/home/runner/work/mathlib4/mathlib4/PrimalitySheafVerification/Mock2_Advanced.lean:26830:0: warning: Definition `definition13_tensorLeibniz_correctedAndProved` is a proposition; use `theorem` instead of `def`

Note: This linter can be disabled with `set_option linter.defProp false`
/home/runner/work/mathlib4/mathlib4/PrimalitySheafVerification/Mock2_Advanced.lean:26840:0: warning: Definition `definition14_equalizerUniversalProperty_proved` is a proposition; use `theorem` instead of `def`

Note: This linter can be disabled with `set_option linter.defProp false`
/home/runner/work/mathlib4/mathlib4/PrimalitySheafVerification/Mock2_Advanced.lean:26843:0: warning: Definition `definition14_restrictionStable_proved` is a proposition; use `theorem` instead of `def`

Note: This linter can be disabled with `set_option linter.defProp false`
/home/runner/work/mathlib4/mathlib4/PrimalitySheafVerification/Mock2_Advanced.lean:26846:0: warning: Definition `definition14_equalizerSheaf_proved` is a proposition; use `theorem` instead of `def`

Note: This linter can be disabled with `set_option linter.defProp false`
/home/runner/work/mathlib4/mathlib4/PrimalitySheafVerification/Mock2_Advanced.lean:26849:0: warning: Definition `definition14_uniqueGluing_proved` is a proposition; use `theorem` instead of `def`

Note: This linter can be disabled with `set_option linter.defProp false`
/home/runner/work/mathlib4/mathlib4/PrimalitySheafVerification/Mock2_Advanced.lean:26852:0: warning: Definition `definition15_covariantSubmodule_correctedAndProved` is a proposition; use `theorem` instead of `def`

Note: This linter can be disabled with `set_option linter.defProp false`
/home/runner/work/mathlib4/mathlib4/PrimalitySheafVerification/Mock2_Advanced.lean:26855:0: warning: Definition `definition15_concreteSmoothForm_correctedAndProved` is a proposition; use `theorem` instead of `def`

Note: This linter can be disabled with `set_option linter.defProp false`
/home/runner/work/mathlib4/mathlib4/PrimalitySheafVerification/Mock2_Advanced.lean:26858:0: warning: Definition `definition16_curvatureNaturality_correctedAndProved` is a proposition; use `theorem` instead of `def`

Note: This linter can be disabled with `set_option linter.defProp false`
/home/runner/work/mathlib4/mathlib4/PrimalitySheafVerification/Mock2_Advanced.lean:26868:0: warning: Definition `definition18_exactMassDecomposition_correctedAndProved` is a proposition; use `theorem` instead of `def`

Note: This linter can be disabled with `set_option linter.defProp false`
/home/runner/work/mathlib4/mathlib4/PrimalitySheafVerification/Mock2_Advanced.lean:26871:0: warning: Definition `definition18_flatRestriction_correctedAndProved` is a proposition; use `theorem` instead of `def`

Note: This linter can be disabled with `set_option linter.defProp false`
/home/runner/work/mathlib4/mathlib4/PrimalitySheafVerification/Mock2_Advanced.lean:26937:38: warning: Variable name `r` is not explicitly referenced.

Hint: The binding can be removed (if unused) or named `_` (if used implicitly). Alternatively, prefix the name with `_` to silence this warning:
  [apply] _r

Note: This linter can be disabled with `set_option linter.unusedVariables false`
/home/runner/work/mathlib4/mathlib4/PrimalitySheafVerification/Mock2_Advanced.lean:26965:37: warning: Variable name `hT` is not explicitly referenced.

Hint: The binding can be removed (if unused) or named `_` (if used implicitly). Alternatively, prefix the name with `_` to silence this warning:
  [apply] _hT

Note: This linter can be disabled with `set_option linter.unusedVariables false`
/home/runner/work/mathlib4/mathlib4/PrimalitySheafVerification/Mock2_Advanced.lean:27194:0: warning: Definition `lemma11_distributional_correctedAndProved` is a proposition; use `theorem` instead of `def`

Note: This linter can be disabled with `set_option linter.defProp false`
/home/runner/work/mathlib4/mathlib4/PrimalitySheafVerification/Mock2_Advanced.lean:27197:0: warning: Definition `lemma11_regularCorollary_correctedAndProved` is a proposition; use `theorem` instead of `def`

Note: This linter can be disabled with `set_option linter.defProp false`
/home/runner/work/mathlib4/mathlib4/PrimalitySheafVerification/Mock2_Advanced.lean:27200:0: warning: Definition `lemma12_abstractGap_correctedAndProved` is a proposition; use `theorem` instead of `def`

Note: This linter can be disabled with `set_option linter.defProp false`
/home/runner/work/mathlib4/mathlib4/PrimalitySheafVerification/Mock2_Advanced.lean:27203:0: warning: Definition `lemma12_genuineGroupGap_correctedAndProved` is a proposition; use `theorem` instead of `def`

Note: This linter can be disabled with `set_option linter.defProp false`
/home/runner/work/mathlib4/mathlib4/PrimalitySheafVerification/Mock2_Advanced.lean:27206:0: warning: Definition `lemma12_genuineOrthogonalGap_correctedAndProved` is a proposition; use `theorem` instead of `def`

Note: This linter can be disabled with `set_option linter.defProp false`
/home/runner/work/mathlib4/mathlib4/PrimalitySheafVerification/Mock2_Advanced.lean:27209:0: warning: Definition `lemma12_zeroModeErratum` is a proposition; use `theorem` instead of `def`

Note: This linter can be disabled with `set_option linter.defProp false`
/home/runner/work/mathlib4/mathlib4/PrimalitySheafVerification/Mock2_Advanced.lean:27212:0: warning: Definition `lemma13_orderedAbel_correctedAndProved` is a proposition; use `theorem` instead of `def`

Note: This linter can be disabled with `set_option linter.defProp false`
/home/runner/work/mathlib4/mathlib4/PrimalitySheafVerification/Mock2_Advanced.lean:27215:0: warning: Definition `lemma13_divergentTailErratum` is a proposition; use `theorem` instead of `def`

Note: This linter can be disabled with `set_option linter.defProp false`
/home/runner/work/mathlib4/mathlib4/PrimalitySheafVerification/Mock2_Advanced.lean:27218:0: warning: Definition `lemma13_variableFactorErratum` is a proposition; use `theorem` instead of `def`

Note: This linter can be disabled with `set_option linter.defProp false`
/home/runner/work/mathlib4/mathlib4/PrimalitySheafVerification/Mock2_Advanced.lean:27221:0: warning: Definition `lemma21_duplicate_correctedAndProved` is a proposition; use `theorem` instead of `def`

Note: This linter can be disabled with `set_option linter.defProp false`
/home/runner/work/mathlib4/mathlib4/PrimalitySheafVerification/Mock2_Advanced.lean:27224:0: warning: Definition `lemma21_genuineDuplicate_correctedAndProved` is a proposition; use `theorem` instead of `def`

Note: This linter can be disabled with `set_option linter.defProp false`
/home/runner/work/mathlib4/mathlib4/PrimalitySheafVerification/Mock2_Advanced.lean:27227:0: warning: Definition `lemma22_orderedAbel_correctedAndProved` is a proposition; use `theorem` instead of `def`

Note: This linter can be disabled with `set_option linter.defProp false`
/home/runner/work/mathlib4/mathlib4/PrimalitySheafVerification/Mock2_Advanced.lean:27230:0: warning: Definition `lemma22_divergentTailErratum` is a proposition; use `theorem` instead of `def`

Note: This linter can be disabled with `set_option linter.defProp false`
/home/runner/work/mathlib4/mathlib4/PrimalitySheafVerification/Mock2_Advanced.lean:27233:0: warning: Definition `lemma22_gcdFactorErratum` is a proposition; use `theorem` instead of `def`

Note: This linter can be disabled with `set_option linter.defProp false`
/home/runner/work/mathlib4/mathlib4/PrimalitySheafVerification/Mock2_Advanced.lean:27236:0: warning: Definition `lemma31_localPower_correctedAndProved` is a proposition; use `theorem` instead of `def`

Note: This linter can be disabled with `set_option linter.defProp false`
/home/runner/work/mathlib4/mathlib4/PrimalitySheafVerification/Mock2_Advanced.lean:27239:0: warning: Definition `lemma31_rankinSelbergInferenceErratum` is a proposition; use `theorem` instead of `def`

Note: This linter can be disabled with `set_option linter.defProp false`
/home/runner/work/mathlib4/mathlib4/PrimalitySheafVerification/Mock2_Advanced.lean:27242:0: warning: Definition `lemma32_proved` is a proposition; use `theorem` instead of `def`

Note: This linter can be disabled with `set_option linter.defProp false`
/home/runner/work/mathlib4/mathlib4/PrimalitySheafVerification/Mock2_Advanced.lean:27245:0: warning: Definition `lemma33_proved` is a proposition; use `theorem` instead of `def`

Note: This linter can be disabled with `set_option linter.defProp false`
/home/runner/work/mathlib4/mathlib4/PrimalitySheafVerification/Mock2_Advanced.lean:27248:0: warning: Definition `lemma34_smoothReplacement_correctedAndProved` is a proposition; use `theorem` instead of `def`

Note: This linter can be disabled with `set_option linter.defProp false`
/home/runner/work/mathlib4/mathlib4/PrimalitySheafVerification/Mock2_Advanced.lean:27251:0: warning: Definition `lemma34_abstractTransform_correctedAndProved` is a proposition; use `theorem` instead of `def`

Note: This linter can be disabled with `set_option linter.defProp false`
/home/runner/work/mathlib4/mathlib4/PrimalitySheafVerification/Mock2_Advanced.lean:27254:0: warning: Definition `lemma35_finiteLimit_correctedAndProved` is a proposition; use `theorem` instead of `def`

Note: This linter can be disabled with `set_option linter.defProp false`
/home/runner/work/mathlib4/mathlib4/PrimalitySheafVerification/Mock2_Advanced.lean:27263:0: warning: Definition `lemma35_concreteFiniteIdentity_correctedAndProved` is a proposition; use `theorem` instead of `def`

Note: This linter can be disabled with `set_option linter.defProp false`
/home/runner/work/mathlib4/mathlib4/PrimalitySheafVerification/Mock2_Advanced.lean:27266:0: warning: Definition `lemma35_concreteProductFubini_correctedAndProved` is a proposition; use `theorem` instead of `def`

Note: This linter can be disabled with `set_option linter.defProp false`
/home/runner/work/mathlib4/mathlib4/PrimalitySheafVerification/Mock2_Advanced.lean:27269:0: warning: Definition `lemma35_concreteUnfoldingToMass_correctedAndProved` is a proposition; use `theorem` instead of `def`

Note: This linter can be disabled with `set_option linter.defProp false`
/home/runner/work/mathlib4/mathlib4/PrimalitySheafVerification/Mock2_Advanced.lean:27272:0: warning: Definition `lemma35_parameterRangeErratum` is a proposition; use `theorem` instead of `def`

Note: This linter can be disabled with `set_option linter.defProp false`
/home/runner/work/mathlib4/mathlib4/PrimalitySheafVerification/Mock2_Advanced.lean:27275:0: warning: Definition `lemma35_normalizationNecessity` is a proposition; use `theorem` instead of `def`

Note: This linter can be disabled with `set_option linter.defProp false`
/home/runner/work/mathlib4/mathlib4/PrimalitySheafVerification/Mock2_Advanced.lean:27278:0: warning: Definition `lemma36_uniformMajorant_correctedAndProved` is a proposition; use `theorem` instead of `def`

Note: This linter can be disabled with `set_option linter.defProp false`
/home/runner/work/mathlib4/mathlib4/PrimalitySheafVerification/Mock2_Advanced.lean:27284:0: warning: Definition `lemma36_concreteTermsNonzero_proved` is a proposition; use `theorem` instead of `def`

Note: This linter can be disabled with `set_option linter.defProp false`
/home/runner/work/mathlib4/mathlib4/PrimalitySheafVerification/Mock2_Advanced.lean:27287:0: warning: Definition `lemma36_concreteInterchange_correctedAndProved` is a proposition; use `theorem` instead of `def`

Note: This linter can be disabled with `set_option linter.defProp false`
/home/runner/work/mathlib4/mathlib4/PrimalitySheafVerification/Mock2_Advanced.lean:27290:0: warning: Definition `lemma36_concreteSumOfIntegrals_eq_two_proved` is a proposition; use `theorem` instead of `def`

Note: This linter can be disabled with `set_option linter.defProp false`
/home/runner/work/mathlib4/mathlib4/PrimalitySheafVerification/Mock2_Advanced.lean:27293:0: warning: Definition `lemma36_concreteIntegralOfSum_eq_two_proved` is a proposition; use `theorem` instead of `def`

Note: This linter can be disabled with `set_option linter.defProp false`
/home/runner/work/mathlib4/mathlib4/PrimalitySheafVerification/Mock2_Advanced.lean:27296:0: warning: Definition `lemma36_compactSupportErratum` is a proposition; use `theorem` instead of `def`

Note: This linter can be disabled with `set_option linter.defProp false`
/home/runner/work/mathlib4/mathlib4/PrimalitySheafVerification/Mock2_Advanced.lean:27299:0: warning: Definition `lemma37_nonnegativity_proved` is a proposition; use `theorem` instead of `def`

Note: This linter can be disabled with `set_option linter.defProp false`
/home/runner/work/mathlib4/mathlib4/PrimalitySheafVerification/Mock2_Advanced.lean:27301:0: warning: Definition `lemma37_unfolded_correctedAndProved` is a proposition; use `theorem` instead of `def`

Note: This linter can be disabled with `set_option linter.defProp false`
/home/runner/work/mathlib4/mathlib4/PrimalitySheafVerification/Mock2_Advanced.lean:27304:0: warning: Definition `lemma37_concreteExtractedMassPositive_correctedAndProved` is a proposition; use `theorem` instead of `def`

Note: This linter can be disabled with `set_option linter.defProp false`
/home/runner/work/mathlib4/mathlib4/PrimalitySheafVerification/Mock2_Advanced.lean:27307:0: warning: Definition `lemma37_concreteExtractedMassNonnegative_correctedAndProved` is a proposition; use `theorem` instead of `def`

Note: This linter can be disabled with `set_option linter.defProp false`
/home/runner/work/mathlib4/mathlib4/PrimalitySheafVerification/Mock2_Advanced.lean:27310:0: warning: Definition `lemma37_identificationObstruction` is a proposition; use `theorem` instead of `def`

Note: This linter can be disabled with `set_option linter.defProp false`
/home/runner/work/mathlib4/mathlib4/PrimalitySheafVerification/Mock2_Advanced.lean:27313:0: warning: Definition `lemma38_activeSet_correctedAndProved` is a proposition; use `theorem` instead of `def`

Note: This linter can be disabled with `set_option linter.defProp false`
/home/runner/work/mathlib4/mathlib4/PrimalitySheafVerification/Mock2_Advanced.lean:27316:0: warning: Definition `lemma38_activeSetHMass_correctedAndProved` is a proposition; use `theorem` instead of `def`

Note: This linter can be disabled with `set_option linter.defProp false`
/home/runner/work/mathlib4/mathlib4/PrimalitySheafVerification/Mock2_Advanced.lean:27319:0: warning: Definition `lemma38_smoothVolumeHMass_concreteModel_proved` is a proposition; use `theorem` instead of `def`

Note: This linter can be disabled with `set_option linter.defProp false`
/home/runner/work/mathlib4/mathlib4/PrimalitySheafVerification/Mock2_Advanced.lean:27325:0: warning: Definition `lemma38_decayErratum` is a proposition; use `theorem` instead of `def`

Note: This linter can be disabled with `set_option linter.defProp false`
/home/runner/work/mathlib4/mathlib4/PrimalitySheafVerification/Mock2_Advanced.lean:27328:0: warning: Definition `lemma38_boundaryLayerErratum` is a proposition; use `theorem` instead of `def`

Note: This linter can be disabled with `set_option linter.defProp false`
/home/runner/work/mathlib4/mathlib4/PrimalitySheafVerification/Mock2_Advanced.lean:27331:0: warning: Definition `lemma61_preimage_proved` is a proposition; use `theorem` instead of `def`

Note: This linter can be disabled with `set_option linter.defProp false`
/home/runner/work/mathlib4/mathlib4/PrimalitySheafVerification/Mock2_Advanced.lean:27334:0: warning: Definition `lemma61_covariance_proved` is a proposition; use `theorem` instead of `def`

Note: This linter can be disabled with `set_option linter.defProp false`
/home/runner/work/mathlib4/mathlib4/PrimalitySheafVerification/Mock2_Advanced.lean:27589:0: warning: Definition `proposition1_closedBall_correctedAndProved` is a proposition; use `theorem` instead of `def`

Note: This linter can be disabled with `set_option linter.defProp false`
/home/runner/work/mathlib4/mathlib4/PrimalitySheafVerification/Mock2_Advanced.lean:27592:0: warning: Definition `proposition1_unitSphere_correctedAndProved` is a proposition; use `theorem` instead of `def`

Note: This linter can be disabled with `set_option linter.defProp false`
/home/runner/work/mathlib4/mathlib4/PrimalitySheafVerification/Mock2_Advanced.lean:27595:0: warning: Definition `proposition1_nonzeroRatio_correctedAndProved` is a proposition; use `theorem` instead of `def`

Note: This linter can be disabled with `set_option linter.defProp false`
/home/runner/work/mathlib4/mathlib4/PrimalitySheafVerification/Mock2_Advanced.lean:27598:0: warning: Definition `proposition1_holder_proved` is a proposition; use `theorem` instead of `def`

Note: This linter can be disabled with `set_option linter.defProp false`
/home/runner/work/mathlib4/mathlib4/PrimalitySheafVerification/Mock2_Advanced.lean:27600:0: warning: Definition `proposition1_variableTruncation_correctedAndProved` is a proposition; use `theorem` instead of `def`

Note: This linter can be disabled with `set_option linter.defProp false`
/home/runner/work/mathlib4/mathlib4/PrimalitySheafVerification/Mock2_Advanced.lean:27603:0: warning: Definition `proposition1_cuspHeightContinuous_proved` is a proposition; use `theorem` instead of `def`

Note: This linter can be disabled with `set_option linter.defProp false`
/home/runner/work/mathlib4/mathlib4/PrimalitySheafVerification/Mock2_Advanced.lean:27606:0: warning: Definition `proposition1_compactCoreTruncation_correctedAndProved` is a proposition; use `theorem` instead of `def`

Note: This linter can be disabled with `set_option linter.defProp false`
/home/runner/work/mathlib4/mathlib4/PrimalitySheafVerification/Mock2_Advanced.lean:27609:0: warning: Definition `proposition1_compactCoreIntegral_correctedAndProved` is a proposition; use `theorem` instead of `def`

Note: This linter can be disabled with `set_option linter.defProp false`
/home/runner/work/mathlib4/mathlib4/PrimalitySheafVerification/Mock2_Advanced.lean:27612:0: warning: Definition `proposition1_fixedTruncationErratum` is a proposition; use `theorem` instead of `def`

Note: This linter can be disabled with `set_option linter.defProp false`
/home/runner/work/mathlib4/mathlib4/PrimalitySheafVerification/Mock2_Advanced.lean:27615:0: warning: Definition `proposition2_validSpectralLeaf` is a proposition; use `theorem` instead of `def`

Note: This linter can be disabled with `set_option linter.defProp false`
/home/runner/work/mathlib4/mathlib4/PrimalitySheafVerification/Mock2_Advanced.lean:27618:0: warning: Definition `proposition2_exceptionalParameterErratum` is a proposition; use `theorem` instead of `def`

Note: This linter can be disabled with `set_option linter.defProp false`
/home/runner/work/mathlib4/mathlib4/PrimalitySheafVerification/Mock2_Advanced.lean:27621:0: warning: Definition `proposition2_coefficientErratum` is a proposition; use `theorem` instead of `def`

Note: This linter can be disabled with `set_option linter.defProp false`
/home/runner/work/mathlib4/mathlib4/PrimalitySheafVerification/Mock2_Advanced.lean:27624:0: warning: Definition `proposition2_growthDirectionErratum` is a proposition; use `theorem` instead of `def`

Note: This linter can be disabled with `set_option linter.defProp false`
/home/runner/work/mathlib4/mathlib4/PrimalitySheafVerification/Mock2_Advanced.lean:27627:0: warning: Definition `proposition2_powerBounds_incompatible_correctedAndProved` is a proposition; use `theorem` instead of `def`

Note: This linter can be disabled with `set_option linter.defProp false`
/home/runner/work/mathlib4/mathlib4/PrimalitySheafVerification/Mock2_Advanced.lean:27630:0: warning: Definition `proposition2_massAddedLower_correctedAndProved` is a proposition; use `theorem` instead of `def`

Note: This linter can be disabled with `set_option linter.defProp false`
/home/runner/work/mathlib4/mathlib4/PrimalitySheafVerification/Mock2_Advanced.lean:27633:0: warning: Definition `proposition2_quarterGapCriterion_correctedAndProved` is a proposition; use `theorem` instead of `def`

Note: This linter can be disabled with `set_option linter.defProp false`
/home/runner/work/mathlib4/mathlib4/PrimalitySheafVerification/Mock2_Advanced.lean:27636:0: warning: Definition `proposition2_threeInputInsufficiencyErratum` is a proposition; use `theorem` instead of `def`

Note: This linter can be disabled with `set_option linter.defProp false`
/home/runner/work/mathlib4/mathlib4/PrimalitySheafVerification/Mock2_Advanced.lean:27639:0: warning: Definition `proposition3_zeroCoefficientErratum` is a proposition; use `theorem` instead of `def`

Note: This linter can be disabled with `set_option linter.defProp false`
/home/runner/work/mathlib4/mathlib4/PrimalitySheafVerification/Mock2_Advanced.lean:27642:0: warning: Definition `proposition3_unitaryDerivativeErratum` is a proposition; use `theorem` instead of `def`

Note: This linter can be disabled with `set_option linter.defProp false`
/home/runner/work/mathlib4/mathlib4/PrimalitySheafVerification/Mock2_Advanced.lean:27645:0: warning: Definition `proposition3_activeSet_correctedAndProved` is a proposition; use `theorem` instead of `def`

Note: This linter can be disabled with `set_option linter.defProp false`
/home/runner/work/mathlib4/mathlib4/PrimalitySheafVerification/Mock2_Advanced.lean:27648:0: warning: Definition `proposition3_hMass_correctedAndProved` is a proposition; use `theorem` instead of `def`

Note: This linter can be disabled with `set_option linter.defProp false`
/home/runner/work/mathlib4/mathlib4/PrimalitySheafVerification/Mock2_Advanced.lean:27651:0: warning: Definition `proposition3_smoothVolumeMassCondition_concreteModel_proved` is a proposition; use `theorem` instead of `def`

Note: This linter can be disabled with `set_option linter.defProp false`
/home/runner/work/mathlib4/mathlib4/PrimalitySheafVerification/Mock2_Advanced.lean:27654:0: warning: Definition `proposition4_duplicateErratum` is a proposition; use `theorem` instead of `def`

Note: This linter can be disabled with `set_option linter.defProp false`
/home/runner/work/mathlib4/mathlib4/PrimalitySheafVerification/Mock2_Advanced.lean:27657:0: warning: Definition `proposition4_duplicate_correctedAndProved` is a proposition; use `theorem` instead of `def`

Note: This linter can be disabled with `set_option linter.defProp false`
/home/runner/work/mathlib4/mathlib4/PrimalitySheafVerification/Mock2_Advanced.lean:27660:0: warning: Definition `proposition4_hMass_duplicate_correctedAndProved` is a proposition; use `theorem` instead of `def`

Note: This linter can be disabled with `set_option linter.defProp false`
/home/runner/work/mathlib4/mathlib4/PrimalitySheafVerification/Mock2_Advanced.lean:27663:0: warning: Definition `proposition4_smoothVolumeMassCondition_duplicateConcreteModel_proved` is a proposition; use `theorem` instead of `def`

Note: This linter can be disabled with `set_option linter.defProp false`
/home/runner/work/mathlib4/mathlib4/PrimalitySheafVerification/Mock2_Advanced.lean:27666:0: warning: Definition `proposition5_rawTentErratum` is a proposition; use `theorem` instead of `def`

Note: This linter can be disabled with `set_option linter.defProp false`
/home/runner/work/mathlib4/mathlib4/PrimalitySheafVerification/Mock2_Advanced.lean:27669:0: warning: Definition `proposition5_stepOne_proved` is a proposition; use `theorem` instead of `def`

Note: This linter can be disabled with `set_option linter.defProp false`
/home/runner/work/mathlib4/mathlib4/PrimalitySheafVerification/Mock2_Advanced.lean:27672:0: warning: Definition `proposition5_localization_proved` is a proposition; use `theorem` instead of `def`

Note: This linter can be disabled with `set_option linter.defProp false`
/home/runner/work/mathlib4/mathlib4/PrimalitySheafVerification/Mock2_Advanced.lean:27675:0: warning: Definition `proposition5_smoothTest_correctedAndProved` is a proposition; use `theorem` instead of `def`

Note: This linter can be disabled with `set_option linter.defProp false`
/home/runner/work/mathlib4/mathlib4/PrimalitySheafVerification/Mock2_Advanced.lean:27678:0: warning: Definition `proposition5_transform_correctedAndProved` is a proposition; use `theorem` instead of `def`

Note: This linter can be disabled with `set_option linter.defProp false`
/home/runner/work/mathlib4/mathlib4/PrimalitySheafVerification/Mock2_Advanced.lean:27681:0: warning: Definition `proposition5_sameFamily_localFloorAndKernelEnvelope` is a proposition; use `theorem` instead of `def`

Note: This linter can be disabled with `set_option linter.defProp false`
/home/runner/work/mathlib4/mathlib4/PrimalitySheafVerification/Mock2_Advanced.lean:27684:0: warning: Definition `proposition5_concreteConvention_sameTestCertificate` is a proposition; use `theorem` instead of `def`

Note: This linter can be disabled with `set_option linter.defProp false`
/home/runner/work/mathlib4/mathlib4/PrimalitySheafVerification/Mock2_Advanced.lean:27687:0: warning: Definition `proposition5_concreteMassAndTransform_sameTest_proved` is a proposition; use `theorem` instead of `def`

Note: This linter can be disabled with `set_option linter.defProp false`
/home/runner/work/mathlib4/mathlib4/PrimalitySheafVerification/Mock2_Advanced.lean:27690:0: warning: Definition `proposition5_smoothVolumeSameTest_completeConcreteModel_proved` is a proposition; use `theorem` instead of `def`

Note: This linter can be disabled with `set_option linter.defProp false`
/home/runner/work/mathlib4/mathlib4/PrimalitySheafVerification/Mock2_Advanced.lean:27693:0: warning: Definition `proposition6_supportFloorErratum` is a proposition; use `theorem` instead of `def`

Note: This linter can be disabled with `set_option linter.defProp false`
/home/runner/work/mathlib4/mathlib4/PrimalitySheafVerification/Mock2_Advanced.lean:27696:0: warning: Definition `proposition6_activeSet_correctedAndProved` is a proposition; use `theorem` instead of `def`

Note: This linter can be disabled with `set_option linter.defProp false`
/home/runner/work/mathlib4/mathlib4/PrimalitySheafVerification/Mock2_Advanced.lean:27699:0: warning: Definition `proposition6_positiveVolumeActivity_concreteModel_proved` is a proposition; use `theorem` instead of `def`

Note: This linter can be disabled with `set_option linter.defProp false`
/home/runner/work/mathlib4/mathlib4/PrimalitySheafVerification/Mock2_Advanced.lean:27702:0: warning: Definition `proposition6_positiveMass_concreteModel_proved` is a proposition; use `theorem` instead of `def`

Note: This linter can be disabled with `set_option linter.defProp false`
/home/runner/work/mathlib4/mathlib4/PrimalitySheafVerification/Mock2_Advanced.lean:27705:0: warning: Definition `proposition7_ofActiveSet_proved` is a proposition; use `theorem` instead of `def`

Note: This linter can be disabled with `set_option linter.defProp false`
/home/runner/work/mathlib4/mathlib4/PrimalitySheafVerification/Mock2_Advanced.lean:27708:0: warning: Definition `proposition7_activeSetCriterion_correctedAndProved` is a proposition; use `theorem` instead of `def`

Note: This linter can be disabled with `set_option linter.defProp false`
/home/runner/work/mathlib4/mathlib4/PrimalitySheafVerification/Mock2_Advanced.lean:27714:0: warning: Definition `proposition7_fullSpectral_ofMassCondition` is a proposition; use `theorem` instead of `def`

Note: This linter can be disabled with `set_option linter.defProp false`
/home/runner/work/mathlib4/mathlib4/PrimalitySheafVerification/Mock2_Advanced.lean:27717:0: warning: Definition `proposition7_unconditionalErratum` is a proposition; use `theorem` instead of `def`

Note: This linter can be disabled with `set_option linter.defProp false`
/home/runner/work/mathlib4/mathlib4/PrimalitySheafVerification/Mock2_Advanced.lean:27720:0: warning: Definition `proposition7_concretePositiveModel_proved` is a proposition; use `theorem` instead of `def`

Note: This linter can be disabled with `set_option linter.defProp false`
/home/runner/work/mathlib4/mathlib4/PrimalitySheafVerification/Mock2_Advanced.lean:27723:0: warning: Definition `proposition7_sameSmoothTest_concreteHMass_proved` is a proposition; use `theorem` instead of `def`

Note: This linter can be disabled with `set_option linter.defProp false`
/home/runner/work/mathlib4/mathlib4/PrimalitySheafVerification/Mock2_Advanced.lean:27726:0: warning: Definition `proposition7_smoothVolumeHMass_concreteModel_proved` is a proposition; use `theorem` instead of `def`

Note: This linter can be disabled with `set_option linter.defProp false`
/home/runner/work/mathlib4/mathlib4/PrimalitySheafVerification/Mock2_Advanced.lean:27729:0: warning: Definition `proposition7_smoothVolumeFullSpectralLower_concreteModel_proved` is a proposition; use `theorem` instead of `def`

Note: This linter can be disabled with `set_option linter.defProp false`
/home/runner/work/mathlib4/mathlib4/PrimalitySheafVerification/Mock2_Advanced.lean:27732:0: warning: Definition `proposition8_pointwise_correctedAndProved` is a proposition; use `theorem` instead of `def`

Note: This linter can be disabled with `set_option linter.defProp false`
/home/runner/work/mathlib4/mathlib4/PrimalitySheafVerification/Mock2_Advanced.lean:27735:0: warning: Definition `proposition8_meanSquareExtraction_correctedAndProved` is a proposition; use `theorem` instead of `def`

Note: This linter can be disabled with `set_option linter.defProp false`
/home/runner/work/mathlib4/mathlib4/PrimalitySheafVerification/Mock2_Advanced.lean:27738:0: warning: Definition `proposition8_powerProfile_correctedAndProved` is a proposition; use `theorem` instead of `def`

Note: This linter can be disabled with `set_option linter.defProp false`
/home/runner/work/mathlib4/mathlib4/PrimalitySheafVerification/Mock2_Advanced.lean:27741:0: warning: Definition `proposition8_linearIndexAsymptotic_correctedAndProved` is a proposition; use `theorem` instead of `def`

Note: This linter can be disabled with `set_option linter.defProp false`
/home/runner/work/mathlib4/mathlib4/PrimalitySheafVerification/Mock2_Advanced.lean:27744:0: warning: Definition `proposition8_selectedIndex_isTheta_correctedAndProved` is a proposition; use `theorem` instead of `def`

Note: This linter can be disabled with `set_option linter.defProp false`
/home/runner/work/mathlib4/mathlib4/PrimalitySheafVerification/Mock2_Advanced.lean:27747:0: warning: Definition `proposition8_reindexedPowerLower_correctedAndProved` is a proposition; use `theorem` instead of `def`

Note: This linter can be disabled with `set_option linter.defProp false`
/home/runner/work/mathlib4/mathlib4/PrimalitySheafVerification/Mock2_Advanced.lean:27750:0: warning: Definition `proposition8_fullAsymptoticExtraction_correctedAndProved` is a proposition; use `theorem` instead of `def`

Note: This linter can be disabled with `set_option linter.defProp false`
/home/runner/work/mathlib4/mathlib4/PrimalitySheafVerification/Mock2_Advanced.lean:27753:0: warning: Definition `proposition8_infiniteExtractionErratum` is a proposition; use `theorem` instead of `def`

Note: This linter can be disabled with `set_option linter.defProp false`
/home/runner/work/mathlib4/mathlib4/PrimalitySheafVerification/Mock2_Advanced.lean:27756:0: warning: Definition `proposition9_exponentComparison_correctedAndProved` is a proposition; use `theorem` instead of `def`

Note: This linter can be disabled with `set_option linter.defProp false`
/home/runner/work/mathlib4/mathlib4/PrimalitySheafVerification/Mock2_Advanced.lean:27759:0: warning: Definition `proposition9_contradictionLeaf` is a proposition; use `theorem` instead of `def`

Note: This linter can be disabled with `set_option linter.defProp false`
/home/runner/work/mathlib4/mathlib4/PrimalitySheafVerification/Mock2_Advanced.lean:27762:0: warning: Definition `proposition9_powerGapContradiction_correctedAndProved` is a proposition; use `theorem` instead of `def`

Note: This linter can be disabled with `set_option linter.defProp false`
/home/runner/work/mathlib4/mathlib4/PrimalitySheafVerification/Mock2_Advanced.lean:27765:0: warning: Definition `proposition9_growthDirectionErratum` is a proposition; use `theorem` instead of `def`

Note: This linter can be disabled with `set_option linter.defProp false`
/home/runner/work/mathlib4/mathlib4/PrimalitySheafVerification/Mock2_Advanced.lean:27768:0: warning: Definition `proposition10_bareAdditiveSplittingInsufficient` is a proposition; use `theorem` instead of `def`

Note: This linter can be disabled with `set_option linter.defProp false`
/home/runner/work/mathlib4/mathlib4/PrimalitySheafVerification/Mock2_Advanced.lean:27771:0: warning: Definition `proposition10_dictionaryUniqueness` is a proposition; use `theorem` instead of `def`

Note: This linter can be disabled with `set_option linter.defProp false`
/home/runner/work/mathlib4/mathlib4/PrimalitySheafVerification/Mock2_Advanced.lean:27774:0: warning: Definition `proposition10_projectedSplitting_exists_correctedAndProved` is a proposition; use `theorem` instead of `def`

Note: This linter can be disabled with `set_option linter.defProp false`
/home/runner/work/mathlib4/mathlib4/PrimalitySheafVerification/Mock2_Advanced.lean:27777:0: warning: Definition `proposition10_projectedSplitting_unique_correctedAndProved` is a proposition; use `theorem` instead of `def`

Note: This linter can be disabled with `set_option linter.defProp false`
/home/runner/work/mathlib4/mathlib4/PrimalitySheafVerification/Mock2_Advanced.lean:27780:0: warning: Definition `proposition10_explicitProductSplitting_proved` is a proposition; use `theorem` instead of `def`

Note: This linter can be disabled with `set_option linter.defProp false`
/home/runner/work/mathlib4/mathlib4/PrimalitySheafVerification/Mock2_Advanced.lean:27809:4: warning: try 'simp' instead of 'simpa'

Note: This linter can be disabled with `set_option linter.unnecessarySimpa false`
/home/runner/work/mathlib4/mathlib4/PrimalitySheafVerification/Mock2_Advanced.lean:27813:0: warning: Definition `proposition11_dampingErratum` is a proposition; use `theorem` instead of `def`

Note: This linter can be disabled with `set_option linter.defProp false`
/home/runner/work/mathlib4/mathlib4/PrimalitySheafVerification/Mock2_Advanced.lean:27816:0: warning: Definition `proposition11_correctedDampingDirection_correctedAndProved` is a proposition; use `theorem` instead of `def`

Note: This linter can be disabled with `set_option linter.defProp false`
/home/runner/work/mathlib4/mathlib4/PrimalitySheafVerification/Mock2_Advanced.lean:27819:0: warning: Definition `proposition11_correctedExponentDirection_correctedAndProved` is a proposition; use `theorem` instead of `def`

Note: This linter can be disabled with `set_option linter.defProp false`
/home/runner/work/mathlib4/mathlib4/PrimalitySheafVerification/Mock2_Advanced.lean:27822:0: warning: Definition `proposition11_partialEnergy_correctedAndProved` is a proposition; use `theorem` instead of `def`

Note: This linter can be disabled with `set_option linter.defProp false`
/home/runner/work/mathlib4/mathlib4/PrimalitySheafVerification/Mock2_Advanced.lean:27825:0: warning: Definition `proposition11_graphNormPartialSum_correctedAndProved` is a proposition; use `theorem` instead of `def`

Note: This linter can be disabled with `set_option linter.defProp false`
/home/runner/work/mathlib4/mathlib4/PrimalitySheafVerification/Mock2_Advanced.lean:27828:0: warning: Definition `proposition11_H1Series_correctedAndProved` is a proposition; use `theorem` instead of `def`

Note: This linter can be disabled with `set_option linter.defProp false`
/home/runner/work/mathlib4/mathlib4/PrimalitySheafVerification/Mock2_Advanced.lean:27831:0: warning: Definition `proposition11_compactEmbedding_correctedAndProved` is a proposition; use `theorem` instead of `def`

Note: This linter can be disabled with `set_option linter.defProp false`
/home/runner/work/mathlib4/mathlib4/PrimalitySheafVerification/Mock2_Advanced.lean:27834:0: warning: Definition `proposition11_precompactnessErratum` is a proposition; use `theorem` instead of `def`

Note: This linter can be disabled with `set_option linter.defProp false`
/home/runner/work/mathlib4/mathlib4/PrimalitySheafVerification/Mock2_Advanced.lean:27837:0: warning: Definition `proposition12_tautologyErratum` is a proposition; use `theorem` instead of `def`

Note: This linter can be disabled with `set_option linter.defProp false`
/home/runner/work/mathlib4/mathlib4/PrimalitySheafVerification/Mock2_Advanced.lean:27840:0: warning: Definition `proposition12_storedMatch_uniqueness` is a proposition; use `theorem` instead of `def`

Note: This linter can be disabled with `set_option linter.defProp false`
/home/runner/work/mathlib4/mathlib4/PrimalitySheafVerification/Mock2_Advanced.lean:27843:0: warning: Definition `proposition12_analyticContinuationUniqueness_correctedAndProved` is a proposition; use `theorem` instead of `def`

Note: This linter can be disabled with `set_option linter.defProp false`
/home/runner/work/mathlib4/mathlib4/PrimalitySheafVerification/Mock2_Advanced.lean:27846:0: warning: Definition `proposition13_groupOrbitErratum` is a proposition; use `theorem` instead of `def`

Note: This linter can be disabled with `set_option linter.defProp false`
/home/runner/work/mathlib4/mathlib4/PrimalitySheafVerification/Mock2_Advanced.lean:27849:0: warning: Definition `proposition13_scaling_correctedAndProved` is a proposition; use `theorem` instead of `def`

Note: This linter can be disabled with `set_option linter.defProp false`
/home/runner/work/mathlib4/mathlib4/PrimalitySheafVerification/Mock2_Advanced.lean:27852:0: warning: Definition `proposition13_ambientScalingTransport_correctedAndProved` is a proposition; use `theorem` instead of `def`

Note: This linter can be disabled with `set_option linter.defProp false`
/home/runner/work/mathlib4/mathlib4/PrimalitySheafVerification/Mock2_Advanced.lean:27855:0: warning: Definition `proposition13_threeCuspOrbitClassification_correctedAndProved` is a proposition; use `theorem` instead of `def`

Note: This linter can be disabled with `set_option linter.defProp false`
/home/runner/work/mathlib4/mathlib4/PrimalitySheafVerification/Mock2_Advanced.lean:27862:0: warning: Definition `proposition14_trivializedTransport_correctedAndProved` is a proposition; use `theorem` instead of `def`

Note: This linter can be disabled with `set_option linter.defProp false`
/home/runner/work/mathlib4/mathlib4/PrimalitySheafVerification/Mock2_Advanced.lean:27865:0: warning: Definition `proposition14_connectionConstruction_correctedAndProved` is a proposition; use `theorem` instead of `def`

Note: This linter can be disabled with `set_option linter.defProp false`
/home/runner/work/mathlib4/mathlib4/PrimalitySheafVerification/Mock2_Advanced.lean:27868:0: warning: Definition `proposition14_connectionUniqueness_correctedAndProved` is a proposition; use `theorem` instead of `def`

Note: This linter can be disabled with `set_option linter.defProp false`
/home/runner/work/mathlib4/mathlib4/PrimalitySheafVerification/Mock2_Advanced.lean:27871:0: warning: Definition `proposition14_noncanonicalErratum` is a proposition; use `theorem` instead of `def`

Note: This linter can be disabled with `set_option linter.defProp false`
/home/runner/work/mathlib4/mathlib4/PrimalitySheafVerification/Mock2_Advanced.lean:27874:0: warning: Definition `proposition14_connectionNonuniquenessErratum` is a proposition; use `theorem` instead of `def`

Note: This linter can be disabled with `set_option linter.defProp false`
/home/runner/work/mathlib4/mathlib4/PrimalitySheafVerification/Mock2_Advanced.lean:27877:0: warning: Definition `proposition15_missingTargetObstruction` is a proposition; use `theorem` instead of `def`

Note: This linter can be disabled with `set_option linter.defProp false`
/home/runner/work/mathlib4/mathlib4/PrimalitySheafVerification/Mock2_Advanced.lean:27880:0: warning: Definition `proposition16_covariantGluing_fromSheafCondition` is a proposition; use `theorem` instead of `def`

Note: This linter can be disabled with `set_option linter.defProp false`
/home/runner/work/mathlib4/mathlib4/PrimalitySheafVerification/Mock2_Advanced.lean:27883:0: warning: Definition `proposition16_trivialBundleSheaf_proved` is a proposition; use `theorem` instead of `def`

Note: This linter can be disabled with `set_option linter.defProp false`
/home/runner/work/mathlib4/mathlib4/PrimalitySheafVerification/Mock2_Advanced.lean:27889:0: warning: Definition `proposition16_concreteGaugeGluing_proved` is a proposition; use `theorem` instead of `def`

Note: This linter can be disabled with `set_option linter.defProp false`
/home/runner/work/mathlib4/mathlib4/PrimalitySheafVerification/Mock2_Advanced.lean:27892:0: warning: Definition `proposition17_curvatureRestriction_correctedAndProved` is a proposition; use `theorem` instead of `def`

Note: This linter can be disabled with `set_option linter.defProp false`
/home/runner/work/mathlib4/mathlib4/PrimalitySheafVerification/Mock2_Advanced.lean:27895:0: warning: Definition `proposition17_operatorGaugeCovariance_correctedAndProved` is a proposition; use `theorem` instead of `def`

Note: This linter can be disabled with `set_option linter.defProp false`
/home/runner/work/mathlib4/mathlib4/PrimalitySheafVerification/Mock2_Advanced.lean:27898:0: warning: Definition `proposition17_variableGaugeCovariance_correctedAndProved` is a proposition; use `theorem` instead of `def`

Note: This linter can be disabled with `set_option linter.defProp false`
/home/runner/work/mathlib4/mathlib4/PrimalitySheafVerification/Mock2_Advanced.lean:27901:0: warning: Definition `proposition17_inhomogeneousTermErratum` is a proposition; use `theorem` instead of `def`

Note: This linter can be disabled with `set_option linter.defProp false`
/home/runner/work/mathlib4/mathlib4/PrimalitySheafVerification/Mock2_Advanced.lean:27904:0: warning: Definition `proposition18_duplicate_correctedAndProved` is a proposition; use `theorem` instead of `def`

Note: This linter can be disabled with `set_option linter.defProp false`
/home/runner/work/mathlib4/mathlib4/PrimalitySheafVerification/Mock2_Advanced.lean:27907:0: warning: Definition `proposition18_variableGauge_duplicate_correctedAndProved` is a proposition; use `theorem` instead of `def`

Note: This linter can be disabled with `set_option linter.defProp false`
/home/runner/work/mathlib4/mathlib4/PrimalitySheafVerification/Mock2_Advanced.lean:27910:0: warning: Definition `proposition18_inhomogeneousTermErratum` is a proposition; use `theorem` instead of `def`

Note: This linter can be disabled with `set_option linter.defProp false`
/home/runner/work/mathlib4/mathlib4/PrimalitySheafVerification/Mock2_Advanced.lean:27913:0: warning: Definition `proposition19_flatMassless_correctedAndProved` is a proposition; use `theorem` instead of `def`

Note: This linter can be disabled with `set_option linter.defProp false`
/home/runner/work/mathlib4/mathlib4/PrimalitySheafVerification/Mock2_Advanced.lean:27916:0: warning: Definition `proposition20_equalizer_correctedAndProved` is a proposition; use `theorem` instead of `def`

Note: This linter can be disabled with `set_option linter.defProp false`
/home/runner/work/mathlib4/mathlib4/PrimalitySheafVerification/Mock2_Advanced.lean:27919:0: warning: Definition `proposition20_restrictionBijection_correctedAndProved` is a proposition; use `theorem` instead of `def`

Note: This linter can be disabled with `set_option linter.defProp false`
/home/runner/work/mathlib4/mathlib4/PrimalitySheafVerification/Mock2_Advanced.lean:27928:0: warning: Definition `proposition21_lcmKernel_proved` is a proposition; use `theorem` instead of `def`

Note: This linter can be disabled with `set_option linter.defProp false`
/home/runner/work/mathlib4/mathlib4/PrimalitySheafVerification/Mock2_Advanced.lean:27931:0: warning: Definition `proposition21_lcmLeftExact_proved` is a proposition; use `theorem` instead of `def`

Note: This linter can be disabled with `set_option linter.defProp false`
/home/runner/work/mathlib4/mathlib4/PrimalitySheafVerification/Mock2_Advanced.lean:27934:0: warning: Definition `proposition21_lcmLeftInjective_correctedAndProved` is a proposition; use `theorem` instead of `def`

Note: This linter can be disabled with `set_option linter.defProp false`
/home/runner/work/mathlib4/mathlib4/PrimalitySheafVerification/Mock2_Advanced.lean:27937:0: warning: Definition `proposition21_generalizedCRT_proved` is a proposition; use `theorem` instead of `def`

Note: This linter can be disabled with `set_option linter.defProp false`
/home/runner/work/mathlib4/mathlib4/PrimalitySheafVerification/Mock2_Advanced.lean:27940:0: warning: Definition `proposition21_crtExact_proved` is a proposition; use `theorem` instead of `def`

Note: This linter can be disabled with `set_option linter.defProp false`
/home/runner/work/mathlib4/mathlib4/PrimalitySheafVerification/Mock2_Advanced.lean:27943:0: warning: Definition `proposition21_crtObstruction_surjective_proved` is a proposition; use `theorem` instead of `def`

Note: This linter can be disabled with `set_option linter.defProp false`
/home/runner/work/mathlib4/mathlib4/PrimalitySheafVerification/Mock2_Advanced.lean:27946:0: warning: Definition `proposition21_cyclicPresentation_exact_proved` is a proposition; use `theorem` instead of `def`

Note: This linter can be disabled with `set_option linter.defProp false`
/home/runner/work/mathlib4/mathlib4/PrimalitySheafVerification/Mock2_Advanced.lean:27949:0: warning: Definition `proposition21_cyclicPresentation_injective_correctedAndProved` is a proposition; use `theorem` instead of `def`

Note: This linter can be disabled with `set_option linter.defProp false`
/home/runner/work/mathlib4/mathlib4/PrimalitySheafVerification/Mock2_Advanced.lean:27952:0: warning: Definition `proposition21_cyclicPresentation_surjective_proved` is a proposition; use `theorem` instead of `def`

Note: This linter can be disabled with `set_option linter.defProp false`
/home/runner/work/mathlib4/mathlib4/PrimalitySheafVerification/Mock2_Advanced.lean:27955:0: warning: Definition `Mock2Adv.Section53Closure.proposition21_cyclicFreeComplex_projective_proved` of class type is semireducible. Most type class instances should be instance-reducible, so consider marking this
definition with `@[instance_reducible]`. If it is intentionally semireducible, this warning can be disabled with `set_option warn.classDefReducibility false`.
/home/runner/work/mathlib4/mathlib4/PrimalitySheafVerification/Mock2_Advanced.lean:27955:0: warning: Definition `proposition21_cyclicFreeComplex_projective_proved` is a proposition; use `theorem` instead of `def`

Note: This linter can be disabled with `set_option linter.defProp false`
/home/runner/work/mathlib4/mathlib4/PrimalitySheafVerification/Mock2_Advanced.lean:27967:0: warning: Definition `proposition21_actualTorComparison_inhabited` is a proposition; use `theorem` instead of `def`

Note: This linter can be disabled with `set_option linter.defProp false`
/home/runner/work/mathlib4/mathlib4/PrimalitySheafVerification/Mock2_Advanced.lean:27970:0: warning: Definition `proposition21_zeroModulusErratum` is a proposition; use `theorem` instead of `def`

Note: This linter can be disabled with `set_option linter.defProp false`
/home/runner/work/mathlib4/mathlib4/PrimalitySheafVerification/Mock2_Advanced.lean:27973:0: warning: Definition `proposition21_cyclicKernel_cardinality_proved` is a proposition; use `theorem` instead of `def`

Note: This linter can be disabled with `set_option linter.defProp false`
/home/runner/work/mathlib4/mathlib4/PrimalitySheafVerification/Mock2_Advanced.lean:27976:0: warning: Definition `Mock2Adv.Section53Closure.proposition21_cyclicKernel_addEquiv_correctedAndProved` of class type is semireducible. Most type class instances should be instance-reducible, so consider marking this
definition with `@[instance_reducible]`. If it is intentionally semireducible, this warning can be disabled with `set_option warn.classDefReducibility false`.
/home/runner/work/mathlib4/mathlib4/PrimalitySheafVerification/Mock2_Advanced.lean:27976:0: warning: Definition `proposition21_cyclicKernel_addEquiv_correctedAndProved` is a proposition; use `theorem` instead of `def`

Note: This linter can be disabled with `set_option linter.defProp false`
/home/runner/work/mathlib4/mathlib4/PrimalitySheafVerification/Mock2_Advanced.lean:27988:0: warning: Definition `Mock2Adv.Section53Closure.proposition21_actualTorGcd_correctedAndProved` of class type is semireducible. Most type class instances should be instance-reducible, so consider marking this
definition with `@[instance_reducible]`. If it is intentionally semireducible, this warning can be disabled with `set_option warn.classDefReducibility false`.
/home/runner/work/mathlib4/mathlib4/PrimalitySheafVerification/Mock2_Advanced.lean:27988:0: warning: Definition `proposition21_actualTorGcd_correctedAndProved` is a proposition; use `theorem` instead of `def`

Note: This linter can be disabled with `set_option linter.defProp false`
/home/runner/work/mathlib4/mathlib4/PrimalitySheafVerification/Mock2_Advanced.lean:27991:0: warning: Definition `proposition21_zeroResolvedModulusErratum` is a proposition; use `theorem` instead of `def`

Note: This linter can be disabled with `set_option linter.defProp false`
/home/runner/work/mathlib4/mathlib4/PrimalitySheafVerification/Mock2_Advanced.lean:27994:0: warning: Definition `Mock2Adv.Section53Closure.proposition21_primePowerModel_correctedAndProved` of class type is semireducible. Most type class instances should be instance-reducible, so consider marking this
definition with `@[instance_reducible]`. If it is intentionally semireducible, this warning can be disabled with `set_option warn.classDefReducibility false`.
/home/runner/work/mathlib4/mathlib4/PrimalitySheafVerification/Mock2_Advanced.lean:27994:0: warning: Definition `proposition21_primePowerModel_correctedAndProved` is a proposition; use `theorem` instead of `def`

Note: This linter can be disabled with `set_option linter.defProp false`
/home/runner/work/mathlib4/mathlib4/PrimalitySheafVerification/Mock2_Advanced.lean:27997:0: warning: Definition `Mock2Adv.Section53Closure.proposition21_actualPrimePowerTor_correctedAndProved` of class type is semireducible. Most type class instances should be instance-reducible, so consider marking this
definition with `@[instance_reducible]`. If it is intentionally semireducible, this warning can be disabled with `set_option warn.classDefReducibility false`.
/home/runner/work/mathlib4/mathlib4/PrimalitySheafVerification/Mock2_Advanced.lean:27997:0: warning: Definition `proposition21_actualPrimePowerTor_correctedAndProved` is a proposition; use `theorem` instead of `def`

Note: This linter can be disabled with `set_option linter.defProp false`
/home/runner/work/mathlib4/mathlib4/PrimalitySheafVerification/Mock2_Advanced.lean:28055:9: warning: Variable name `hne` is not explicitly referenced.

Hint: The binding can be removed (if unused) or named `_` (if used implicitly). Alternatively, prefix the name with `_` to silence this warning:
  [apply] _hne

Note: This linter can be disabled with `set_option linter.unusedVariables false`
/home/runner/work/mathlib4/mathlib4/PrimalitySheafVerification/Mock2_Advanced.lean:28056:9: warning: Variable name `hdisjoint` is not explicitly referenced.

Hint: The binding can be removed (if unused) or named `_` (if used implicitly). Alternatively, prefix the name with `_` to silence this warning:
  [apply] _hdisjoint

Note: This linter can be disabled with `set_option linter.unusedVariables false`
/home/runner/work/mathlib4/mathlib4/PrimalitySheafVerification/Mock2_Advanced.lean:28388:0: warning: Definition `corollary31_eventualContinuousMassLower_correctedAndProved` is a proposition; use `theorem` instead of `def`

Note: This linter can be disabled with `set_option linter.defProp false`
/home/runner/work/mathlib4/mathlib4/PrimalitySheafVerification/Mock2_Advanced.lean:28391:0: warning: Definition `corollary31_eventualContinuousMassPositive_correctedAndProved` is a proposition; use `theorem` instead of `def`

Note: This linter can be disabled with `set_option linter.defProp false`
/home/runner/work/mathlib4/mathlib4/PrimalitySheafVerification/Mock2_Advanced.lean:28394:0: warning: Definition `corollary31_eigenvalueGapNameErratum` is a proposition; use `theorem` instead of `def`

Note: This linter can be disabled with `set_option linter.defProp false`
/home/runner/work/mathlib4/mathlib4/PrimalitySheafVerification/Mock2_Advanced.lean:28400:0: warning: Definition `corollary32_uniformContinuousMassLower_correctedAndProved` is a proposition; use `theorem` instead of `def`

Note: This linter can be disabled with `set_option linter.defProp false`
/home/runner/work/mathlib4/mathlib4/PrimalitySheafVerification/Mock2_Advanced.lean:28403:0: warning: Definition `corollary32_eventualContinuousMassLower_correctedAndProved` is a proposition; use `theorem` instead of `def`

Note: This linter can be disabled with `set_option linter.defProp false`
/home/runner/work/mathlib4/mathlib4/PrimalitySheafVerification/Mock2_Advanced.lean:28411:0: warning: Definition `corollary33_discreteTerm_nonnegative_proved` is a proposition; use `theorem` instead of `def`

Note: This linter can be disabled with `set_option linter.defProp false`
/home/runner/work/mathlib4/mathlib4/PrimalitySheafVerification/Mock2_Advanced.lean:28414:0: warning: Definition `corollary33_discreteSum_converges_proved` is a proposition; use `theorem` instead of `def`

Note: This linter can be disabled with `set_option linter.defProp false`
/home/runner/work/mathlib4/mathlib4/PrimalitySheafVerification/Mock2_Advanced.lean:28417:0: warning: Definition `corollary33_discreteSum_nonnegative_proved` is a proposition; use `theorem` instead of `def`

Note: This linter can be disabled with `set_option linter.defProp false`
/home/runner/work/mathlib4/mathlib4/PrimalitySheafVerification/Mock2_Advanced.lean:28420:0: warning: Definition `corollary33_normalizedInsertion_correctedAndProved` is a proposition; use `theorem` instead of `def`

Note: This linter can be disabled with `set_option linter.defProp false`
/home/runner/work/mathlib4/mathlib4/PrimalitySheafVerification/Mock2_Advanced.lean:28423:0: warning: Definition `corollary33_rankinSelbergInsertion_correctedAndProved` is a proposition; use `theorem` instead of `def`

Note: This linter can be disabled with `set_option linter.defProp false`
/home/runner/work/mathlib4/mathlib4/PrimalitySheafVerification/Mock2_Advanced.lean:28426:0: warning: Definition `corollary33_summableDiscreteInsertion_correctedAndProved` is a proposition; use `theorem` instead of `def`

Note: This linter can be disabled with `set_option linter.defProp false`
/home/runner/work/mathlib4/mathlib4/PrimalitySheafVerification/Mock2_Advanced.lean:28429:0: warning: Definition `corollary33_ofUniformActivity_correctedAndProved` is a proposition; use `theorem` instead of `def`

Note: This linter can be disabled with `set_option linter.defProp false`
/home/runner/work/mathlib4/mathlib4/PrimalitySheafVerification/Mock2_Advanced.lean:28434:0: warning: Definition `theorem51_sameCorrectionCancellation_proved` is a proposition; use `theorem` instead of `def`

Note: This linter can be disabled with `set_option linter.defProp false`
/home/runner/work/mathlib4/mathlib4/PrimalitySheafVerification/Mock2_Advanced.lean:28437:0: warning: Definition `theorem51_sameCorrectionSetCancellation_proved` is a proposition; use `theorem` instead of `def`

Note: This linter can be disabled with `set_option linter.defProp false`
/home/runner/work/mathlib4/mathlib4/PrimalitySheafVerification/Mock2_Advanced.lean:28440:0: warning: Definition `theorem51_insideDictionaryCompatibilityNecessary_proved` is a proposition; use `theorem` instead of `def`

Note: This linter can be disabled with `set_option linter.defProp false`
/home/runner/work/mathlib4/mathlib4/PrimalitySheafVerification/Mock2_Advanced.lean:28443:0: warning: Definition `theorem51_missingInsideDictionaryErratum` is a proposition; use `theorem` instead of `def`

Note: This linter can be disabled with `set_option linter.defProp false`
/home/runner/work/mathlib4/mathlib4/PrimalitySheafVerification/Mock2_Advanced.lean:28446:0: warning: Definition `theorem51_noUpperHalfPlaneExteriorRegion_proved` is a proposition; use `theorem` instead of `def`

Note: This linter can be disabled with `set_option linter.defProp false`
/home/runner/work/mathlib4/mathlib4/PrimalitySheafVerification/Mock2_Advanced.lean:28449:0: warning: Definition `theorem51_radialBoundednessErratum` is a proposition; use `theorem` instead of `def`

Note: This linter can be disabled with `set_option linter.defProp false`
/home/runner/work/mathlib4/mathlib4/PrimalitySheafVerification/Mock2_Advanced.lean:28452:0: warning: Definition `theorem51_exteriorPullbackAnalytic_correctedAndProved` is a proposition; use `theorem` instead of `def`

Note: This linter can be disabled with `set_option linter.defProp false`
/home/runner/work/mathlib4/mathlib4/PrimalitySheafVerification/Mock2_Advanced.lean:28455:0: warning: Definition `theorem51_coreContinuation_correctedAndProved` is a proposition; use `theorem` instead of `def`

Note: This linter can be disabled with `set_option linter.defProp false`
/home/runner/work/mathlib4/mathlib4/PrimalitySheafVerification/Mock2_Advanced.lean:28458:0: warning: Definition `theorem51_annularDictionaryContinuation_correctedAndProved` is a proposition; use `theorem` instead of `def`

Note: This linter can be disabled with `set_option linter.defProp false`
/home/runner/work/mathlib4/mathlib4/PrimalitySheafVerification/Mock2_Advanced.lean:28461:0: warning: Definition `theorem51_boundaryRestriction_correctedAndProved` is a proposition; use `theorem` instead of `def`

Note: This linter can be disabled with `set_option linter.defProp false`
/home/runner/work/mathlib4/mathlib4/PrimalitySheafVerification/Mock2_Advanced.lean:28464:0: warning: Definition `theorem51_annularMatching_correctedAndProved` is a proposition; use `theorem` instead of `def`

Note: This linter can be disabled with `set_option linter.defProp false`
'Mock2Adv.ConcreteUnaryTheta.thetaTailTerm' depends on axioms: [propext, Classical.choice, Quot.sound]
'Mock2Adv.ConcreteUnaryTheta.gaussianMajorant' depends on axioms: [propext, Classical.choice, Quot.sound]
'Mock2Adv.ConcreteUnaryTheta.norm_thetaTailTerm' depends on axioms: [propext, Classical.choice, Quot.sound]
'Mock2Adv.ConcreteUnaryTheta.gaussianMajorant_nat_summable' depends on axioms: [propext, Classical.choice, Quot.sound]
'Mock2Adv.ConcreteUnaryTheta.gaussianMajorant_antitoneOn_Ici' depends on axioms: [propext, Classical.choice, Quot.sound]
'Mock2Adv.ConcreteUnaryTheta.sum_gaussianMajorant_le_intervalIntegral' depends on axioms: [propext,
 Classical.choice,
 Quot.sound]
'Mock2Adv.ConcreteUnaryTheta.intervalIntegral_gaussianMajorant_le_Ioi' depends on axioms: [propext,
 Classical.choice,
 Quot.sound]
'Mock2Adv.ConcreteUnaryTheta.tsum_gaussianMajorant_le_inv_sqrt' depends on axioms: [propext,
 Classical.choice,
 Quot.sound]
'Mock2Adv.ConcreteUnaryTheta.norm_tsum_thetaTailTerm_le_gaussianMajorant' depends on axioms: [propext,
 Classical.choice,
 Quot.sound]
'Mock2Adv.ConcreteUnaryTheta.norm_theta_le_one_add_inv_sqrt_im' depends on axioms: [propext,
 Classical.choice,
 Quot.sound]
'Mock2Adv.LiteralPDFConsistencyAudit.LiteralClaim' does not depend on any axioms
'Mock2Adv.LiteralPDFConsistencyAudit.literalStatement' depends on axioms: [propext, Classical.choice, Quot.sound]
'Mock2Adv.LiteralPDFConsistencyAudit.literalRefutation' depends on axioms: [propext, Classical.choice, Quot.sound]
'Mock2Adv.LiteralPDFConsistencyAudit.literalClaim_count' depends on axioms: [propext, Classical.choice, Quot.sound]
'Mock2Adv.LiteralPDFConsistencyAudit.AllLiteralClaims' depends on axioms: [propext, Classical.choice, Quot.sound]
'Mock2Adv.LiteralPDFConsistencyAudit.no_certification_of_selected_invalid_literalClaims' depends on axioms: [propext,
 Classical.choice,
 Quot.sound]
'Mock2Adv.LiteralPDFConsistencyAudit.ExtractedObligation' does not depend on any axioms
'Mock2Adv.LiteralPDFConsistencyAudit.paperQ' depends on axioms: [propext, Classical.choice, Quot.sound]
'Mock2Adv.LiteralPDFConsistencyAudit.norm_paperQ_lt_one' depends on axioms: [propext, Classical.choice, Quot.sound]
'Mock2Adv.LiteralPDFConsistencyAudit.obligationStatement' depends on axioms: [propext, Classical.choice, Quot.sound]
'Mock2Adv.LiteralPDFConsistencyAudit.obligationRefutation' depends on axioms: [propext, Classical.choice, Quot.sound]
'Mock2Adv.LiteralPDFConsistencyAudit.extractedObligation_count' depends on axioms: [propext,
 Classical.choice,
 Quot.sound]
'Mock2Adv.LiteralPDFConsistencyAudit.AllExtractedObligations' depends on axioms: [propext, Classical.choice, Quot.sound]
'Mock2Adv.LiteralPDFConsistencyAudit.no_simultaneous_extractedObligations' depends on axioms: [propext,
 Classical.choice,
 Quot.sound]
'Mock2Adv.CorrectedLemmas.CorrectedPropositions.RademacherControl.correctedDampingInequality' depends on axioms: [propext,
 Classical.choice,
 Quot.sound]
'Mock2Adv.CorrectedLemmas.CorrectedPropositions.RademacherControl.correctedDampingExponentDirection' depends on axioms: [propext,
 Classical.choice,
 Quot.sound]
'Mock2Adv.UnnumberedFormulaLedger.equations4_10_to_4_27_correctedDampingDirection_proved' depends on axioms: [propext,
 Classical.choice,
 Quot.sound]
'Mock2Adv.UnnumberedFormulaLedger.equations4_10_to_4_27_correctedExponentDirection_proved' depends on axioms: [propext,
 Classical.choice,
 Quot.sound]
'Mock2Adv.Section51Closure.Claim' does not depend on any axioms
'Mock2Adv.Section51Closure.Disposition' does not depend on any axioms
'Mock2Adv.Section51Closure.claimDisposition' does not depend on any axioms
'Mock2Adv.Section51Closure.exhaustive' depends on axioms: [propext]
'Mock2Adv.Section51Closure.definition1_graphNorm_correctedAndProved' depends on axioms: [propext,
 Classical.choice,
 Quot.sound]
'Mock2Adv.Section51Closure.definition1_denseCore_correctedAndProved' depends on axioms: [propext,
 Classical.choice,
 Quot.sound]
'Mock2Adv.Section51Closure.definition1_genuineFactorCocycle_correctedAndProved' depends on axioms: [propext,
 Classical.choice,
 Quot.sound]
'Mock2Adv.Section51Closure.definition1_literalInverseFactorCocycle_correctedAndProved' depends on axioms: [propext,
 Classical.choice,
 Quot.sound]
'Mock2Adv.Section51Closure.definition1_inverseWeightDensityInvariant_correctedAndProved' depends on axioms: [propext,
 Classical.choice,
 Quot.sound]
'Mock2Adv.Section51Closure.definition1_plainDensityObstruction_correctedAndProved' depends on axioms: [propext,
 Classical.choice,
 Quot.sound]
'Mock2Adv.Section51Closure.definition1_inverseRepresentativeIndependentAutomorphy_correctedAndProved' depends on axioms: [propext,
 Classical.choice,
 Quot.sound]
'Mock2Adv.Section51Closure.definition1_concretePlainDensityCounterexample_proved' depends on axioms: [propext,
 Classical.choice,
 Quot.sound]
'Mock2Adv.Section51Closure.definition1_positivePolygonL2Density_correctedAndProved' depends on axioms: [propext,
 Classical.choice,
 Quot.sound]
'Mock2Adv.Section51Closure.definition1_inversePolygonL2Density_correctedAndProved' depends on axioms: [propext,
 Classical.choice,
 Quot.sound]
'Mock2Adv.Section51Closure.definition1_positivePolygonLpRealization_correctedAndProved' depends on axioms: [propext,
 Classical.choice,
 Quot.sound]
'Mock2Adv.Section51Closure.definition1_inversePolygonLpRealization_correctedAndProved' depends on axioms: [propext,
 Classical.choice,
 Quot.sound]
'Mock2Adv.Section51Closure.definition1_positiveAutomorphicL2Submodule_correctedAndProved' depends on axioms: [propext,
 Classical.choice,
 Quot.sound]
'Mock2Adv.Section51Closure.definition1_inverseAutomorphicL2Submodule_correctedAndProved' depends on axioms: [propext,
 Classical.choice,
 Quot.sound]
'Mock2Adv.Section51Closure.definition1_positiveAutomorphicL2LinearRealization_correctedAndProved' depends on axioms: [propext,
 Classical.choice,
 Quot.sound]
'Mock2Adv.Section51Closure.definition1_inverseAutomorphicL2LinearRealization_correctedAndProved' depends on axioms: [propext,
 Classical.choice,
 Quot.sound]
'Mock2Adv.Section51Closure.definition1_positiveAutomorphicL2CompleteClosure_correctedAndProved' depends on axioms: [propext,
 Classical.choice,
 Quot.sound]
'Mock2Adv.Section51Closure.definition1_inverseAutomorphicL2CompleteClosure_correctedAndProved' depends on axioms: [propext,
 Classical.choice,
 Quot.sound]
'Mock2Adv.Section51Closure.definition1_positivePolygonRealizationInjective_correctedAndProved' depends on axioms: [propext,
 Classical.choice,
 Quot.sound]
'Mock2Adv.Section51Closure.definition1_inversePolygonRealizationInjective_correctedAndProved' depends on axioms: [propext,
 Classical.choice,
 Quot.sound]
'Mock2Adv.Section51Closure.definition1_genuineAECompletion_correctedAndProved' depends on axioms: [propext,
 Classical.choice,
 Quot.sound]
'Mock2Adv.Section51Closure.definition1_representativeIndependentAutomorphy_correctedAndProved' depends on axioms: [propext,
 Classical.choice,
 Quot.sound]
'Mock2Adv.Section51Closure.definition1_standardThetaAEClassAutomorphic_proved' depends on axioms: [propext,
 Classical.choice,
 Quot.sound]
'Mock2Adv.Section51Closure.definition1_closableGraphValueEmbedding_correctedAndProved' depends on axioms: [propext,
 Classical.choice,
 Quot.sound]
'Mock2Adv.Section51Closure.definition1_graphCompletionIsClosureGraph_correctedAndProved' depends on axioms: [propext,
 Classical.choice,
 Quot.sound]
'Mock2Adv.Section51Closure.definition1_graphCompletionClosureDomain_correctedAndProved' depends on axioms: [propext,
 Classical.choice,
 Quot.sound]
'Mock2Adv.Section51Closure.definition1_paperMaassLeftFactorizationErratum' depends on axioms: [propext,
 Classical.choice,
 Quot.sound]
'Mock2Adv.Section51Closure.definition1_paperMaassRightFactorizationErratum' depends on axioms: [propext,
 Classical.choice,
 Quot.sound]
'Mock2Adv.Section51Closure.definition1_unweightedMaassAdjointErratum' depends on axioms: [propext,
 Classical.choice,
 Quot.sound]
'Mock2Adv.Section51Closure.definition1_unitaryMaassAdjoint_correctedAndProved' depends on axioms: [propext,
 Classical.choice,
 Quot.sound]
'Mock2Adv.Section51Closure.definition1_completedGraphNorm_correctedAndProved' depends on axioms: [propext,
 Classical.choice,
 Quot.sound]
'Mock2Adv.Section51Closure.definition1_formalAdjointImpliesClosable_correctedAndProved' depends on axioms: [propext,
 Classical.choice,
 Quot.sound]
'Mock2Adv.Section51Closure.definition1_genuineCoreDense_correctedAndProved' depends on axioms: [propext,
 Classical.choice,
 Quot.sound]
'Mock2Adv.Section51Closure.definition1_centralMultiplierCompatibilityNecessary_proved' depends on axioms: [propext,
 Classical.choice,
 Quot.sound]
'Mock2Adv.Section51Closure.definition1_positiveCentralPhase_correctedAndProved' depends on axioms: [propext,
 Classical.choice,
 Quot.sound]
'Mock2Adv.Section51Closure.definition1_inverseCentralPhase_correctedAndProved' depends on axioms: [propext,
 Classical.choice,
 Quot.sound]
'Mock2Adv.Section51Closure.definition1_standardThetaMultiplierConstructed_proved' depends on axioms: [propext,
 Classical.choice,
 Quot.sound]
'Mock2Adv.Section51Closure.definition1_standardThetaSharpGaussianBound_proved' depends on axioms: [propext,
 Classical.choice,
 Quot.sound]
'Mock2Adv.Section51Closure.definition1_fdHeightEnvelopeIntegrable_correctedAndProved' depends on axioms: [propext,
 Classical.choice,
 Quot.sound]
'Mock2Adv.Section51Closure.definition1_standardThetaSixCellDensityMajorant_proved' depends on axioms: [propext,
 Classical.choice,
 Quot.sound]
'Mock2Adv.Section51Closure.definition1_standardThetaFundamentalMemLp_proved' depends on axioms: [propext,
 Classical.choice,
 Quot.sound]
'Mock2Adv.Section51Closure.definition1_standardThetaPositiveAutomorphicL2_proved' depends on axioms: [propext,
 Classical.choice,
 Quot.sound]
'Mock2Adv.Section51Closure.definition1_inverseStandardThetaSectorErratum' depends on axioms: [propext,
 Classical.choice,
 Quot.sound]
'Mock2Adv.Section51Closure.definition2_rieszPairing_correctedAndProved' depends on axioms: [propext,
 Classical.choice,
 Quot.sound]
'Mock2Adv.Section51Closure.definition2_ambientL2ToGraphDual_correctedAndProved' depends on axioms: [propext,
 Classical.choice,
 Quot.sound]
'Mock2Adv.Section51Closure.definition2_ambientL2ToGraphAntiDual_correctedAndProved' depends on axioms: [propext,
 Classical.choice,
 Quot.sound]
'Mock2Adv.Section51Closure.definition2_ambientL2ToGraphDualInjective_correctedAndProved' depends on axioms: [propext,
 Classical.choice,
 Quot.sound]
'Mock2Adv.Section51Closure.definition3_threeCuspLabels_proved' depends on axioms: [propext,
 Classical.choice,
 Quot.sound]
'Mock2Adv.Section51Closure.definition3_widthTwo_proved' depends on axioms: [propext, Classical.choice, Quot.sound]
'Mock2Adv.Section51Closure.definition3_cuspHeightFormulas_proved' depends on axioms: [propext,
 Classical.choice,
 Quot.sound]
'Mock2Adv.Section51Closure.definition3_heightOneHoroballsPairwiseDisjoint_proved' depends on axioms: [propext,
 Classical.choice,
 Quot.sound]
'Mock2Adv.Section51Closure.definition3_closedTruncation_proved' depends on axioms: [propext,
 Classical.choice,
 Quot.sound]
'Mock2Adv.Section51Closure.definition3_exhaustion_proved' depends on axioms: [propext, Classical.choice, Quot.sound]
'Mock2Adv.Section51Closure.definition3_primitiveParityClassification_proved' depends on axioms: [propext,
 Classical.choice,
 Quot.sound]
'Mock2Adv.Section51Closure.definition3_primitiveColumnOrbitClassification_proved' depends on axioms: [propext,
 Classical.choice,
 Quot.sound]
'Mock2Adv.Section51Closure.definition3_sixCellRepresentativeCount_proved' depends on axioms: [propext,
 Classical.choice,
 Quot.sound]
'Mock2Adv.Section51Closure.definition3_sixCellClosedPolygon_closed_proved' depends on axioms: [propext,
 Classical.choice,
 Quot.sound]
'Mock2Adv.Section51Closure.definition3_sixCellOpenPolygon_open_proved' depends on axioms: [propext,
 Classical.choice,
 Quot.sound]
'Mock2Adv.Section51Closure.definition3_sixOpenCellsPairwiseDisjoint_proved' depends on axioms: [propext,
 Classical.choice,
 Quot.sound]
'Mock2Adv.Section51Closure.definition3_sixCellInteriorOrbitUnique_proved' depends on axioms: [propext,
 Classical.choice,
 Quot.sound]
'Mock2Adv.Section51Closure.definition3_standardFdPiecewiseSmoothBoundary_proved' depends on axioms: [propext,
 Classical.choice,
 Quot.sound]
'Mock2Adv.Section51Closure.definition3_modularBoundaryTransfer_proved' depends on axioms: [propext,
 Classical.choice,
 Quot.sound]
'Mock2Adv.Section51Closure.definition3_eachClosedCellPiecewiseSmoothBoundary_proved' depends on axioms: [propext,
 Classical.choice,
 Quot.sound]
'Mock2Adv.Section51Closure.definition3_truncatedPolygonPiecewiseSmoothBoundary_proved' depends on axioms: [propext,
 Classical.choice,
 Quot.sound]
'Mock2Adv.Section51Closure.definition3_sixCosetReduction_bijective_proved' depends on axioms: [propext,
 Classical.choice,
 Quot.sound]
'Mock2Adv.Section51Closure.definition3_sixCellOrbitCoverage_proved' depends on axioms: [propext,
 Classical.choice,
 Quot.sound]
'Mock2Adv.Section51Closure.definition3_sixCellRepCuspHeight_proved' depends on axioms: [propext,
 Classical.choice,
 Quot.sound]
'Mock2Adv.Section51Closure.definition3_sixCellPullbackHeightEnvelope_proved' depends on axioms: [propext,
 Classical.choice,
 Quot.sound]
'Mock2Adv.Section51Closure.definition3_sixCellCompactCarrier_proved' depends on axioms: [propext,
 Classical.choice,
 Quot.sound]
'Mock2Adv.Section51Closure.definition3_sixCellTruncationCompact_proved' depends on axioms: [propext,
 Classical.choice,
 Quot.sound]
'Mock2Adv.Section51Closure.definition3_sixCellTruncationBoundaryCover_proved' depends on axioms: [propext,
 Classical.choice,
 Quot.sound]
'Mock2Adv.Section51Closure.definition3_positiveCuspLevelRange_proved' depends on axioms: [propext,
 Classical.choice,
 Quot.sound]
'Mock2Adv.Section51Closure.definition3_nonpositiveCuspLevelEmpty_proved' depends on axioms: [propext,
 Classical.choice,
 Quot.sound]
'Mock2Adv.Section51Closure.definition3_positiveCuspLevelRegular_proved' depends on axioms: [propext,
 Classical.choice,
 Quot.sound]
'Mock2Adv.Section51Closure.definition3_allCuspLevelsRegular_proved' depends on axioms: [propext,
 Classical.choice,
 Quot.sound]
'Mock2Adv.Section51Closure.CorrectedDefinition3Certificate' depends on axioms: [propext, Classical.choice, Quot.sound]
'Mock2Adv.Section51Closure.definition3_complete_correctedAndProved' depends on axioms: [propext,
 Classical.choice,
 Quot.sound]
'Mock2Adv.Section51Closure.definition3_unspecifiedPolygonErratum' depends on axioms: [propext,
 Classical.choice,
 Quot.sound]
'Mock2Adv.Section51Closure.definition4_uniformMassPredicate_proved' depends on axioms: [propext,
 Classical.choice,
 Quot.sound]
'Mock2Adv.Section51Closure.definition5_integrableDomain_correctedAndProved' depends on axioms: [propext,
 Classical.choice,
 Quot.sound]
'Mock2Adv.Section51Closure.definition5_halfPlane_correctedAndProved' depends on axioms: [propext,
 Classical.choice,
 Quot.sound]
'Mock2Adv.Section51Closure.definition6_positiveCuspMass_correctedAndProved' depends on axioms: [propext,
 Classical.choice,
 Quot.sound]
'Mock2Adv.Section51Closure.definition7_massConditionPositive_proved' depends on axioms: [propext,
 Classical.choice,
 Quot.sound]
'Mock2Adv.Section51Closure.definition8_intertwining_correctedAndProved' depends on axioms: [propext,
 Classical.choice,
 Quot.sound]
'Mock2Adv.Section51Closure.definition8_inverseIntertwining_correctedAndProved' depends on axioms: [propext,
 Classical.choice,
 Quot.sound]
'Mock2Adv.Section51Closure.definition8_eLpNormTransport_correctedAndProved' depends on axioms: [propext,
 Classical.choice,
 Quot.sound]
'Mock2Adv.Section51Closure.definition8_memLpTransport_correctedAndProved' depends on axioms: [propext,
 Classical.choice,
 Quot.sound]
'Mock2Adv.Section51Closure.definition9_transportIdentity_correctedAndProved' depends on axioms: [propext,
 Classical.choice,
 Quot.sound]
'Mock2Adv.Section51Closure.definition9_transportComposition_correctedAndProved' depends on axioms: [propext,
 Classical.choice,
 Quot.sound]
'Mock2Adv.Section51Closure.definition9_fiberEquivModel_correctedAndProved' depends on axioms: [propext,
 Classical.choice,
 Quot.sound]
'Mock2Adv.Section51Closure.definition9_fiberEquivFiber_correctedAndProved' depends on axioms: [propext,
 Classical.choice,
 Quot.sound]
'Mock2Adv.Section51Closure.definition9_fiberEquivFiberIsTransport_correctedAndProved' depends on axioms: [propext,
 Classical.choice,
 Quot.sound]
'Mock2Adv.Section51Closure.definition9_fiberFinrankConstancy_correctedAndProved' depends on axioms: [propext,
 Classical.choice,
 Quot.sound]
'Mock2Adv.Section51Closure.definition9_flatSectionsEquivModel_correctedAndProved' depends on axioms: [propext,
 Classical.choice,
 Quot.sound]
'Mock2Adv.Section51Closure.definition9_flatSectionsModelEvaluation_correctedAndProved' depends on axioms: [propext,
 Classical.choice,
 Quot.sound]
'Mock2Adv.Section51Closure.definition9_flatSectionsFinrank_correctedAndProved' depends on axioms: [propext,
 Classical.choice,
 Quot.sound]
'Mock2Adv.CorrectedLemmas.FixedDefinition10Model.radius' depends on axioms: [propext, Classical.choice, Quot.sound]
'Mock2Adv.CorrectedLemmas.FixedDefinition10Model.innerRadius' depends on axioms: [propext, Classical.choice, Quot.sound]
'Mock2Adv.CorrectedLemmas.FixedDefinition10Model.insideDomain' depends on axioms: [propext,
 Classical.choice,
 Quot.sound]
'Mock2Adv.CorrectedLemmas.FixedDefinition10Model.outsideDomain' depends on axioms: [propext,
 Classical.choice,
 Quot.sound]
'Mock2Adv.CorrectedLemmas.FixedDefinition10Model.overlap' depends on axioms: [propext, Classical.choice, Quot.sound]
'Mock2Adv.CorrectedLemmas.FixedDefinition10Model.insideCoefficient' depends on axioms: [propext,
 Classical.choice,
 Quot.sound]
'Mock2Adv.CorrectedLemmas.FixedDefinition10Model.correctionCoefficient' depends on axioms: [propext,
 Classical.choice,
 Quot.sound]
'Mock2Adv.CorrectedLemmas.FixedDefinition10Model.outsideCoefficient' depends on axioms: [propext,
 Classical.choice,
 Quot.sound]
'Mock2Adv.CorrectedLemmas.FixedDefinition10Model.insideExponent' does not depend on any axioms
'Mock2Adv.CorrectedLemmas.FixedDefinition10Model.correctionConstantExponent' does not depend on any axioms
'Mock2Adv.CorrectedLemmas.FixedDefinition10Model.correctionLinearExponent' does not depend on any axioms
'Mock2Adv.CorrectedLemmas.FixedDefinition10Model.outsideLaurentShift' does not depend on any axioms
'Mock2Adv.CorrectedLemmas.FixedDefinition10Model.insideValue' depends on axioms: [propext, Classical.choice, Quot.sound]
'Mock2Adv.CorrectedLemmas.FixedDefinition10Model.correctionValue' depends on axioms: [propext,
 Classical.choice,
 Quot.sound]
'Mock2Adv.CorrectedLemmas.FixedDefinition10Model.prototype' depends on axioms: [propext, Classical.choice, Quot.sound]
'Mock2Adv.CorrectedLemmas.FixedDefinition10Model.outsideValue' depends on axioms: [propext,
 Classical.choice,
 Quot.sound]
'Mock2Adv.CorrectedLemmas.FixedDefinition10Model.insideVariable' depends on axioms: [propext,
 Classical.choice,
 Quot.sound]
'Mock2Adv.CorrectedLemmas.FixedDefinition10Model.outsideVariable' depends on axioms: [propext,
 Classical.choice,
 Quot.sound]
'Mock2Adv.CorrectedLemmas.FixedDefinition10Model.continuation' depends on axioms: [propext,
 Classical.choice,
 Quot.sound]
'Mock2Adv.CorrectedLemmas.FixedDefinition10Model.radius_pos' depends on axioms: [propext, Classical.choice, Quot.sound]
'Mock2Adv.CorrectedLemmas.FixedDefinition10Model.innerRadius_pos' depends on axioms: [propext,
 Classical.choice,
 Quot.sound]
'Mock2Adv.CorrectedLemmas.FixedDefinition10Model.insideCoefficient_at_one' depends on axioms: [propext,
 Classical.choice,
 Quot.sound]
'Mock2Adv.CorrectedLemmas.FixedDefinition10Model.correctionCoefficient_at_zero' depends on axioms: [propext,
 Classical.choice,
 Quot.sound]
'Mock2Adv.CorrectedLemmas.FixedDefinition10Model.correctionCoefficient_at_one' depends on axioms: [propext,
 Classical.choice,
 Quot.sound]
'Mock2Adv.CorrectedLemmas.FixedDefinition10Model.outsideCoefficient_at_zero' depends on axioms: [propext,
 Classical.choice,
 Quot.sound]
'Mock2Adv.CorrectedLemmas.FixedDefinition10Model.insideCoefficient_ne_zero' depends on axioms: [propext,
 Classical.choice,
 Quot.sound]
'Mock2Adv.CorrectedLemmas.FixedDefinition10Model.outsideCoefficient_ne_zero' depends on axioms: [propext,
 Classical.choice,
 Quot.sound]
'Mock2Adv.CorrectedLemmas.FixedDefinition10Model.prototype_ne_zero' depends on axioms: [propext,
 Classical.choice,
 Quot.sound]
'Mock2Adv.CorrectedLemmas.FixedDefinition10Model.prototype_nonconstant' depends on axioms: [propext,
 Classical.choice,
 Quot.sound]
'Mock2Adv.CorrectedLemmas.FixedDefinition10Model.correctionValue_nonconstant' depends on axioms: [propext,
 Classical.choice,
 Quot.sound]
'Mock2Adv.CorrectedLemmas.FixedDefinition10Model.insideValue_eq_pow' depends on axioms: [propext,
 Classical.choice,
 Quot.sound]
'Mock2Adv.CorrectedLemmas.FixedDefinition10Model.outsideValue_eq_zpow' depends on axioms: [propext,
 Classical.choice,
 Quot.sound]
'Mock2Adv.CorrectedLemmas.FixedDefinition10Model.inside_hasSum' depends on axioms: [propext,
 Classical.choice,
 Quot.sound]
'Mock2Adv.CorrectedLemmas.FixedDefinition10Model.correction_hasSum' depends on axioms: [propext,
 Classical.choice,
 Quot.sound]
'Mock2Adv.CorrectedLemmas.FixedDefinition10Model.outside_hasSum' depends on axioms: [propext,
 Classical.choice,
 Quot.sound]
'Mock2Adv.CorrectedLemmas.FixedDefinition10Model.inside_summable' depends on axioms: [propext,
 Classical.choice,
 Quot.sound]
'Mock2Adv.CorrectedLemmas.FixedDefinition10Model.correction_summable' depends on axioms: [propext,
 Classical.choice,
 Quot.sound]
'Mock2Adv.CorrectedLemmas.FixedDefinition10Model.outside_summable' depends on axioms: [propext,
 Classical.choice,
 Quot.sound]
'Mock2Adv.CorrectedLemmas.FixedDefinition10Model.inside_tsum_eq' depends on axioms: [propext,
 Classical.choice,
 Quot.sound]
'Mock2Adv.CorrectedLemmas.FixedDefinition10Model.correction_tsum_eq' depends on axioms: [propext,
 Classical.choice,
 Quot.sound]
'Mock2Adv.CorrectedLemmas.FixedDefinition10Model.outside_tsum_eq' depends on axioms: [propext,
 Classical.choice,
 Quot.sound]
'Mock2Adv.CorrectedLemmas.FixedDefinition10Model.correction_hasDerivAt' depends on axioms: [propext,
 Classical.choice,
 Quot.sound]
'Mock2Adv.CorrectedLemmas.FixedDefinition10Model.correctionValue_differentiable' depends on axioms: [propext,
 Classical.choice,
 Quot.sound]
'Mock2Adv.CorrectedLemmas.FixedDefinition10Model.correctionValue_at_zero' depends on axioms: [propext,
 Classical.choice,
 Quot.sound]
'Mock2Adv.CorrectedLemmas.FixedDefinition10Model.prototype_differentiable' depends on axioms: [propext,
 Classical.choice,
 Quot.sound]
'Mock2Adv.CorrectedLemmas.FixedDefinition10Model.insideDomain_open' depends on axioms: [propext,
 Classical.choice,
 Quot.sound]
'Mock2Adv.CorrectedLemmas.FixedDefinition10Model.outsideDomain_open' depends on axioms: [propext,
 Classical.choice,
 Quot.sound]
'Mock2Adv.CorrectedLemmas.FixedDefinition10Model.overlap_open' depends on axioms: [propext,
 Classical.choice,
 Quot.sound]
'Mock2Adv.CorrectedLemmas.FixedDefinition10Model.insideDomain_nonempty' depends on axioms: [propext,
 Classical.choice,
 Quot.sound]
'Mock2Adv.CorrectedLemmas.FixedDefinition10Model.outsideDomain_nonempty' depends on axioms: [propext,
 Classical.choice,
 Quot.sound]
'Mock2Adv.CorrectedLemmas.FixedDefinition10Model.overlap_nonempty' depends on axioms: [propext,
 Classical.choice,
 Quot.sound]
'Mock2Adv.CorrectedLemmas.FixedDefinition10Model.norm_bounds_of_mem_overlap' depends on axioms: [propext,
 Classical.choice,
 Quot.sound]
'Mock2Adv.CorrectedLemmas.FixedDefinition10Model.ne_zero_of_mem_overlap' depends on axioms: [propext,
 Classical.choice,
 Quot.sound]
'Mock2Adv.CorrectedLemmas.FixedDefinition10Model.ne_zero_of_mem_outsideDomain' depends on axioms: [propext,
 Classical.choice,
 Quot.sound]
'Mock2Adv.CorrectedLemmas.FixedDefinition10Model.insideVariable_mem' depends on axioms: [propext,
 Classical.choice,
 Quot.sound]
'Mock2Adv.CorrectedLemmas.FixedDefinition10Model.correctionVariable_mem' depends on axioms: [propext,
 Classical.choice,
 Quot.sound]
'Mock2Adv.CorrectedLemmas.FixedDefinition10Model.outsideVariable_mem' depends on axioms: [propext,
 Classical.choice,
 Quot.sound]
'Mock2Adv.CorrectedLemmas.FixedDefinition10Model.variable_inverse' depends on axioms: [propext,
 Classical.choice,
 Quot.sound]
'Mock2Adv.CorrectedLemmas.FixedDefinition10Model.inside_realization' depends on axioms: [propext,
 Classical.choice,
 Quot.sound]
'Mock2Adv.CorrectedLemmas.FixedDefinition10Model.outside_realization' depends on axioms: [propext,
 Classical.choice,
 Quot.sound]
'Mock2Adv.CorrectedLemmas.FixedDefinition10Model.dictionary_identity' depends on axioms: [propext,
 Classical.choice,
 Quot.sound]
'Mock2Adv.CorrectedLemmas.FixedDefinition10Model.inside_outside_identity' depends on axioms: [propext,
 Classical.choice,
 Quot.sound]
'Mock2Adv.CorrectedLemmas.FixedDefinition10Model.insideSeries' depends on axioms: [propext,
 Classical.choice,
 Quot.sound]
'Mock2Adv.CorrectedLemmas.FixedDefinition10Model.correctionSeries' depends on axioms: [propext,
 Classical.choice,
 Quot.sound]
'Mock2Adv.CorrectedLemmas.FixedDefinition10Model.outsideSeries' depends on axioms: [propext,
 Classical.choice,
 Quot.sound]
'Mock2Adv.CorrectedLemmas.FixedDefinition10Model.data' depends on axioms: [propext, Classical.choice, Quot.sound]
'Mock2Adv.CorrectedLemmas.FixedDefinition10Model.fixedMatch' depends on axioms: [propext, Classical.choice, Quot.sound]
'Mock2Adv.CorrectedLemmas.FixedDefinition10Model.fixedMatch_inside_eq_outside' depends on axioms: [propext,
 Classical.choice,
 Quot.sound]
'Mock2Adv.CorrectedLemmas.FixedDefinition10Model.fixedMatch_inside_dictionary' depends on axioms: [propext,
 Classical.choice,
 Quot.sound]
'Mock2Adv.Section51Closure.definition10_unspecifiedPrototypeErratum' depends on axioms: [propext,
 Classical.choice,
 Quot.sound]
'Mock2Adv.Section51Closure.definition10_fixedLaurentModel_insideHasSum_correctedAndProved' depends on axioms: [propext,
 Classical.choice,
 Quot.sound]
'Mock2Adv.Section51Closure.definition10_fixedLaurentModel_correctionHasSum_correctedAndProved' depends on axioms: [propext,
 Classical.choice,
 Quot.sound]
'Mock2Adv.Section51Closure.definition10_fixedLaurentModel_outsideHasSum_correctedAndProved' depends on axioms: [propext,
 Classical.choice,
 Quot.sound]
'Mock2Adv.Section51Closure.definition10_fixedLaurentModel_prototypeNonconstant_correctedAndProved' depends on axioms: [propext,
 Classical.choice,
 Quot.sound]
'Mock2Adv.Section51Closure.definition10_fixedLaurentModel_prototypeNonzero_correctedAndProved' depends on axioms: [propext,
 Classical.choice,
 Quot.sound]
'Mock2Adv.Section51Closure.definition10_fixedLaurentModel_overlapNonempty_correctedAndProved' depends on axioms: [propext,
 Classical.choice,
 Quot.sound]
'Mock2Adv.Section51Closure.definition10_fixedLaurentModel_outsideVariableMem_correctedAndProved' depends on axioms: [propext,
 Classical.choice,
 Quot.sound]
'Mock2Adv.Section51Closure.definition10_fixedLaurentModel_variableInverse_correctedAndProved' depends on axioms: [propext,
 Classical.choice,
 Quot.sound]
'Mock2Adv.Section51Closure.definition10_fixedLaurentModel_dictionary_correctedAndProved' depends on axioms: [propext,
 Classical.choice,
 Quot.sound]
'Mock2Adv.Section51Closure.definition10_fixedLaurentModel_insideOutside_correctedAndProved' depends on axioms: [propext,
 Classical.choice,
 Quot.sound]
'Mock2Adv.Section51Closure.definition10_fixedLaurentModel_matchInsideOutside_correctedAndProved' depends on axioms: [propext,
 Classical.choice,
 Quot.sound]
'Mock2Adv.Section51Closure.definition10_fixedLaurentModel_matchDictionary_correctedAndProved' depends on axioms: [propext,
 Classical.choice,
 Quot.sound]
'Mock2Adv.Section51Closure.definition11_duplicateTransport_correctedAndProved' depends on axioms: [propext,
 Classical.choice,
 Quot.sound]
'Mock2Adv.Section51Closure.definition11_duplicateFiberModel_correctedAndProved' depends on axioms: [propext,
 Classical.choice,
 Quot.sound]
'Mock2Adv.Section51Closure.definition11_duplicateFiberConstancy_correctedAndProved' depends on axioms: [propext,
 Classical.choice,
 Quot.sound]
'Mock2Adv.Section51Closure.definition11_duplicateFlatSectionsModel_correctedAndProved' depends on axioms: [propext,
 Classical.choice,
 Quot.sound]
'Mock2Adv.Section51Closure.definition12_sheafificationUniversalProperty_correctedAndProved' depends on axioms: [propext,
 Classical.choice,
 Quot.sound]
'Mock2Adv.Section51Closure.definition13_tensorLeibniz_correctedAndProved' depends on axioms: [propext,
 Classical.choice,
 Quot.sound]
'Mock2Adv.Section51Closure.definition14_equalizerUniversalProperty_proved' depends on axioms: [propext,
 Classical.choice,
 Quot.sound]
'Mock2Adv.Section51Closure.definition14_restrictionStable_proved' depends on axioms: [propext,
 Classical.choice,
 Quot.sound]
'Mock2Adv.Section51Closure.definition15_covariantSubmodule_correctedAndProved' depends on axioms: [propext,
 Classical.choice,
 Quot.sound]
'Mock2Adv.Section51Closure.definition15_concreteSmoothForm_correctedAndProved' depends on axioms: [propext,
 Classical.choice,
 Quot.sound]
'Mock2Adv.Section51Closure.definition16_curvatureNaturality_correctedAndProved' depends on axioms: [propext,
 Classical.choice,
 Quot.sound]
'Mock2Adv.Section51Closure.definition17_duplicateCurvature_correctedAndProved' depends on axioms: [propext,
 Classical.choice,
 Quot.sound]
'Mock2Adv.Section51Closure.definition18_exactMassDecomposition_correctedAndProved' depends on axioms: [propext,
 Classical.choice,
 Quot.sound]
'Mock2Adv.Section51Closure.definition18_flatRestriction_correctedAndProved' depends on axioms: [propext,
 Classical.choice,
 Quot.sound]
'Mock2Adv.Section51Closure.ClaimEvidence' depends on axioms: [propext, Classical.choice, Quot.sound]
'Mock2Adv.Section51Closure.claimEvidence' depends on axioms: [propext, Classical.choice, Quot.sound]
'Mock2Adv.GlobalNamedClaimClosure.Claim' does not depend on any axioms
'Mock2Adv.GlobalNamedClaimClosure.claimDisposition' does not depend on any axioms
'Mock2Adv.GlobalNamedClaimClosure.definition_count' depends on axioms: [propext, Classical.choice, Quot.sound]
'Mock2Adv.GlobalNamedClaimClosure.lemma_count' depends on axioms: [propext, Classical.choice, Quot.sound]
'Mock2Adv.GlobalNamedClaimClosure.proposition_count' depends on axioms: [propext, Classical.choice, Quot.sound]
'Mock2Adv.GlobalNamedClaimClosure.finalClaim_count' depends on axioms: [propext, Classical.choice, Quot.sound]
'Mock2Adv.GlobalNamedClaimClosure.namedClaim_count' depends on axioms: [propext, Classical.choice, Quot.sound]
'Mock2Adv.GlobalNamedClaimClosure.exhaustive' depends on axioms: [propext]
'Mock2Adv.GlobalNamedClaimClosure.ClaimEvidence' depends on axioms: [propext, Classical.choice, Quot.sound]
'Mock2Adv.GlobalNamedClaimClosure.claimEvidence' depends on axioms: [propext, Classical.choice, Quot.sound]
'Mock2Adv.gamma2Act_mul' depends on axioms: [propext, Classical.choice, Quot.sound]
'Mock2Adv.gamma2_smul_eq_gamma2Act' depends on axioms: [propext, Classical.choice, Quot.sound]
'Mock2Adv.gamma2_T_two_mem' depends on axioms: [propext, Classical.choice, Quot.sound]
'Mock2Adv.gamma2TranslationTwo_act' depends on axioms: [propext, Classical.choice, Quot.sound]
'Mock2Adv.CorrectedLemmas.GenuineGamma2Metaplectic.denom_cocycle' depends on axioms: [propext,
 Classical.choice,
 Quot.sound]
'Mock2Adv.CorrectedLemmas.GenuineGamma2Metaplectic.continuous_gamma2Act' depends on axioms: [propext,
 Classical.choice,
 Quot.sound]
'Mock2Adv.CorrectedLemmas.GenuineGamma2Metaplectic.sqrtFactor_ne_zero' depends on axioms: [propext,
 Classical.choice,
 Quot.sound]
'Mock2Adv.CorrectedLemmas.GenuineGamma2Metaplectic.norm_sqrtFactor_sq' depends on axioms: [propext,
 Classical.choice,
 Quot.sound]
'Mock2Adv.CorrectedLemmas.GenuineGamma2Metaplectic.normSq_denom_eq_norm_sqrtFactor_pow_four' depends on axioms: [propext,
 Classical.choice,
 Quot.sound]
'Mock2Adv.CorrectedLemmas.GenuineGamma2Metaplectic.im_gamma2Act_eq_div_norm_sqrtFactor_pow_four' depends on axioms: [propext,
 Classical.choice,
 Quot.sound]
'Mock2Adv.CorrectedLemmas.GenuineGamma2Metaplectic.inv_denom_eq_denom_inv' depends on axioms: [propext,
 Classical.choice,
 Quot.sound]
'Mock2Adv.CorrectedLemmas.GenuineGamma2Metaplectic.mul_sqrtFactor_sq' depends on axioms: [propext,
 Classical.choice,
 Quot.sound]
'Mock2Adv.CorrectedLemmas.GenuineGamma2Metaplectic.inv_sqrtFactor_sq' depends on axioms: [propext,
 Classical.choice,
 Quot.sound]
'Mock2Adv.CorrectedLemmas.GenuineGamma2Metaplectic.group_mul_assoc' depends on axioms: [propext,
 Classical.choice,
 Quot.sound]
'Mock2Adv.CorrectedLemmas.GenuineGamma2Metaplectic.group_inv_mul' depends on axioms: [propext,
 Classical.choice,
 Quot.sound]
'Mock2Adv.CorrectedLemmas.GenuineGamma2Metaplectic.projection_preserves_mul' depends on axioms: [propext,
 Classical.choice,
 Quot.sound]
'Mock2Adv.UnnumberedFormulaLedger.item1_genuineMetaplecticDenomCocycle_proved' depends on axioms: [propext,
 Classical.choice,
 Quot.sound]
'Mock2Adv.UnnumberedFormulaLedger.item1_genuineMetaplecticFactorNonzero_proved' depends on axioms: [propext,
 Classical.choice,
 Quot.sound]
'Mock2Adv.UnnumberedFormulaLedger.item1_genuineMetaplecticNormSquare_proved' depends on axioms: [propext,
 Classical.choice,
 Quot.sound]
'Mock2Adv.UnnumberedFormulaLedger.item1_genuineMetaplecticNormSqDenom_proved' depends on axioms: [propext,
 Classical.choice,
 Quot.sound]
'Mock2Adv.UnnumberedFormulaLedger.item1_genuineMetaplecticHeightTransform_proved' depends on axioms: [propext,
 Classical.choice,
 Quot.sound]
'Mock2Adv.UnnumberedFormulaLedger.item1_genuineMetaplecticMulClosure_proved' depends on axioms: [propext,
 Classical.choice,
 Quot.sound]
'Mock2Adv.UnnumberedFormulaLedger.item1_genuineMetaplecticInvClosure_proved' depends on axioms: [propext,
 Classical.choice,
 Quot.sound]
'Mock2Adv.UnnumberedFormulaLedger.item1_genuineMetaplecticGroupAssociativity_proved' depends on axioms: [propext,
 Classical.choice,
 Quot.sound]
'Mock2Adv.UnnumberedFormulaLedger.item1_genuineMetaplecticGroupInverse_proved' depends on axioms: [propext,
 Classical.choice,
 Quot.sound]
'Mock2Adv.UnnumberedFormulaLedger.item1_genuineMetaplecticProjectionCocycle_proved' depends on axioms: [propext,
 Classical.choice,
 Quot.sound]
'Mock2Adv.CorrectedLemmas.ThetaGeneratorLift.denom_gamma2TranslationTwo' depends on axioms: [propext,
 Classical.choice,
 Quot.sound]
'Mock2Adv.CorrectedLemmas.ThetaGeneratorLift.translationTwoLift_projection' depends on axioms: [propext,
 Classical.choice,
 Quot.sound]
'Mock2Adv.CorrectedLemmas.ThetaGeneratorLift.translationTwoLift_sqrtFactor_ne_zero' depends on axioms: [propext,
 Classical.choice,
 Quot.sound]
'Mock2Adv.CorrectedLemmas.ThetaGeneratorLift.norm_translationTwoLift_sqrtFactor' depends on axioms: [propext,
 Classical.choice,
 Quot.sound]
'Mock2Adv.CorrectedLemmas.ThetaGeneratorLift.theta_translationTwoLift_covariance' depends on axioms: [propext,
 Classical.choice,
 Quot.sound]
'Mock2Adv.CorrectedLemmas.ThetaGeneratorLift.negOne_mem_gamma2' depends on axioms: [propext,
 Classical.choice,
 Quot.sound]
'Mock2Adv.CorrectedLemmas.ThetaGeneratorLift.denom_gamma2NegOne' depends on axioms: [propext,
 Classical.choice,
 Quot.sound]
'Mock2Adv.CorrectedLemmas.ThetaGeneratorLift.centralNegOneLift_projection' depends on axioms: [propext,
 Classical.choice,
 Quot.sound]
'Mock2Adv.CorrectedLemmas.ThetaGeneratorLift.norm_centralNegOneLift_sqrtFactor' depends on axioms: [propext,
 Classical.choice,
 Quot.sound]
'Mock2Adv.CorrectedLemmas.ThetaGeneratorLift.gamma2NegOne_mul_self' depends on axioms: [propext,
 Classical.choice,
 Quot.sound]
'Mock2Adv.CorrectedLemmas.ThetaGeneratorLift.gamma2NegOne_act' depends on axioms: [propext,
 Classical.choice,
 Quot.sound]
'Mock2Adv.CorrectedLemmas.ThetaGeneratorLift.square_sqrtFactor_eq_neg_one_of_projection' depends on axioms: [propext,
 Classical.choice,
 Quot.sound]
'Mock2Adv.CorrectedLemmas.ThetaGeneratorLift.square_ne_one_of_projection_negOne' depends on axioms: [propext,
 Classical.choice,
 Quot.sound]
'Mock2Adv.CorrectedLemmas.ThetaGeneratorLift.no_groupHom_section_of_genuine_projection' depends on axioms: [propext,
 Classical.choice,
 Quot.sound]
'Mock2Adv.UnnumberedFormulaLedger.item1_thetaGeneratorDenominator_proved' depends on axioms: [propext,
 Classical.choice,
 Quot.sound]
'Mock2Adv.UnnumberedFormulaLedger.item1_thetaGeneratorProjection_proved' depends on axioms: [propext,
 Classical.choice,
 Quot.sound]
'Mock2Adv.UnnumberedFormulaLedger.item1_thetaGeneratorFactorNonzero_proved' depends on axioms: [propext,
 Classical.choice,
 Quot.sound]
'Mock2Adv.UnnumberedFormulaLedger.item1_thetaGeneratorFactorNorm_proved' depends on axioms: [propext,
 Classical.choice,
 Quot.sound]
'Mock2Adv.UnnumberedFormulaLedger.item1_thetaGeneratorCovariance_proved' depends on axioms: [propext,
 Classical.choice,
 Quot.sound]
'Mock2Adv.UnnumberedFormulaLedger.item1_centralNegOneMembership_proved' depends on axioms: [propext,
 Classical.choice,
 Quot.sound]
'Mock2Adv.UnnumberedFormulaLedger.item1_centralNegOneProjection_proved' depends on axioms: [propext,
 Classical.choice,
 Quot.sound]
'Mock2Adv.UnnumberedFormulaLedger.item1_centralNegOneFactorNorm_proved' depends on axioms: [propext,
 Classical.choice,
 Quot.sound]
'Mock2Adv.UnnumberedFormulaLedger.item1_centralNegOneSquareObstruction_proved' depends on axioms: [propext,
 Classical.choice,
 Quot.sound]
'Mock2Adv.UnnumberedFormulaLedger.item1_globalHomomorphicLiftNonSplitErratum' depends on axioms: [propext,
 Classical.choice,
 Quot.sound]
'Mock2Adv.Gamma2Cusp.conjGL_gamma2_scalingMatrix' depends on axioms: [propext, Classical.choice, Quot.sound]
'Mock2Adv.Gamma2Cusp.strictWidth_scaling_conjugate_eq_width' depends on axioms: [propext, Classical.choice, Quot.sound]
'Mock2Adv.CorrectedLemmas.CuspQStabilizer.qParam_add_real_period' depends on axioms: [propext,
 Classical.choice,
 Quot.sound]
'Mock2Adv.CorrectedLemmas.CuspQStabilizer.translationMatrix_mem_gamma2' depends on axioms: [propext,
 Classical.choice,
 Quot.sound]
'Mock2Adv.CorrectedLemmas.CuspQStabilizer.Gamma2Cusp.translationElement' depends on axioms: [propext,
 Classical.choice,
 Quot.sound]
'Mock2Adv.CorrectedLemmas.CuspQStabilizer.scaledCoordinate_translationElement_eq_T_sq_smul' depends on axioms: [propext,
 Classical.choice,
 Quot.sound]
'Mock2Adv.CorrectedLemmas.CuspQStabilizer.scaledCoordinate_translationElement_eq_vadd_two' depends on axioms: [propext,
 Classical.choice,
 Quot.sound]
'Mock2Adv.CorrectedLemmas.CuspQStabilizer.cuspQCoordinate_translationElement' depends on axioms: [propext,
 Classical.choice,
 Quot.sound]
'Mock2Adv.CorrectedLemmas.Gamma2SixCellPolygon.Gamma2Rep' does not depend on any axioms
'Mock2Adv.CorrectedLemmas.Gamma2SixCellPolygon.IntegralSpecialLinear' depends on axioms: [propext,
 Classical.choice,
 Quot.sound]
'Mock2Adv.CorrectedLemmas.Gamma2SixCellPolygon.repMatrix' depends on axioms: [propext, Classical.choice, Quot.sound]
'Mock2Adv.CorrectedLemmas.Gamma2SixCellPolygon.repMatrix_id' depends on axioms: [propext, Classical.choice, Quot.sound]
'Mock2Adv.CorrectedLemmas.Gamma2SixCellPolygon.repMatrix_t' depends on axioms: [propext, Classical.choice, Quot.sound]
'Mock2Adv.CorrectedLemmas.Gamma2SixCellPolygon.repMatrix_s' depends on axioms: [propext, Classical.choice, Quot.sound]
'Mock2Adv.CorrectedLemmas.Gamma2SixCellPolygon.repMatrix_ts' depends on axioms: [propext, Classical.choice, Quot.sound]
'Mock2Adv.CorrectedLemmas.Gamma2SixCellPolygon.repMatrix_stInv' depends on axioms: [propext,
 Classical.choice,
 Quot.sound]
'Mock2Adv.CorrectedLemmas.Gamma2SixCellPolygon.repMatrix_tstInv' depends on axioms: [propext,
 Classical.choice,
 Quot.sound]
'Mock2Adv.CorrectedLemmas.Gamma2SixCellPolygon.card_gamma2Rep' depends on axioms: [propext,
 Classical.choice,
 Quot.sound]
'Mock2Adv.CorrectedLemmas.Gamma2SixCellPolygon.ModTwoSpecialLinear' depends on axioms: [propext,
 Classical.choice,
 Quot.sound]
'Mock2Adv.CorrectedLemmas.Gamma2SixCellPolygon.modTwoReduction' depends on axioms: [propext,
 Classical.choice,
 Quot.sound]
'Mock2Adv.CorrectedLemmas.Gamma2SixCellPolygon.reducedRep' depends on axioms: [propext, Classical.choice, Quot.sound]
'Mock2Adv.CorrectedLemmas.Gamma2SixCellPolygon.modTwoReduction_apply' depends on axioms: [propext,
 Classical.choice,
 Quot.sound]
'Mock2Adv.CorrectedLemmas.Gamma2SixCellPolygon.modTwoReduction_neg_one' depends on axioms: [propext,
 Classical.choice,
 Quot.sound]
'Mock2Adv.CorrectedLemmas.Gamma2SixCellPolygon.reducedRep_injective' depends on axioms: [propext,
 Classical.choice,
 Quot.sound]
'Mock2Adv.CorrectedLemmas.Gamma2SixCellPolygon.card_modTwoSpecialLinear' depends on axioms: [propext,
 Classical.choice,
 Quot.sound]
'Mock2Adv.CorrectedLemmas.Gamma2SixCellPolygon.reducedRep_bijective' depends on axioms: [propext,
 Classical.choice,
 Quot.sound]
'Mock2Adv.CorrectedLemmas.Gamma2SixCellPolygon.reducedRep_surjective' depends on axioms: [propext,
 Classical.choice,
 Quot.sound]
'Mock2Adv.CorrectedLemmas.Gamma2SixCellPolygon.mem_gamma2_iff_modTwoReduction_eq_one' depends on axioms: [propext,
 Classical.choice,
 Quot.sound]
'Mock2Adv.CorrectedLemmas.Gamma2SixCellPolygon.modTwoReduction_gamma2' depends on axioms: [propext,
 Classical.choice,
 Quot.sound]
'Mock2Adv.CorrectedLemmas.Gamma2SixCellPolygon.reducedRep_eq_of_intertwiner_central' depends on axioms: [propext,
 Classical.choice,
 Quot.sound]
'Mock2Adv.CorrectedLemmas.Gamma2SixCellPolygon.exists_rep_inv_mul_mem_gamma2' depends on axioms: [propext,
 Classical.choice,
 Quot.sound]
'Mock2Adv.CorrectedLemmas.Gamma2SixCellPolygon.exists_rep_mul_gamma2' depends on axioms: [propext,
 Classical.choice,
 Quot.sound]
'Mock2Adv.CorrectedLemmas.Gamma2SixCellPolygon.exists_mul_rep_inv_mem_gamma2' depends on axioms: [propext,
 Classical.choice,
 Quot.sound]
'Mock2Adv.CorrectedLemmas.Gamma2SixCellPolygon.exists_gamma2_mul_rep' depends on axioms: [propext,
 Classical.choice,
 Quot.sound]
'Mock2Adv.CorrectedLemmas.Gamma2SixCellPolygon.closedCell' depends on axioms: [propext, Classical.choice, Quot.sound]
'Mock2Adv.CorrectedLemmas.Gamma2SixCellPolygon.openCell' depends on axioms: [propext, Classical.choice, Quot.sound]
'Mock2Adv.CorrectedLemmas.Gamma2SixCellPolygon.mem_closedCell_iff' depends on axioms: [propext,
 Classical.choice,
 Quot.sound]
'Mock2Adv.CorrectedLemmas.Gamma2SixCellPolygon.mem_openCell_iff' depends on axioms: [propext,
 Classical.choice,
 Quot.sound]
'Mock2Adv.CorrectedLemmas.Gamma2SixCellPolygon.isClosed_closedCell' depends on axioms: [propext,
 Classical.choice,
 Quot.sound]
'Mock2Adv.CorrectedLemmas.Gamma2SixCellPolygon.isOpen_openCell' depends on axioms: [propext,
 Classical.choice,
 Quot.sound]
'Mock2Adv.CorrectedLemmas.Gamma2SixCellPolygon.disjoint_openCell_of_ne' depends on axioms: [propext,
 Classical.choice,
 Quot.sound]
'Mock2Adv.CorrectedLemmas.Gamma2SixCellPolygon.pairwise_disjoint_openCell' depends on axioms: [propext,
 Classical.choice,
 Quot.sound]
'Mock2Adv.CorrectedLemmas.Gamma2SixCellPolygon.closedPolygon' depends on axioms: [propext, Classical.choice, Quot.sound]
'Mock2Adv.CorrectedLemmas.Gamma2SixCellPolygon.openPolygon' depends on axioms: [propext, Classical.choice, Quot.sound]
'Mock2Adv.CorrectedLemmas.Gamma2SixCellPolygon.mem_closedPolygon_iff' depends on axioms: [propext,
 Classical.choice,
 Quot.sound]
'Mock2Adv.CorrectedLemmas.Gamma2SixCellPolygon.mem_openPolygon_iff' depends on axioms: [propext,
 Classical.choice,
 Quot.sound]
'Mock2Adv.CorrectedLemmas.Gamma2SixCellPolygon.eq_of_mem_openPolygon_of_gamma2_smul_eq' depends on axioms: [propext,
 Classical.choice,
 Quot.sound]
'Mock2Adv.CorrectedLemmas.Gamma2SixCellPolygon.isClosed_closedPolygon' depends on axioms: [propext,
 Classical.choice,
 Quot.sound]
'Mock2Adv.CorrectedLemmas.Gamma2SixCellPolygon.isOpen_openPolygon' depends on axioms: [propext,
 Classical.choice,
 Quot.sound]
'Mock2Adv.CorrectedLemmas.Gamma2SixCellPolygon.exists_gamma2_smul_mem_closedPolygon' depends on axioms: [propext,
 Classical.choice,
 Quot.sound]
'Mock2Adv.CorrectedLemmas.Gamma2SixCellPolygon.repCusp' does not depend on any axioms
'Mock2Adv.CorrectedLemmas.Gamma2SixCellPolygon.repCusp_id' does not depend on any axioms
'Mock2Adv.CorrectedLemmas.Gamma2SixCellPolygon.repCusp_t' does not depend on any axioms
'Mock2Adv.CorrectedLemmas.Gamma2SixCellPolygon.repCusp_s' does not depend on any axioms
'Mock2Adv.CorrectedLemmas.Gamma2SixCellPolygon.repCusp_ts' does not depend on any axioms
'Mock2Adv.CorrectedLemmas.Gamma2SixCellPolygon.repCusp_stInv' does not depend on any axioms
'Mock2Adv.CorrectedLemmas.Gamma2SixCellPolygon.repCusp_tstInv' does not depend on any axioms
'Mock2Adv.CorrectedLemmas.Gamma2SixCellPolygon.repColumnCusp' does not depend on any axioms
'Mock2Adv.CorrectedLemmas.Gamma2SixCellPolygon.repColumnCusp_id' does not depend on any axioms
'Mock2Adv.CorrectedLemmas.Gamma2SixCellPolygon.repColumnCusp_t' does not depend on any axioms
'Mock2Adv.CorrectedLemmas.Gamma2SixCellPolygon.repColumnCusp_s' does not depend on any axioms
'Mock2Adv.CorrectedLemmas.Gamma2SixCellPolygon.repColumnCusp_ts' does not depend on any axioms
'Mock2Adv.CorrectedLemmas.Gamma2SixCellPolygon.repColumnCusp_stInv' does not depend on any axioms
'Mock2Adv.CorrectedLemmas.Gamma2SixCellPolygon.repColumnCusp_tstInv' does not depend on any axioms
'Mock2Adv.CorrectedLemmas.Gamma2SixCellPolygon.repColumnCusp_ts_ne_repCusp_ts' depends on axioms: [propext]
'Mock2Adv.CorrectedLemmas.Gamma2SixCellPolygon.repColumnCusp_stInv_ne_repCusp_stInv' depends on axioms: [propext]
'Mock2Adv.CorrectedLemmas.Gamma2SixCellPolygon.repMatrix_id_im' depends on axioms: [propext,
 Classical.choice,
 Quot.sound]
'Mock2Adv.CorrectedLemmas.Gamma2SixCellPolygon.repMatrix_t_im' depends on axioms: [propext,
 Classical.choice,
 Quot.sound]
'Mock2Adv.CorrectedLemmas.Gamma2SixCellPolygon.repMatrix_s_im' depends on axioms: [propext,
 Classical.choice,
 Quot.sound]
'Mock2Adv.CorrectedLemmas.Gamma2SixCellPolygon.repMatrix_ts_im' depends on axioms: [propext,
 Classical.choice,
 Quot.sound]
'Mock2Adv.CorrectedLemmas.Gamma2SixCellPolygon.repMatrix_stInv_im' depends on axioms: [propext,
 Classical.choice,
 Quot.sound]
'Mock2Adv.CorrectedLemmas.Gamma2SixCellPolygon.repMatrix_tstInv_im' depends on axioms: [propext,
 Classical.choice,
 Quot.sound]
'Mock2Adv.CorrectedLemmas.Gamma2SixCellPolygon.repMatrix_im_eq_cuspHeight' depends on axioms: [propext,
 Classical.choice,
 Quot.sound]
'Mock2Adv.CorrectedLemmas.Gamma2SixCellPolygon.pullbackHeight' depends on axioms: [propext,
 Classical.choice,
 Quot.sound]
'Mock2Adv.CorrectedLemmas.Gamma2SixCellPolygon.pullbackHeight_id' depends on axioms: [propext,
 Classical.choice,
 Quot.sound]
'Mock2Adv.CorrectedLemmas.Gamma2SixCellPolygon.pullbackHeight_t' depends on axioms: [propext,
 Classical.choice,
 Quot.sound]
'Mock2Adv.CorrectedLemmas.Gamma2SixCellPolygon.pullbackHeight_s' depends on axioms: [propext,
 Classical.choice,
 Quot.sound]
'Mock2Adv.CorrectedLemmas.Gamma2SixCellPolygon.pullbackHeight_ts' depends on axioms: [propext,
 Classical.choice,
 Quot.sound]
'Mock2Adv.CorrectedLemmas.Gamma2SixCellPolygon.pullbackHeight_stInv' depends on axioms: [propext,
 Classical.choice,
 Quot.sound]
'Mock2Adv.CorrectedLemmas.Gamma2SixCellPolygon.pullbackHeight_tstInv' depends on axioms: [propext,
 Classical.choice,
 Quot.sound]
'Mock2Adv.CorrectedLemmas.Gamma2SixCellPolygon.pullbackHeight_eq_cuspHeight' depends on axioms: [propext,
 Classical.choice,
 Quot.sound]
'Mock2Adv.CorrectedLemmas.Gamma2SixCellPolygon.fd_re_bounds' depends on axioms: [propext, Classical.choice, Quot.sound]
'Mock2Adv.CorrectedLemmas.Gamma2SixCellPolygon.fd_three_quarters_le_im_sq' depends on axioms: [propext,
 Classical.choice,
 Quot.sound]
'Mock2Adv.CorrectedLemmas.Gamma2SixCellPolygon.fd_half_le_im' depends on axioms: [propext, Classical.choice, Quot.sound]
'Mock2Adv.CorrectedLemmas.Gamma2SixCellPolygon.fd_normSq_le_im_sq_add_quarter' depends on axioms: [propext,
 Classical.choice,
 Quot.sound]
'Mock2Adv.CorrectedLemmas.Gamma2SixCellPolygon.fd_normSq_sub_one_le_im_sq_add_nine_quarters' depends on axioms: [propext,
 Classical.choice,
 Quot.sound]
'Mock2Adv.CorrectedLemmas.Gamma2SixCellPolygon.im_sq_le_normSq' depends on axioms: [propext,
 Classical.choice,
 Quot.sound]
'Mock2Adv.CorrectedLemmas.Gamma2SixCellPolygon.im_sq_le_normSq_sub_one' depends on axioms: [propext,
 Classical.choice,
 Quot.sound]
'Mock2Adv.CorrectedLemmas.Gamma2SixCellPolygon.pullbackHeight_le_on_fd' depends on axioms: [propext,
 Classical.choice,
 Quot.sound]
'Mock2Adv.CorrectedLemmas.Gamma2SixCellPolygon.pullbackHeight_reciprocal_control_on_fd' depends on axioms: [propext,
 Classical.choice,
 Quot.sound]
'Mock2Adv.CorrectedLemmas.Gamma2SixCellPolygon.pullbackHeight_pos' depends on axioms: [propext,
 Classical.choice,
 Quot.sound]
'Mock2Adv.CorrectedLemmas.Gamma2SixCellPolygon.sqrt_pullbackHeight_le_on_fd' depends on axioms: [propext,
 Classical.choice,
 Quot.sound]
'Mock2Adv.CorrectedLemmas.Gamma2SixCellPolygon.inv_sqrt_pullbackHeight_le_on_fd' depends on axioms: [propext,
 Classical.choice,
 Quot.sound]
'Mock2Adv.CorrectedLemmas.Gamma2SixCellPolygon.pullbackHeight_sqrt_envelope_on_fd' depends on axioms: [propext,
 Classical.choice,
 Quot.sound]
'Mock2Adv.CorrectedLemmas.Gamma2SixCellPolygon.repTruncated' depends on axioms: [propext, Classical.choice, Quot.sound]
'Mock2Adv.CorrectedLemmas.Gamma2SixCellPolygon.mem_repTruncated_iff' depends on axioms: [propext,
 Classical.choice,
 Quot.sound]
'Mock2Adv.CorrectedLemmas.Gamma2SixCellPolygon.isCompact_repTruncated' depends on axioms: [propext,
 Classical.choice,
 Quot.sound]
'Mock2Adv.CorrectedLemmas.Gamma2SixCellPolygon.compactTruncationCarrier' depends on axioms: [propext,
 Classical.choice,
 Quot.sound]
'Mock2Adv.CorrectedLemmas.Gamma2SixCellPolygon.isCompact_compactTruncationCarrier' depends on axioms: [propext,
 Classical.choice,
 Quot.sound]
'Mock2Adv.CorrectedLemmas.Gamma2SixCellPolygon.truncatedFundamentalDomain_closedPolygon_subset_compactCarrier' depends on axioms: [propext,
 Classical.choice,
 Quot.sound]
'Mock2Adv.CorrectedLemmas.Gamma2SixCellPolygon.isCompact_truncatedFundamentalDomain_closedPolygon' depends on axioms: [propext,
 Classical.choice,
 Quot.sound]
'Mock2Adv.CorrectedLemmas.Gamma2SixCellPolygon.IsRegularSmoothCurvePiece' depends on axioms: [propext,
 Classical.choice,
 Quot.sound]
'Mock2Adv.CorrectedLemmas.Gamma2SixCellPolygon.HasPiecewiseSmoothBoundary' depends on axioms: [propext,
 Classical.choice,
 Quot.sound]
'Mock2Adv.CorrectedLemmas.Gamma2SixCellPolygon.modularArcBoundary' depends on axioms: [propext,
 Classical.choice,
 Quot.sound]
'Mock2Adv.CorrectedLemmas.Gamma2SixCellPolygon.modularVerticalBoundary' depends on axioms: [propext,
 Classical.choice,
 Quot.sound]
'Mock2Adv.CorrectedLemmas.Gamma2SixCellPolygon.modularLeftVerticalBoundary' depends on axioms: [propext,
 Classical.choice,
 Quot.sound]
'Mock2Adv.CorrectedLemmas.Gamma2SixCellPolygon.modularRightVerticalBoundary' depends on axioms: [propext,
 Classical.choice,
 Quot.sound]
'Mock2Adv.CorrectedLemmas.Gamma2SixCellPolygon.modularVerticalBoundary_eq_left_union_right' depends on axioms: [propext,
 Classical.choice,
 Quot.sound]
'Mock2Adv.CorrectedLemmas.Gamma2SixCellPolygon.coe_frontier_fd_subset_arc_union_vertical' depends on axioms: [propext,
 Classical.choice,
 Quot.sound]
'Mock2Adv.CorrectedLemmas.Gamma2SixCellPolygon.modularLeftVerticalCurve' depends on axioms: [propext,
 Classical.choice,
 Quot.sound]
'Mock2Adv.CorrectedLemmas.Gamma2SixCellPolygon.modularRightVerticalCurve' depends on axioms: [propext,
 Classical.choice,
 Quot.sound]
'Mock2Adv.CorrectedLemmas.Gamma2SixCellPolygon.hasDerivAt_modularLeftVerticalCurve' depends on axioms: [propext,
 Classical.choice,
 Quot.sound]
'Mock2Adv.CorrectedLemmas.Gamma2SixCellPolygon.hasDerivAt_modularRightVerticalCurve' depends on axioms: [propext,
 Classical.choice,
 Quot.sound]
'Mock2Adv.CorrectedLemmas.Gamma2SixCellPolygon.contDiff_modularLeftVerticalCurve' depends on axioms: [propext,
 Classical.choice,
 Quot.sound]
'Mock2Adv.CorrectedLemmas.Gamma2SixCellPolygon.contDiff_modularRightVerticalCurve' depends on axioms: [propext,
 Classical.choice,
 Quot.sound]
'Mock2Adv.CorrectedLemmas.Gamma2SixCellPolygon.isRegularSmoothCurvePiece_modularLeftVerticalBoundary' depends on axioms: [propext,
 Classical.choice,
 Quot.sound]
'Mock2Adv.CorrectedLemmas.Gamma2SixCellPolygon.isRegularSmoothCurvePiece_modularRightVerticalBoundary' depends on axioms: [propext,
 Classical.choice,
 Quot.sound]
'Mock2Adv.CorrectedLemmas.Gamma2SixCellPolygon.modularUnitCircleCurve' depends on axioms: [propext,
 Classical.choice,
 Quot.sound]
'Mock2Adv.CorrectedLemmas.Gamma2SixCellPolygon.modularUnitCircleTangent' depends on axioms: [propext,
 Classical.choice,
 Quot.sound]
'Mock2Adv.CorrectedLemmas.Gamma2SixCellPolygon.hasDerivAt_modularUnitCircleCurve' depends on axioms: [propext,
 Classical.choice,
 Quot.sound]
'Mock2Adv.CorrectedLemmas.Gamma2SixCellPolygon.modularUnitCircleTangent_ne_zero' depends on axioms: [propext,
 Classical.choice,
 Quot.sound]
'Mock2Adv.CorrectedLemmas.Gamma2SixCellPolygon.contDiff_modularUnitCircleCurve' depends on axioms: [propext,
 Classical.choice,
 Quot.sound]
'Mock2Adv.CorrectedLemmas.Gamma2SixCellPolygon.normSq_modularUnitCircleCurve' depends on axioms: [propext,
 Classical.choice,
 Quot.sound]
'Mock2Adv.CorrectedLemmas.Gamma2SixCellPolygon.mem_range_modularUnitCircleCurve_of_normSq_eq_one' depends on axioms: [propext,
 Classical.choice,
 Quot.sound]
'Mock2Adv.CorrectedLemmas.Gamma2SixCellPolygon.isRegularSmoothCurvePiece_modularArcBoundary' depends on axioms: [propext,
 Classical.choice,
 Quot.sound]
'Mock2Adv.CorrectedLemmas.Gamma2SixCellPolygon.ModularBoundaryPiece' does not depend on any axioms
'Mock2Adv.CorrectedLemmas.Gamma2SixCellPolygon.modularBoundaryPieceSet' depends on axioms: [propext,
 Classical.choice,
 Quot.sound]
'Mock2Adv.CorrectedLemmas.Gamma2SixCellPolygon.modularBoundaryPieceSet_regular' depends on axioms: [propext,
 Classical.choice,
 Quot.sound]
'Mock2Adv.CorrectedLemmas.Gamma2SixCellPolygon.hasPiecewiseSmoothBoundary_fd' depends on axioms: [propext,
 Classical.choice,
 Quot.sound]
'Mock2Adv.CorrectedLemmas.Gamma2SixCellPolygon.realGL' depends on axioms: [propext, Classical.choice, Quot.sound]
'Mock2Adv.CorrectedLemmas.Gamma2SixCellPolygon.realGL_det' depends on axioms: [propext, Classical.choice, Quot.sound]
'Mock2Adv.CorrectedLemmas.Gamma2SixCellPolygon.realGL_det_pos' depends on axioms: [propext,
 Classical.choice,
 Quot.sound]
'Mock2Adv.CorrectedLemmas.Gamma2SixCellPolygon.realGL_smul' depends on axioms: [propext, Classical.choice, Quot.sound]
'Mock2Adv.CorrectedLemmas.Gamma2SixCellPolygon.trimmedCurveDomain' depends on axioms: [propext,
 Classical.choice,
 Quot.sound]
'Mock2Adv.CorrectedLemmas.Gamma2SixCellPolygon.mem_trimmedCurveDomain_iff' depends on axioms: [propext,
 Classical.choice,
 Quot.sound]
'Mock2Adv.CorrectedLemmas.Gamma2SixCellPolygon.isOpen_trimmedCurveDomain' depends on axioms: [propext,
 Classical.choice,
 Quot.sound]
'Mock2Adv.CorrectedLemmas.Gamma2SixCellPolygon.ambientModularAction' depends on axioms: [propext,
 Classical.choice,
 Quot.sound]
'Mock2Adv.CorrectedLemmas.Gamma2SixCellPolygon.modularImage' depends on axioms: [propext, Classical.choice, Quot.sound]
'Mock2Adv.CorrectedLemmas.Gamma2SixCellPolygon.modularCurve' depends on axioms: [propext, Classical.choice, Quot.sound]
'Mock2Adv.CorrectedLemmas.Gamma2SixCellPolygon.modularCurveTangent' depends on axioms: [propext,
 Classical.choice,
 Quot.sound]
'Mock2Adv.CorrectedLemmas.Gamma2SixCellPolygon.contDiffOn_modularCurve_trimmed' depends on axioms: [propext,
 Classical.choice,
 Quot.sound]
'Mock2Adv.CorrectedLemmas.Gamma2SixCellPolygon.hasDerivWithinAt_modularCurve' depends on axioms: [propext,
 Classical.choice,
 Quot.sound]
'Mock2Adv.CorrectedLemmas.Gamma2SixCellPolygon.modularCurveTangent_ne_zero' depends on axioms: [propext,
 Classical.choice,
 Quot.sound]
'Mock2Adv.CorrectedLemmas.Gamma2SixCellPolygon.IsRegularSmoothCurvePiece.modularImage' depends on axioms: [propext,
 Classical.choice,
 Quot.sound]
'Mock2Adv.CorrectedLemmas.Gamma2SixCellPolygon.HasPiecewiseSmoothBoundary.preimage_integral_smul' depends on axioms: [propext,
 Classical.choice,
 Quot.sound]
'Mock2Adv.CorrectedLemmas.Gamma2SixCellPolygon.closedCellBoundaryPiece' depends on axioms: [propext,
 Classical.choice,
 Quot.sound]
'Mock2Adv.CorrectedLemmas.Gamma2SixCellPolygon.closedCellBoundaryPiece_regular' depends on axioms: [propext,
 Classical.choice,
 Quot.sound]
'Mock2Adv.CorrectedLemmas.Gamma2SixCellPolygon.hasPiecewiseSmoothBoundary_closedCell' depends on axioms: [propext,
 Classical.choice,
 Quot.sound]
'Mock2Adv.CorrectedLemmas.Gamma2SixCellPolygon.frontier_union_subset_union_frontier' depends on axioms: [propext,
 Classical.choice,
 Quot.sound]
'Mock2Adv.CorrectedLemmas.Gamma2SixCellPolygon.frontier_inter_subset_union_frontier' depends on axioms: [propext,
 Classical.choice,
 Quot.sound]
'Mock2Adv.CorrectedLemmas.Gamma2SixCellPolygon.frontier_finset_iUnion_subset_iUnion_frontier' depends on axioms: [propext,
 Classical.choice,
 Quot.sound]
'Mock2Adv.CorrectedLemmas.Gamma2SixCellPolygon.frontier_finset_iInter_subset_iUnion_frontier' depends on axioms: [propext,
 Classical.choice,
 Quot.sound]
'Mock2Adv.CorrectedLemmas.Gamma2SixCellPolygon.frontier_iUnion_subset_iUnion_frontier' depends on axioms: [propext,
 Classical.choice,
 Quot.sound]
'Mock2Adv.CorrectedLemmas.Gamma2SixCellPolygon.frontier_iInter_subset_iUnion_frontier' depends on axioms: [propext,
 Classical.choice,
 Quot.sound]
'Mock2Adv.CorrectedLemmas.Gamma2SixCellPolygon.cuspHeightSublevel' depends on axioms: [propext,
 Classical.choice,
 Quot.sound]
'Mock2Adv.CorrectedLemmas.Gamma2SixCellPolygon.cuspHeightLevel' depends on axioms: [propext,
 Classical.choice,
 Quot.sound]
'Mock2Adv.CorrectedLemmas.Gamma2SixCellPolygon.horizontalUHP' depends on axioms: [propext, Classical.choice, Quot.sound]
'Mock2Adv.CorrectedLemmas.Gamma2SixCellPolygon.coe_horizontalUHP' depends on axioms: [propext,
 Classical.choice,
 Quot.sound]
'Mock2Adv.CorrectedLemmas.Gamma2SixCellPolygon.horizontalUHP_re' depends on axioms: [propext,
 Classical.choice,
 Quot.sound]
'Mock2Adv.CorrectedLemmas.Gamma2SixCellPolygon.horizontalUHP_im' depends on axioms: [propext,
 Classical.choice,
 Quot.sound]
'Mock2Adv.CorrectedLemmas.Gamma2SixCellPolygon.cuspLevelCurve' depends on axioms: [propext,
 Classical.choice,
 Quot.sound]
'Mock2Adv.CorrectedLemmas.Gamma2SixCellPolygon.cuspHeight_cuspLevelCurve' depends on axioms: [propext,
 Classical.choice,
 Quot.sound]
'Mock2Adv.CorrectedLemmas.Gamma2SixCellPolygon.exists_cuspLevelCurve_eq_of_mem' depends on axioms: [propext,
 Classical.choice,
 Quot.sound]
'Mock2Adv.CorrectedLemmas.Gamma2SixCellPolygon.range_cuspLevelCurve' depends on axioms: [propext,
 Classical.choice,
 Quot.sound]
'Mock2Adv.CorrectedLemmas.Gamma2SixCellPolygon.cuspHeightLevel_eq_empty_of_nonpos' depends on axioms: [propext,
 Classical.choice,
 Quot.sound]
'Mock2Adv.CorrectedLemmas.Gamma2SixCellPolygon.cuspHorizontalAmbientCurve' depends on axioms: [propext,
 Classical.choice,
 Quot.sound]
'Mock2Adv.CorrectedLemmas.Gamma2SixCellPolygon.cuspZeroAmbientCurve' depends on axioms: [propext,
 Classical.choice,
 Quot.sound]
'Mock2Adv.CorrectedLemmas.Gamma2SixCellPolygon.cuspOneAmbientCurve' depends on axioms: [propext,
 Classical.choice,
 Quot.sound]
'Mock2Adv.CorrectedLemmas.Gamma2SixCellPolygon.cuspFiniteAmbientTangent' depends on axioms: [propext,
 Classical.choice,
 Quot.sound]
'Mock2Adv.CorrectedLemmas.Gamma2SixCellPolygon.cuspZeroAmbientCurve_eq_neg_inv' depends on axioms: [propext,
 Classical.choice,
 Quot.sound]
'Mock2Adv.CorrectedLemmas.Gamma2SixCellPolygon.cuspOneAmbientCurve_eq_one_sub_inv' depends on axioms: [propext,
 Classical.choice,
 Quot.sound]
'Mock2Adv.CorrectedLemmas.Gamma2SixCellPolygon.cuspHorizontalAmbientCurve_ne_zero' depends on axioms: [propext,
 Classical.choice,
 Quot.sound]
'Mock2Adv.CorrectedLemmas.Gamma2SixCellPolygon.hasDerivAt_cuspHorizontalAmbientCurve' depends on axioms: [propext,
 Classical.choice,
 Quot.sound]
'Mock2Adv.CorrectedLemmas.Gamma2SixCellPolygon.contDiff_cuspHorizontalAmbientCurve' depends on axioms: [propext,
 Classical.choice,
 Quot.sound]
'Mock2Adv.CorrectedLemmas.Gamma2SixCellPolygon.hasDerivAt_cuspZeroAmbientCurve' depends on axioms: [propext,
 Classical.choice,
 Quot.sound]
'Mock2Adv.CorrectedLemmas.Gamma2SixCellPolygon.hasDerivAt_cuspOneAmbientCurve' depends on axioms: [propext,
 Classical.choice,
 Quot.sound]
'Mock2Adv.CorrectedLemmas.Gamma2SixCellPolygon.contDiff_cuspZeroAmbientCurve' depends on axioms: [propext,
 Classical.choice,
 Quot.sound]
'Mock2Adv.CorrectedLemmas.Gamma2SixCellPolygon.contDiff_cuspOneAmbientCurve' depends on axioms: [propext,
 Classical.choice,
 Quot.sound]
'Mock2Adv.CorrectedLemmas.Gamma2SixCellPolygon.cuspFiniteAmbientTangent_ne_zero' depends on axioms: [propext,
 Classical.choice,
 Quot.sound]
'Mock2Adv.CorrectedLemmas.Gamma2SixCellPolygon.coe_horizontalUHP_eq_cuspHorizontalAmbientCurve' depends on axioms: [propext,
 Classical.choice,
 Quot.sound]
'Mock2Adv.CorrectedLemmas.Gamma2SixCellPolygon.coe_cuspLevelCurve_infinity' depends on axioms: [propext,
 Classical.choice,
 Quot.sound]
'Mock2Adv.CorrectedLemmas.Gamma2SixCellPolygon.coe_cuspLevelCurve_zero' depends on axioms: [propext,
 Classical.choice,
 Quot.sound]
'Mock2Adv.CorrectedLemmas.Gamma2SixCellPolygon.coe_cuspLevelCurve_one' depends on axioms: [propext,
 Classical.choice,
 Quot.sound]
'Mock2Adv.CorrectedLemmas.Gamma2SixCellPolygon.isRegularSmoothCurvePiece_empty' depends on axioms: [propext,
 Classical.choice,
 Quot.sound]
'Mock2Adv.CorrectedLemmas.Gamma2SixCellPolygon.isRegularSmoothCurvePiece_coe_cuspHeightLevel_of_pos' depends on axioms: [propext,
 Classical.choice,
 Quot.sound]
'Mock2Adv.CorrectedLemmas.Gamma2SixCellPolygon.isRegularSmoothCurvePiece_coe_cuspHeightLevel_of_nonpos' depends on axioms: [propext,
 Classical.choice,
 Quot.sound]
'Mock2Adv.CorrectedLemmas.Gamma2SixCellPolygon.isRegularSmoothCurvePiece_coe_cuspHeightLevel' depends on axioms: [propext,
 Classical.choice,
 Quot.sound]
'Mock2Adv.CorrectedLemmas.Gamma2SixCellPolygon.truncatedFundamentalDomain_closedPolygon_eq_inter_iInter' depends on axioms: [propext,
 Classical.choice,
 Quot.sound]
'Mock2Adv.CorrectedLemmas.Gamma2SixCellPolygon.frontier_cuspHeightSublevel_subset_level' depends on axioms: [propext,
 Classical.choice,
 Quot.sound]
'Mock2Adv.CorrectedLemmas.Gamma2SixCellPolygon.frontier_closedPolygon_subset_iUnion_cellFrontier' depends on axioms: [propext,
 Classical.choice,
 Quot.sound]
'Mock2Adv.CorrectedLemmas.Gamma2SixCellPolygon.frontier_iInter_cuspHeightSublevel_subset_iUnion_level' depends on axioms: [propext,
 Classical.choice,
 Quot.sound]
'Mock2Adv.CorrectedLemmas.Gamma2SixCellPolygon.frontier_truncatedFundamentalDomain_closedPolygon_subset' depends on axioms: [propext,
 Classical.choice,
 Quot.sound]
'Mock2Adv.CorrectedLemmas.Gamma2SixCellPolygon.hasPiecewiseSmoothBoundary_truncated_of_explicit' depends on axioms: [propext,
 Classical.choice,
 Quot.sound]
'Mock2Adv.CorrectedLemmas.Gamma2SixCellPolygon.hasPiecewiseSmoothBoundary_truncated_of_cells' depends on axioms: [propext,
 Classical.choice,
 Quot.sound]
'Mock2Adv.CorrectedLemmas.Gamma2SixCellPolygon.hasPiecewiseSmoothBoundary_truncatedFundamentalDomain_closedPolygon' depends on axioms: [propext,
 Classical.choice,
 Quot.sound]
'Mock2Adv.CorrectedLemmas.Gamma2SixCellPolygon.ConcreteGamma2TruncationCertificate' depends on axioms: [propext,
 Classical.choice,
 Quot.sound]
'Mock2Adv.CorrectedLemmas.Gamma2SixCellPolygon.concreteGamma2TruncationCertificate' depends on axioms: [propext,
 Classical.choice,
 Quot.sound]
'Mock2Adv.CorrectedLemmas.Gamma2Generation.generatorA' depends on axioms: [propext, Classical.choice, Quot.sound]
'Mock2Adv.CorrectedLemmas.Gamma2Generation.G' depends on axioms: [propext, Classical.choice, Quot.sound]
'Mock2Adv.CorrectedLemmas.Gamma2Generation.generatorB' depends on axioms: [propext, Classical.choice, Quot.sound]
'Mock2Adv.CorrectedLemmas.Gamma2Generation.generatorZ' depends on axioms: [propext, Classical.choice, Quot.sound]
'Mock2Adv.CorrectedLemmas.Gamma2Generation.standardGeneratorSet' depends on axioms: [propext,
 Classical.choice,
 Quot.sound]
'Mock2Adv.CorrectedLemmas.Gamma2Generation.generated' depends on axioms: [propext, Classical.choice, Quot.sound]
'Mock2Adv.CorrectedLemmas.Gamma2Generation.generatorA_mem' depends on axioms: [propext, Classical.choice, Quot.sound]
'Mock2Adv.CorrectedLemmas.Gamma2Generation.generatorB_mem' depends on axioms: [propext, Classical.choice, Quot.sound]
'Mock2Adv.CorrectedLemmas.Gamma2Generation.generatorZ_mem' depends on axioms: [propext, Classical.choice, Quot.sound]
'Mock2Adv.CorrectedLemmas.Gamma2Generation.generated_le_gamma2' depends on axioms: [propext,
 Classical.choice,
 Quot.sound]
'Mock2Adv.CorrectedLemmas.Gamma2Generation.left_S_rep_decomposition' depends on axioms: [propext,
 Classical.choice,
 Quot.sound]
'Mock2Adv.CorrectedLemmas.Gamma2Generation.left_T_rep_decomposition' depends on axioms: [propext,
 Classical.choice,
 Quot.sound]
'Mock2Adv.CorrectedLemmas.Gamma2Generation.exists_rep_mul_generated' depends on axioms: [propext,
 Classical.choice,
 Quot.sound]
'Mock2Adv.CorrectedLemmas.Gamma2Generation.gamma2_le_generated' depends on axioms: [propext,
 Classical.choice,
 Quot.sound]
'Mock2Adv.CorrectedLemmas.Gamma2Generation.gamma2_eq_closure_standard_generators' depends on axioms: [propext,
 Classical.choice,
 Quot.sound]
'Mock2Adv.CorrectedLemmas.ZeroCuspThetaLift.zeroTranslation' depends on axioms: [propext, Classical.choice, Quot.sound]
'Mock2Adv.CorrectedLemmas.ZeroCuspThetaLift.transformedPoint' depends on axioms: [propext, Classical.choice, Quot.sound]
'Mock2Adv.CorrectedLemmas.ZeroCuspThetaLift.firstBase' depends on axioms: [propext, Classical.choice, Quot.sound]
'Mock2Adv.CorrectedLemmas.ZeroCuspThetaLift.secondBase' depends on axioms: [propext, Classical.choice, Quot.sound]
'Mock2Adv.CorrectedLemmas.ZeroCuspThetaLift.factor' depends on axioms: [propext, Classical.choice, Quot.sound]
'Mock2Adv.CorrectedLemmas.ZeroCuspThetaLift.neg_I_mul_mem_slitPlane' depends on axioms: [propext,
 Classical.choice,
 Quot.sound]
'Mock2Adv.CorrectedLemmas.ZeroCuspThetaLift.firstBase_mem_slitPlane' depends on axioms: [propext,
 Classical.choice,
 Quot.sound]
'Mock2Adv.CorrectedLemmas.ZeroCuspThetaLift.secondBase_mem_slitPlane' depends on axioms: [propext,
 Classical.choice,
 Quot.sound]
'Mock2Adv.CorrectedLemmas.ZeroCuspThetaLift.continuous_transformedPoint' depends on axioms: [propext,
 Classical.choice,
 Quot.sound]
'Mock2Adv.CorrectedLemmas.ZeroCuspThetaLift.continuous_firstBase' depends on axioms: [propext,
 Classical.choice,
 Quot.sound]
'Mock2Adv.CorrectedLemmas.ZeroCuspThetaLift.continuous_secondBase' depends on axioms: [propext,
 Classical.choice,
 Quot.sound]
'Mock2Adv.CorrectedLemmas.ZeroCuspThetaLift.continuous_firstHalfPower' depends on axioms: [propext,
 Classical.choice,
 Quot.sound]
'Mock2Adv.CorrectedLemmas.ZeroCuspThetaLift.continuous_secondHalfPower' depends on axioms: [propext,
 Classical.choice,
 Quot.sound]
'Mock2Adv.CorrectedLemmas.ZeroCuspThetaLift.continuous_factor' depends on axioms: [propext,
 Classical.choice,
 Quot.sound]
'Mock2Adv.CorrectedLemmas.ZeroCuspThetaLift.halfPower_sq' depends on axioms: [propext, Classical.choice, Quot.sound]
'Mock2Adv.CorrectedLemmas.ZeroCuspThetaLift.firstBase_mul_secondBase' depends on axioms: [propext,
 Classical.choice,
 Quot.sound]
'Mock2Adv.CorrectedLemmas.ZeroCuspThetaLift.factor_sq' depends on axioms: [propext, Classical.choice, Quot.sound]
'Mock2Adv.CorrectedLemmas.ZeroCuspThetaLift.denom_zeroTranslation' depends on axioms: [propext,
 Classical.choice,
 Quot.sound]
'Mock2Adv.CorrectedLemmas.ZeroCuspThetaLift.zeroTranslation_act' depends on axioms: [propext,
 Classical.choice,
 Quot.sound]
'Mock2Adv.CorrectedLemmas.ZeroCuspThetaLift.zeroCuspLift' depends on axioms: [propext, Classical.choice, Quot.sound]
'Mock2Adv.CorrectedLemmas.ZeroCuspThetaLift.zeroCuspLift_matrix' depends on axioms: [propext,
 Classical.choice,
 Quot.sound]
'Mock2Adv.CorrectedLemmas.ZeroCuspThetaLift.zeroCuspLift_sqrtFactor' depends on axioms: [propext,
 Classical.choice,
 Quot.sound]
'Mock2Adv.CorrectedLemmas.ZeroCuspThetaLift.zeroCuspLift_projection' depends on axioms: [propext,
 Classical.choice,
 Quot.sound]
'Mock2Adv.CorrectedLemmas.ZeroCuspThetaLift.normTestPoint' depends on axioms: [propext, Classical.choice, Quot.sound]
'Mock2Adv.CorrectedLemmas.ZeroCuspThetaLift.normTestPoint_coe' depends on axioms: [propext,
 Classical.choice,
 Quot.sound]
'Mock2Adv.CorrectedLemmas.ZeroCuspThetaLift.normSq_zeroCuspDenominator_at_testPoint' depends on axioms: [propext,
 Classical.choice,
 Quot.sound]
'Mock2Adv.CorrectedLemmas.ZeroCuspThetaLift.zeroCuspLift_sqrtFactor_norm_ne_one' depends on axioms: [propext,
 Classical.choice,
 Quot.sound]
'Mock2Adv.CorrectedLemmas.ZeroCuspThetaLift.inverseHalfWeight_plainNorm_not_invariant' depends on axioms: [propext,
 Classical.choice,
 Quot.sound]
'Mock2Adv.CorrectedLemmas.ZeroCuspThetaLift.theta_zeroCuspLift_covariance' depends on axioms: [propext,
 Classical.choice,
 Quot.sound]
'Mock2Adv.CorrectedLemmas.ZeroCuspThetaLift.zeroCuspLift_isThetaCovariant' depends on axioms: [propext,
 Classical.choice,
 Quot.sound]
'Mock2Adv.CorrectedLemmas.ZeroCuspThetaLift.zeroCuspLift_pair_mem_thetaCovariantSubgroup' depends on axioms: [propext,
 Classical.choice,
 Quot.sound]
'Mock2Adv.CorrectedLemmas.GenuineGlobalThetaMultiplier.thetaLiftRange' depends on axioms: [propext,
 Classical.choice,
 Quot.sound]
'Mock2Adv.CorrectedLemmas.GenuineGlobalThetaMultiplier.translationTwoLift_mem_thetaLiftRange' depends on axioms: [propext,
 Classical.choice,
 Quot.sound]
'Mock2Adv.CorrectedLemmas.GenuineGlobalThetaMultiplier.zeroCuspLift_mem_thetaLiftRange' depends on axioms: [propext,
 Classical.choice,
 Quot.sound]
'Mock2Adv.CorrectedLemmas.GenuineGlobalThetaMultiplier.centralNegOneLift_mem_thetaLiftRange' depends on axioms: [propext,
 Classical.choice,
 Quot.sound]
'Mock2Adv.CorrectedLemmas.GenuineGlobalThetaMultiplier.deckNeg_mem_thetaLiftRange' depends on axioms: [propext,
 Classical.choice,
 Quot.sound]
'Mock2Adv.CorrectedLemmas.GenuineGlobalThetaMultiplier.genuineToIntegral' depends on axioms: [propext,
 Classical.choice,
 Quot.sound]
'Mock2Adv.CorrectedLemmas.GenuineGlobalThetaMultiplier.thetaCovariantProjectedMatrices' depends on axioms: [propext,
 Classical.choice,
 Quot.sound]
'Mock2Adv.CorrectedLemmas.GenuineGlobalThetaMultiplier.generatorA_mem_projectedMatrices' depends on axioms: [propext,
 Classical.choice,
 Quot.sound]
'Mock2Adv.CorrectedLemmas.GenuineGlobalThetaMultiplier.generatorB_mem_projectedMatrices' depends on axioms: [propext,
 Classical.choice,
 Quot.sound]
'Mock2Adv.CorrectedLemmas.GenuineGlobalThetaMultiplier.generatorZ_mem_projectedMatrices' depends on axioms: [propext,
 Classical.choice,
 Quot.sound]
'Mock2Adv.CorrectedLemmas.GenuineGlobalThetaMultiplier.generated_le_projectedMatrices' depends on axioms: [propext,
 Classical.choice,
 Quot.sound]
'Mock2Adv.CorrectedLemmas.GenuineGlobalThetaMultiplier.exists_genuineLift' depends on axioms: [propext,
 Classical.choice,
 Quot.sound]
'Mock2Adv.CorrectedLemmas.GenuineGlobalThetaMultiplier.chosenGenuineLift' depends on axioms: [propext,
 Classical.choice,
 Quot.sound]
'Mock2Adv.CorrectedLemmas.GenuineGlobalThetaMultiplier.chosenGenuineLift_matrix' depends on axioms: [propext,
 Classical.choice,
 Quot.sound]
'Mock2Adv.CorrectedLemmas.GenuineGlobalThetaMultiplier.thetaCovariantProjection_surjective' depends on axioms: [propext,
 Classical.choice,
 Quot.sound]
'Mock2Adv.CorrectedLemmas.GenuineGlobalThetaMultiplier.fullThetaCovariance' depends on axioms: [propext,
 Classical.choice,
 Quot.sound]
'Mock2Adv.CorrectedLemmas.GenuineGlobalThetaMultiplier.standardThetaMultiplier' depends on axioms: [propext,
 Classical.choice,
 Quot.sound]
'Mock2Adv.CorrectedLemmas.GenuineGlobalThetaMultiplier.standardTheta_isAutomorphic' depends on axioms: [propext,
 Classical.choice,
 Quot.sound]
'Mock2Adv.CorrectedLemmas.GenuineGlobalThetaMultiplier.standardThetaMultiplier_central_value' depends on axioms: [propext,
 Classical.choice,
 Quot.sound]
'Mock2Adv.CorrectedLemmas.GenuineAEAutomorphicSections.Section' depends on axioms: [propext,
 Classical.choice,
 Quot.sound]
'Mock2Adv.CorrectedLemmas.GenuineAEAutomorphicSections.factorClass' depends on axioms: [propext,
 Classical.choice,
 Quot.sound]
'Mock2Adv.CorrectedLemmas.GenuineAEAutomorphicSections.pullback' depends on axioms: [propext,
 Classical.choice,
 Quot.sound]
'Mock2Adv.CorrectedLemmas.GenuineAEAutomorphicSections.IsAutomorphicClass' depends on axioms: [propext,
 Classical.choice,
 Quot.sound]
'Mock2Adv.CorrectedLemmas.GenuineAEAutomorphicSections.mk_isAutomorphicClass_iff' depends on axioms: [propext,
 Classical.choice,
 Quot.sound]
'Mock2Adv.CorrectedLemmas.GenuineAEAutomorphicSections.isAutomorphicClass_iff_representative' depends on axioms: [propext,
 Classical.choice,
 Quot.sound]
'Mock2Adv.CorrectedLemmas.GenuineAEAutomorphicSections.pullback_zero' depends on axioms: [propext,
 Classical.choice,
 Quot.sound]
'Mock2Adv.CorrectedLemmas.GenuineAEAutomorphicSections.pullback_add' depends on axioms: [propext,
 Classical.choice,
 Quot.sound]
'Mock2Adv.CorrectedLemmas.GenuineAEAutomorphicSections.pullback_smul' depends on axioms: [propext,
 Classical.choice,
 Quot.sound]
'Mock2Adv.CorrectedLemmas.GenuineAEAutomorphicSections.mul_const_smul' depends on axioms: [propext,
 Classical.choice,
 Quot.sound]
'Mock2Adv.CorrectedLemmas.GenuineAEAutomorphicSections.isAutomorphicClass_zero' depends on axioms: [propext,
 Classical.choice,
 Quot.sound]
'Mock2Adv.CorrectedLemmas.GenuineAEAutomorphicSections.IsAutomorphicClass.add' depends on axioms: [propext,
 Classical.choice,
 Quot.sound]
'Mock2Adv.CorrectedLemmas.GenuineAEAutomorphicSections.IsAutomorphicClass.smul' depends on axioms: [propext,
 Classical.choice,
 Quot.sound]
'Mock2Adv.CorrectedLemmas.GenuineAEAutomorphicSections.IsAutomorphicClass.eq_zero_of_bad_central_phase' depends on axioms: [propext,
 Classical.choice,
 Quot.sound]
'Mock2Adv.CorrectedLemmas.GenuineAEAutomorphicSections.continuous_concreteTheta' depends on axioms: [propext,
 Classical.choice,
 Quot.sound]
'Mock2Adv.CorrectedLemmas.GenuineAEAutomorphicSections.standardThetaClass' depends on axioms: [propext,
 Classical.choice,
 Quot.sound]
'Mock2Adv.CorrectedLemmas.GenuineAEAutomorphicSections.standardThetaClass_isAutomorphic' depends on axioms: [propext,
 Classical.choice,
 Quot.sound]
'Mock2Adv.CorrectedLemmas.GenuineInverseAEAutomorphicSections.Section' depends on axioms: [propext,
 Classical.choice,
 Quot.sound]
'Mock2Adv.CorrectedLemmas.GenuineInverseAEAutomorphicSections.factorClass' depends on axioms: [propext,
 Classical.choice,
 Quot.sound]
'Mock2Adv.CorrectedLemmas.GenuineInverseAEAutomorphicSections.pullback' depends on axioms: [propext,
 Classical.choice,
 Quot.sound]
'Mock2Adv.CorrectedLemmas.GenuineInverseAEAutomorphicSections.IsAutomorphicClass' depends on axioms: [propext,
 Classical.choice,
 Quot.sound]
'Mock2Adv.CorrectedLemmas.GenuineInverseAEAutomorphicSections.mk_isAutomorphicClass_iff' depends on axioms: [propext,
 Classical.choice,
 Quot.sound]
'Mock2Adv.CorrectedLemmas.GenuineInverseAEAutomorphicSections.isAutomorphicClass_iff_representative' depends on axioms: [propext,
 Classical.choice,
 Quot.sound]
'Mock2Adv.CorrectedLemmas.GenuineInverseAEAutomorphicSections.pullback_zero' depends on axioms: [propext,
 Classical.choice,
 Quot.sound]
'Mock2Adv.CorrectedLemmas.GenuineInverseAEAutomorphicSections.pullback_add' depends on axioms: [propext,
 Classical.choice,
 Quot.sound]
'Mock2Adv.CorrectedLemmas.GenuineInverseAEAutomorphicSections.pullback_smul' depends on axioms: [propext,
 Classical.choice,
 Quot.sound]
'Mock2Adv.CorrectedLemmas.GenuineInverseAEAutomorphicSections.mul_const_smul' depends on axioms: [propext,
 Classical.choice,
 Quot.sound]
'Mock2Adv.CorrectedLemmas.GenuineInverseAEAutomorphicSections.isAutomorphicClass_zero' depends on axioms: [propext,
 Classical.choice,
 Quot.sound]
'Mock2Adv.CorrectedLemmas.GenuineInverseAEAutomorphicSections.IsAutomorphicClass.add' depends on axioms: [propext,
 Classical.choice,
 Quot.sound]
'Mock2Adv.CorrectedLemmas.GenuineInverseAEAutomorphicSections.IsAutomorphicClass.smul' depends on axioms: [propext,
 Classical.choice,
 Quot.sound]
'Mock2Adv.CorrectedLemmas.GenuineInverseAEAutomorphicSections.IsAutomorphicClass.eq_zero_of_bad_central_phase' depends on axioms: [propext,
 Classical.choice,
 Quot.sound]
'Mock2Adv.CorrectedLemmas.GenuineSixCellWeightedL2.fundamentalRegion' depends on axioms: [propext,
 Classical.choice,
 Quot.sound]
'Mock2Adv.CorrectedLemmas.GenuineSixCellWeightedL2.measurableSet_fundamentalRegion' depends on axioms: [propext,
 Classical.choice,
 Quot.sound]
'Mock2Adv.CorrectedLemmas.GenuineSixCellWeightedL2.fundamentalMeasure' depends on axioms: [propext,
 Classical.choice,
 Quot.sound]
'Mock2Adv.CorrectedLemmas.GenuineSixCellWeightedL2.fundamentalMeasure_le_hyperbolicMeasure' depends on axioms: [propext,
 Classical.choice,
 Quot.sound]
'Mock2Adv.CorrectedLemmas.GenuineSixCellWeightedL2.eventually_of_hyperbolic_eventually' depends on axioms: [propext,
 Classical.choice,
 Quot.sound]
'Mock2Adv.CorrectedLemmas.GenuineSixCellWeightedL2.global_aeEq_of_fundamental_aeEq' depends on axioms: [propext,
 Classical.choice,
 Quot.sound]
'Mock2Adv.CorrectedLemmas.GenuineSixCellWeightedL2.PositiveL2Carrier' depends on axioms: [propext,
 Classical.choice,
 Quot.sound]
'Mock2Adv.CorrectedLemmas.GenuineSixCellWeightedL2.InverseL2Carrier' depends on axioms: [propext,
 Classical.choice,
 Quot.sound]
'Mock2Adv.CorrectedLemmas.GenuineSixCellWeightedL2.positivePeterssonQuarter' depends on axioms: [propext,
 Classical.choice,
 Quot.sound]
'Mock2Adv.CorrectedLemmas.GenuineSixCellWeightedL2.continuous_positivePeterssonQuarter' depends on axioms: [propext,
 Classical.choice,
 Quot.sound]
'Mock2Adv.CorrectedLemmas.GenuineSixCellWeightedL2.positivePeterssonQuarter_ne_zero' depends on axioms: [propext,
 Classical.choice,
 Quot.sound]
'Mock2Adv.CorrectedLemmas.GenuineSixCellWeightedL2.norm_positivePeterssonQuarter' depends on axioms: [propext,
 Classical.choice,
 Quot.sound]
'Mock2Adv.CorrectedLemmas.GenuineSixCellWeightedL2.norm_positivePeterssonQuarter_mul_sq' depends on axioms: [propext,
 Classical.choice,
 Quot.sound]
'Mock2Adv.CorrectedLemmas.GenuineSixCellWeightedL2.inversePeterssonQuarter' depends on axioms: [propext,
 Classical.choice,
 Quot.sound]
'Mock2Adv.CorrectedLemmas.GenuineSixCellWeightedL2.inversePeterssonQuarter_ne_zero' depends on axioms: [propext,
 Classical.choice,
 Quot.sound]
'Mock2Adv.CorrectedLemmas.GenuineSixCellWeightedL2.continuous_inversePeterssonQuarter' depends on axioms: [propext,
 Classical.choice,
 Quot.sound]
'Mock2Adv.CorrectedLemmas.GenuineSixCellWeightedL2.norm_inversePeterssonQuarter' depends on axioms: [propext,
 Classical.choice,
 Quot.sound]
'Mock2Adv.CorrectedLemmas.GenuineSixCellWeightedL2.norm_inversePeterssonQuarter_mul_sq' depends on axioms: [propext,
 Classical.choice,
 Quot.sound]
'Mock2Adv.CorrectedLemmas.GenuineSixCellWeightedL2.positiveNormalizedRepresentative' depends on axioms: [propext,
 Classical.choice,
 Quot.sound]
'Mock2Adv.CorrectedLemmas.GenuineSixCellWeightedL2.positiveNormalizedRepresentative_aestronglyMeasurable' depends on axioms: [propext,
 Classical.choice,
 Quot.sound]
'Mock2Adv.CorrectedLemmas.GenuineSixCellWeightedL2.inverseNormalizedRepresentative' depends on axioms: [propext,
 Classical.choice,
 Quot.sound]
'Mock2Adv.CorrectedLemmas.GenuineSixCellWeightedL2.inverseNormalizedRepresentative_aestronglyMeasurable' depends on axioms: [propext,
 Classical.choice,
 Quot.sound]
'Mock2Adv.CorrectedLemmas.GenuineSixCellWeightedL2.fdHeightMajorant' depends on axioms: [propext,
 Classical.choice,
 Quot.sound]
'Mock2Adv.CorrectedLemmas.GenuineSixCellWeightedL2.fdRectangle' depends on axioms: [propext,
 Classical.choice,
 Quot.sound]
'Mock2Adv.CorrectedLemmas.GenuineSixCellWeightedL2.fdComplexStrip' depends on axioms: [propext,
 Classical.choice,
 Quot.sound]
'Mock2Adv.CorrectedLemmas.GenuineSixCellWeightedL2.fdHeightMajorant_eq_cuspPowerDensity_add' depends on axioms: [propext,
 Classical.choice,
 Quot.sound]
'Mock2Adv.CorrectedLemmas.GenuineSixCellWeightedL2.integrableOn_fdHeightMajorant_Ioi' depends on axioms: [propext,
 Classical.choice,
 Quot.sound]
'Mock2Adv.CorrectedLemmas.GenuineSixCellWeightedL2.integrableOn_fdHeightMajorant_rectangle' depends on axioms: [propext,
 Classical.choice,
 Quot.sound]
'Mock2Adv.CorrectedLemmas.GenuineSixCellWeightedL2.integrableOn_fdHeightMajorant_complexStrip' depends on axioms: [propext,
 Classical.choice,
 Quot.sound]
'Mock2Adv.CorrectedLemmas.GenuineSixCellWeightedL2.one_half_lt_im_of_mem_fd' depends on axioms: [propext,
 Classical.choice,
 Quot.sound]
'Mock2Adv.CorrectedLemmas.GenuineSixCellWeightedL2.coe_fd_subset_fdComplexStrip' depends on axioms: [propext,
 Classical.choice,
 Quot.sound]
'Mock2Adv.CorrectedLemmas.GenuineSixCellWeightedL2.integrableOn_fdHeightMajorant_fd_comap' depends on axioms: [propext,
 Classical.choice,
 Quot.sound]
'Mock2Adv.CorrectedLemmas.GenuineSixCellWeightedL2.integrableOn_one_add_sqrt_im_fd' depends on axioms: [propext,
 Classical.choice,
 Quot.sound]
'Mock2Adv.CorrectedLemmas.GenuineSixCellWeightedL2.inv_sqrt_im_le_two_of_mem_fd' depends on axioms: [propext,
 Classical.choice,
 Quot.sound]
'Mock2Adv.CorrectedLemmas.GenuineSixCellWeightedL2.positiveThetaDensity_le_nine_one_add_sqrt' depends on axioms: [propext,
 Classical.choice,
 Quot.sound]
'Mock2Adv.CorrectedLemmas.GenuineSixCellWeightedL2.directPositiveTheta_aestronglyMeasurable_fd' depends on axioms: [propext,
 Classical.choice,
 Quot.sound]
'Mock2Adv.CorrectedLemmas.GenuineSixCellWeightedL2.integrableOn_directPositiveTheta_sq_fd' depends on axioms: [propext,
 Classical.choice,
 Quot.sound]
'Mock2Adv.CorrectedLemmas.GenuineSixCellWeightedL2.directPositiveTheta_memLp_fd' depends on axioms: [propext,
 Classical.choice,
 Quot.sound]
'Mock2Adv.CorrectedLemmas.GenuineSixCellWeightedL2.positiveNormalized_standardThetaClass_aeEq_fd' depends on axioms: [propext,
 Classical.choice,
 Quot.sound]
'Mock2Adv.CorrectedLemmas.GenuineSixCellWeightedL2.positiveNormalized_standardThetaClass_memLp_fd' depends on axioms: [propext,
 Classical.choice,
 Quot.sound]
'Mock2Adv.CorrectedLemmas.GenuineSixCellWeightedL2.integralMatrixAction_measurePreserving' depends on axioms: [propext,
 Classical.choice,
 Quot.sound]
'Mock2Adv.CorrectedLemmas.GenuineSixCellWeightedL2.integralMatrixAction_measurableEmbedding' depends on axioms: [propext,
 Classical.choice,
 Quot.sound]
'Mock2Adv.CorrectedLemmas.GenuineSixCellWeightedL2.cellPullback' depends on axioms: [propext,
 Classical.choice,
 Quot.sound]
'Mock2Adv.CorrectedLemmas.GenuineSixCellWeightedL2.integrableOn_closedCell_iff' depends on axioms: [propext,
 Classical.choice,
 Quot.sound]
'Mock2Adv.CorrectedLemmas.GenuineSixCellWeightedL2.integrableOn_closedCell_of_pullback_majorant' depends on axioms: [propext,
 Classical.choice,
 Quot.sound]
'Mock2Adv.CorrectedLemmas.GenuineSixCellWeightedL2.integrableOn_fundamentalRegion_iff' depends on axioms: [propext,
 Classical.choice,
 Quot.sound]
'Mock2Adv.CorrectedLemmas.GenuineSixCellWeightedL2.integrable_fundamentalMeasure_iff' depends on axioms: [propext,
 Classical.choice,
 Quot.sound]
'Mock2Adv.CorrectedLemmas.GenuineSixCellWeightedL2.integrable_fundamentalMeasure_of_pullback_majorants' depends on axioms: [propext,
 Classical.choice,
 Quot.sound]
'Mock2Adv.CorrectedLemmas.GenuineSixCellWeightedL2.memLp_two_fundamentalMeasure_of_pullback_majorants' depends on axioms: [propext,
 Classical.choice,
 Quot.sound]
'Mock2Adv.CorrectedLemmas.GenuineSixCellWeightedL2.positiveThetaDensity_le_sqrt_envelope' depends on axioms: [propext,
 Classical.choice,
 Quot.sound]
'Mock2Adv.CorrectedLemmas.GenuineSixCellWeightedL2.positiveThetaDensity_pullback_le_on_fd' depends on axioms: [propext,
 Classical.choice,
 Quot.sound]
'Mock2Adv.CorrectedLemmas.GenuineSixCellWeightedL2.standardThetaCellMajorant' depends on axioms: [propext,
 Classical.choice,
 Quot.sound]
'Mock2Adv.CorrectedLemmas.GenuineSixCellWeightedL2.integrableOn_standardThetaCellMajorant_fd' depends on axioms: [propext,
 Classical.choice,
 Quot.sound]
'Mock2Adv.CorrectedLemmas.GenuineSixCellWeightedL2.directPositiveTheta_memLp_fundamentalMeasure' depends on axioms: [propext,
 Classical.choice,
 Quot.sound]
'Mock2Adv.CorrectedLemmas.GenuineSixCellWeightedL2.positiveNormalized_standardThetaClass_aeEq_fundamentalMeasure' depends on axioms: [propext,
 Classical.choice,
 Quot.sound]
'Mock2Adv.CorrectedLemmas.GenuineSixCellWeightedL2.positiveNormalized_standardThetaClass_memLp_fundamentalMeasure' depends on axioms: [propext,
 Classical.choice,
 Quot.sound]
'Mock2Adv.CorrectedLemmas.GenuineSixCellWeightedL2.positiveNormalizedRepresentative_zero' depends on axioms: [propext,
 Classical.choice,
 Quot.sound]
'Mock2Adv.CorrectedLemmas.GenuineSixCellWeightedL2.positiveNormalizedRepresentative_add' depends on axioms: [propext,
 Classical.choice,
 Quot.sound]
'Mock2Adv.CorrectedLemmas.GenuineSixCellWeightedL2.positiveNormalizedRepresentative_smul' depends on axioms: [propext,
 Classical.choice,
 Quot.sound]
'Mock2Adv.CorrectedLemmas.GenuineSixCellWeightedL2.inverseNormalizedRepresentative_zero' depends on axioms: [propext,
 Classical.choice,
 Quot.sound]
'Mock2Adv.CorrectedLemmas.GenuineSixCellWeightedL2.inverseNormalizedRepresentative_add' depends on axioms: [propext,
 Classical.choice,
 Quot.sound]
'Mock2Adv.CorrectedLemmas.GenuineSixCellWeightedL2.inverseNormalizedRepresentative_smul' depends on axioms: [propext,
 Classical.choice,
 Quot.sound]
'Mock2Adv.CorrectedLemmas.GenuineSixCellWeightedL2.IsPositiveFundamentalL2' depends on axioms: [propext,
 Classical.choice,
 Quot.sound]
'Mock2Adv.CorrectedLemmas.GenuineSixCellWeightedL2.IsInverseFundamentalL2' depends on axioms: [propext,
 Classical.choice,
 Quot.sound]
'Mock2Adv.CorrectedLemmas.GenuineSixCellWeightedL2.standardThetaClass_isPositiveFundamentalL2' depends on axioms: [propext,
 Classical.choice,
 Quot.sound]
'Mock2Adv.CorrectedLemmas.GenuineSixCellWeightedL2.isPositiveFundamentalL2_zero' depends on axioms: [propext,
 Classical.choice,
 Quot.sound]
'Mock2Adv.CorrectedLemmas.GenuineSixCellWeightedL2.IsPositiveFundamentalL2.add' depends on axioms: [propext,
 Classical.choice,
 Quot.sound]
'Mock2Adv.CorrectedLemmas.GenuineSixCellWeightedL2.IsPositiveFundamentalL2.const_smul' depends on axioms: [propext,
 Classical.choice,
 Quot.sound]
'Mock2Adv.CorrectedLemmas.GenuineSixCellWeightedL2.isInverseFundamentalL2_zero' depends on axioms: [propext,
 Classical.choice,
 Quot.sound]
'Mock2Adv.CorrectedLemmas.GenuineSixCellWeightedL2.IsInverseFundamentalL2.add' depends on axioms: [propext,
 Classical.choice,
 Quot.sound]
'Mock2Adv.CorrectedLemmas.GenuineSixCellWeightedL2.IsInverseFundamentalL2.const_smul' depends on axioms: [propext,
 Classical.choice,
 Quot.sound]
'Mock2Adv.CorrectedLemmas.GenuineSixCellWeightedL2.positiveAutomorphicL2Submodule' depends on axioms: [propext,
 Classical.choice,
 Quot.sound]
'Mock2Adv.CorrectedLemmas.GenuineSixCellWeightedL2.mem_positiveAutomorphicL2Submodule' depends on axioms: [propext,
 Classical.choice,
 Quot.sound]
'Mock2Adv.CorrectedLemmas.GenuineSixCellWeightedL2.standardThetaClass_mem_positiveAutomorphicL2Submodule' depends on axioms: [propext,
 Classical.choice,
 Quot.sound]
'Mock2Adv.CorrectedLemmas.GenuineSixCellWeightedL2.standardThetaAutomorphicL2Section' depends on axioms: [propext,
 Classical.choice,
 Quot.sound]
'Mock2Adv.CorrectedLemmas.GenuineSixCellWeightedL2.inverseAutomorphicL2Submodule' depends on axioms: [propext,
 Classical.choice,
 Quot.sound]
'Mock2Adv.CorrectedLemmas.GenuineSixCellWeightedL2.mem_inverseAutomorphicL2Submodule' depends on axioms: [propext,
 Classical.choice,
 Quot.sound]
'Mock2Adv.CorrectedLemmas.GenuineSixCellWeightedL2.positiveAutomorphicL2Submodule_eq_bot_of_bad_central_phase' depends on axioms: [propext,
 Classical.choice,
 Quot.sound]
'Mock2Adv.CorrectedLemmas.GenuineSixCellWeightedL2.inverseAutomorphicL2Submodule_eq_bot_of_bad_central_phase' depends on axioms: [propext,
 Classical.choice,
 Quot.sound]
'Mock2Adv.CorrectedLemmas.GenuineSixCellWeightedL2.positiveAutomorphicL2Submodule_one_eq_bot' depends on axioms: [propext,
 Classical.choice,
 Quot.sound]
'Mock2Adv.CorrectedLemmas.GenuineSixCellWeightedL2.standardThetaMultiplier_ne_inverseCentralPhase' depends on axioms: [propext,
 Classical.choice,
 Quot.sound]
'Mock2Adv.CorrectedLemmas.GenuineSixCellWeightedL2.inverseStandardThetaAutomorphicL2Submodule_eq_bot' depends on axioms: [propext,
 Classical.choice,
 Quot.sound]
'Mock2Adv.CorrectedLemmas.GenuineSixCellWeightedL2.positiveToLp' depends on axioms: [propext,
 Classical.choice,
 Quot.sound]
'Mock2Adv.CorrectedLemmas.GenuineSixCellWeightedL2.inverseToLp' depends on axioms: [propext,
 Classical.choice,
 Quot.sound]
'Mock2Adv.CorrectedLemmas.GenuineSixCellWeightedL2.coeFn_positiveToLp' depends on axioms: [propext,
 Classical.choice,
 Quot.sound]
'Mock2Adv.CorrectedLemmas.GenuineSixCellWeightedL2.coeFn_inverseToLp' depends on axioms: [propext,
 Classical.choice,
 Quot.sound]
'Mock2Adv.CorrectedLemmas.GenuineSixCellWeightedL2.norm_positiveToLp' depends on axioms: [propext,
 Classical.choice,
 Quot.sound]
'Mock2Adv.CorrectedLemmas.GenuineSixCellWeightedL2.norm_inverseToLp' depends on axioms: [propext,
 Classical.choice,
 Quot.sound]
'Mock2Adv.CorrectedLemmas.GenuineSixCellWeightedL2.positiveToLp_proof_irrel' depends on axioms: [propext,
 Classical.choice,
 Quot.sound]
'Mock2Adv.CorrectedLemmas.GenuineSixCellWeightedL2.inverseToLp_proof_irrel' depends on axioms: [propext,
 Classical.choice,
 Quot.sound]
'Mock2Adv.CorrectedLemmas.GenuineSixCellWeightedL2.positiveRealizationLinear' depends on axioms: [propext,
 Classical.choice,
 Quot.sound]
'Mock2Adv.CorrectedLemmas.GenuineSixCellWeightedL2.inverseRealizationLinear' depends on axioms: [propext,
 Classical.choice,
 Quot.sound]
'Mock2Adv.CorrectedLemmas.GenuineSixCellWeightedL2.positiveL2Range' depends on axioms: [propext,
 Classical.choice,
 Quot.sound]
'Mock2Adv.CorrectedLemmas.GenuineSixCellWeightedL2.inverseL2Range' depends on axioms: [propext,
 Classical.choice,
 Quot.sound]
'Mock2Adv.CorrectedLemmas.GenuineSixCellWeightedL2.PositiveClosedL2Space' depends on axioms: [propext,
 Classical.choice,
 Quot.sound]
'Mock2Adv.CorrectedLemmas.GenuineSixCellWeightedL2.InverseClosedL2Space' depends on axioms: [propext,
 Classical.choice,
 Quot.sound]
'Mock2Adv.CorrectedLemmas.GenuineSixCellWeightedL2.isClosed_positiveClosedL2Space' depends on axioms: [propext,
 Classical.choice,
 Quot.sound]
'Mock2Adv.CorrectedLemmas.GenuineSixCellWeightedL2.isClosed_inverseClosedL2Space' depends on axioms: [propext,
 Classical.choice,
 Quot.sound]
'Mock2Adv.CorrectedLemmas.GenuineSixCellWeightedL2.isComplete_positiveClosedL2Space' depends on axioms: [propext,
 Classical.choice,
 Quot.sound]
'Mock2Adv.CorrectedLemmas.GenuineSixCellWeightedL2.isComplete_inverseClosedL2Space' depends on axioms: [propext,
 Classical.choice,
 Quot.sound]
'Mock2Adv.CorrectedLemmas.GenuineSixCellWeightedL2.positiveRangeToClosedL2' depends on axioms: [propext,
 Classical.choice,
 Quot.sound]
'Mock2Adv.CorrectedLemmas.GenuineSixCellWeightedL2.inverseRangeToClosedL2' depends on axioms: [propext,
 Classical.choice,
 Quot.sound]
'Mock2Adv.CorrectedLemmas.GenuineSixCellWeightedL2.denseRange_positiveRangeToClosedL2' depends on axioms: [propext,
 Classical.choice,
 Quot.sound]
'Mock2Adv.CorrectedLemmas.GenuineSixCellWeightedL2.denseRange_inverseRangeToClosedL2' depends on axioms: [propext,
 Classical.choice,
 Quot.sound]
'Mock2Adv.CorrectedLemmas.GenuineSixCellWeightedL2.positiveRealizationLinear_injective' depends on axioms: [propext,
 Classical.choice,
 Quot.sound]
'Mock2Adv.CorrectedLemmas.GenuineSixCellWeightedL2.inverseRealizationLinear_injective' depends on axioms: [propext,
 Classical.choice,
 Quot.sound]
'Mock2Adv.CorrectedLemmas.GenuineSixCellWeightedL2.PositiveAutomorphicL2Section' depends on axioms: [propext,
 Classical.choice,
 Quot.sound]
'Mock2Adv.CorrectedLemmas.GenuineSixCellWeightedL2.InverseAutomorphicL2Section' depends on axioms: [propext,
 Classical.choice,
 Quot.sound]
'Mock2Adv.CorrectedLemmas.GenuineSixCellWeightedL2.positiveAutomorphicL2SectionEquiv' depends on axioms: [propext,
 Classical.choice,
 Quot.sound]
'Mock2Adv.CorrectedLemmas.GenuineSixCellWeightedL2.inverseAutomorphicL2SectionEquiv' depends on axioms: [propext,
 Classical.choice,
 Quot.sound]
'Mock2Adv.CorrectedLemmas.GenuineSixCellWeightedL2.PositiveAutomorphicL2Section.realization' depends on axioms: [propext,
 Classical.choice,
 Quot.sound]
'Mock2Adv.CorrectedLemmas.GenuineSixCellWeightedL2.PositiveAutomorphicL2Section.realization_eq_linear' depends on axioms: [propext,
 Classical.choice,
 Quot.sound]
'Mock2Adv.CorrectedLemmas.GenuineSixCellWeightedL2.PositiveAutomorphicL2Section.realization_injective' depends on axioms: [propext,
 Classical.choice,
 Quot.sound]
'Mock2Adv.CorrectedLemmas.GenuineSixCellWeightedL2.PositiveAutomorphicL2Section.coeFn_realization' depends on axioms: [propext,
 Classical.choice,
 Quot.sound]
'Mock2Adv.CorrectedLemmas.GenuineSixCellWeightedL2.PositiveAutomorphicL2Section.norm_realization' depends on axioms: [propext,
 Classical.choice,
 Quot.sound]
'Mock2Adv.CorrectedLemmas.GenuineSixCellWeightedL2.InverseAutomorphicL2Section.realization' depends on axioms: [propext,
 Classical.choice,
 Quot.sound]
'Mock2Adv.CorrectedLemmas.GenuineSixCellWeightedL2.InverseAutomorphicL2Section.realization_eq_linear' depends on axioms: [propext,
 Classical.choice,
 Quot.sound]
'Mock2Adv.CorrectedLemmas.GenuineSixCellWeightedL2.InverseAutomorphicL2Section.realization_injective' depends on axioms: [propext,
 Classical.choice,
 Quot.sound]
'Mock2Adv.CorrectedLemmas.GenuineSixCellWeightedL2.InverseAutomorphicL2Section.coeFn_realization' depends on axioms: [propext,
 Classical.choice,
 Quot.sound]
'Mock2Adv.CorrectedLemmas.GenuineSixCellWeightedL2.InverseAutomorphicL2Section.norm_realization' depends on axioms: [propext,
 Classical.choice,
 Quot.sound]
'Mock2Adv.CorrectedLemmas.Gamma2CuspParity.scalingFirstColumn_infinity' depends on axioms: [propext,
 Classical.choice,
 Quot.sound]
'Mock2Adv.CorrectedLemmas.Gamma2CuspParity.scalingFirstColumn_zero' depends on axioms: [propext,
 Classical.choice,
 Quot.sound]
'Mock2Adv.CorrectedLemmas.Gamma2CuspParity.scalingFirstColumn_one' depends on axioms: [propext,
 Classical.choice,
 Quot.sound]
'Mock2Adv.CorrectedLemmas.Gamma2CuspParity.scalingFirstColumn_isCoprime' depends on axioms: [propext,
 Classical.choice,
 Quot.sound]
'Mock2Adv.CorrectedLemmas.Gamma2CuspParity.standardParity_injective' depends on axioms: [propext,
 Classical.choice,
 Quot.sound]
'Mock2Adv.CorrectedLemmas.Gamma2CuspParity.card_nonzeroParityPair' depends on axioms: [propext,
 Classical.choice,
 Quot.sound]
'Mock2Adv.CorrectedLemmas.Gamma2CuspParity.standardNonzeroParity_bijective' depends on axioms: [propext,
 Classical.choice,
 Quot.sound]
'Mock2Adv.CorrectedLemmas.Gamma2CuspParity.existsUnique_standardParity' depends on axioms: [propext,
 Classical.choice,
 Quot.sound]
'Mock2Adv.CorrectedLemmas.Gamma2CuspParity.reducePair_ne_zero_of_isCoprime' depends on axioms: [propext,
 Classical.choice,
 Quot.sound]
'Mock2Adv.CorrectedLemmas.Gamma2CuspParity.existsUnique_standardParity_of_isCoprime' depends on axioms: [propext,
 Classical.choice,
 Quot.sound]
'Mock2Adv.CorrectedLemmas.Gamma2CuspParity.reducePair_pairAction' depends on axioms: [propext,
 Classical.choice,
 Quot.sound]
'Mock2Adv.CorrectedLemmas.Gamma2CuspParity.reducePair_neg' depends on axioms: [propext, Classical.choice, Quot.sound]
'Mock2Adv.CorrectedLemmas.Gamma2CuspParity.scalingFirstColumn_related_implies_sameCusp' depends on axioms: [propext,
 Classical.choice,
 Quot.sound]
'Mock2Adv.CorrectedLemmas.Gamma2CuspParity.scalingFirstColumn_signedRelated_implies_sameCusp' depends on axioms: [propext,
 Classical.choice,
 Quot.sound]
'Mock2Adv.CorrectedLemmas.Gamma2CuspParity.integralFirstColumn' depends on axioms: [propext,
 Classical.choice,
 Quot.sound]
'Mock2Adv.CorrectedLemmas.Gamma2CuspParity.integralFirstColumn_fst' depends on axioms: [propext,
 Classical.choice,
 Quot.sound]
'Mock2Adv.CorrectedLemmas.Gamma2CuspParity.integralFirstColumn_snd' depends on axioms: [propext,
 Classical.choice,
 Quot.sound]
'Mock2Adv.CorrectedLemmas.Gamma2CuspParity.pairAction_integralFirstColumn' depends on axioms: [propext,
 Classical.choice,
 Quot.sound]
'Mock2Adv.CorrectedLemmas.Gamma2CuspParity.repMatrix_firstColumn_eq_scalingFirstColumn' depends on axioms: [propext,
 Classical.choice,
 Quot.sound]
'Mock2Adv.CorrectedLemmas.Gamma2CuspParity.exists_integralSpecialLinear_firstColumn' depends on axioms: [propext,
 Classical.choice,
 Quot.sound]
'Mock2Adv.CorrectedLemmas.Gamma2CuspParity.exists_gamma2_cuspOrbit_of_isCoprime' depends on axioms: [propext,
 Classical.choice,
 Quot.sound]
'Mock2Adv.CorrectedLemmas.Gamma2CuspParity.cusp_eq_of_pairActions_eq' depends on axioms: [propext,
 Classical.choice,
 Quot.sound]
'Mock2Adv.CorrectedLemmas.Gamma2CuspParity.existsUnique_gamma2_cuspOrbit_of_isCoprime' depends on axioms: [propext,
 Classical.choice,
 Quot.sound]
'Mock2Adv.UnnumberedFormulaLedger.section7I_scalingColumnsComputed_proved' depends on axioms: [propext,
 Classical.choice,
 Quot.sound]
'Mock2Adv.UnnumberedFormulaLedger.section7I_scalingColumnsPrimitive_proved' depends on axioms: [propext,
 Classical.choice,
 Quot.sound]
'Mock2Adv.UnnumberedFormulaLedger.section7I_threeNonzeroParityClasses_proved' depends on axioms: [propext,
 Classical.choice,
 Quot.sound]
'Mock2Adv.UnnumberedFormulaLedger.section7I_uniqueParityClassifier_proved' depends on axioms: [propext,
 Classical.choice,
 Quot.sound]
'Mock2Adv.UnnumberedFormulaLedger.section7I_primitiveColumnParityNonzero_proved' depends on axioms: [propext,
 Classical.choice,
 Quot.sound]
'Mock2Adv.UnnumberedFormulaLedger.section7I_primitiveColumnClassifier_proved' depends on axioms: [propext,
 Classical.choice,
 Quot.sound]
'Mock2Adv.UnnumberedFormulaLedger.section7I_primitiveColumnOrbitClassification_proved' depends on axioms: [propext,
 Classical.choice,
 Quot.sound]
'Mock2Adv.UnnumberedFormulaLedger.section7I_gamma2ParityInvariant_proved' depends on axioms: [propext,
 Classical.choice,
 Quot.sound]
'Mock2Adv.UnnumberedFormulaLedger.section7I_signedCuspRepresentativeSeparation_proved' depends on axioms: [propext,
 Classical.choice,
 Quot.sound]
'Mock2Adv.UnnumberedFormulaLedger.equations4_28_to_4_29_qParamRealPeriod_proved' depends on axioms: [propext,
 Classical.choice,
 Quot.sound]
'Mock2Adv.UnnumberedFormulaLedger.equations4_28_to_4_29_cuspTranslationMembership_proved' depends on axioms: [propext,
 Classical.choice,
 Quot.sound]
'Mock2Adv.UnnumberedFormulaLedger.equations4_28_to_4_29_scaledCuspTranslation_proved' depends on axioms: [propext,
 Classical.choice,
 Quot.sound]
'Mock2Adv.UnnumberedFormulaLedger.equations4_28_to_4_29_cuspQStabilizerInvariance_proved' depends on axioms: [propext,
 Classical.choice,
 Quot.sound]
'Mock2Adv.CorrectedLemmas.MockPrototypeUnderspecification.constant_holomorphicPrototypeAtRadius' depends on axioms: [propext,
 Classical.choice,
 Quot.sound]
'Mock2Adv.CorrectedLemmas.MockPrototypeUnderspecification.positiveRadius_does_not_determinePrototype' depends on axioms: [propext,
 Classical.choice,
 Quot.sound]
'Mock2Adv.CorrectedLemmas.MockPrototypeUnderspecification.add_kernel_preserves_shadow' depends on axioms: [propext,
 Classical.choice,
 Quot.sound]
'Mock2Adv.CorrectedLemmas.MockPrototypeUnderspecification.correction_not_unique_of_nonzero_kernel' depends on axioms: [propext,
 Classical.choice,
 Quot.sound]
'Mock2Adv.CorrectedLemmas.MockPrototypeUnderspecification.modelShadowEquation_has_distinctCorrections' depends on axioms: [propext,
 Classical.choice,
 Quot.sound]
'Mock2Adv.UnnumberedFormulaLedger.equations4_1_to_4_9_prototypeUnderdeterminedErratum' depends on axioms: [propext,
 Classical.choice,
 Quot.sound]
'Mock2Adv.UnnumberedFormulaLedger.equations4_1_to_4_9_additiveSplittingNotUniqueErratum' depends on axioms: [propext,
 Classical.choice,
 Quot.sound]
'Mock2Adv.UnnumberedFormulaLedger.equations4_30_to_4_32_eichlerKernelAmbiguity_correctedAndProved' depends on axioms: [propext,
 Classical.choice,
 Quot.sound]
'Mock2Adv.UnnumberedFormulaLedger.equations4_30_to_4_32_concreteCorrectionNonuniquenessErratum' depends on axioms: [propext,
 Classical.choice,
 Quot.sound]
'Mock2Adv.weightedAutomorphicSobolev_ae' depends on axioms: [propext, Classical.choice, Quot.sound]
'Mock2Adv.norm_dualPairing_le' depends on axioms: [propext, Classical.choice, Quot.sound]
'Mock2Adv.truncatedFundamentalDomain_mono' depends on axioms: [propext, Classical.choice, Quot.sound]
'Mock2Adv.massFunctional_nonneg' depends on axioms: [propext, Classical.choice, Quot.sound]
'Mock2Adv.MassConditionAt.mass_pos' depends on axioms: [propext, Classical.choice, Quot.sound]
'Mock2Adv.HMass.exists_eventual_positive' depends on axioms: [propext, Classical.choice, Quot.sound]
'Mock2Adv.qLaplacian_intertwines' depends on axioms: [propext, Classical.choice, Quot.sound]
'Mock2Adv.QLocalSystem.transport_refl' depends on axioms: [propext, Classical.choice, Quot.sound]
'Mock2Adv.QLocalSystem.transport_trans' depends on axioms: [propext, Classical.choice, Quot.sound]
'Mock2Adv.tensorPresheafRestrict_tmul' depends on axioms: [propext, Classical.choice, Quot.sound]
'Mock2Adv.tensorSumLinearEndomorphism_tmul' depends on axioms: [propext, Classical.choice, Quot.sound]
'Mock2Adv.mem_balancedEqualizerAt_iff' depends on axioms: [propext, Classical.choice, Quot.sound]
'Mock2Adv.balancedPresheafSection_restrict' depends on axioms: [propext, Classical.choice, Quot.sound]
'Mock2Adv.balancedPresheafSection_locality' depends on axioms: [propext, Classical.choice, Quot.sound]
'Mock2Adv.balancedPresheafSection_gluing' depends on axioms: [propext, Classical.choice, Quot.sound]
'Mock2Adv.balancedPresheafSection_existsUnique_gluing' depends on axioms: [propext, Classical.choice, Quot.sound]
'Mock2Adv.balancedPresheaf_isSheaf' depends on axioms: [propext, Classical.choice, Quot.sound]
'Mock2Adv.Section51Closure.definition14_equalizerSheaf_proved' depends on axioms: [propext,
 Classical.choice,
 Quot.sound]
'Mock2Adv.Section51Closure.definition14_uniqueGluing_proved' depends on axioms: [propext, Classical.choice, Quot.sound]
'Mock2Adv.GaugeDescentMorphism.map_mem_qGaugeForms' depends on axioms: [propext, Classical.choice, Quot.sound]
'Mock2Adv.GaugeDescentSheaf.restrict_mem_qGaugeForms' depends on axioms: [propext, Classical.choice, Quot.sound]
'Mock2Adv.CurvatureMorphism.map_curvature' depends on axioms: [propext, Classical.choice, Quot.sound]
'Mock2Adv.action_eq_mass_add_remainder_of_flat' depends on axioms: [propext, Classical.choice, Quot.sound]
'Mock2Adv.flat_minimizer_mass_remainder_zero' depends on axioms: [propext, Classical.choice, Quot.sound]
'Mock2Adv.hyperbolicMeasure_def' depends on axioms: [propext, Classical.choice, Quot.sound]
'Mock2Adv.gamma2Act_measurePreserving' depends on axioms: [propext, Classical.choice, Quot.sound]
'Mock2Adv.IsAEAutomorphic.add' depends on axioms: [propext, Classical.choice, Quot.sound]
'Mock2Adv.IsAEAutomorphic.smul' depends on axioms: [propext, Classical.choice, Quot.sound]
'Mock2Adv.WeightedSobolevDatum.graphEnergy_eq_norm_sq' depends on axioms: [propext, Classical.choice, Quot.sound]
'Mock2Adv.WeightedSobolevDatum.sqrt_graphEnergy_eq_norm' depends on axioms: [propext, Classical.choice, Quot.sound]
'Mock2Adv.denseRange_coreToTrial' depends on axioms: [propext, Classical.choice, Quot.sound]
'Mock2Adv.trialToAEAutomorphic_injective' depends on axioms: [propext, Classical.choice, Quot.sound]
'Mock2Adv.existsUnique_rieszRepresentative' depends on axioms: [propext, Classical.choice, Quot.sound]
'Mock2Adv.cuspHeight_pos' depends on axioms: [propext, Classical.choice, Quot.sound]
'Mock2Adv.cuspHeight_infinity' depends on axioms: [propext, Classical.choice, Quot.sound]
'Mock2Adv.cuspHeight_zero' depends on axioms: [propext, Classical.choice, Quot.sound]
'Mock2Adv.cuspHeight_one' depends on axioms: [propext, Classical.choice, Quot.sound]
'Mock2Adv.normSq_coe_pos' depends on axioms: [propext, Classical.choice, Quot.sound]
'Mock2Adv.normSq_sub_one_pos' depends on axioms: [propext, Classical.choice, Quot.sound]
'Mock2Adv.normSq_lt_im_of_one_lt_cuspHeight_zero' depends on axioms: [propext, Classical.choice, Quot.sound]
'Mock2Adv.normSq_sub_one_lt_im_of_one_lt_cuspHeight_one' depends on axioms: [propext, Classical.choice, Quot.sound]
'Mock2Adv.disjoint_strictCuspHoroball_infinity_zero' depends on axioms: [propext, Classical.choice, Quot.sound]
'Mock2Adv.disjoint_strictCuspHoroball_infinity_one' depends on axioms: [propext, Classical.choice, Quot.sound]
'Mock2Adv.disjoint_strictCuspHoroball_zero_one' depends on axioms: [propext, Classical.choice, Quot.sound]
'Mock2Adv.pairwise_disjoint_strictCuspHoroball' depends on axioms: [propext, Classical.choice, Quot.sound]
'Mock2Adv.isClosed_truncatedFundamentalDomain' depends on axioms: [propext, Classical.choice, Quot.sound]
'Mock2Adv.norm_cuspQCoordinate_lt_one' depends on axioms: [propext, Classical.choice, Quot.sound]
'Mock2Adv.iUnion_truncatedFundamentalDomain' depends on axioms: [propext, Classical.choice, Quot.sound]
'Mock2Adv.continuousMassAtCusp_pos_iff_activity' depends on axioms: [propext, Classical.choice, Quot.sound]
'Mock2Adv.massFunctional_pos_iff' depends on axioms: [propext, Classical.choice, Quot.sound]
'Mock2Adv.massFunctional_scaleTest' depends on axioms: [propext, Classical.choice, Quot.sound]
'Mock2Adv.MassConditionAt.threshold_mono' depends on axioms: [propext, Classical.choice, Quot.sound]
'Mock2Adv.HMass.scaleTest' depends on axioms: [propext, Classical.choice, Quot.sound]
'Mock2Adv.hermitianContraction_invariant' depends on axioms: [propext, Classical.choice, Quot.sound]
'Mock2Adv.RankinSelbergDomain.re_gt_one' depends on axioms: [propext, Classical.choice, Quot.sound]
'Mock2Adv.RankinSelbergDomain.integrable' depends on axioms: [propext, Classical.choice, Quot.sound]
'Mock2Adv.CuspQChart.integral_transformedMeasure' depends on axioms: [propext, Classical.choice, Quot.sound]
'Mock2Adv.CuspQChart.integral_normSq_pushFunction' depends on axioms: [propext, Classical.choice, Quot.sound]
'Mock2Adv.CuspQChart.coord_measurePreserving' depends on axioms: [propext, Classical.choice, Quot.sound]
'Mock2Adv.CuspQChart.symm_measurePreserving' depends on axioms: [propext, Classical.choice, Quot.sound]
'Mock2Adv.CuspQChart.eLpNorm_pushFunction' depends on axioms: [propext, Classical.choice, Quot.sound]
'Mock2Adv.CuspQChart.memLp_pushFunction_iff' depends on axioms: [propext, Classical.choice, Quot.sound]
'Mock2Adv.CuspQChart.lpPushLinearIsometryEquiv' depends on axioms: [propext, Classical.choice, Quot.sound]
'Mock2Adv.qLaplacian_pull_intertwines' depends on axioms: [propext, Classical.choice, Quot.sound]
'Mock2Adv.QLocalSystem.transport_back' depends on axioms: [propext, Classical.choice, Quot.sound]
'Mock2Adv.QLocalSystem.transport_symm' depends on axioms: [propext, Classical.choice, Quot.sound]
'Mock2Adv.QLocalSystem.fiberEquivModel' depends on axioms: [propext, Classical.choice, Quot.sound]
'Mock2Adv.QLocalSystem.fiberEquivFiber' depends on axioms: [propext, Classical.choice, Quot.sound]
'Mock2Adv.QLocalSystem.fiberEquivFiber_eq_transport' depends on axioms: [propext, Classical.choice, Quot.sound]
'Mock2Adv.QLocalSystem.fiberEquivFlatSections' depends on axioms: [propext, Classical.choice, Quot.sound]
'Mock2Adv.QLocalSystem.flatSectionsEquivModel' depends on axioms: [propext, Classical.choice, Quot.sound]
'Mock2Adv.QLocalSystem.modelEquivFlatSections' depends on axioms: [propext, Classical.choice, Quot.sound]
'Mock2Adv.QLocalSystem.flatSectionsEquivModel_apply' depends on axioms: [propext, Classical.choice, Quot.sound]
'Mock2Adv.QLocalSystem.finrank_fiber_eq_model' depends on axioms: [propext, Classical.choice, Quot.sound]
'Mock2Adv.QLocalSystem.finrank_fiber_eq_fiber' depends on axioms: [propext, Classical.choice, Quot.sound]
'Mock2Adv.QLocalSystem.finrank_flatSections_eq_model' depends on axioms: [propext, Classical.choice, Quot.sound]
'Mock2Adv.ConvergentQSeries.tsum_eq_value' depends on axioms: [propext, Classical.choice, Quot.sound]
'Mock2Adv.InsideOutsideMatch.inside_eq_outside' depends on axioms: [propext, Classical.choice, Quot.sound]
'Mock2Adv.InsideOutsideMatch.inside_dictionary' depends on axioms: [propext, Classical.choice, Quot.sound]
'Mock2Adv.InsideOutsideMatch.outside_dictionary' depends on axioms: [propext, Classical.choice, Quot.sound]
'Mock2Adv.tensorPresheafRestrict_id' depends on axioms: [propext, Classical.choice, Quot.sound]
'Mock2Adv.tensorPresheafRestrict_comp' depends on axioms: [propext, Classical.choice, Quot.sound]
'Mock2Adv.QGaugeVariableSheaf.factor_existsUnique' depends on axioms: [propext, Classical.choice, Quot.sound]
'Mock2Adv.complex_exp_radialLog' depends on axioms: [propext, Classical.choice, Quot.sound]
'Mock2Adv.RadialDerivation.map_const' depends on axioms: [propext, Classical.choice, Quot.sound]
'Mock2Adv.AlgebraicRadialConnection.nabla_const_smul' depends on axioms: [propext, Classical.choice, Quot.sound]
'Mock2Adv.balancedEqualizerInclusion_condition' depends on axioms: [propext, Classical.choice, Quot.sound]
'Mock2Adv.balancedEqualizerInclusion_comp_lift' depends on axioms: [propext, Classical.choice, Quot.sound]
'Mock2Adv.balancedEqualizerLift_unique' depends on axioms: [propext, Classical.choice, Quot.sound]
'Mock2Adv.balancedPresheafRestrict_comp' depends on axioms: [propext, Classical.choice, Quot.sound]
'Mock2Adv.qGaugeForms_eq_iInf_ker' depends on axioms: [propext, Classical.choice, Quot.sound]
'Mock2Adv.GaugeDescentSheaf.covariant_gluing' depends on axioms: [propext, Classical.choice, Quot.sound]
'Mock2Adv.GaugeDescentSheaf.covariant_gluing_existsUnique' depends on axioms: [propext, Classical.choice, Quot.sound]
'Mock2Adv.curvature_add_expansion' depends on axioms: [propext, Classical.choice, Quot.sound]
'Mock2Adv.curvature_smul_expansion' depends on axioms: [propext, Classical.choice, Quot.sound]
'Mock2Adv.CurvatureMorphism.map_mem_flatSector' depends on axioms: [propext, Classical.choice, Quot.sound]
'Mock2Adv.CurvatureMorphism.mem_flatSector_iff_of_injective' depends on axioms: [propext, Classical.choice, Quot.sound]
'Mock2Adv.EffectiveActionDecomposition.minimizer_components_zero' depends on axioms: [propext,
 Classical.choice,
 Quot.sound]
'Mock2Adv.EffectiveActionDecomposition.minimizer_mem_flatSector' depends on axioms: [propext,
 Classical.choice,
 Quot.sound]
'Mock2Adv.Elementary.poincare_of_coercive' depends on axioms: [propext, Classical.choice, Quot.sound]
'Mock2Adv.Elementary.mass_nonneg' depends on axioms: [propext, Classical.choice, Quot.sound]
'Mock2Adv.Elementary.gconj_mul' depends on axioms: [propext]
'Mock2Adv.Elementary.gconj_commutator' depends on axioms: [propext]
'Mock2Adv.FunctionalAnalysis.cauchy_schwarz' depends on axioms: [propext, Classical.choice, Quot.sound]
'Mock2Adv.FunctionalAnalysis.dual_holder' depends on axioms: [propext, Classical.choice, Quot.sound]
'Mock2Adv.FunctionalAnalysis.lax_milgram' depends on axioms: [propext, Classical.choice, Quot.sound]
'Mock2Adv.CorrectedLemmas.ComplexRealLaxMilgram.realPartInnerFunctional_apply' depends on axioms: [propext,
 Classical.choice,
 Quot.sound]
'Mock2Adv.CorrectedLemmas.ComplexRealLaxMilgram.realBilinearForm_apply' depends on axioms: [propext,
 Classical.choice,
 Quot.sound]
'Mock2Adv.CorrectedLemmas.ComplexRealLaxMilgram.realBilinearForm_apply_eq_realPartInnerFunctional' depends on axioms: [propext,
 Classical.choice,
 Quot.sound]
'Mock2Adv.CorrectedLemmas.ComplexRealLaxMilgram.realBilinearForm_isCoercive' depends on axioms: [propext,
 Classical.choice,
 Quot.sound]
'Mock2Adv.CorrectedLemmas.ComplexRealLaxMilgram.laxMilgramEquiv_inner_apply' depends on axioms: [propext,
 Classical.choice,
 Quot.sound]
'Mock2Adv.CorrectedLemmas.ComplexRealLaxMilgram.laxMilgramEquiv_apply_eq_operator' depends on axioms: [propext,
 Classical.choice,
 Quot.sound]
'Mock2Adv.CorrectedLemmas.ComplexRealLaxMilgram.c_mul_norm_le_norm_laxMilgramEquiv' depends on axioms: [propext,
 Classical.choice,
 Quot.sound]
'Mock2Adv.CorrectedLemmas.ComplexRealLaxMilgram.norm_laxMilgramEquiv_symm_le' depends on axioms: [propext,
 Classical.choice,
 Quot.sound]
'Mock2Adv.CorrectedLemmas.ComplexRealLaxMilgram.exists_laxMilgramEquiv_with_estimates' depends on axioms: [propext,
 Classical.choice,
 Quot.sound]
'Mock2Adv.UnnumberedFormulaLedger.equations1_13_to_1_16_complexRealForm_constructedAndProved' depends on axioms: [propext,
 Classical.choice,
 Quot.sound]
'Mock2Adv.UnnumberedFormulaLedger.equations1_13_to_1_16_complexCoercivity_toReal_proved' depends on axioms: [propext,
 Classical.choice,
 Quot.sound]
'Mock2Adv.UnnumberedFormulaLedger.equations1_13_to_1_16_complexRealLaxMilgramOperator_proved' depends on axioms: [propext,
 Classical.choice,
 Quot.sound]
'Mock2Adv.UnnumberedFormulaLedger.equations1_13_to_1_16_complexRealLaxMilgramEstimates_proved' depends on axioms: [propext,
 Classical.choice,
 Quot.sound]
'Mock2Adv.ConditionalSkeleton.spectral_mass_gap' depends on axioms: [propext, Classical.choice, Quot.sound]
'Mock2Adv.ConditionalSkeleton.step3_contradiction' depends on axioms: [propext, Classical.choice, Quot.sound]
'Mock2Adv.ConditionalSkeleton.inside_outside_value' depends on axioms: [propext, Classical.choice, Quot.sound]
'Mock2Adv.CorrectedLemmas.StartingIntegralIdentity.restrict_dual_equation' depends on axioms: [propext,
 Classical.choice,
 Quot.sound]
'Mock2Adv.CorrectedLemmas.StartingIntegralIdentity.restrictDual_comp' depends on axioms: [propext,
 Classical.choice,
 Quot.sound]
'Mock2Adv.CorrectedLemmas.StartingIntegralIdentity.restrictDual_id' depends on axioms: [propext,
 Classical.choice,
 Quot.sound]
'Mock2Adv.CorrectedLemmas.StartingIntegralIdentity.restrict_dual_equation_compact' depends on axioms: [propext,
 Classical.choice,
 Quot.sound]
'Mock2Adv.CorrectedLemmas.StartingIntegralIdentity.restricted_dual_pairing' depends on axioms: [propext,
 Classical.choice,
 Quot.sound]
'Mock2Adv.CorrectedLemmas.StartingIntegralIdentity.regular_density_equation' depends on axioms: [propext,
 Classical.choice,
 Quot.sound]
'Mock2Adv.CorrectedLemmas.StartingIntegralIdentity.restrict_distributional_equation' depends on axioms: [propext,
 Classical.choice,
 Quot.sound]
'Mock2Adv.CorrectedLemmas.StartingIntegralIdentity.restrict_distributional_equation_compactSupport' depends on axioms: [propext,
 Classical.choice,
 Quot.sound]
'Mock2Adv.CorrectedLemmas.StartingIntegralIdentity.restrict_distributional_equation_compactSupport_of_product' depends on axioms: [propext,
 Classical.choice,
 Quot.sound]
'Mock2Adv.CorrectedLemmas.GlobalPoincare.spectral_gap_bound' depends on axioms: [propext, Classical.choice, Quot.sound]
'Mock2Adv.CorrectedLemmas.GlobalPoincare.spectral_globalPoincare_sq' depends on axioms: [propext,
 Classical.choice,
 Quot.sound]
'Mock2Adv.CorrectedLemmas.GlobalPoincare.globalPoincare_sq' depends on axioms: [propext, Classical.choice, Quot.sound]
'Mock2Adv.CorrectedLemmas.GlobalPoincare.HalfWeightAutomorphicLaplacianData.exists_nonzero_admissibleMode' depends on axioms: [propext,
 Classical.choice,
 Quot.sound]
'Mock2Adv.CorrectedLemmas.GlobalPoincare.HalfWeightAutomorphicLaplacianData.mem_admissible_iff_mode_orthogonal' depends on axioms: [propext,
 Classical.choice,
 Quot.sound]
'Mock2Adv.CorrectedLemmas.GlobalPoincare.halfWeightAutomorphic_globalPoincare_sq_of_orthogonal' depends on axioms: [propext,
 Classical.choice,
 Quot.sound]
'Mock2Adv.CorrectedLemmas.GlobalPoincare.halfWeightAutomorphic_globalPoincare_sobolevEnergy_sq_of_orthogonal' depends on axioms: [propext,
 Classical.choice,
 Quot.sound]
'Mock2Adv.CorrectedLemmas.GlobalPoincare.sqrt_gap_mul_norm_le' depends on axioms: [propext,
 Classical.choice,
 Quot.sound]
'Mock2Adv.CorrectedLemmas.KloostermanTail.finite_summation_by_parts' depends on axioms: [propext,
 Classical.choice,
 Quot.sound]
'Mock2Adv.CorrectedLemmas.KloostermanTail.HasOrderedSum.unique' depends on axioms: [propext,
 Classical.choice,
 Quot.sound]
'Mock2Adv.CorrectedLemmas.KloostermanTail.AbelCancellationCertificate.hasOrderedSum' depends on axioms: [propext,
 Classical.choice,
 Quot.sound]
'Mock2Adv.CorrectedLemmas.KloostermanTail.not_summable_paper_tail_one' depends on axioms: [propext,
 Classical.choice,
 Quot.sound]
'Mock2Adv.CorrectedLemmas.KloostermanTail.not_summable_paper_tail_half' depends on axioms: [propext,
 Classical.choice,
 Quot.sound]
'Mock2Adv.CorrectedLemmas.KloostermanTail.orderedKernel_and_bound' depends on axioms: [propext,
 Classical.choice,
 Quot.sound]
'Mock2Adv.CorrectedLemmas.CuspConvergence.cuspPowerDensity_integrable_iff' depends on axioms: [propext,
 Classical.choice,
 Quot.sound]
'Mock2Adv.CorrectedLemmas.CuspConvergence.rankinSelberg_window_beta_one_of_half_le' depends on axioms: [propext,
 Classical.choice,
 Quot.sound]
'Mock2Adv.CorrectedLemmas.CuspConvergence.basic_power_integrable_iff' depends on axioms: [propext,
 Classical.choice,
 Quot.sound]
'Mock2Adv.CorrectedLemmas.CuspConvergence.rankinSelberg_power_integrable_iff' depends on axioms: [propext,
 Classical.choice,
 Quot.sound]
'Mock2Adv.CorrectedLemmas.CuspConvergence.cited_basic_window_not_rankinSelberg_integrable' depends on axioms: [propext,
 Classical.choice,
 Quot.sound]
'Mock2Adv.CorrectedLemmas.CuspConvergence.PowerMajorant.integrable' depends on axioms: [propext,
 Classical.choice,
 Quot.sound]
'Mock2Adv.CorrectedLemmas.CuspConvergence.AllCuspPowerEstimate.integrableAtEveryCusp' depends on axioms: [propext,
 Classical.choice,
 Quot.sound]
'Mock2Adv.CorrectedLemmas.CuspConvergence.PrincipalPartTreatment.raw_eq_treated_of_absent' depends on axioms: [propext,
 Classical.choice,
 Quot.sound]
'Mock2Adv.CorrectedLemmas.CuspConvergence.CuspIndexedPowerEstimate.integrableAtEveryCusp' depends on axioms: [propext,
 Classical.choice,
 Quot.sound]
'Mock2Adv.CorrectedLemmas.CuspConvergence.CuspIndexedPowerEstimate.raw_integrableAtEveryCusp_of_absent' depends on axioms: [propext,
 Classical.choice,
 Quot.sound]
'Mock2Adv.CorrectedLemmas.CuspConvergence.cuspIndexedBasic_integrable' depends on axioms: [propext,
 Classical.choice,
 Quot.sound]
'Mock2Adv.CorrectedLemmas.CuspConvergence.cuspIndexedRankinSelberg_integrable' depends on axioms: [propext,
 Classical.choice,
 Quot.sound]
'Mock2Adv.CorrectedLemmas.CuspConvergence.nearZero_beta_one_integrable_iff' depends on axioms: [propext,
 Classical.choice,
 Quot.sound]
'Mock2Adv.CorrectedLemmas.CuspConvergence.nearZero_beta_one_not_integrable' depends on axioms: [propext,
 Classical.choice,
 Quot.sound]
'Mock2Adv.CorrectedLemmas.CuspConvergence.inversePower_not_integrable_nearZero' depends on axioms: [propext,
 Classical.choice,
 Quot.sound]
'Mock2Adv.CorrectedLemmas.CuspConvergence.invGamma_tendsto_zero' depends on axioms: [propext,
 Classical.choice,
 Quot.sound]
'Mock2Adv.CorrectedLemmas.CuspConvergence.citedMockOneNormalization_tendsto_zero' depends on axioms: [propext,
 Classical.choice,
 Quot.sound]
'Mock2Adv.CorrectedLemmas.CuspConvergence.GlobalCuspDecomposition.integrable' depends on axioms: [propext,
 Classical.choice,
 Quot.sound]
'Mock2Adv.CorrectedLemmas.TentKernel.box_convolution_eq_profile' depends on axioms: [propext,
 Classical.choice,
 Quot.sound]
'Mock2Adv.CorrectedLemmas.TentKernel.profile_zero' depends on axioms: [propext, Classical.choice, Quot.sound]
'Mock2Adv.CorrectedLemmas.TentKernel.support_profile' depends on axioms: [propext, Classical.choice, Quot.sound]
'Mock2Adv.CorrectedLemmas.TentKernel.integral_profile' depends on axioms: [propext, Classical.choice, Quot.sound]
'Mock2Adv.CorrectedLemmas.TentKernel.tailArea_eq' depends on axioms: [propext, Classical.choice, Quot.sound]
'Mock2Adv.CorrectedLemmas.TentKernel.setIntegral_profile_abs_ge' depends on axioms: [propext,
 Classical.choice,
 Quot.sound]
'Mock2Adv.CorrectedLemmas.TentKernel.profile_ge_half_of_two_abs_add_one_le' depends on axioms: [propext,
 Classical.choice,
 Quot.sound]
'Mock2Adv.CorrectedLemmas.TentKernel.fourier_profile_eq_fourierProfile' depends on axioms: [propext,
 Classical.choice,
 Quot.sound]
'Mock2Adv.CorrectedLemmas.TentKernel.normalizedFourier_profile_eq_fourierProfile' depends on axioms: [propext,
 Classical.choice,
 Quot.sound]
'Mock2Adv.CorrectedLemmas.TentKernel.fourier_profile_re_nonneg' depends on axioms: [propext,
 Classical.choice,
 Quot.sound]
'Mock2Adv.CorrectedLemmas.KuznetsovInterface.TentCertificate.small_argument' depends on axioms: [propext,
 Classical.choice,
 Quot.sound]
'Mock2Adv.CorrectedLemmas.KuznetsovInterface.Convention.measure_ne_zero' depends on axioms: [propext,
 Classical.choice,
 Quot.sound]
'Mock2Adv.CorrectedLemmas.KuznetsovInterface.SmoothTentMember.function_ne_zero' depends on axioms: [propext,
 Classical.choice,
 Quot.sound]
'Mock2Adv.CorrectedLemmas.KuznetsovInterface.smoothTentFamily_nonempty' depends on axioms: [propext,
 Classical.choice,
 Quot.sound]
'Mock2Adv.CorrectedLemmas.KuznetsovInterface.smoothTentBumpFunction_zero' depends on axioms: [propext,
 Classical.choice,
 Quot.sound]
'Mock2Adv.CorrectedLemmas.KuznetsovInterface.smoothTentBumpFunction_eq_zero_of_half_le_abs' depends on axioms: [propext,
 Classical.choice,
 Quot.sound]
'Mock2Adv.CorrectedLemmas.KuznetsovInterface.support_smoothTentBumpFunction_subset' depends on axioms: [propext,
 Classical.choice,
 Quot.sound]
'Mock2Adv.CorrectedLemmas.KuznetsovInterface.smoothTentBumpFunction_le_profile' depends on axioms: [propext,
 Classical.choice,
 Quot.sound]
'Mock2Adv.CorrectedLemmas.KuznetsovInterface.fourier_conjneg' depends on axioms: [propext, Classical.choice, Quot.sound]
'Mock2Adv.CorrectedLemmas.KuznetsovInterface.support_smoothTentAutocorrelationRaw_subset' depends on axioms: [propext,
 Classical.choice,
 Quot.sound]
'Mock2Adv.CorrectedLemmas.KuznetsovInterface.smoothTentAutocorrelationRaw_pos_zero' depends on axioms: [propext,
 Classical.choice,
 Quot.sound]
'Mock2Adv.CorrectedLemmas.KuznetsovInterface.fourier_smoothTentAutocorrelationRaw_eq_normSq' depends on axioms: [propext,
 Classical.choice,
 Quot.sound]
'Mock2Adv.CorrectedLemmas.KuznetsovInterface.fourierPositiveSmoothTentFunction_le_profile' depends on axioms: [propext,
 Classical.choice,
 Quot.sound]
'Mock2Adv.CorrectedLemmas.KuznetsovInterface.fourier_fourierPositiveSmoothTentFunction_eq' depends on axioms: [propext,
 Classical.choice,
 Quot.sound]
'Mock2Adv.CorrectedLemmas.KuznetsovInterface.fourier_fourierPositiveSmoothTentFunction_re_nonneg' depends on axioms: [propext,
 Classical.choice,
 Quot.sound]
'Mock2Adv.CorrectedLemmas.KuznetsovInterface.fourierPositiveSmoothTentFamily_nonempty' depends on axioms: [propext,
 Classical.choice,
 Quot.sound]
'Mock2Adv.CorrectedLemmas.KuznetsovInterface.fourierPositiveContinuousSpectralData_test_pos_zero' depends on axioms: [propext,
 Classical.choice,
 Quot.sound]
'Mock2Adv.CorrectedLemmas.KuznetsovInterface.UniformKernelEnvelope.smoothTent_bound' depends on axioms: [propext,
 Classical.choice,
 Quot.sound]
'Mock2Adv.CorrectedLemmas.KuznetsovInterface.UniformKernelEnvelope.autocorrelationFourierPositiveSmoothTent_bound' depends on axioms: [propext,
 Classical.choice,
 Quot.sound]
'Mock2Adv.CorrectedLemmas.KuznetsovInterface.UniformKernelEnvelope.autocorrelationFourierPositiveSmoothTent_transformIntegrable' depends on axioms: [propext,
 Classical.choice,
 Quot.sound]
'Mock2Adv.CorrectedLemmas.KuznetsovInterface.UniformKernelEnvelope.autocorrelationFourierPositiveSmoothTent_localFloorAndKernelEnvelope' depends on axioms: [propext,
 Classical.choice,
 Quot.sound]
'Mock2Adv.CorrectedLemmas.KuznetsovInterface.UniformKernelEnvelope.smoothTentFamily_bound' depends on axioms: [propext,
 Classical.choice,
 Quot.sound]
'Mock2Adv.CorrectedLemmas.KuznetsovInterface.UniformKernelEnvelope.bumpSmoothTent_bound' depends on axioms: [propext,
 Classical.choice,
 Quot.sound]
'Mock2Adv.CorrectedLemmas.KuznetsovKloosterman.halfIntegralPhase_eq_exp' depends on axioms: [propext,
 Classical.choice,
 Quot.sound]
'Mock2Adv.CorrectedLemmas.KuznetsovKloosterman.phaseLift_cast_eq_phaseResidue' depends on axioms: [propext, Quot.sound]
'Mock2Adv.CorrectedLemmas.KuznetsovKloosterman.standardAdditivePhase_rep_independent' depends on axioms: [propext,
 Classical.choice,
 Quot.sound]
'Mock2Adv.CorrectedLemmas.KuznetsovKloosterman.halfIntegralPhase_eq_of_representatives' depends on axioms: [propext,
 Classical.choice,
 Quot.sound]
'Mock2Adv.CorrectedLemmas.KuznetsovKloosterman.norm_halfIntegralUnitResidueSummand' depends on axioms: [propext,
 Classical.choice,
 Quot.sound]
'Mock2Adv.CorrectedLemmas.ConcreteTwistedKloosterman.residue_mul_inverseResidue' depends on axioms: [propext,
 Quot.sound]
'Mock2Adv.CorrectedLemmas.ConcreteTwistedKloosterman.inverseResidue_mul_residue' depends on axioms: [propext,
 Quot.sound]
'Mock2Adv.CorrectedLemmas.ConcreteTwistedKloosterman.phaseResidue_eq_of_lifts' depends on axioms: [propext, Quot.sound]
'Mock2Adv.CorrectedLemmas.ConcreteTwistedKloosterman.phaseResidue_lift_independent' depends on axioms: [propext,
 Classical.choice,
 Quot.sound]
'Mock2Adv.CorrectedLemmas.ConcreteTwistedKloosterman.additivePhase_eq_of_lifts' depends on axioms: [propext,
 Classical.choice,
 Quot.sound]
'Mock2Adv.CorrectedLemmas.ConcreteTwistedKloosterman.additivePhase_lift_independent' depends on axioms: [propext,
 Classical.choice,
 Quot.sound]
'Mock2Adv.CorrectedLemmas.ConcreteTwistedKloosterman.norm_multiplierPhase' depends on axioms: [propext,
 Classical.choice,
 Quot.sound]
'Mock2Adv.CorrectedLemmas.ConcreteTwistedKloosterman.norm_twistedSummand' depends on axioms: [propext,
 Classical.choice,
 Quot.sound]
'Mock2Adv.CorrectedLemmas.ConcreteTwistedKloosterman.norm_twistedKloostermanSum_le_card' depends on axioms: [propext,
 Classical.choice,
 Quot.sound]
'Mock2Adv.CorrectedLemmas.ConcreteTwistedKloosterman.twistedKloostermanSum_trivialMultiplier_modulus_one' depends on axioms: [propext,
 Classical.choice,
 Quot.sound]
'Mock2Adv.UnnumberedFormulaLedger.section7E_unitRightInverse_proved' depends on axioms: [propext, Quot.sound]
'Mock2Adv.UnnumberedFormulaLedger.section7E_unitLeftInverse_proved' depends on axioms: [propext, Quot.sound]
'Mock2Adv.UnnumberedFormulaLedger.section7E_intrinsicLiftIdentification_proved' depends on axioms: [propext, Quot.sound]
'Mock2Adv.UnnumberedFormulaLedger.section7E_representativeIndependence_proved' depends on axioms: [propext,
 Classical.choice,
 Quot.sound]
'Mock2Adv.UnnumberedFormulaLedger.section7E_multiplierUnitNorm_proved' depends on axioms: [propext,
 Classical.choice,
 Quot.sound]
'Mock2Adv.UnnumberedFormulaLedger.section7E_summandUnitNorm_proved' depends on axioms: [propext,
 Classical.choice,
 Quot.sound]
'Mock2Adv.UnnumberedFormulaLedger.section7E_trivialCardinalityBound_proved' depends on axioms: [propext,
 Classical.choice,
 Quot.sound]
'Mock2Adv.UnnumberedFormulaLedger.section7E_modulusOneNormalization_proved' depends on axioms: [propext,
 Classical.choice,
 Quot.sound]
'Mock2Adv.CorrectedLemmas.ConcreteTwistedKloosterman.twistedSummand_cancellingMultiplierPhase' depends on axioms: [propext,
 Classical.choice,
 Quot.sound]
'Mock2Adv.CorrectedLemmas.ConcreteTwistedKloosterman.twistedKloostermanSum_cancellingMultiplierPhase' depends on axioms: [propext,
 Classical.choice,
 Quot.sound]
'Mock2Adv.CorrectedLemmas.ConcreteTwistedKloosterman.norm_twistedKloostermanSum_cancellingMultiplierPhase' depends on axioms: [propext,
 Classical.choice,
 Quot.sound]
'Mock2Adv.UnnumberedFormulaLedger.section7E_cancellingMultiplierSaturatesCardinalityErratum' depends on axioms: [propext,
 Classical.choice,
 Quot.sound]
'Mock2Adv.UnnumberedFormulaLedger.section7E_criticalTailCannotSupplyKuznetsovLimitErratum' depends on axioms: [propext,
 Classical.choice,
 Quot.sound]
'Mock2Adv.UnnumberedFormulaLedger.section7B_fullSpaceLaplacianGapErratum' depends on axioms: [propext,
 Classical.choice,
 Quot.sound]
'Mock2Adv.UnnumberedFormulaLedger.section7C_coefficientLimitNeedsSummabilityErratum' depends on axioms: [propext,
 Classical.choice,
 Quot.sound]
'Mock2Adv.CorrectedLemmas.KuznetsovKloosterman.scaledLowerLeft_self_eq_zero_of_mem_stabilizer' depends on axioms: [propext,
 Classical.choice,
 Quot.sound]
'Mock2Adv.CorrectedLemmas.KuznetsovKloosterman.scaledRepresentative_mul_factorization' depends on axioms: [propext,
 Classical.choice,
 Quot.sound]
'Mock2Adv.CorrectedLemmas.KuznetsovKloosterman.natAbs_lowerLeft_invariant_of_triangular_mul' depends on axioms: [propext,
 Classical.choice,
 Quot.sound]
'Mock2Adv.CorrectedLemmas.KuznetsovKloosterman.natAbs_scaledLowerLeft_eq_of_doubleCoset' depends on axioms: [propext,
 Classical.choice,
 Quot.sound]
'Mock2Adv.CorrectedLemmas.KuznetsovKloosterman.constantUnitGamma2CuspPairKernel' depends on axioms: [propext,
 Classical.choice,
 Quot.sound]
'Mock2Adv.CorrectedLemmas.KuznetsovKloosterman.gamma2CuspPairModulus' depends on axioms: [propext,
 Classical.choice,
 Quot.sound]
'Mock2Adv.CorrectedLemmas.KuznetsovKloosterman.gamma2CuspPairTerm' depends on axioms: [propext,
 Classical.choice,
 Quot.sound]
'Mock2Adv.CorrectedLemmas.KuznetsovKloosterman.norm_gamma2CuspPairTerm' depends on axioms: [propext,
 Classical.choice,
 Quot.sound]
'Mock2Adv.CorrectedLemmas.KuznetsovKloosterman.gamma2CuspBoundaryPoint_infinity' depends on axioms: [propext,
 Classical.choice,
 Quot.sound]
'Mock2Adv.CorrectedLemmas.KuznetsovKloosterman.gamma2CuspBoundaryPoint_zero' depends on axioms: [propext,
 Classical.choice,
 Quot.sound]
'Mock2Adv.CorrectedLemmas.KuznetsovKloosterman.gamma2CuspBoundaryPoint_one' depends on axioms: [propext,
 Classical.choice,
 Quot.sound]
'Mock2Adv.CorrectedLemmas.KuznetsovKloosterman.gamma2CuspBoundaryPoint_injective' depends on axioms: [propext,
 Classical.choice,
 Quot.sound]
'Mock2Adv.CorrectedLemmas.KuznetsovKloosterman.gamma2CuspPairFiniteSum' depends on axioms: [propext,
 Classical.choice,
 Quot.sound]
'Mock2Adv.CorrectedLemmas.KuznetsovKloosterman.orderedKloosterman_and_bound' depends on axioms: [propext,
 Classical.choice,
 Quot.sound]
'Mock2Adv.CorrectedLemmas.KuznetsovKloosterman.sqrt_tripleGcd_le_sqrt_pairGcd' depends on axioms: [propext,
 Classical.choice,
 Quot.sound]
'Mock2Adv.CorrectedLemmas.KuznetsovKloosterman.uniformOrderedKloosterman_and_bound' depends on axioms: [propext,
 Classical.choice,
 Quot.sound]
'Mock2Adv.CorrectedLemmas.KuznetsovKloosterman.orderedGamma2CuspPair_and_bound' depends on axioms: [propext,
 Classical.choice,
 Quot.sound]
'Mock2Adv.CorrectedLemmas.KuznetsovKloosterman.orderedHalfIntegralUnitResidue_and_bound' depends on axioms: [propext,
 Classical.choice,
 Quot.sound]
'Mock2Adv.CorrectedLemmas.MassUnfolding.MeasurableExhaustion.tendsto_setIntegral' depends on axioms: [propext,
 Classical.choice,
 Quot.sound]
'Mock2Adv.CorrectedLemmas.MassUnfolding.monotone_truncatedMassFunctional' depends on axioms: [propext,
 Classical.choice,
 Quot.sound]
'Mock2Adv.CorrectedLemmas.MassUnfolding.truncatedMassFunctional_le' depends on axioms: [propext,
 Classical.choice,
 Quot.sound]
'Mock2Adv.CorrectedLemmas.MassUnfolding.eq_mass_of_tendsto_and_eventually_eq_truncated' depends on axioms: [propext,
 Classical.choice,
 Quot.sound]
'Mock2Adv.CorrectedLemmas.MassUnfolding.unfolding_to_mass' depends on axioms: [propext, Classical.choice, Quot.sound]
'Mock2Adv.CorrectedLemmas.MassUnfolding.ProductFiniteTruncatedUnfolding.finiteIdentity' depends on axioms: [propext,
 Classical.choice,
 Quot.sound]
'Mock2Adv.CorrectedLemmas.MassUnfolding.FiniteTruncatedUnfolding.geometricStage_nonnegative' depends on axioms: [propext,
 Classical.choice,
 Quot.sound]
'Mock2Adv.CorrectedLemmas.MassUnfolding.ProductFiniteTruncatedUnfolding.geometricStage_nonnegative' depends on axioms: [propext,
 Classical.choice,
 Quot.sound]
'Mock2Adv.CorrectedLemmas.MassUnfolding.rankinSelbergTruncatedMass_eq' depends on axioms: [propext,
 Classical.choice,
 Quot.sound]
'Mock2Adv.CorrectedLemmas.MassUnfolding.rankinSelbergResolventDensity_nonneg' depends on axioms: [propext,
 Classical.choice,
 Quot.sound]
'Mock2Adv.CorrectedLemmas.MassUnfolding.rankinSelbergResolventDenominator_im' depends on axioms: [propext,
 Classical.choice,
 Quot.sound]
'Mock2Adv.CorrectedLemmas.MassUnfolding.rankinSelbergResolventDenominator_ne_zero_of_re_gt_one_of_im_ne_zero' depends on axioms: [propext,
 Classical.choice,
 Quot.sound]
'Mock2Adv.CorrectedLemmas.MassUnfolding.rankinSelbergResolventDenominator_eq_zero_at_real_pole' depends on axioms: [propext,
 Classical.choice,
 Quot.sound]
'Mock2Adv.CorrectedLemmas.MassUnfolding.RankinSelbergPoleFreeParameter.parameter_im_ne_zero' depends on axioms: [propext,
 Classical.choice,
 Quot.sound]
'Mock2Adv.CorrectedLemmas.MassUnfolding.rankinSelbergPoleFreeParameter_nonempty' depends on axioms: [propext,
 Classical.choice,
 Quot.sound]
'Mock2Adv.CorrectedLemmas.MassUnfolding.RankinSelbergSpectralFormulaAtParameter.spectralSide_nonneg' depends on axioms: [propext,
 Classical.choice,
 Quot.sound]
'Mock2Adv.CorrectedLemmas.MassUnfolding.RankinSelbergSpectralFormulaAtParameter.poleFreeParameter' depends on axioms: [propext,
 Classical.choice,
 Quot.sound]
'Mock2Adv.CorrectedLemmas.MassUnfolding.RankinSelbergSpectralFormulaAtParameter.rankinSelbergObject_eq' depends on axioms: [propext,
 Classical.choice,
 Quot.sound]
'Mock2Adv.CorrectedLemmas.MassUnfolding.RankinSelbergToMassCertificate.extractedMass_nonnegative' depends on axioms: [propext,
 Classical.choice,
 Quot.sound]
'Mock2Adv.CorrectedLemmas.MassUnfolding.product_unfolding_to_mass' depends on axioms: [propext,
 Classical.choice,
 Quot.sound]
'Mock2Adv.CorrectedLemmas.MassUnfolding.unfolded_mass_nonnegative' depends on axioms: [propext,
 Classical.choice,
 Quot.sound]
'Mock2Adv.CorrectedLemmas.MassUnfolding.ConcreteSmoothVolumeUnfolding.symmetricRealExhaustion' depends on axioms: [propext,
 Classical.choice,
 Quot.sound]
'Mock2Adv.CorrectedLemmas.MassUnfolding.ConcreteSmoothVolumeUnfolding.smoothTest' depends on axioms: [propext,
 Classical.choice,
 Quot.sound]
'Mock2Adv.CorrectedLemmas.MassUnfolding.ConcreteSmoothVolumeUnfolding.smoothTest_integrable' depends on axioms: [propext,
 Classical.choice,
 Quot.sound]
'Mock2Adv.CorrectedLemmas.MassUnfolding.ConcreteSmoothVolumeUnfolding.spectralData' depends on axioms: [propext,
 Classical.choice,
 Quot.sound]
'Mock2Adv.CorrectedLemmas.MassUnfolding.ConcreteSmoothVolumeUnfolding.spectralData_test' depends on axioms: [propext,
 Classical.choice,
 Quot.sound]
'Mock2Adv.CorrectedLemmas.MassUnfolding.ConcreteSmoothVolumeUnfolding.spectralData_measure' depends on axioms: [propext,
 Classical.choice,
 Quot.sound]
'Mock2Adv.CorrectedLemmas.MassUnfolding.ConcreteSmoothVolumeUnfolding.spectralData_coefficient' depends on axioms: [propext,
 Classical.choice,
 Quot.sound]
'Mock2Adv.CorrectedLemmas.MassUnfolding.ConcreteSmoothVolumeUnfolding.unitIntervalDensity' depends on axioms: [propext,
 Classical.choice,
 Quot.sound]
'Mock2Adv.CorrectedLemmas.MassUnfolding.ConcreteSmoothVolumeUnfolding.unitIntervalDensity_integrable' depends on axioms: [propext,
 Classical.choice,
 Quot.sound]
'Mock2Adv.CorrectedLemmas.MassUnfolding.ConcreteSmoothVolumeUnfolding.integral_unitIntervalDensity' depends on axioms: [propext,
 Classical.choice,
 Quot.sound]
'Mock2Adv.CorrectedLemmas.MassUnfolding.ConcreteSmoothVolumeUnfolding.stageTest' depends on axioms: [propext,
 Classical.choice,
 Quot.sound]
'Mock2Adv.CorrectedLemmas.MassUnfolding.ConcreteSmoothVolumeUnfolding.stageTest_integrable' depends on axioms: [propext,
 Classical.choice,
 Quot.sound]
'Mock2Adv.CorrectedLemmas.MassUnfolding.ConcreteSmoothVolumeUnfolding.integral_stageTest' depends on axioms: [propext,
 Classical.choice,
 Quot.sound]
'Mock2Adv.CorrectedLemmas.MassUnfolding.ConcreteSmoothVolumeUnfolding.rankinSelbergFamily' depends on axioms: [propext,
 Classical.choice,
 Quot.sound]
'Mock2Adv.CorrectedLemmas.MassUnfolding.ConcreteSmoothVolumeUnfolding.rankinSelbergFamily_massTest' depends on axioms: [propext,
 Classical.choice,
 Quot.sound]
'Mock2Adv.CorrectedLemmas.MassUnfolding.ConcreteSmoothVolumeUnfolding.rankinSelbergFamily_coefficient' depends on axioms: [propext,
 Classical.choice,
 Quot.sound]
'Mock2Adv.CorrectedLemmas.MassUnfolding.ConcreteSmoothVolumeUnfolding.rankinSelbergFamily_scatteringMeasure' depends on axioms: [propext,
 Classical.choice,
 Quot.sound]
'Mock2Adv.CorrectedLemmas.MassUnfolding.ConcreteSmoothVolumeUnfolding.geometricStage_eq_three_mul' depends on axioms: [propext,
 Classical.choice,
 Quot.sound]
'Mock2Adv.CorrectedLemmas.MassUnfolding.ConcreteSmoothVolumeUnfolding.truncatedMass_eq_three_mul' depends on axioms: [propext,
 Classical.choice,
 Quot.sound]
'Mock2Adv.CorrectedLemmas.MassUnfolding.ConcreteSmoothVolumeUnfolding.finiteUnfolding' depends on axioms: [propext,
 Classical.choice,
 Quot.sound]
'Mock2Adv.CorrectedLemmas.MassUnfolding.ConcreteSmoothVolumeUnfolding.finiteIdentity' depends on axioms: [propext,
 Classical.choice,
 Quot.sound]
'Mock2Adv.CorrectedLemmas.MassUnfolding.ConcreteSmoothVolumeUnfolding.finiteUnfolding_to_mass' depends on axioms: [propext,
 Classical.choice,
 Quot.sound]
'Mock2Adv.CorrectedLemmas.MassUnfolding.ConcreteSmoothVolumeUnfolding.productKernel' depends on axioms: [propext,
 Classical.choice,
 Quot.sound]
'Mock2Adv.CorrectedLemmas.MassUnfolding.ConcreteSmoothVolumeUnfolding.productKernel_integrable' depends on axioms: [propext,
 Classical.choice,
 Quot.sound]
'Mock2Adv.CorrectedLemmas.MassUnfolding.ConcreteSmoothVolumeUnfolding.productKernel_iterated_geometric' depends on axioms: [propext,
 Classical.choice,
 Quot.sound]
'Mock2Adv.CorrectedLemmas.MassUnfolding.ConcreteSmoothVolumeUnfolding.productKernel_iterated_spectral' depends on axioms: [propext,
 Classical.choice,
 Quot.sound]
'Mock2Adv.CorrectedLemmas.MassUnfolding.ConcreteSmoothVolumeUnfolding.productUnfolding' depends on axioms: [propext,
 Classical.choice,
 Quot.sound]
'Mock2Adv.CorrectedLemmas.MassUnfolding.ConcreteSmoothVolumeUnfolding.productFiniteIdentity' depends on axioms: [propext,
 Classical.choice,
 Quot.sound]
'Mock2Adv.CorrectedLemmas.MassUnfolding.ConcreteSmoothVolumeUnfolding.productUnfolding_to_mass' depends on axioms: [propext,
 Classical.choice,
 Quot.sound]
'Mock2Adv.CorrectedLemmas.MassUnfolding.ConcreteSmoothVolumeUnfolding.productKernel_pos_at_center' depends on axioms: [propext,
 Classical.choice,
 Quot.sound]
'Mock2Adv.CorrectedLemmas.MassUnfolding.ConcreteSmoothVolumeUnfolding.extractedMass_pos' depends on axioms: [propext,
 Classical.choice,
 Quot.sound]
'Mock2Adv.CorrectedLemmas.MassUnfolding.ConcreteSmoothVolumeUnfolding.extractedMass_nonnegative' depends on axioms: [propext,
 Classical.choice,
 Quot.sound]
'Mock2Adv.CorrectedLemmas.Interchange.iterated_integral_swap' depends on axioms: [propext, Classical.choice, Quot.sound]
'Mock2Adv.CorrectedLemmas.Interchange.sum_integral_interchange' depends on axioms: [propext,
 Classical.choice,
 Quot.sound]
'Mock2Adv.CorrectedLemmas.Interchange.UniformMajorant.sum_integral_interchange' depends on axioms: [propext,
 Classical.choice,
 Quot.sound]
'Mock2Adv.CorrectedLemmas.Interchange.UniformMajorant.integral_norm_le_majorant' depends on axioms: [propext,
 Classical.choice,
 Quot.sound]
'Mock2Adv.CorrectedLemmas.Interchange.LinkedProductKernelMajorant.eventually_kernel_eq_fullKernel' depends on axioms: [propext,
 Classical.choice,
 Quot.sound]
'Mock2Adv.CorrectedLemmas.Interchange.LinkedProductKernelMajorant.sum_integral_interchange' depends on axioms: [propext,
 Classical.choice,
 Quot.sound]
'Mock2Adv.CorrectedLemmas.UniformActivity.massConditionAt' depends on axioms: [propext, Classical.choice, Quot.sound]
'Mock2Adv.CorrectedLemmas.UniformActivity.ActiveSetData.lower_rawActivity' depends on axioms: [propext,
 Classical.choice,
 Quot.sound]
'Mock2Adv.CorrectedLemmas.UniformActivity.ActiveSetData.rawActivity_pos' depends on axioms: [propext,
 Classical.choice,
 Quot.sound]
'Mock2Adv.CorrectedLemmas.UniformActivity.massConditionAt_of_lebesgueActivity' depends on axioms: [propext,
 Classical.choice,
 Quot.sound]
'Mock2Adv.CorrectedLemmas.UniformActivity.massConditionAt_ofActiveSet' depends on axioms: [propext,
 Classical.choice,
 Quot.sound]
'Mock2Adv.CorrectedLemmas.UniformActivity.hMass_ofActiveSet' depends on axioms: [propext, Classical.choice, Quot.sound]
'Mock2Adv.CorrectedLemmas.RestrictionStability.PointwiseEquivariantSection.restriction_covariance' depends on axioms: [propext,
 Classical.choice,
 Quot.sound]
'Mock2Adv.CorrectedLemmas.RestrictionStability.PointwiseEquivariantSection.restrict_comp' depends on axioms: [propext,
 Classical.choice,
 Quot.sound]
'Mock2Adv.CorrectedLemmas.RestrictionStability.HalfWeightEquivariantSection.restriction_covariance' depends on axioms: [propext,
 Classical.choice,
 Quot.sound]
'Mock2Adv.CorrectedLemmas.RestrictionStability.HalfWeightEquivariantSection.restrict_apply' depends on axioms: [propext,
 Classical.choice,
 Quot.sound]
'Mock2Adv.CorrectedLemmas.RestrictionStability.HalfWeightEquivariantSection.restrict_comp' depends on axioms: [propext,
 Classical.choice,
 Quot.sound]
'Mock2Adv.CorrectedLemmas.RestrictionStability.GaugeDescentSheaf.qGaugeRestrict_comp' depends on axioms: [propext,
 Classical.choice,
 Quot.sound]
'Mock2Adv.CorrectedLemmas.GlobalPoincare.PoincareEstimate.eq_zero_of_common_kernel' depends on axioms: [propext,
 Classical.choice,
 Quot.sound]
'Mock2Adv.CorrectedLemmas.GlobalPoincare.unqualifiedPoincareSchema_false' depends on axioms: [propext,
 Classical.choice,
 Quot.sound]
'Mock2Adv.CorrectedLemmas.GlobalPoincare.SpectralGapData.energy_pos_of_ne_zero' depends on axioms: [propext,
 Classical.choice,
 Quot.sound]
'Mock2Adv.CorrectedLemmas.KloostermanTail.not_summable_nonzero_mul_paper_tail_one' depends on axioms: [propext,
 Classical.choice,
 Quot.sound]
'Mock2Adv.CorrectedLemmas.KloostermanTail.not_summable_nonzero_mul_paper_tail_half' depends on axioms: [propext,
 Classical.choice,
 Quot.sound]
'Mock2Adv.CorrectedLemmas.KuznetsovKloosterman.pairGcd_unbounded' depends on axioms: [propext,
 Classical.choice,
 Quot.sound]
'Mock2Adv.CorrectedLemmas.KuznetsovKloosterman.natCast_unbounded' depends on axioms: [propext,
 Classical.choice,
 Quot.sound]
'Mock2Adv.CorrectedLemmas.CuspConvergence.cited_basic_integrable_but_rankinSelberg_not' depends on axioms: [propext,
 Classical.choice,
 Quot.sound]
'Mock2Adv.CorrectedLemmas.CuspConvergence.not_CitedLemma31RankinSelbergInference' depends on axioms: [propext,
 Classical.choice,
 Quot.sound]
'Mock2Adv.CorrectedLemmas.CuspConvergence.rankinSelberg_power_beta_one_integrable_iff_of_one_lt' depends on axioms: [propext,
 Classical.choice,
 Quot.sound]
'Mock2Adv.CorrectedLemmas.TentKernel.lemma32_correctedAndProved' depends on axioms: [propext,
 Classical.choice,
 Quot.sound]
'Mock2Adv.CorrectedLemmas.TentKernel.lemma33_correctedAndProved' depends on axioms: [propext,
 Classical.choice,
 Quot.sound]
'Mock2Adv.CorrectedLemmas.KuznetsovInterface.Convention.scaleNormalization_transform' depends on axioms: [propext,
 Classical.choice,
 Quot.sound]
'Mock2Adv.CorrectedLemmas.KuznetsovInterface.profileBesselConvention_transform_one_at_one' depends on axioms: [propext,
 Classical.choice,
 Quot.sound]
'Mock2Adv.CorrectedLemmas.KuznetsovInterface.doubledNormalization_transform_one_at_one' depends on axioms: [propext,
 Classical.choice,
 Quot.sound]
'Mock2Adv.CorrectedLemmas.KuznetsovInterface.normalization_choice_changes_transform' depends on axioms: [propext,
 Classical.choice,
 Quot.sound]
'Mock2Adv.UnnumberedFormulaLedger.equations3_1_to_3_6_transformNormalizationScales_proved' depends on axioms: [propext,
 Classical.choice,
 Quot.sound]
'Mock2Adv.UnnumberedFormulaLedger.equations3_1_to_3_6_unspecifiedNormalizationErratum' depends on axioms: [propext,
 Classical.choice,
 Quot.sound]
'Mock2Adv.CorrectedLemmas.KuznetsovInterface.support_fourierPositiveSmoothTentFunction_subset' depends on axioms: [propext,
 Classical.choice,
 Quot.sound]
'Mock2Adv.CorrectedLemmas.KuznetsovInterface.lemma34_smoothReplacement_correctedAndProved' depends on axioms: [propext,
 Classical.choice,
 Quot.sound]
'Mock2Adv.CorrectedLemmas.KuznetsovInterface.UniformKernelEnvelope.autocorrelationFourierPositiveSmoothTent_admissibleAndBound' depends on axioms: [propext,
 Classical.choice,
 Quot.sound]
'Mock2Adv.CorrectedLemmas.MassUnfolding.not_all_re_gt_one_resolvents_poleFree' depends on axioms: [propext,
 Classical.choice,
 Quot.sound]
'Mock2Adv.CorrectedLemmas.MassUnfolding.mass_identification_normalization_unique' depends on axioms: [propext,
 Classical.choice,
 Quot.sound]
'Mock2Adv.CorrectedLemmas.MassUnfolding.not_nonempty_toMassCertificate_of_negative' depends on axioms: [propext,
 Classical.choice,
 Quot.sound]
'Mock2Adv.CorrectedLemmas.Interchange.constant_arithmetic_series_not_summable' depends on axioms: [propext,
 Classical.choice,
 Quot.sound]
'Mock2Adv.CorrectedLemmas.Interchange.ConcreteGeometricMajorant.kernel' depends on axioms: [propext,
 Classical.choice,
 Quot.sound]
'Mock2Adv.CorrectedLemmas.Interchange.ConcreteGeometricMajorant.kernel_nonnegative' depends on axioms: [propext,
 Classical.choice,
 Quot.sound]
'Mock2Adv.CorrectedLemmas.Interchange.ConcreteGeometricMajorant.kernel_ne_zero' depends on axioms: [propext,
 Classical.choice,
 Quot.sound]
'Mock2Adv.CorrectedLemmas.Interchange.ConcreteGeometricMajorant.kernel_integrable' depends on axioms: [propext,
 Classical.choice,
 Quot.sound]
'Mock2Adv.CorrectedLemmas.Interchange.ConcreteGeometricMajorant.uniformMajorant' depends on axioms: [propext,
 Classical.choice,
 Quot.sound]
'Mock2Adv.CorrectedLemmas.Interchange.ConcreteGeometricMajorant.tsum_integral_eq_integral_tsum' depends on axioms: [propext,
 Classical.choice,
 Quot.sound]
'Mock2Adv.CorrectedLemmas.Interchange.ConcreteGeometricMajorant.tsum_integral_eq_two' depends on axioms: [propext,
 Classical.choice,
 Quot.sound]
'Mock2Adv.CorrectedLemmas.Interchange.ConcreteGeometricMajorant.integral_tsum_eq_two' depends on axioms: [propext,
 Classical.choice,
 Quot.sound]
'Mock2Adv.CorrectedLemmas.UniformActivity.MassConditionAt.eventual_spectralActivity' depends on axioms: [propext,
 Classical.choice,
 Quot.sound]
'Mock2Adv.CorrectedLemmas.UniformActivity.not_hMass_of_tendsto_mass_zero' depends on axioms: [propext,
 Classical.choice,
 Quot.sound]
'Mock2Adv.CorrectedLemmas.UniformActivity.normalized_right_tail_profile_average' depends on axioms: [propext,
 Classical.choice,
 Quot.sound]
'Mock2Adv.CorrectedLemmas.RestrictionStability.InvariantSubset.preimageOfInvariantMap_mono' does not depend on any axioms
'Mock2Adv.CorrectedLemmas.GreenIdentityRepair.eq_average_of_eq_of_eq' depends on axioms: [propext,
 Classical.choice,
 Quot.sound]
'Mock2Adv.CorrectedLemmas.GreenIdentityRepair.average_factorization_identity' depends on axioms: [propext,
 Classical.choice,
 Quot.sound]
'Mock2Adv.CorrectedLemmas.GreenIdentityRepair.average_factorization_without_half_counterexample' depends on axioms: [propext,
 Classical.choice,
 Quot.sound]
'Mock2Adv.CorrectedLemmas.GreenIdentityRepair.energy_add_boundary_eq_rhs_iff' depends on axioms: [propext]
'Mock2Adv.CorrectedLemmas.GreenIdentityRepair.energy_eq_rhs_sub_boundary' depends on axioms: [propext]
'Mock2Adv.CorrectedLemmas.GreenIdentityRepair.paper_plusBoundaryRewrite_counterexample' depends on axioms: [propext,
 Classical.choice,
 Quot.sound]
'Mock2Adv.UnnumberedFormulaLedger.equation1_6_averageFactor_correctedAndProved' depends on axioms: [propext,
 Classical.choice,
 Quot.sound]
'Mock2Adv.UnnumberedFormulaLedger.equation1_6_missingHalfErratum' depends on axioms: [propext,
 Classical.choice,
 Quot.sound]
'Mock2Adv.UnnumberedFormulaLedger.equations1_7_to_1_8_boundarySign_correctedAndProved' depends on axioms: [propext]
'Mock2Adv.UnnumberedFormulaLedger.equations1_7_to_1_8_plusBoundaryErratum' depends on axioms: [propext,
 Classical.choice,
 Quot.sound]
'Mock2Adv.CorrectedLemmas.WidthTwoFourier.integral_frequencyDifference' depends on axioms: [propext,
 Classical.choice,
 Quot.sound]
'Mock2Adv.CorrectedLemmas.WidthTwoFourier.integral_crossTerm' depends on axioms: [propext, Classical.choice, Quot.sound]
'Mock2Adv.CorrectedLemmas.WidthTwoFourier.integral_crossTerm_sum' depends on axioms: [propext,
 Classical.choice,
 Quot.sound]
'Mock2Adv.CorrectedLemmas.WidthTwoFourier.integral_conj_mul_finitePolynomial' depends on axioms: [propext,
 Classical.choice,
 Quot.sound]
'Mock2Adv.CorrectedLemmas.WidthTwoFourier.integral_normSq_finitePolynomial' depends on axioms: [propext,
 Classical.choice,
 Quot.sound]
'Mock2Adv.CorrectedLemmas.WidthTwoFourier.integral_norm_sq_finitePolynomial' depends on axioms: [propext,
 Classical.choice,
 Quot.sound]
'Mock2Adv.UnnumberedFormulaLedger.equation4_17_widthTwoFiniteHermitianParseval_proved' depends on axioms: [propext,
 Classical.choice,
 Quot.sound]
'Mock2Adv.UnnumberedFormulaLedger.equation4_17_widthTwoFiniteNormSqParseval_proved' depends on axioms: [propext,
 Classical.choice,
 Quot.sound]
'Mock2Adv.UnnumberedFormulaLedger.equation4_17_widthTwoFiniteParseval_proved' depends on axioms: [propext,
 Classical.choice,
 Quot.sound]
'Mock2Adv.CorrectedLemmas.CorrectedPropositions.FixedCuspHeightRademacher.sqrtGrowth_le_halfLinear_add_constant' depends on axioms: [propext,
 Classical.choice,
 Quot.sound]
'Mock2Adv.CorrectedLemmas.CorrectedPropositions.FixedCuspHeightRademacher.exists_nonnegative_sqrtAbsorptionConstant' depends on axioms: [propext,
 Classical.choice,
 Quot.sound]
'Mock2Adv.CorrectedLemmas.CorrectedPropositions.FixedCuspHeightRademacher.summable_pow_mul_exp_sqrtGrowth_sub_linear' depends on axioms: [propext,
 Classical.choice,
 Quot.sound]
'Mock2Adv.CorrectedLemmas.CorrectedPropositions.FixedCuspHeightRademacher.summable_firstDerivativeEnergyWeight' depends on axioms: [propext,
 Classical.choice,
 Quot.sound]
'Mock2Adv.CorrectedLemmas.CorrectedPropositions.FixedCuspHeightRademacher.summable_secondDerivativeEnergyWeight' depends on axioms: [propext,
 Classical.choice,
 Quot.sound]
'Mock2Adv.UnnumberedFormulaLedger.equations4_10_to_4_27_fixedHeightSqrtAbsorption_correctedAndProved' depends on axioms: [propext,
 Classical.choice,
 Quot.sound]
'Mock2Adv.UnnumberedFormulaLedger.equations4_10_to_4_27_fixedHeightSummability_correctedAndProved' depends on axioms: [propext,
 Classical.choice,
 Quot.sound]
'Mock2Adv.UnnumberedFormulaLedger.equations4_10_to_4_27_firstDerivativeWeight_correctedAndProved' depends on axioms: [propext,
 Classical.choice,
 Quot.sound]
'Mock2Adv.UnnumberedFormulaLedger.equations4_10_to_4_27_secondDerivativeWeight_correctedAndProved' depends on axioms: [propext,
 Classical.choice,
 Quot.sound]
'Mock2Adv.CorrectedLemmas.CorrectedPropositions.Section54CorollaryRepair.NonnegativeSummableSeries.tsum_eq_term_add_complement' depends on axioms: [propext,
 Classical.choice,
 Quot.sound]
'Mock2Adv.CorrectedLemmas.CorrectedPropositions.Section54CorollaryRepair.NonnegativeSummableSeries.term_le_tsum' depends on axioms: [propext,
 Classical.choice,
 Quot.sound]
'Mock2Adv.CorrectedLemmas.CorrectedPropositions.Section54CorollaryRepair.DiscreteSpectralSeries.contribution_eq_term_add_complementary' depends on axioms: [propext,
 Classical.choice,
 Quot.sound]
'Mock2Adv.CorrectedLemmas.CorrectedPropositions.Section54CorollaryRepair.DiscreteSpectralSeries.complementaryContribution_nonneg' depends on axioms: [propext,
 Classical.choice,
 Quot.sound]
'Mock2Adv.CorrectedLemmas.CorrectedPropositions.Section54CorollaryRepair.DiscreteSpectralSeries.term_le_contribution' depends on axioms: [propext,
 Classical.choice,
 Quot.sound]
'Mock2Adv.CorrectedLemmas.CorrectedPropositions.Section54CorollaryRepair.SeriesKuznetsovSpectralIdentity.selectedMode_add_mass_le_spectralSide' depends on axioms: [propext,
 Classical.choice,
 Quot.sound]
'Mock2Adv.UnnumberedFormulaLedger.equations3_7_to_3_19_selectedTermDecomposition_proved' depends on axioms: [propext,
 Classical.choice,
 Quot.sound]
'Mock2Adv.UnnumberedFormulaLedger.equations3_7_to_3_19_remainingModes_nonnegative_proved' depends on axioms: [propext,
 Classical.choice,
 Quot.sound]
'Mock2Adv.UnnumberedFormulaLedger.equations3_7_to_3_19_selectedModeIsolation_proved' depends on axioms: [propext,
 Classical.choice,
 Quot.sound]
'Mock2Adv.UnnumberedFormulaLedger.equations3_7_to_3_19_selectedModePlusMassIsolation_proved' depends on axioms: [propext,
 Classical.choice,
 Quot.sound]
'Mock2Adv.Section52Closure.exhaustive' depends on axioms: [propext]
'Mock2Adv.Section52Closure.exists_removedWithErratum' does not depend on any axioms
'Mock2Adv.Section52Closure.not_every_literal_claim_is_proved' depends on axioms: [propext]
'Mock2Adv.Section52Closure.Disposition' does not depend on any axioms
'Mock2Adv.Section52Closure.Claim' does not depend on any axioms
'Mock2Adv.Section52Closure.claimDisposition' does not depend on any axioms
'Mock2Adv.Section52Closure.claim_count' depends on axioms: [propext, Classical.choice, Quot.sound]
'Mock2Adv.Section52Closure.proved_count' depends on axioms: [propext, Classical.choice, Quot.sound]
'Mock2Adv.Section52Closure.correctedAndProved_count' depends on axioms: [propext, Classical.choice, Quot.sound]
'Mock2Adv.Section52Closure.removedWithErratum_count' depends on axioms: [propext, Classical.choice, Quot.sound]
'Mock2Adv.Section52Closure.ClaimEvidence' depends on axioms: [propext, Classical.choice, Quot.sound]
'Mock2Adv.Section52Closure.claimEvidence' depends on axioms: [propext, Classical.choice, Quot.sound]
'Mock2Adv.Section52Closure.lemma11_distributional_correctedAndProved' depends on axioms: [propext,
 Classical.choice,
 Quot.sound]
'Mock2Adv.Section52Closure.lemma11_regularCorollary_correctedAndProved' depends on axioms: [propext,
 Classical.choice,
 Quot.sound]
'Mock2Adv.Section52Closure.lemma12_abstractGap_correctedAndProved' depends on axioms: [propext,
 Classical.choice,
 Quot.sound]
'Mock2Adv.Section52Closure.lemma12_genuineGroupGap_correctedAndProved' depends on axioms: [propext,
 Classical.choice,
 Quot.sound]
'Mock2Adv.Section52Closure.lemma12_genuineOrthogonalGap_correctedAndProved' depends on axioms: [propext,
 Classical.choice,
 Quot.sound]
'Mock2Adv.Section52Closure.lemma12_zeroModeErratum' depends on axioms: [propext, Classical.choice, Quot.sound]
'Mock2Adv.Section52Closure.lemma13_orderedAbel_correctedAndProved' depends on axioms: [propext,
 Classical.choice,
 Quot.sound]
'Mock2Adv.Section52Closure.lemma13_divergentTailErratum' depends on axioms: [propext, Classical.choice, Quot.sound]
'Mock2Adv.Section52Closure.lemma13_variableFactorErratum' depends on axioms: [propext, Classical.choice, Quot.sound]
'Mock2Adv.Section52Closure.lemma21_duplicate_correctedAndProved' depends on axioms: [propext,
 Classical.choice,
 Quot.sound]
'Mock2Adv.Section52Closure.lemma21_genuineDuplicate_correctedAndProved' depends on axioms: [propext,
 Classical.choice,
 Quot.sound]
'Mock2Adv.Section52Closure.lemma22_orderedAbel_correctedAndProved' depends on axioms: [propext,
 Classical.choice,
 Quot.sound]
'Mock2Adv.Section52Closure.lemma22_divergentTailErratum' depends on axioms: [propext, Classical.choice, Quot.sound]
'Mock2Adv.Section52Closure.lemma22_gcdFactorErratum' depends on axioms: [propext, Classical.choice, Quot.sound]
'Mock2Adv.Section52Closure.lemma31_localPower_correctedAndProved' depends on axioms: [propext,
 Classical.choice,
 Quot.sound]
'Mock2Adv.Section52Closure.lemma31_rankinSelbergInferenceErratum' depends on axioms: [propext,
 Classical.choice,
 Quot.sound]
'Mock2Adv.Section52Closure.lemma32_proved' depends on axioms: [propext, Classical.choice, Quot.sound]
'Mock2Adv.Section52Closure.lemma33_proved' depends on axioms: [propext, Classical.choice, Quot.sound]
'Mock2Adv.Section52Closure.lemma34_smoothReplacement_correctedAndProved' depends on axioms: [propext,
 Classical.choice,
 Quot.sound]
'Mock2Adv.Section52Closure.lemma34_abstractTransform_correctedAndProved' depends on axioms: [propext,
 Classical.choice,
 Quot.sound]
'Mock2Adv.Section52Closure.lemma35_finiteLimit_correctedAndProved' depends on axioms: [propext,
 Classical.choice,
 Quot.sound]
'Mock2Adv.Section52Closure.lemma35_concreteFiniteUnfolding_constructed' depends on axioms: [propext,
 Classical.choice,
 Quot.sound]
'Mock2Adv.Section52Closure.lemma35_concreteProductUnfolding_constructed' depends on axioms: [propext,
 Classical.choice,
 Quot.sound]
'Mock2Adv.Section52Closure.lemma35_concreteFiniteIdentity_correctedAndProved' depends on axioms: [propext,
 Classical.choice,
 Quot.sound]
'Mock2Adv.Section52Closure.lemma35_concreteProductFubini_correctedAndProved' depends on axioms: [propext,
 Classical.choice,
 Quot.sound]
'Mock2Adv.Section52Closure.lemma35_concreteUnfoldingToMass_correctedAndProved' depends on axioms: [propext,
 Classical.choice,
 Quot.sound]
'Mock2Adv.Section52Closure.lemma35_parameterRangeErratum' depends on axioms: [propext, Classical.choice, Quot.sound]
'Mock2Adv.Section52Closure.lemma35_normalizationNecessity' depends on axioms: [propext, Classical.choice, Quot.sound]
'Mock2Adv.Section52Closure.lemma36_uniformMajorant_correctedAndProved' depends on axioms: [propext,
 Classical.choice,
 Quot.sound]
'Mock2Adv.Section52Closure.lemma36_concreteGeometricUniformMajorant' depends on axioms: [propext,
 Classical.choice,
 Quot.sound]
'Mock2Adv.Section52Closure.lemma36_concreteTermsNonzero_proved' depends on axioms: [propext,
 Classical.choice,
 Quot.sound]
'Mock2Adv.Section52Closure.lemma36_concreteInterchange_correctedAndProved' depends on axioms: [propext,
 Classical.choice,
 Quot.sound]
'Mock2Adv.Section52Closure.lemma36_concreteSumOfIntegrals_eq_two_proved' depends on axioms: [propext,
 Classical.choice,
 Quot.sound]
'Mock2Adv.Section52Closure.lemma36_concreteIntegralOfSum_eq_two_proved' depends on axioms: [propext,
 Classical.choice,
 Quot.sound]
'Mock2Adv.Section52Closure.lemma36_compactSupportErratum' depends on axioms: [propext, Classical.choice, Quot.sound]
'Mock2Adv.Section52Closure.lemma37_nonnegativity_proved' depends on axioms: [propext, Classical.choice, Quot.sound]
'Mock2Adv.Section52Closure.lemma37_unfolded_correctedAndProved' depends on axioms: [propext,
 Classical.choice,
 Quot.sound]
'Mock2Adv.Section52Closure.lemma37_concreteExtractedMassPositive_correctedAndProved' depends on axioms: [propext,
 Classical.choice,
 Quot.sound]
'Mock2Adv.Section52Closure.lemma37_concreteExtractedMassNonnegative_correctedAndProved' depends on axioms: [propext,
 Classical.choice,
 Quot.sound]
'Mock2Adv.Section52Closure.lemma37_identificationObstruction' depends on axioms: [propext, Classical.choice, Quot.sound]
'Mock2Adv.Section52Closure.lemma38_activeSet_correctedAndProved' depends on axioms: [propext,
 Classical.choice,
 Quot.sound]
'Mock2Adv.Section52Closure.lemma38_activeSetHMass_correctedAndProved' depends on axioms: [propext,
 Classical.choice,
 Quot.sound]
'Mock2Adv.Section52Closure.lemma38_smoothVolumeHMass_concreteModel_proved' depends on axioms: [propext,
 Classical.choice,
 Quot.sound]
'Mock2Adv.Section52Closure.lemma38_decayErratum' depends on axioms: [propext, Classical.choice, Quot.sound]
'Mock2Adv.Section52Closure.lemma38_boundaryLayerErratum' depends on axioms: [propext, Classical.choice, Quot.sound]
'Mock2Adv.Section52Closure.lemma61_preimage_proved' does not depend on any axioms
'Mock2Adv.Section52Closure.lemma61_covariance_proved' depends on axioms: [propext, Classical.choice, Quot.sound]
'Mock2Adv.continuous_cuspHeight' depends on axioms: [propext, Classical.choice, Quot.sound]
'Mock2Adv.IsCompact.exists_truncationHeight' depends on axioms: [propext, Classical.choice, Quot.sound]
'Mock2Adv.CorrectedLemmas.CorrectedPropositions.DualNorm.dualNorm_eq_sSup_nonzeroRatio' depends on axioms: [propext,
 Classical.choice,
 Quot.sound]
'Mock2Adv.CorrectedLemmas.CorrectedPropositions.DualNorm.setIntegral_eq_compactCoreTruncation' depends on axioms: [propext,
 Classical.choice,
 Quot.sound]
'Mock2Adv.CorrectedLemmas.KuznetsovInterface.fourierPositiveSmoothTentFunction_localPositiveFloor' depends on axioms: [propext,
 Classical.choice,
 Quot.sound]
'Mock2Adv.CorrectedLemmas.CorrectedPropositions.LowerGrowth.exists_pointwise_of_meanSquareBlock' depends on axioms: [propext,
 Classical.choice,
 Quot.sound]
'Mock2Adv.CorrectedLemmas.CorrectedPropositions.LowerGrowth.exists_injective_pointwiseMeanSquareSelection' depends on axioms: [propext,
 Classical.choice,
 Quot.sound]
'Mock2Adv.CorrectedLemmas.CorrectedPropositions.LowerGrowth.exists_injective_powerLowerSelection' depends on axioms: [propext,
 Classical.choice,
 Quot.sound]
'Mock2Adv.CorrectedLemmas.CorrectedPropositions.LowerGrowth.exists_injective_powerLowerSelection_withLinearIndexBounds' depends on axioms: [propext,
 Classical.choice,
 Quot.sound]
'Mock2Adv.CorrectedLemmas.CorrectedPropositions.StepThree.noTraceComparison_of_infinite_powerGap' depends on axioms: [propext,
 Classical.choice,
 Quot.sound]
'Mock2Adv.CorrectedLemmas.CorrectedPropositions.FlatQTransport.QLocalSystem.connectionOfTrivialization_compatible' depends on axioms: [propext,
 Classical.choice,
 Quot.sound]
'Mock2Adv.CorrectedLemmas.CorrectedPropositions.FlatQTransport.QLocalSystem.connectionOfTrivialization_unique' depends on axioms: [propext,
 Classical.choice,
 Quot.sound]
'Mock2Adv.CorrectedLemmas.CorrectedPropositions.OperatorGaugeCurvature.exists_nonzero_gaugeDerivativeTerm' depends on axioms: [propext,
 Classical.choice,
 Quot.sound]
'Mock2Adv.CorrectedLemmas.CorrectedPropositions.GlobalEqualizer.restrictionToCompatibleGaugeFamily_bijective' depends on axioms: [propext,
 Classical.choice,
 Quot.sound]
'Mock2Adv.CorrectedLemmas.CorrectedPropositions.GlobalEqualizer.globalGaugeFormsEquivCompatibleGaugeFamily' depends on axioms: [propext,
 Classical.choice,
 Quot.sound]
'Mock2Adv.CorrectedLemmas.CorrectedPropositions.CRTTorBridge.ActualCyclicTorOne' depends on axioms: [propext,
 Classical.choice,
 Quot.sound]
'Mock2Adv.CorrectedLemmas.CorrectedPropositions.CRTTorBridge.ActualCyclicTorOneSecondKernelComparison' depends on axioms: [propext,
 Classical.choice,
 Quot.sound]
'Mock2Adv.CorrectedLemmas.CorrectedPropositions.CRTTorBridge.cyclicResolution_exact' depends on axioms: [propext,
 Classical.choice,
 Quot.sound]
'Mock2Adv.CorrectedLemmas.CorrectedPropositions.CRTTorBridge.cyclicProjectiveResolution' depends on axioms: [propext,
 Classical.choice,
 Quot.sound]
'Mock2Adv.CorrectedLemmas.CorrectedPropositions.CRTTorBridge.actualCyclicTorOneIsoSecondKernel' depends on axioms: [propext,
 Classical.choice,
 Quot.sound]
'Mock2Adv.CorrectedLemmas.CorrectedPropositions.CRTTorBridge.actualCyclicTorOneSecondKernelComparison_of_ne_zero' depends on axioms: [propext,
 Classical.choice,
 Quot.sound]
'Mock2Adv.CorrectedLemmas.CorrectedPropositions.CRTTorBridge.actualCyclicTorOneIsoGcd_ofComparison' depends on axioms: [propext,
 Classical.choice,
 Quot.sound]
'Mock2Adv.CorrectedLemmas.CorrectedPropositions.CRTTorBridge.actualCyclicTorOneIsoGcd' depends on axioms: [propext,
 Classical.choice,
 Quot.sound]
'Mock2Adv.CorrectedLemmas.CorrectedPropositions.CRTTorBridge.primePowerActualCyclicTorOneIsoGcd' depends on axioms: [propext,
 Classical.choice,
 Quot.sound]
'Mock2Adv.Section53Closure.exhaustive' depends on axioms: [propext]
'Mock2Adv.Section53Closure.claimDisposition' does not depend on any axioms
'Mock2Adv.Section53Closure.Claim' does not depend on any axioms
'Mock2Adv.Section53Closure.ClaimEvidence' depends on axioms: [propext, Classical.choice, Quot.sound]
'Mock2Adv.Section53Closure.claimEvidence' depends on axioms: [propext, Classical.choice, Quot.sound]
'Mock2Adv.Section53Closure.proposition1_claimEvidence_proved' depends on axioms: [propext, Classical.choice, Quot.sound]
'Mock2Adv.Section53Closure.proposition2_claimEvidence_proved' depends on axioms: [propext, Classical.choice, Quot.sound]
'Mock2Adv.Section53Closure.proposition3_claimEvidence_proved' depends on axioms: [propext, Classical.choice, Quot.sound]
'Mock2Adv.Section53Closure.proposition4_claimEvidence_proved' depends on axioms: [propext, Classical.choice, Quot.sound]
'Mock2Adv.Section53Closure.proposition5_claimEvidence_proved' depends on axioms: [propext, Classical.choice, Quot.sound]
'Mock2Adv.Section53Closure.proposition6_claimEvidence_proved' depends on axioms: [propext, Classical.choice, Quot.sound]
'Mock2Adv.Section53Closure.proposition7_claimEvidence_proved' depends on axioms: [propext, Classical.choice, Quot.sound]
'Mock2Adv.Section53Closure.proposition8_claimEvidence_proved' depends on axioms: [propext, Classical.choice, Quot.sound]
'Mock2Adv.Section53Closure.proposition9_claimEvidence_proved' depends on axioms: [propext, Classical.choice, Quot.sound]
'Mock2Adv.Section53Closure.proposition10_claimEvidence_proved' depends on axioms: [propext,
 Classical.choice,
 Quot.sound]
'Mock2Adv.Section53Closure.proposition11_claimEvidence_proved' depends on axioms: [propext,
 Classical.choice,
 Quot.sound]
'Mock2Adv.Section53Closure.proposition12_claimEvidence_proved' depends on axioms: [propext,
 Classical.choice,
 Quot.sound]
'Mock2Adv.Section53Closure.proposition13_claimEvidence_proved' depends on axioms: [propext,
 Classical.choice,
 Quot.sound]
'Mock2Adv.Section53Closure.proposition14_claimEvidence_proved' depends on axioms: [propext,
 Classical.choice,
 Quot.sound]
'Mock2Adv.Section53Closure.proposition15_claimEvidence_proved' depends on axioms: [propext,
 Classical.choice,
 Quot.sound]
'Mock2Adv.Section53Closure.proposition16_claimEvidence_proved' depends on axioms: [propext,
 Classical.choice,
 Quot.sound]
'Mock2Adv.Section53Closure.proposition17_claimEvidence_proved' depends on axioms: [propext,
 Classical.choice,
 Quot.sound]
'Mock2Adv.Section53Closure.proposition18_claimEvidence_proved' depends on axioms: [propext,
 Classical.choice,
 Quot.sound]
'Mock2Adv.Section53Closure.proposition19_claimEvidence_proved' depends on axioms: [propext,
 Classical.choice,
 Quot.sound]
'Mock2Adv.Section53Closure.proposition20_claimEvidence_proved' depends on axioms: [propext,
 Classical.choice,
 Quot.sound]
'Mock2Adv.Section53Closure.proposition21_claimEvidence_proved' depends on axioms: [propext,
 Classical.choice,
 Quot.sound]
'Mock2Adv.Section53Closure.proposition1_closedBall_correctedAndProved' depends on axioms: [propext,
 Classical.choice,
 Quot.sound]
'Mock2Adv.Section53Closure.proposition1_unitSphere_correctedAndProved' depends on axioms: [propext,
 Classical.choice,
 Quot.sound]
'Mock2Adv.Section53Closure.proposition1_nonzeroRatio_correctedAndProved' depends on axioms: [propext,
 Classical.choice,
 Quot.sound]
'Mock2Adv.Section53Closure.proposition1_holder_proved' depends on axioms: [propext, Classical.choice, Quot.sound]
'Mock2Adv.Section53Closure.proposition1_variableTruncation_correctedAndProved' depends on axioms: [propext,
 Classical.choice,
 Quot.sound]
'Mock2Adv.Section53Closure.proposition1_cuspHeightContinuous_proved' depends on axioms: [propext,
 Classical.choice,
 Quot.sound]
'Mock2Adv.Section53Closure.proposition1_compactCoreTruncation_correctedAndProved' depends on axioms: [propext,
 Classical.choice,
 Quot.sound]
'Mock2Adv.Section53Closure.proposition1_compactCoreIntegral_correctedAndProved' depends on axioms: [propext,
 Classical.choice,
 Quot.sound]
'Mock2Adv.Section53Closure.proposition1_fixedTruncationErratum' depends on axioms: [propext,
 Classical.choice,
 Quot.sound]
'Mock2Adv.Section53Closure.proposition2_validSpectralLeaf' depends on axioms: [propext, Classical.choice, Quot.sound]
'Mock2Adv.Section53Closure.proposition2_exceptionalParameterErratum' depends on axioms: [propext,
 Classical.choice,
 Quot.sound]
'Mock2Adv.Section53Closure.proposition2_coefficientErratum' depends on axioms: [propext, Classical.choice, Quot.sound]
'Mock2Adv.Section53Closure.proposition2_growthDirectionErratum' depends on axioms: [propext,
 Classical.choice,
 Quot.sound]
'Mock2Adv.Section53Closure.proposition2_powerBounds_incompatible_correctedAndProved' depends on axioms: [propext,
 Classical.choice,
 Quot.sound]
'Mock2Adv.Section53Closure.proposition2_massAddedLower_correctedAndProved' depends on axioms: [propext,
 Classical.choice,
 Quot.sound]
'Mock2Adv.Section53Closure.proposition2_quarterGapCriterion_correctedAndProved' depends on axioms: [propext,
 Classical.choice,
 Quot.sound]
'Mock2Adv.Section53Closure.proposition2_threeInputInsufficiencyErratum' depends on axioms: [propext,
 Classical.choice,
 Quot.sound]
'Mock2Adv.Section53Closure.proposition3_zeroCoefficientErratum' depends on axioms: [propext,
 Classical.choice,
 Quot.sound]
'Mock2Adv.Section53Closure.proposition3_unitaryDerivativeErratum' depends on axioms: [propext,
 Classical.choice,
 Quot.sound]
'Mock2Adv.Section53Closure.proposition3_activeSet_correctedAndProved' depends on axioms: [propext,
 Classical.choice,
 Quot.sound]
'Mock2Adv.Section53Closure.proposition3_hMass_correctedAndProved' depends on axioms: [propext,
 Classical.choice,
 Quot.sound]
'Mock2Adv.Section53Closure.proposition3_smoothVolumeMassCondition_concreteModel_proved' depends on axioms: [propext,
 Classical.choice,
 Quot.sound]
'Mock2Adv.Section53Closure.proposition4_duplicateErratum' depends on axioms: [propext, Classical.choice, Quot.sound]
'Mock2Adv.Section53Closure.proposition4_duplicate_correctedAndProved' depends on axioms: [propext,
 Classical.choice,
 Quot.sound]
'Mock2Adv.Section53Closure.proposition4_hMass_duplicate_correctedAndProved' depends on axioms: [propext,
 Classical.choice,
 Quot.sound]
'Mock2Adv.Section53Closure.proposition4_smoothVolumeMassCondition_duplicateConcreteModel_proved' depends on axioms: [propext,
 Classical.choice,
 Quot.sound]
'Mock2Adv.Section53Closure.proposition5_rawTentErratum' depends on axioms: [propext, Classical.choice, Quot.sound]
'Mock2Adv.Section53Closure.proposition5_stepOne_proved' depends on axioms: [propext, Classical.choice, Quot.sound]
'Mock2Adv.Section53Closure.proposition5_localization_proved' depends on axioms: [propext, Classical.choice, Quot.sound]
'Mock2Adv.Section53Closure.proposition5_smoothTest_correctedAndProved' depends on axioms: [propext,
 Classical.choice,
 Quot.sound]
'Mock2Adv.Section53Closure.proposition5_transform_correctedAndProved' depends on axioms: [propext,
 Classical.choice,
 Quot.sound]
'Mock2Adv.Section53Closure.proposition5_sameFamily_localFloorAndKernelEnvelope' depends on axioms: [propext,
 Classical.choice,
 Quot.sound]
'Mock2Adv.Section53Closure.proposition5_concreteConvention_sameTestCertificate' depends on axioms: [propext,
 Classical.choice,
 Quot.sound]
'Mock2Adv.Section53Closure.proposition5_concreteMassAndTransform_sameTest_proved' depends on axioms: [propext,
 Classical.choice,
 Quot.sound]
'Mock2Adv.Section53Closure.proposition5_smoothVolumeSameTest_completeConcreteModel_proved' depends on axioms: [propext,
 Classical.choice,
 Quot.sound]
'Mock2Adv.Section53Closure.proposition6_supportFloorErratum' depends on axioms: [propext, Classical.choice, Quot.sound]
'Mock2Adv.Section53Closure.proposition6_activeSet_correctedAndProved' depends on axioms: [propext,
 Classical.choice,
 Quot.sound]
'Mock2Adv.Section53Closure.proposition6_positiveVolumeActivity_concreteModel_proved' depends on axioms: [propext,
 Classical.choice,
 Quot.sound]
'Mock2Adv.Section53Closure.proposition6_positiveMass_concreteModel_proved' depends on axioms: [propext,
 Classical.choice,
 Quot.sound]
'Mock2Adv.Section53Closure.proposition7_ofActiveSet_proved' depends on axioms: [propext, Classical.choice, Quot.sound]
'Mock2Adv.Section53Closure.proposition7_activeSetCriterion_correctedAndProved' depends on axioms: [propext,
 Classical.choice,
 Quot.sound]
'Mock2Adv.Section53Closure.proposition7_fullSpectral_ofMassCondition' depends on axioms: [propext,
 Classical.choice,
 Quot.sound]
'Mock2Adv.Section53Closure.proposition7_unconditionalErratum' depends on axioms: [propext, Classical.choice, Quot.sound]
'Mock2Adv.Section53Closure.proposition7_concretePositiveModel_proved' depends on axioms: [propext,
 Classical.choice,
 Quot.sound]
'Mock2Adv.Section53Closure.proposition7_sameSmoothTest_concreteHMass_proved' depends on axioms: [propext,
 Classical.choice,
 Quot.sound]
'Mock2Adv.Section53Closure.proposition7_smoothVolumeHMass_concreteModel_proved' depends on axioms: [propext,
 Classical.choice,
 Quot.sound]
'Mock2Adv.Section53Closure.proposition7_smoothVolumeFullSpectralLower_concreteModel_proved' depends on axioms: [propext,
 Classical.choice,
 Quot.sound]
'Mock2Adv.Section53Closure.proposition8_pointwise_correctedAndProved' depends on axioms: [propext,
 Classical.choice,
 Quot.sound]
'Mock2Adv.Section53Closure.proposition8_meanSquareExtraction_correctedAndProved' depends on axioms: [propext,
 Classical.choice,
 Quot.sound]
'Mock2Adv.Section53Closure.proposition8_powerProfile_correctedAndProved' depends on axioms: [propext,
 Classical.choice,
 Quot.sound]
'Mock2Adv.Section53Closure.proposition8_linearIndexAsymptotic_correctedAndProved' depends on axioms: [propext,
 Classical.choice,
 Quot.sound]
'Mock2Adv.Section53Closure.proposition8_selectedIndex_isTheta_correctedAndProved' depends on axioms: [propext,
 Classical.choice,
 Quot.sound]
'Mock2Adv.Section53Closure.proposition8_reindexedPowerLower_correctedAndProved' depends on axioms: [propext,
 Classical.choice,
 Quot.sound]
'Mock2Adv.Section53Closure.proposition8_fullAsymptoticExtraction_correctedAndProved' depends on axioms: [propext,
 Classical.choice,
 Quot.sound]
'Mock2Adv.Section53Closure.proposition8_infiniteExtractionErratum' depends on axioms: [propext,
 Classical.choice,
 Quot.sound]
'Mock2Adv.Section53Closure.proposition9_exponentComparison_correctedAndProved' depends on axioms: [propext,
 Classical.choice,
 Quot.sound]
'Mock2Adv.Section53Closure.proposition9_contradictionLeaf' depends on axioms: [propext, Classical.choice, Quot.sound]
'Mock2Adv.Section53Closure.proposition9_powerGapContradiction_correctedAndProved' depends on axioms: [propext,
 Classical.choice,
 Quot.sound]
'Mock2Adv.Section53Closure.proposition9_growthDirectionErratum' depends on axioms: [propext,
 Classical.choice,
 Quot.sound]
'Mock2Adv.Section53Closure.proposition10_bareAdditiveSplittingInsufficient' depends on axioms: [propext,
 Classical.choice,
 Quot.sound]
'Mock2Adv.Section53Closure.proposition10_dictionaryUniqueness' depends on axioms: [propext,
 Classical.choice,
 Quot.sound]
'Mock2Adv.Section53Closure.proposition10_projectedSplitting_exists_correctedAndProved' depends on axioms: [propext,
 Quot.sound]
'Mock2Adv.Section53Closure.proposition10_projectedSplitting_unique_correctedAndProved' depends on axioms: [propext,
 Quot.sound]
'Mock2Adv.Section53Closure.proposition10_explicitProductSplitting_proved' depends on axioms: [propext, Quot.sound]
'Mock2Adv.Section53Closure.proposition10_explicitProjectedSplitting_complete_correctedAndProved' depends on axioms: [propext,
 Classical.choice,
 Quot.sound]
'Mock2Adv.Section53Closure.proposition11_dampingErratum' depends on axioms: [propext, Classical.choice, Quot.sound]
'Mock2Adv.Section53Closure.proposition11_correctedDampingDirection_correctedAndProved' depends on axioms: [propext,
 Classical.choice,
 Quot.sound]
'Mock2Adv.Section53Closure.proposition11_correctedExponentDirection_correctedAndProved' depends on axioms: [propext,
 Classical.choice,
 Quot.sound]
'Mock2Adv.Section53Closure.proposition11_partialEnergy_correctedAndProved' depends on axioms: [propext,
 Classical.choice,
 Quot.sound]
'Mock2Adv.Section53Closure.proposition11_graphNormPartialSum_correctedAndProved' depends on axioms: [propext,
 Classical.choice,
 Quot.sound]
'Mock2Adv.Section53Closure.proposition11_H1Series_correctedAndProved' depends on axioms: [propext,
 Classical.choice,
 Quot.sound]
'Mock2Adv.Section53Closure.proposition11_compactEmbedding_correctedAndProved' depends on axioms: [propext,
 Classical.choice,
 Quot.sound]
'Mock2Adv.Section53Closure.proposition11_precompactnessErratum' depends on axioms: [propext,
 Classical.choice,
 Quot.sound]
'Mock2Adv.Section53Closure.proposition12_tautologyErratum' depends on axioms: [propext, Classical.choice, Quot.sound]
'Mock2Adv.Section53Closure.proposition12_storedMatch_uniqueness' depends on axioms: [propext,
 Classical.choice,
 Quot.sound]
'Mock2Adv.Section53Closure.proposition12_analyticContinuationUniqueness_correctedAndProved' depends on axioms: [propext,
 Classical.choice,
 Quot.sound]
'Mock2Adv.Section53Closure.proposition13_groupOrbitErratum' depends on axioms: [propext, Classical.choice, Quot.sound]
'Mock2Adv.Section53Closure.proposition13_scaling_correctedAndProved' depends on axioms: [propext,
 Classical.choice,
 Quot.sound]
'Mock2Adv.Section53Closure.proposition13_ambientScalingTransport_correctedAndProved' depends on axioms: [propext,
 Classical.choice,
 Quot.sound]
'Mock2Adv.Section53Closure.proposition13_threeCuspOrbitClassification_correctedAndProved' depends on axioms: [propext,
 Classical.choice,
 Quot.sound]
'Mock2Adv.Section53Closure.proposition14_trivializedTransport_correctedAndProved' depends on axioms: [propext,
 Classical.choice,
 Quot.sound]
'Mock2Adv.Section53Closure.proposition14_connectionConstruction_correctedAndProved' depends on axioms: [propext,
 Classical.choice,
 Quot.sound]
'Mock2Adv.Section53Closure.proposition14_connectionUniqueness_correctedAndProved' depends on axioms: [propext,
 Classical.choice,
 Quot.sound]
'Mock2Adv.Section53Closure.proposition14_noncanonicalErratum' depends on axioms: [propext, Classical.choice, Quot.sound]
'Mock2Adv.Section53Closure.proposition14_connectionNonuniquenessErratum' depends on axioms: [propext,
 Classical.choice,
 Quot.sound]
'Mock2Adv.Section53Closure.proposition15_missingTargetObstruction' does not depend on any axioms
'Mock2Adv.Section53Closure.proposition16_covariantGluing_fromSheafCondition' depends on axioms: [propext,
 Classical.choice,
 Quot.sound]
'Mock2Adv.Section53Closure.proposition16_trivialBundleSheaf_proved' depends on axioms: [propext,
 Classical.choice,
 Quot.sound]
'Mock2Adv.Section53Closure.proposition16_trivialBundleLocalSectionsEquiv' depends on axioms: [propext,
 Classical.choice,
 Quot.sound]
'Mock2Adv.Section53Closure.proposition16_concreteGaugeGluing_proved' depends on axioms: [propext,
 Classical.choice,
 Quot.sound]
'Mock2Adv.Section53Closure.proposition17_curvatureRestriction_correctedAndProved' depends on axioms: [propext,
 Classical.choice,
 Quot.sound]
'Mock2Adv.Section53Closure.proposition17_operatorGaugeCovariance_correctedAndProved' depends on axioms: [propext,
 Quot.sound]
'Mock2Adv.Section53Closure.proposition17_variableGaugeCovariance_correctedAndProved' depends on axioms: [propext,
 Quot.sound]
'Mock2Adv.Section53Closure.proposition17_inhomogeneousTermErratum' depends on axioms: [propext,
 Classical.choice,
 Quot.sound]
'Mock2Adv.Section53Closure.proposition18_duplicate_correctedAndProved' depends on axioms: [propext,
 Classical.choice,
 Quot.sound]
'Mock2Adv.Section53Closure.proposition18_variableGauge_duplicate_correctedAndProved' depends on axioms: [propext,
 Quot.sound]
'Mock2Adv.Section53Closure.proposition18_inhomogeneousTermErratum' depends on axioms: [propext,
 Classical.choice,
 Quot.sound]
'Mock2Adv.Section53Closure.proposition19_flatMassless_correctedAndProved' depends on axioms: [propext,
 Classical.choice,
 Quot.sound]
'Mock2Adv.Section53Closure.proposition20_equalizer_correctedAndProved' depends on axioms: [propext,
 Classical.choice,
 Quot.sound]
'Mock2Adv.Section53Closure.proposition20_restrictionBijection_correctedAndProved' depends on axioms: [propext,
 Classical.choice,
 Quot.sound]
'Mock2Adv.Section53Closure.proposition20_globalSectionsEquiv_correctedAndProved' depends on axioms: [propext,
 Classical.choice,
 Quot.sound]
'Mock2Adv.Section53Closure.proposition20_trivialBundleGlobalSectionsEquiv_proved' depends on axioms: [propext,
 Classical.choice,
 Quot.sound]
'Mock2Adv.Section53Closure.proposition21_lcmKernel_proved' depends on axioms: [propext, Classical.choice, Quot.sound]
'Mock2Adv.Section53Closure.proposition21_lcmLeftExact_proved' depends on axioms: [propext, Classical.choice, Quot.sound]
'Mock2Adv.Section53Closure.proposition21_lcmLeftInjective_correctedAndProved' depends on axioms: [propext]
'Mock2Adv.Section53Closure.proposition21_generalizedCRT_proved' depends on axioms: [propext,
 Classical.choice,
 Quot.sound]
'Mock2Adv.Section53Closure.proposition21_crtExact_proved' depends on axioms: [propext, Classical.choice, Quot.sound]
'Mock2Adv.Section53Closure.proposition21_crtObstruction_surjective_proved' depends on axioms: [propext, Quot.sound]
'Mock2Adv.Section53Closure.proposition21_cyclicPresentation_exact_proved' depends on axioms: [propext,
 Classical.choice,
 Quot.sound]
'Mock2Adv.Section53Closure.proposition21_cyclicPresentation_injective_correctedAndProved' depends on axioms: [propext,
 Classical.choice,
 Quot.sound]
'Mock2Adv.Section53Closure.proposition21_cyclicPresentation_surjective_proved' depends on axioms: [propext, Quot.sound]
'Mock2Adv.Section53Closure.proposition21_cyclicFreeComplex_projective_proved' depends on axioms: [propext,
 Classical.choice,
 Quot.sound]
'Mock2Adv.Section53Closure.proposition21_explicitProjectiveResolution_constructed' depends on axioms: [propext,
 Classical.choice,
 Quot.sound]
'Mock2Adv.Section53Closure.proposition21_actualTorIsoTensorHomology_constructed' depends on axioms: [propext,
 Classical.choice,
 Quot.sound]
'Mock2Adv.Section53Closure.proposition21_actualTorIsoSecondKernel_correctedAndProved' depends on axioms: [propext,
 Classical.choice,
 Quot.sound]
'Mock2Adv.Section53Closure.proposition21_actualTorComparison_inhabited' depends on axioms: [propext,
 Classical.choice,
 Quot.sound]
'Mock2Adv.Section53Closure.proposition21_zeroModulusErratum' depends on axioms: [propext, Classical.choice, Quot.sound]
'Mock2Adv.Section53Closure.proposition21_cyclicKernel_cardinality_proved' depends on axioms: [propext,
 Classical.choice,
 Quot.sound]
'Mock2Adv.Section53Closure.proposition21_cyclicKernel_addEquiv_correctedAndProved' depends on axioms: [propext,
 Classical.choice,
 Quot.sound]
'Mock2Adv.Section53Closure.proposition21_rawKernelOrientationSwap' depends on axioms: [propext,
 Classical.choice,
 Quot.sound]
'Mock2Adv.Section53Closure.proposition21_secondVariableRawKernelClassification' depends on axioms: [propext,
 Classical.choice,
 Quot.sound]
'Mock2Adv.Section53Closure.proposition21_actualTorBridge_ofExplicitComparison' depends on axioms: [propext,
 Classical.choice,
 Quot.sound]
'Mock2Adv.Section53Closure.proposition21_actualTorGcd_correctedAndProved' depends on axioms: [propext,
 Classical.choice,
 Quot.sound]
'Mock2Adv.Section53Closure.proposition21_zeroResolvedModulusErratum' depends on axioms: [propext, Quot.sound]
'Mock2Adv.Section53Closure.proposition21_primePowerModel_correctedAndProved' depends on axioms: [propext,
 Classical.choice,
 Quot.sound]
'Mock2Adv.Section53Closure.proposition21_actualPrimePowerTor_correctedAndProved' depends on axioms: [propext,
 Classical.choice,
 Quot.sound]
'Mock2Adv.CorrectedLemmas.CorrectedPropositions.CRTTorBridge.generalizedCRT_exactPackage' depends on axioms: [propext,
 Classical.choice,
 Quot.sound]
'Mock2Adv.UnnumberedFormulaLedger.equations6_1_to_6_18_generalizedCRTExactPackage_correctedAndProved' depends on axioms: [propext,
 Classical.choice,
 Quot.sound]
'Mock2Adv.CorrectedLemmas.SmoothEndValuedOneForms.coordinate_apply' depends on axioms: [propext,
 Classical.choice,
 Quot.sound]
'Mock2Adv.CorrectedLemmas.SmoothEndValuedOneForms.zero_isSmooth' depends on axioms: [propext,
 Classical.choice,
 Quot.sound]
'Mock2Adv.CorrectedLemmas.SmoothEndValuedOneForms.add_isSmooth' depends on axioms: [propext,
 Classical.choice,
 Quot.sound]
'Mock2Adv.CorrectedLemmas.SmoothEndValuedOneForms.smul_isSmooth' depends on axioms: [propext,
 Classical.choice,
 Quot.sound]
'Mock2Adv.CorrectedLemmas.SmoothEndValuedOneForms.continuous_add_contDiff' depends on axioms: [propext,
 Classical.choice,
 Quot.sound]
'Mock2Adv.CorrectedLemmas.SmoothEndValuedOneForms.continuous_smul_contDiff' depends on axioms: [propext,
 Classical.choice,
 Quot.sound]
'Mock2Adv.CorrectedLemmas.SmoothEndValuedOneForms.scalarMultiplicationForm_isSmooth' depends on axioms: [propext,
 Classical.choice,
 Quot.sound]
'Mock2Adv.CorrectedLemmas.SmoothEndValuedOneForms.scalarMultiplicationForm_ne_zero' depends on axioms: [propext,
 Classical.choice,
 Quot.sound]
'Mock2Adv.CorrectedLemmas.SmoothEndValuedOneForms.continuousScalarMultiplicationForm_contDiff' depends on axioms: [propext,
 Classical.choice,
 Quot.sound]
'Mock2Adv.CorrectedLemmas.SmoothEndValuedOneForms.continuousScalarMultiplicationForm_mem_smoothContinuousForms' depends on axioms: [propext,
 Classical.choice,
 Quot.sound]
'Mock2Adv.CorrectedLemmas.SmoothEndValuedOneForms.continuousScalarMultiplicationForm_ne_zero' depends on axioms: [propext,
 Classical.choice,
 Quot.sound]
'Mock2Adv.CorrectedLemmas.SmoothEndValuedOneForms.forgetContinuousScalarMultiplicationValue' depends on axioms: [propext,
 Classical.choice,
 Quot.sound]
'Mock2Adv.CorrectedLemmas.SmoothEndValuedOneForms.scalarMultiplicationSmoothForm_isGaugeCovariant' depends on axioms: [propext,
 Classical.choice,
 Quot.sound]
'Mock2Adv.UnnumberedFormulaLedger.section7J_smoothEndValuedOneForms_zero_proved' depends on axioms: [propext,
 Classical.choice,
 Quot.sound]
'Mock2Adv.UnnumberedFormulaLedger.section7J_smoothEndValuedOneForms_add_proved' depends on axioms: [propext,
 Classical.choice,
 Quot.sound]
'Mock2Adv.UnnumberedFormulaLedger.section7J_smoothEndValuedOneForms_smul_proved' depends on axioms: [propext,
 Classical.choice,
 Quot.sound]
'Mock2Adv.UnnumberedFormulaLedger.section7J_literalContDiffEndValuedOneForms_add_proved' depends on axioms: [propext,
 Classical.choice,
 Quot.sound]
'Mock2Adv.UnnumberedFormulaLedger.section7J_literalContDiffEndValuedOneForms_smul_proved' depends on axioms: [propext,
 Classical.choice,
 Quot.sound]
'Mock2Adv.UnnumberedFormulaLedger.section7J_scalarMultiplicationForm_smooth_proved' depends on axioms: [propext,
 Classical.choice,
 Quot.sound]
'Mock2Adv.UnnumberedFormulaLedger.section7J_scalarMultiplicationForm_nonzero_proved' depends on axioms: [propext,
 Classical.choice,
 Quot.sound]
'Mock2Adv.UnnumberedFormulaLedger.section7J_continuousScalarMultiplicationForm_contDiff_proved' depends on axioms: [propext,
 Classical.choice,
 Quot.sound]
'Mock2Adv.UnnumberedFormulaLedger.section7J_continuousScalarMultiplicationForm_mem_smoothSubmodule_proved' depends on axioms: [propext,
 Classical.choice,
 Quot.sound]
'Mock2Adv.UnnumberedFormulaLedger.section7J_continuousScalarMultiplicationForm_nonzero_proved' depends on axioms: [propext,
 Classical.choice,
 Quot.sound]
'Mock2Adv.UnnumberedFormulaLedger.section7J_continuousFormForgetsToLinearMapLsmul_proved' depends on axioms: [propext,
 Classical.choice,
 Quot.sound]
'Mock2Adv.UnnumberedFormulaLedger.section7J_scalarMultiplicationForm_covariant_proved' depends on axioms: [propext,
 Classical.choice,
 Quot.sound]
'Mock2Adv.CorrectedLemmas.ConcreteGraphCompletion.graphMap_norm_sq' depends on axioms: [propext,
 Classical.choice,
 Quot.sound]
'Mock2Adv.CorrectedLemmas.ConcreteGraphCompletion.algebraicCoreToGraphSobolev_injective' depends on axioms: [propext,
 Classical.choice,
 Quot.sound]
'Mock2Adv.CorrectedLemmas.ConcreteGraphCompletion.denseRange_graphCoreToGraphSobolev' depends on axioms: [propext,
 Classical.choice,
 Quot.sound]
'Mock2Adv.CorrectedLemmas.ConcreteGraphCompletion.algebraicCore_graphEnergy' depends on axioms: [propext,
 Classical.choice,
 Quot.sound]
'Mock2Adv.CorrectedLemmas.ClosableGraphBridge.DerivativeAmbient' depends on axioms: [propext,
 Classical.choice,
 Quot.sound]
'Mock2Adv.CorrectedLemmas.ClosableGraphBridge.GraphAmbient' depends on axioms: [propext, Classical.choice, Quot.sound]
'Mock2Adv.CorrectedLemmas.ClosableGraphBridge.CommonCoreOperators' depends on axioms: [propext,
 Classical.choice,
 Quot.sound]
'Mock2Adv.CorrectedLemmas.ClosableGraphBridge.CommonCoreOperators.jointPMap' depends on axioms: [propext,
 Classical.choice,
 Quot.sound]
'Mock2Adv.CorrectedLemmas.ClosableGraphBridge.CommonCoreOperators.jointPMap_domain' depends on axioms: [propext,
 Classical.choice,
 Quot.sound]
'Mock2Adv.CorrectedLemmas.ClosableGraphBridge.CommonCoreOperators.jointPMap_fst' depends on axioms: [propext,
 Classical.choice,
 Quot.sound]
'Mock2Adv.CorrectedLemmas.ClosableGraphBridge.CommonCoreOperators.jointPMap_snd' depends on axioms: [propext,
 Classical.choice,
 Quot.sound]
'Mock2Adv.CorrectedLemmas.ClosableGraphBridge.CommonCoreOperators.dense_jointPMap_domain' depends on axioms: [propext,
 Classical.choice,
 Quot.sound]
'Mock2Adv.CorrectedLemmas.ClosableGraphBridge.graphCoordinateEquiv' depends on axioms: [propext,
 Classical.choice,
 Quot.sound]
'Mock2Adv.CorrectedLemmas.ClosableGraphBridge.transportedGraph' depends on axioms: [propext,
 Classical.choice,
 Quot.sound]
'Mock2Adv.CorrectedLemmas.ClosableGraphBridge.graphCompletion' depends on axioms: [propext,
 Classical.choice,
 Quot.sound]
'Mock2Adv.CorrectedLemmas.ClosableGraphBridge.mem_transportedGraph_iff' depends on axioms: [propext,
 Classical.choice,
 Quot.sound]
'Mock2Adv.CorrectedLemmas.ClosableGraphBridge.isClosed_graphCompletion' depends on axioms: [propext,
 Classical.choice,
 Quot.sound]
'Mock2Adv.CorrectedLemmas.ClosableGraphBridge.isClosed_transportedGraph_of_isClosed' depends on axioms: [propext,
 Classical.choice,
 Quot.sound]
'Mock2Adv.CorrectedLemmas.ClosableGraphBridge.transportedGraph_le_closureGraph' depends on axioms: [propext,
 Classical.choice,
 Quot.sound]
'Mock2Adv.CorrectedLemmas.ClosableGraphBridge.graphCompletion_le_closureGraph' depends on axioms: [propext,
 Classical.choice,
 Quot.sound]
'Mock2Adv.CorrectedLemmas.ClosableGraphBridge.graphCompletion_eq_transportedClosureGraph' depends on axioms: [propext,
 Classical.choice,
 Quot.sound]
'Mock2Adv.CorrectedLemmas.ClosableGraphBridge.mem_graphCompletion_iff_closureDomain' depends on axioms: [propext,
 Classical.choice,
 Quot.sound]
'Mock2Adv.CorrectedLemmas.ClosableGraphBridge.graphCompletion_mem_closureGraph' depends on axioms: [propext,
 Classical.choice,
 Quot.sound]
'Mock2Adv.CorrectedLemmas.ClosableGraphBridge.closureDomainGraphPoint' depends on axioms: [propext,
 Classical.choice,
 Quot.sound]
'Mock2Adv.CorrectedLemmas.ClosableGraphBridge.closureDomainGraphPoint_fst' depends on axioms: [propext,
 Classical.choice,
 Quot.sound]
'Mock2Adv.CorrectedLemmas.ClosableGraphBridge.closureDomainGraphPoint_snd' depends on axioms: [propext,
 Classical.choice,
 Quot.sound]
'Mock2Adv.CorrectedLemmas.ClosableGraphBridge.closureDomainGraphPoint_mem_graphCompletion' depends on axioms: [propext,
 Classical.choice,
 Quot.sound]
'Mock2Adv.CorrectedLemmas.ClosableGraphBridge.graphCompletionToClosureDomain' depends on axioms: [propext,
 Classical.choice,
 Quot.sound]
'Mock2Adv.CorrectedLemmas.ClosableGraphBridge.closureDomainToGraphCompletion' depends on axioms: [propext,
 Classical.choice,
 Quot.sound]
'Mock2Adv.CorrectedLemmas.ClosableGraphBridge.graphCompletionEquivClosureDomain' depends on axioms: [propext,
 Classical.choice,
 Quot.sound]
'Mock2Adv.CorrectedLemmas.ClosableGraphBridge.graphCompletion_vertical_eq_zero' depends on axioms: [propext,
 Classical.choice,
 Quot.sound]
'Mock2Adv.CorrectedLemmas.ClosableGraphBridge.graphCompletion_fst_injective' depends on axioms: [propext,
 Classical.choice,
 Quot.sound]
'Mock2Adv.CorrectedLemmas.ClosableGraphBridge.valueProjection' depends on axioms: [propext,
 Classical.choice,
 Quot.sound]
'Mock2Adv.CorrectedLemmas.ClosableGraphBridge.valueProjection_injective' depends on axioms: [propext,
 Classical.choice,
 Quot.sound]
'Mock2Adv.CorrectedLemmas.ClosableGraphBridge.derivativeProjection' depends on axioms: [propext,
 Classical.choice,
 Quot.sound]
'Mock2Adv.CorrectedLemmas.ClosableGraphBridge.derivativeProjection_eq_closure_apply' depends on axioms: [propext,
 Classical.choice,
 Quot.sound]
'Mock2Adv.CorrectedLemmas.ClosableGraphBridge.raisingProjection' depends on axioms: [propext,
 Classical.choice,
 Quot.sound]
'Mock2Adv.CorrectedLemmas.ClosableGraphBridge.loweringProjection' depends on axioms: [propext,
 Classical.choice,
 Quot.sound]
'Mock2Adv.CorrectedLemmas.ClosableGraphBridge.graphCompletion_norm_sq' depends on axioms: [propext,
 Classical.choice,
 Quot.sound]
'Mock2Adv.CorrectedLemmas.ClosableGraphBridge.norm_sq_closureDomainToGraphCompletion' depends on axioms: [propext,
 Classical.choice,
 Quot.sound]
'Mock2Adv.CorrectedLemmas.ClosableGraphBridge.norm_sq_closureDomainToGraphCompletion_threeTerms' depends on axioms: [propext,
 Classical.choice,
 Quot.sound]
'Mock2Adv.CorrectedLemmas.ClosableGraphBridge.norm_valueProjection_le' depends on axioms: [propext,
 Classical.choice,
 Quot.sound]
'Mock2Adv.CorrectedLemmas.ClosableGraphBridge.ambientToData' depends on axioms: [propext, Classical.choice, Quot.sound]
'Mock2Adv.CorrectedLemmas.ClosableGraphBridge.ambientToData_apply' depends on axioms: [propext,
 Classical.choice,
 Quot.sound]
'Mock2Adv.CorrectedLemmas.ClosableGraphBridge.ambientToData_add' depends on axioms: [propext,
 Classical.choice,
 Quot.sound]
'Mock2Adv.CorrectedLemmas.ClosableGraphBridge.ambientToData_smul' depends on axioms: [propext,
 Classical.choice,
 Quot.sound]
'Mock2Adv.CorrectedLemmas.ClosableGraphBridge.norm_ambientToData_apply_le' depends on axioms: [propext,
 Classical.choice,
 Quot.sound]
'Mock2Adv.CorrectedLemmas.ClosableGraphBridge.ambientToData_injective_of_denseRange' depends on axioms: [propext,
 Classical.choice,
 Quot.sound]
'Mock2Adv.CorrectedLemmas.ClosableGraphBridge.CommonCoreOperators.denseRange_valueProjection_jointPMap' depends on axioms: [propext,
 Classical.choice,
 Quot.sound]
'Mock2Adv.CorrectedLemmas.ClosableGraphBridge.CommonCoreOperators.ambientToData_injective' depends on axioms: [propext,
 Classical.choice,
 Quot.sound]
'Mock2Adv.CorrectedLemmas.ClosableGraphBridge.isClosable_of_formalAdjoint_dense' depends on axioms: [propext,
 Classical.choice,
 Quot.sound]
'Mock2Adv.CorrectedLemmas.ClosableGraphBridge.FormalAdjointCertificate' depends on axioms: [propext,
 Classical.choice,
 Quot.sound]
'Mock2Adv.CorrectedLemmas.ClosableGraphBridge.FormalAdjointCertificate.jointPMap_isClosable' depends on axioms: [propext,
 Classical.choice,
 Quot.sound]
'Mock2Adv.CorrectedLemmas.ClosableGraphBridge.FormalAdjointCertificate.valueProjection_injective' depends on axioms: [propext,
 Classical.choice,
 Quot.sound]
'Mock2Adv.CorrectedLemmas.MaassJetAudit.Jet1' depends on axioms: [propext, Classical.choice, Quot.sound]
'Mock2Adv.CorrectedLemmas.MaassJetAudit.Jet2' depends on axioms: [propext, Classical.choice, Quot.sound]
'Mock2Adv.CorrectedLemmas.MaassJetAudit.raiseValue' depends on axioms: [propext, Classical.choice, Quot.sound]
'Mock2Adv.CorrectedLemmas.MaassJetAudit.lowerValue' depends on axioms: [propext, Classical.choice, Quot.sound]
'Mock2Adv.CorrectedLemmas.MaassJetAudit.raiseJet' depends on axioms: [propext, Classical.choice, Quot.sound]
'Mock2Adv.CorrectedLemmas.MaassJetAudit.lowerJet' depends on axioms: [propext, Classical.choice, Quot.sound]
'Mock2Adv.CorrectedLemmas.MaassJetAudit.paperMinusLaplacian' depends on axioms: [propext, Classical.choice, Quot.sound]
'Mock2Adv.CorrectedLemmas.MaassJetAudit.heightJet' depends on axioms: [propext, Classical.choice, Quot.sound]
'Mock2Adv.CorrectedLemmas.MaassJetAudit.paper_left_factorization_fails_at_height' depends on axioms: [propext,
 Classical.choice,
 Quot.sound]
'Mock2Adv.CorrectedLemmas.MaassJetAudit.paper_right_factorization_fails_at_height' depends on axioms: [propext,
 Classical.choice,
 Quot.sound]
'Mock2Adv.CorrectedLemmas.MaassJetAudit.sameHyperbolicFormalAdjointRaise' depends on axioms: [propext,
 Classical.choice,
 Quot.sound]
'Mock2Adv.CorrectedLemmas.MaassJetAudit.constantJet' depends on axioms: [propext, Classical.choice, Quot.sound]
'Mock2Adv.CorrectedLemmas.MaassJetAudit.unweighted_adjoint_claim_fails_at_constant' depends on axioms: [propext,
 Classical.choice,
 Quot.sound]
'Mock2Adv.CorrectedLemmas.MaassJetAudit.missing_heightDrift_nonzero' depends on axioms: [propext,
 Classical.choice,
 Quot.sound]
'Mock2Adv.CorrectedLemmas.MaassJetAudit.hyperbolicGreenDivergenceAtOne' depends on axioms: [propext,
 Classical.choice,
 Quot.sound]
'Mock2Adv.CorrectedLemmas.MaassJetAudit.raise_sub_trueAdjoint_eq_divergence_at_one' depends on axioms: [propext,
 Classical.choice,
 Quot.sound]
'Mock2Adv.CorrectedLemmas.MaassJetAudit.raise_sub_negLower_eq_divergence_add_residual_at_one' depends on axioms: [propext,
 Classical.choice,
 Quot.sound]
'Mock2Adv.CorrectedLemmas.MaassJetAudit.unitaryRaiseValue' depends on axioms: [propext, Classical.choice, Quot.sound]
'Mock2Adv.CorrectedLemmas.MaassJetAudit.unitaryLowerValue' depends on axioms: [propext, Classical.choice, Quot.sound]
'Mock2Adv.CorrectedLemmas.MaassJetAudit.sameHyperbolicFormalAdjointUnitaryRaise' depends on axioms: [propext,
 Classical.choice,
 Quot.sound]
'Mock2Adv.CorrectedLemmas.MaassJetAudit.formalAdjointUnitaryRaise_eq_negUnitaryLower' depends on axioms: [propext,
 Classical.choice,
 Quot.sound]
'Mock2Adv.CorrectedLemmas.PointwiseMaass.localExtension' depends on axioms: [propext, Classical.choice, Quot.sound]
'Mock2Adv.CorrectedLemmas.PointwiseMaass.localExtension_at' depends on axioms: [propext, Classical.choice, Quot.sound]
'Mock2Adv.CorrectedLemmas.PointwiseMaass.realDifferential' depends on axioms: [propext, Classical.choice, Quot.sound]
'Mock2Adv.CorrectedLemmas.PointwiseMaass.partialX' depends on axioms: [propext, Classical.choice, Quot.sound]
'Mock2Adv.CorrectedLemmas.PointwiseMaass.partialY' depends on axioms: [propext, Classical.choice, Quot.sound]
'Mock2Adv.CorrectedLemmas.PointwiseMaass.wirtingerZ' depends on axioms: [propext, Classical.choice, Quot.sound]
'Mock2Adv.CorrectedLemmas.PointwiseMaass.wirtingerBar' depends on axioms: [propext, Classical.choice, Quot.sound]
'Mock2Adv.CorrectedLemmas.PointwiseMaass.raising' depends on axioms: [propext, Classical.choice, Quot.sound]
'Mock2Adv.CorrectedLemmas.PointwiseMaass.lowering' depends on axioms: [propext, Classical.choice, Quot.sound]
'Mock2Adv.CorrectedLemmas.PointwiseMaass.HasRealFDerivAt' depends on axioms: [propext, Classical.choice, Quot.sound]
'Mock2Adv.CorrectedLemmas.PointwiseMaass.partialX_eq_of_hasRealFDerivAt' depends on axioms: [propext,
 Classical.choice,
 Quot.sound]
'Mock2Adv.CorrectedLemmas.PointwiseMaass.partialY_eq_of_hasRealFDerivAt' depends on axioms: [propext,
 Classical.choice,
 Quot.sound]
'Mock2Adv.CorrectedLemmas.PointwiseMaass.wirtinger_sum' depends on axioms: [propext, Classical.choice, Quot.sound]
'Mock2Adv.CorrectedLemmas.PointwiseMaass.wirtinger_sub' depends on axioms: [propext, Classical.choice, Quot.sound]
'Mock2Adv.CorrectedLemmas.PointwiseMaass.raising_eq_realCoordinates' depends on axioms: [propext,
 Classical.choice,
 Quot.sound]
'Mock2Adv.CorrectedLemmas.PointwiseMaass.lowering_eq_realCoordinates' depends on axioms: [propext,
 Classical.choice,
 Quot.sound]
'Mock2Adv.CorrectedLemmas.PointwiseMaass.unitaryRaising' depends on axioms: [propext, Classical.choice, Quot.sound]
'Mock2Adv.CorrectedLemmas.PointwiseMaass.unitaryLowering' depends on axioms: [propext, Classical.choice, Quot.sound]
'Mock2Adv.CorrectedLemmas.PointwiseMaass.unitaryRaising_zero' depends on axioms: [propext, Classical.choice, Quot.sound]
'Mock2Adv.CorrectedLemmas.PointwiseMaass.unitaryLowering_zero' depends on axioms: [propext,
 Classical.choice,
 Quot.sound]
'Mock2Adv.UnnumberedFormulaLedger.equations1_1_to_1_16_graphNormConstructedAndProved' depends on axioms: [propext,
 Classical.choice,
 Quot.sound]
'Mock2Adv.UnnumberedFormulaLedger.equations1_1_to_1_16_graphCoreDenseAndProved' depends on axioms: [propext,
 Classical.choice,
 Quot.sound]
'Mock2Adv.UnnumberedFormulaLedger.equations1_1_to_1_16_inverseDensityErratum' depends on axioms: [propext,
 Classical.choice,
 Quot.sound]
'Mock2Adv.UnnumberedFormulaLedger.equations1_1_to_1_16_leftMaassFactorizationErratum' depends on axioms: [propext,
 Classical.choice,
 Quot.sound]
'Mock2Adv.UnnumberedFormulaLedger.equations1_1_to_1_16_rightMaassFactorizationErratum' depends on axioms: [propext,
 Classical.choice,
 Quot.sound]
'Mock2Adv.UnnumberedFormulaLedger.equations1_1_to_1_16_unitaryAdjoint_correctedAndProved' depends on axioms: [propext,
 Classical.choice,
 Quot.sound]
'Mock2Adv.UnnumberedFormulaLedger.equations1_1_to_1_16_graphClosure_correctedAndProved' depends on axioms: [propext,
 Classical.choice,
 Quot.sound]
'Mock2Adv.UnnumberedFormulaLedger.equations1_1_to_1_16_automorphicL2LinearCarrier_correctedAndProved' depends on axioms: [propext,
 Classical.choice,
 Quot.sound]
'Mock2Adv.UnnumberedFormulaLedger.equations1_1_to_1_16_automorphicL2CompleteClosure_correctedAndProved' depends on axioms: [propext,
 Classical.choice,
 Quot.sound]
'Mock2Adv.UnnumberedFormulaLedger.equations1_1_to_1_16_polygonRealizationFaithful_correctedAndProved' depends on axioms: [propext,
 Classical.choice,
 Quot.sound]
'Mock2Adv.UnnumberedFormulaLedger.equations1_1_to_1_16_standardThetaSharpGaussianBound_proved' depends on axioms: [propext,
 Classical.choice,
 Quot.sound]
'Mock2Adv.UnnumberedFormulaLedger.equations1_1_to_1_16_fdHeightEnvelopeIntegrable_correctedAndProved' depends on axioms: [propext,
 Classical.choice,
 Quot.sound]
'Mock2Adv.UnnumberedFormulaLedger.equations1_1_to_1_16_standardThetaFundamentalMemLp_proved' depends on axioms: [propext,
 Classical.choice,
 Quot.sound]
'Mock2Adv.UnnumberedFormulaLedger.equations1_1_to_1_16_standardThetaPositiveAutomorphicL2_proved' depends on axioms: [propext,
 Classical.choice,
 Quot.sound]
'Mock2Adv.UnnumberedFormulaLedger.equations1_1_to_1_16_positiveCentralPhase_correctedAndProved' depends on axioms: [propext,
 Classical.choice,
 Quot.sound]
'Mock2Adv.UnnumberedFormulaLedger.equations1_1_to_1_16_inverseCentralPhase_correctedAndProved' depends on axioms: [propext,
 Classical.choice,
 Quot.sound]
'Mock2Adv.UnnumberedFormulaLedger.equations1_1_to_1_16_inverseStandardThetaSectorErratum' depends on axioms: [propext,
 Classical.choice,
 Quot.sound]
'Mock2Adv.UnnumberedFormulaLedger.Disposition' does not depend on any axioms
'Mock2Adv.UnnumberedFormulaLedger.Dependency' does not depend on any axioms
'Mock2Adv.UnnumberedFormulaLedger.dependencies_nonempty' depends on axioms: [propext]
'Mock2Adv.UnnumberedFormulaLedger.item1_standardTheta_T2_proved' depends on axioms: [propext,
 Classical.choice,
 Quot.sound]
'Mock2Adv.UnnumberedFormulaLedger.item1_standardTheta_gamma2Translation_proved' depends on axioms: [propext,
 Classical.choice,
 Quot.sound]
'Mock2Adv.UnnumberedFormulaLedger.item1_standardTheta_S_proved' depends on axioms: [propext,
 Classical.choice,
 Quot.sound]
'Mock2Adv.UnnumberedFormulaLedger.item1_standardThetaSeries_proved' depends on axioms: [propext,
 Classical.choice,
 Quot.sound]
'Mock2Adv.UnnumberedFormulaLedger.item1_standardThetaSummable_proved' depends on axioms: [propext,
 Classical.choice,
 Quot.sound]
'Mock2Adv.UnnumberedFormulaLedger.item1_standardThetaSharpGaussianBound_proved' depends on axioms: [propext,
 Classical.choice,
 Quot.sound]
'Mock2Adv.UnnumberedFormulaLedger.item1_standardThetaSixCellDensityMajorant_proved' depends on axioms: [propext,
 Classical.choice,
 Quot.sound]
'Mock2Adv.UnnumberedFormulaLedger.item1_standardThetaFundamentalMemLp_proved' depends on axioms: [propext,
 Classical.choice,
 Quot.sound]
'Mock2Adv.UnnumberedFormulaLedger.item1_standardThetaPositiveAutomorphicL2_proved' depends on axioms: [propext,
 Classical.choice,
 Quot.sound]
'Mock2Adv.UnnumberedFormulaLedger.item1_standardThetaDecay_proved' depends on axioms: [propext,
 Classical.choice,
 Quot.sound]
'Mock2Adv.UnnumberedFormulaLedger.item1_unitaryMultiplierCancellation_correctedAndProved' depends on axioms: [propext,
 Classical.choice,
 Quot.sound]
'Mock2Adv.UnnumberedFormulaLedger.item1_nonunitaryCancellationErratum' depends on axioms: [propext,
 Classical.choice,
 Quot.sound]
'Mock2Adv.UnnumberedFormulaLedger.q2E_mellinGammaIntegral_proved' depends on axioms: [propext,
 Classical.choice,
 Quot.sound]
'Mock2Adv.UnnumberedFormulaLedger.q2F_betaOneEndpointErratum' depends on axioms: [propext, Classical.choice, Quot.sound]
'Mock2Adv.UnnumberedFormulaLedger.equations1_1_to_1_2_distributionalRestriction_correctedAndProved' depends on axioms: [propext,
 Classical.choice,
 Quot.sound]
'Mock2Adv.UnnumberedFormulaLedger.equations1_13_to_1_16_realLaxMilgram_proved' depends on axioms: [propext,
 Classical.choice,
 Quot.sound]
'Mock2Adv.UnnumberedFormulaLedger.equations1_14_to_1_15_shiftedCoercivity_correctedAndProved' depends on axioms: [propext,
 Classical.choice,
 Quot.sound]
'Mock2Adv.UnnumberedFormulaLedger.equations1_14_to_1_16_unshiftedCoercivity_correctedAndProved' depends on axioms: [propext,
 Classical.choice,
 Quot.sound]
'Mock2Adv.UnnumberedFormulaLedger.equation1_16_aprioriEstimate_correctedAndProved' depends on axioms: [propext,
 Classical.choice,
 Quot.sound]
'Mock2Adv.UnnumberedFormulaLedger.equation1_16_undoShiftErratum' depends on axioms: [propext,
 Classical.choice,
 Quot.sound]
'Mock2Adv.UnnumberedFormulaLedger.equations1_17_to_1_24_reducedPoincare_correctedAndProved' depends on axioms: [propext,
 Classical.choice,
 Quot.sound]
'Mock2Adv.UnnumberedFormulaLedger.equations1_17_to_1_24_zeroModeErratum' depends on axioms: [propext,
 Classical.choice,
 Quot.sound]
'Mock2Adv.UnnumberedFormulaLedger.equations1_26_to_1_30_firstDivergentTailErratum' depends on axioms: [propext,
 Classical.choice,
 Quot.sound]
'Mock2Adv.UnnumberedFormulaLedger.equations1_26_to_1_30_secondDivergentTailErratum' depends on axioms: [propext,
 Classical.choice,
 Quot.sound]
'Mock2Adv.UnnumberedFormulaLedger.equations1_31_to_1_33_threeInputGapErratum' depends on axioms: [propext,
 Classical.choice,
 Quot.sound]
'Mock2Adv.UnnumberedFormulaLedger.pages23_to_25_realResolventPoleErratum' depends on axioms: [propext,
 Classical.choice,
 Quot.sound]
'Mock2Adv.UnnumberedFormulaLedger.equations3_1_to_3_6_tentConvolution_proved' depends on axioms: [propext,
 Classical.choice,
 Quot.sound]
'Mock2Adv.UnnumberedFormulaLedger.equations3_1_to_3_6_tentFourierPositivity_proved' depends on axioms: [propext,
 Classical.choice,
 Quot.sound]
'Mock2Adv.UnnumberedFormulaLedger.equations3_1_to_3_6_tentLocalization_proved' depends on axioms: [propext,
 Classical.choice,
 Quot.sound]
'Mock2Adv.UnnumberedFormulaLedger.equations3_7_to_3_19_singleActivityBlockErratum' depends on axioms: [propext,
 Classical.choice,
 Quot.sound]
'Mock2Adv.UnnumberedFormulaLedger.equations3_7_to_3_19_powerComparisonErratum' depends on axioms: [propext,
 Classical.choice,
 Quot.sound]
'Mock2Adv.UnnumberedFormulaLedger.equations3_20_to_3_26_parallelEnergy_zero_proved' depends on axioms: [propext,
 Classical.choice,
 Quot.sound]
'Mock2Adv.UnnumberedFormulaLedger.equations3_20_to_3_26_positiveShadowErratum' depends on axioms: [propext,
 Classical.choice,
 Quot.sound]
'Mock2Adv.UnnumberedFormulaLedger.equations3_20_to_3_26_boundarySign_correctedAndProved' depends on axioms: [propext,
 Classical.choice,
 Quot.sound]
'Mock2Adv.UnnumberedFormulaLedger.equations3_20_to_3_26_zeroBoundaryErratum' depends on axioms: [propext,
 Classical.choice,
 Quot.sound]
'Mock2Adv.UnnumberedFormulaLedger.equations4_10_to_4_27_dampingDirectionErratum' depends on axioms: [propext,
 Classical.choice,
 Quot.sound]
'Mock2Adv.UnnumberedFormulaLedger.equation4_17_widthTwoModeIntegral_proved' depends on axioms: [propext,
 Classical.choice,
 Quot.sound]
'Mock2Adv.UnnumberedFormulaLedger.equation4_17_widthTwoOrthogonality_proved' depends on axioms: [propext,
 Classical.choice,
 Quot.sound]
'Mock2Adv.UnnumberedFormulaLedger.equations4_28_to_4_29_qLaplacianIntertwining_correctedAndProved' depends on axioms: [propext,
 Classical.choice,
 Quot.sound]
'Mock2Adv.UnnumberedFormulaLedger.equations4_28_to_4_29_measureTransport_proved' depends on axioms: [propext,
 Classical.choice,
 Quot.sound]
'Mock2Adv.UnnumberedFormulaLedger.equation5_1_noSameUpperHalfPlaneExterior_proved' depends on axioms: [propext,
 Classical.choice,
 Quot.sound]
'Mock2Adv.UnnumberedFormulaLedger.equation5_1_missingInsideCompatibilityErratum' depends on axioms: [propext,
 Classical.choice,
 Quot.sound]
'Mock2Adv.UnnumberedFormulaLedger.equation5_1_annularMatching_correctedAndProved' depends on axioms: [propext,
 Classical.choice,
 Quot.sound]
'Mock2Adv.UnnumberedFormulaLedger.equations6_1_to_6_18_variableGaugeCovariance_correctedAndProved' depends on axioms: [propext,
 Quot.sound]
'Mock2Adv.UnnumberedFormulaLedger.equations6_1_to_6_18_actualCyclicTorGcd_correctedAndProved' depends on axioms: [propext,
 Classical.choice,
 Quot.sound]
'Mock2Adv.UnnumberedFormulaLedger.definition3_cuspHeightInfinityFormula_proved' depends on axioms: [propext,
 Classical.choice,
 Quot.sound]
'Mock2Adv.UnnumberedFormulaLedger.definition3_cuspHeightZeroFormula_proved' depends on axioms: [propext,
 Classical.choice,
 Quot.sound]
'Mock2Adv.UnnumberedFormulaLedger.definition3_cuspHeightOneFormula_proved' depends on axioms: [propext,
 Classical.choice,
 Quot.sound]
'Mock2Adv.UnnumberedFormulaLedger.definition3_heightOneHoroballsPairwiseDisjoint_proved' depends on axioms: [propext,
 Classical.choice,
 Quot.sound]
'Mock2Adv.UnnumberedFormulaLedger.definition3_closedTruncation_proved' depends on axioms: [propext,
 Classical.choice,
 Quot.sound]
'Mock2Adv.UnnumberedFormulaLedger.definition3_sixCellRepCuspHeight_proved' depends on axioms: [propext,
 Classical.choice,
 Quot.sound]
'Mock2Adv.UnnumberedFormulaLedger.definition3_sixCellPullbackHeightEnvelope_proved' depends on axioms: [propext,
 Classical.choice,
 Quot.sound]
'Mock2Adv.UnnumberedFormulaLedger.definition3_sixCellCompactCarrier_proved' depends on axioms: [propext,
 Classical.choice,
 Quot.sound]
'Mock2Adv.UnnumberedFormulaLedger.definition3_sixCellTruncationCompact_proved' depends on axioms: [propext,
 Classical.choice,
 Quot.sound]
'Mock2Adv.UnnumberedFormulaLedger.definition3_sixCellTruncationBoundaryCover_proved' depends on axioms: [propext,
 Classical.choice,
 Quot.sound]
'Mock2Adv.UnnumberedFormulaLedger.definition3_positiveCuspLevelRange_proved' depends on axioms: [propext,
 Classical.choice,
 Quot.sound]
'Mock2Adv.UnnumberedFormulaLedger.definition3_nonpositiveCuspLevelEmpty_proved' depends on axioms: [propext,
 Classical.choice,
 Quot.sound]
'Mock2Adv.UnnumberedFormulaLedger.definition3_positiveCuspLevelRegular_proved' depends on axioms: [propext,
 Classical.choice,
 Quot.sound]
'Mock2Adv.UnnumberedFormulaLedger.definition3_allCuspLevelsRegular_proved' depends on axioms: [propext,
 Classical.choice,
 Quot.sound]
'Mock2Adv.UnnumberedFormulaLedger.definition3_sixOpenCellsPairwiseDisjoint_proved' depends on axioms: [propext,
 Classical.choice,
 Quot.sound]
'Mock2Adv.UnnumberedFormulaLedger.definition3_sixCellInteriorOrbitUnique_proved' depends on axioms: [propext,
 Classical.choice,
 Quot.sound]
'Mock2Adv.UnnumberedFormulaLedger.definition3_standardFdPiecewiseSmoothBoundary_proved' depends on axioms: [propext,
 Classical.choice,
 Quot.sound]
'Mock2Adv.UnnumberedFormulaLedger.definition3_modularBoundaryTransfer_proved' depends on axioms: [propext,
 Classical.choice,
 Quot.sound]
'Mock2Adv.UnnumberedFormulaLedger.definition3_eachClosedCellPiecewiseSmoothBoundary_proved' depends on axioms: [propext,
 Classical.choice,
 Quot.sound]
'Mock2Adv.UnnumberedFormulaLedger.definition3_truncatedPolygonPiecewiseSmoothBoundary_proved' depends on axioms: [propext,
 Classical.choice,
 Quot.sound]
'Mock2Adv.CorrectedLemmas.HalfOrderBessel.sinh_le_half_exp' depends on axioms: [propext, Classical.choice, Quot.sound]
'Mock2Adv.CorrectedLemmas.HalfOrderBessel.besselIHalf_pos' depends on axioms: [propext, Classical.choice, Quot.sound]
'Mock2Adv.CorrectedLemmas.HalfOrderBessel.besselIHalf_le_expEnvelope' depends on axioms: [propext,
 Classical.choice,
 Quot.sound]
'Mock2Adv.CorrectedLemmas.HalfOrderBessel.not_summable_criticalModulusEnvelope' depends on axioms: [propext,
 Classical.choice,
 Quot.sound]
'Mock2Adv.CorrectedLemmas.HalfOrderBessel.summable_with_positiveMargin' depends on axioms: [propext,
 Classical.choice,
 Quot.sound]
'Mock2Adv.CorrectedLemmas.HalfOrderBessel.no_uniformConstant_absorbs_quarterPower' depends on axioms: [propext,
 Classical.choice,
 Quot.sound]
'Mock2Adv.UnnumberedFormulaLedger.equations1_26_to_1_30_halfOrderBesselPositivity_proved' depends on axioms: [propext,
 Classical.choice,
 Quot.sound]
'Mock2Adv.UnnumberedFormulaLedger.equations1_26_to_1_30_halfOrderBesselEnvelope_proved' depends on axioms: [propext,
 Classical.choice,
 Quot.sound]
'Mock2Adv.UnnumberedFormulaLedger.equations1_26_to_1_30_criticalExponentErratum' depends on axioms: [propext,
 Classical.choice,
 Quot.sound]
'Mock2Adv.UnnumberedFormulaLedger.equations1_26_to_1_30_positiveDecayMargin_proved' depends on axioms: [propext,
 Classical.choice,
 Quot.sound]
'Mock2Adv.UnnumberedFormulaLedger.equations1_26_to_1_30_quarterPowerAbsorptionErratum' depends on axioms: [propext,
 Classical.choice,
 Quot.sound]
'Mock2Adv.CorrectedLemmas.ConcreteRademacherTruncation.norm_positiveModulusKloosterman_le_card' depends on axioms: [propext,
 Classical.choice,
 Quot.sound]
'Mock2Adv.CorrectedLemmas.ConcreteRademacherTruncation.coefficientTruncation_zero' depends on axioms: [propext,
 Classical.choice,
 Quot.sound]
'Mock2Adv.CorrectedLemmas.ConcreteRademacherTruncation.coefficientTruncation_succ_sub' depends on axioms: [propext,
 Classical.choice,
 Quot.sound]
'Mock2Adv.CorrectedLemmas.ConcreteRademacherTruncation.coefficientTruncation_eq_tunedMain_add_finiteTail' depends on axioms: [propext,
 Classical.choice,
 Quot.sound]
'Mock2Adv.CorrectedLemmas.ConcreteRademacherTruncation.norm_rademacherTerm_le_card_bessel' depends on axioms: [propext,
 Classical.choice,
 Quot.sound]
'Mock2Adv.CorrectedLemmas.ConcreteRademacherTruncation.norm_rademacherTerm_le_card_besselEnvelope' depends on axioms: [propext,
 Classical.choice,
 Quot.sound]
'Mock2Adv.CorrectedLemmas.ConcreteRademacherTruncation.norm_coefficientTruncation_le_sum_card_besselEnvelope' depends on axioms: [propext,
 Classical.choice,
 Quot.sound]
'Mock2Adv.CorrectedLemmas.ConcreteRademacherTruncation.criticalPointwiseEnvelope_not_summable' depends on axioms: [propext,
 Classical.choice,
 Quot.sound]
'Mock2Adv.CorrectedLemmas.ConcreteRademacherTruncation.abs_criticalPointwiseEnvelope_not_summable' depends on axioms: [propext,
 Classical.choice,
 Quot.sound]
'Mock2Adv.CorrectedLemmas.ConcreteRademacherTruncation.criticalPointwiseControl_does_not_imply_summable' depends on axioms: [propext,
 Classical.choice,
 Quot.sound]
'Mock2Adv.UnnumberedFormulaLedger.section7C_positiveModulusKloostermanBound_proved' depends on axioms: [propext,
 Classical.choice,
 Quot.sound]
'Mock2Adv.UnnumberedFormulaLedger.section7C_coefficientTruncationZero_proved' depends on axioms: [propext,
 Classical.choice,
 Quot.sound]
'Mock2Adv.UnnumberedFormulaLedger.section7C_coefficientTruncationSuccDifference_proved' depends on axioms: [propext,
 Classical.choice,
 Quot.sound]
'Mock2Adv.UnnumberedFormulaLedger.section7C_tunedFiniteMainTailDecomposition_proved' depends on axioms: [propext,
 Classical.choice,
 Quot.sound]
'Mock2Adv.UnnumberedFormulaLedger.section7C_termCardinalityBesselEnvelope_proved' depends on axioms: [propext,
 Classical.choice,
 Quot.sound]
'Mock2Adv.UnnumberedFormulaLedger.section7C_finiteCoefficientEnvelope_proved' depends on axioms: [propext,
 Classical.choice,
 Quot.sound]
'Mock2Adv.UnnumberedFormulaLedger.section7C_criticalPointwiseEnvelopeErratum' depends on axioms: [propext,
 Classical.choice,
 Quot.sound]
'Mock2Adv.CorrectedLemmas.HalfOrderWhittaker.W_pos' depends on axioms: [propext, Classical.choice, Quot.sound]
'Mock2Adv.CorrectedLemmas.HalfOrderWhittaker.hasDerivAt_W' depends on axioms: [propext, Classical.choice, Quot.sound]
'Mock2Adv.CorrectedLemmas.HalfOrderWhittaker.deriv_W' depends on axioms: [propext, Classical.choice, Quot.sound]
'Mock2Adv.CorrectedLemmas.HalfOrderWhittaker.deriv_deriv_W' depends on axioms: [propext, Classical.choice, Quot.sound]
'Mock2Adv.CorrectedLemmas.HalfOrderWhittaker.whittakerODE_fixedParameters' depends on axioms: [propext,
 Classical.choice,
 Quot.sound]
'Mock2Adv.CorrectedLemmas.HalfOrderWhittaker.whittakerODE_fixedParameters_simplified' depends on axioms: [propext,
 Classical.choice,
 Quot.sound]
'Mock2Adv.CorrectedLemmas.HalfOrderWhittaker.scaledKernel_tendsto_zero_atTop' depends on axioms: [propext,
 Classical.choice,
 Quot.sound]
'Mock2Adv.CorrectedLemmas.HalfOrderWhittaker.integrableOn_scaledKernel_Ioi' depends on axioms: [propext,
 Classical.choice,
 Quot.sound]
'Mock2Adv.CorrectedLemmas.HalfOrderWhittaker.integral_scaledKernel_Ioi' depends on axioms: [propext,
 Classical.choice,
 Quot.sound]
'Mock2Adv.CorrectedLemmas.HalfOrderWhittaker.integral_scaledKernel_Ioi_zero' depends on axioms: [propext,
 Classical.choice,
 Quot.sound]
'Mock2Adv.UnnumberedFormulaLedger.section7D_halfOrderWhittakerPositivity_proved' depends on axioms: [propext,
 Classical.choice,
 Quot.sound]
'Mock2Adv.UnnumberedFormulaLedger.section7D_halfOrderWhittakerFirstDerivative_proved' depends on axioms: [propext,
 Classical.choice,
 Quot.sound]
'Mock2Adv.UnnumberedFormulaLedger.section7D_halfOrderWhittakerSecondDerivative_proved' depends on axioms: [propext,
 Classical.choice,
 Quot.sound]
'Mock2Adv.UnnumberedFormulaLedger.section7D_halfOrderWhittakerODE_proved' depends on axioms: [propext,
 Classical.choice,
 Quot.sound]
'Mock2Adv.UnnumberedFormulaLedger.section7D_halfOrderWhittakerSimplifiedODE_proved' depends on axioms: [propext,
 Classical.choice,
 Quot.sound]
'Mock2Adv.CorrectedLemmas.HalfOrderWhittaker.scaledKernel_pos' depends on axioms: [propext,
 Classical.choice,
 Quot.sound]
'Mock2Adv.UnnumberedFormulaLedger.section7D_scaledWhittakerPositivity_proved' depends on axioms: [propext,
 Classical.choice,
 Quot.sound]
'Mock2Adv.UnnumberedFormulaLedger.section7D_scaledWhittakerDecay_proved' depends on axioms: [propext,
 Classical.choice,
 Quot.sound]
'Mock2Adv.UnnumberedFormulaLedger.section7D_scaledWhittakerIntegrability_proved' depends on axioms: [propext,
 Classical.choice,
 Quot.sound]
'Mock2Adv.UnnumberedFormulaLedger.section7D_scaledWhittakerIntegral_proved' depends on axioms: [propext,
 Classical.choice,
 Quot.sound]
'Mock2Adv.UnnumberedFormulaLedger.section7D_scaledWhittakerPositiveHalfLineMass_proved' depends on axioms: [propext,
 Classical.choice,
 Quot.sound]
'Mock2Adv.CorrectedLemmas.FiniteSeriesConstruction.partialSum_tendsto_tsum' depends on axioms: [propext,
 Classical.choice,
 Quot.sound]
'Mock2Adv.CorrectedLemmas.FiniteSeriesConstruction.partialSum_cauchySeq' depends on axioms: [propext,
 Classical.choice,
 Quot.sound]
'Mock2Adv.CorrectedLemmas.FiniteSeriesConstruction.norm_tsum_sub_partialSum_le_tail' depends on axioms: [propext,
 Classical.choice,
 Quot.sound]
'Mock2Adv.CorrectedLemmas.FiniteSeriesConstruction.tsum_sub_partialSum_tendsto_zero' depends on axioms: [propext,
 Classical.choice,
 Quot.sound]
'Mock2Adv.CorrectedLemmas.FiniteSeriesConstruction.linearMap_partialSum' depends on axioms: [propext,
 Classical.choice,
 Quot.sound]
'Mock2Adv.CorrectedLemmas.FiniteSeriesConstruction.continuousLinearMap_tsum' depends on axioms: [propext,
 Classical.choice,
 Quot.sound]
'Mock2Adv.CorrectedLemmas.FiniteSeriesConstruction.tendstoUniformlyOn_partialSum' depends on axioms: [propext,
 Classical.choice,
 Quot.sound]
'Mock2Adv.UnnumberedFormulaLedger.section7C_finiteTruncationsConverge_proved' depends on axioms: [propext,
 Classical.choice,
 Quot.sound]
'Mock2Adv.UnnumberedFormulaLedger.section7C_finiteTruncationsCauchy_proved' depends on axioms: [propext,
 Classical.choice,
 Quot.sound]
'Mock2Adv.UnnumberedFormulaLedger.section7C_quantitativeTailBound_proved' depends on axioms: [propext,
 Classical.choice,
 Quot.sound]
'Mock2Adv.UnnumberedFormulaLedger.section7C_operatorPassesToLimit_proved' depends on axioms: [propext,
 Classical.choice,
 Quot.sound]
'Mock2Adv.UnnumberedFormulaLedger.section7F_uniformMajorantConvergence_proved' depends on axioms: [propext,
 Classical.choice,
 Quot.sound]
'Mock2Adv.UnnumberedFormulaLedger.Claim' does not depend on any axioms
'Mock2Adv.UnnumberedFormulaLedger.dependencies' does not depend on any axioms
'Mock2Adv.UnnumberedFormulaLedger.claimDisposition' does not depend on any axioms
'Mock2Adv.UnnumberedFormulaLedger.exhaustive' depends on axioms: [propext]
'Mock2Adv.UnnumberedFormulaLedger.terminal' depends on axioms: [propext]
'Mock2Adv.UnnumberedFormulaLedger.claim_count' depends on axioms: [propext, Classical.choice, Quot.sound]
'Mock2Adv.UnnumberedFormulaLedger.no_unresolved' depends on axioms: [propext]
'Mock2Adv.UnnumberedFormulaLedger.KernelErratum' depends on axioms: [propext, Classical.choice, Quot.sound]
'Mock2Adv.UnnumberedFormulaLedger.kernelErratum' depends on axioms: [propext, Classical.choice, Quot.sound]
'Mock2Adv.UnnumberedFormulaLedger.ClaimEvidence' depends on axioms: [propext, Classical.choice, Quot.sound]
'Mock2Adv.UnnumberedFormulaLedger.claimEvidence' depends on axioms: [propext, Classical.choice, Quot.sound]
'Mock2Adv.Section7WorkaroundLedger.Requirement' does not depend on any axioms
'Mock2Adv.Section7WorkaroundLedger.strategy' does not depend on any axioms
'Mock2Adv.Section7WorkaroundLedger.disposition' does not depend on any axioms
'Mock2Adv.Section7WorkaroundLedger.exhaustive' depends on axioms: [propext]
'Mock2Adv.Section7WorkaroundLedger.terminal' depends on axioms: [propext]
'Mock2Adv.Section7WorkaroundLedger.requirement_count' depends on axioms: [propext, Classical.choice, Quot.sound]
'Mock2Adv.Section7WorkaroundLedger.E_abstractKloostermanBoundIntermediateOnly_correctedAndProved' depends on axioms: [propext,
 Classical.choice,
 Quot.sound]
'Mock2Adv.Section7WorkaroundLedger.D_normalizedKuznetsovTransform_correctedAndProved' depends on axioms: [propext,
 Classical.choice,
 Quot.sound]
'Mock2Adv.Section7WorkaroundLedger.A_genuineFactorCocycleAndNonvanishing_proved' depends on axioms: [propext,
 Classical.choice,
 Quot.sound]
'Mock2Adv.Section7WorkaroundLedger.A_translationAndCentralThetaPairs_proved' depends on axioms: [propext,
 Classical.choice,
 Quot.sound]
'Mock2Adv.Section7WorkaroundLedger.A_fullCovarianceBuildsThetaCharacter_correctedAndProved' depends on axioms: [propext,
 Classical.choice,
 Quot.sound]
'Mock2Adv.Section7WorkaroundLedger.A_gamma2StandardGenerators_proved' depends on axioms: [propext,
 Classical.choice,
 Quot.sound]
'Mock2Adv.Section7WorkaroundLedger.A_globalGenuineThetaMultiplier_proved' depends on axioms: [propext,
 Classical.choice,
 Quot.sound]
'Mock2Adv.Section7WorkaroundLedger.no_unresolved' depends on axioms: [propext]
'Mock2Adv.Section7WorkaroundLedger.KernelEvidence' does not depend on any axioms
'Mock2Adv.Section7WorkaroundLedger.KernelEvidence.certify' does not depend on any axioms
'Mock2Adv.Section7WorkaroundLedger.KernelEvidence.sound' does not depend on any axioms
'Mock2Adv.Section7WorkaroundLedger.RequirementEvidence' depends on axioms: [propext, Classical.choice, Quot.sound]
'Mock2Adv.Section7WorkaroundLedger.requirementEvidence' depends on axioms: [propext, Classical.choice, Quot.sound]
'Mock2Adv.Section7WorkaroundLedger.strategy_surjective' does not depend on any axioms
'Mock2Adv.CorrectedLemmas.GenuineGamma2Metaplectic.sqrtFactor_pointwise_dichotomy_of_matrix_eq' depends on axioms: [propext,
 Classical.choice,
 Quot.sound]
'Mock2Adv.CorrectedLemmas.GenuineGamma2Metaplectic.sqrtFactor_eq_or_eq_neg_of_matrix_eq' depends on axioms: [propext,
 Classical.choice,
 Quot.sound]
'Mock2Adv.CorrectedLemmas.GenuineGamma2Metaplectic.sqrtFactor_eq_or_eq_neg_of_projection_eq' depends on axioms: [propext,
 Classical.choice,
 Quot.sound]
'Mock2Adv.CorrectedLemmas.GenuineGamma2Metaplectic.deckNeg' depends on axioms: [propext, Classical.choice, Quot.sound]
'Mock2Adv.CorrectedLemmas.GenuineGamma2Metaplectic.deckNeg_matrix' depends on axioms: [propext,
 Classical.choice,
 Quot.sound]
'Mock2Adv.CorrectedLemmas.GenuineGamma2Metaplectic.deckNeg_sqrtFactor' depends on axioms: [propext,
 Classical.choice,
 Quot.sound]
'Mock2Adv.CorrectedLemmas.GenuineGamma2Metaplectic.deckNeg_projection' depends on axioms: [propext,
 Classical.choice,
 Quot.sound]
'Mock2Adv.CorrectedLemmas.GenuineGamma2Metaplectic.deckNeg_mul_sqrtFactor' depends on axioms: [propext,
 Classical.choice,
 Quot.sound]
'Mock2Adv.CorrectedLemmas.GenuineGamma2Metaplectic.deckNeg_mul_self' depends on axioms: [propext,
 Classical.choice,
 Quot.sound]
'Mock2Adv.CorrectedLemmas.GenuineGamma2Metaplectic.deckNeg_ne_one' depends on axioms: [propext,
 Classical.choice,
 Quot.sound]
'Mock2Adv.CorrectedLemmas.GenuineGamma2Metaplectic.deckNeg_central' depends on axioms: [propext,
 Classical.choice,
 Quot.sound]
'Mock2Adv.CorrectedLemmas.GenuineGamma2Metaplectic.eq_or_eq_deckNeg_mul_of_projection_eq' depends on axioms: [propext,
 Classical.choice,
 Quot.sound]
'Mock2Adv.CorrectedLemmas.GenuineHalfWeightDensity.norm_covariantValue' depends on axioms: [propext,
 Classical.choice,
 Quot.sound]
'Mock2Adv.CorrectedLemmas.GenuineHalfWeightDensity.im_mul_norm_pow_four_invariant' depends on axioms: [propext,
 Classical.choice,
 Quot.sound]
'Mock2Adv.CorrectedLemmas.GenuineHalfWeightDensity.density_invariant' depends on axioms: [propext,
 Classical.choice,
 Quot.sound]
'Mock2Adv.CorrectedLemmas.GenuineHalfWeightAutomorphy.Multiplier' depends on axioms: [propext,
 Classical.choice,
 Quot.sound]
'Mock2Adv.CorrectedLemmas.GenuineHalfWeightAutomorphy.factor' depends on axioms: [propext, Classical.choice, Quot.sound]
'Mock2Adv.CorrectedLemmas.GenuineHalfWeightAutomorphy.factor_one' depends on axioms: [propext,
 Classical.choice,
 Quot.sound]
'Mock2Adv.CorrectedLemmas.GenuineHalfWeightAutomorphy.factor_ne_zero' depends on axioms: [propext,
 Classical.choice,
 Quot.sound]
'Mock2Adv.CorrectedLemmas.GenuineHalfWeightAutomorphy.continuous_factor' depends on axioms: [propext,
 Classical.choice,
 Quot.sound]
'Mock2Adv.CorrectedLemmas.GenuineHalfWeightAutomorphy.factor_mul' depends on axioms: [propext,
 Classical.choice,
 Quot.sound]
'Mock2Adv.CorrectedLemmas.GenuineHalfWeightAutomorphy.IsAutomorphic' depends on axioms: [propext,
 Classical.choice,
 Quot.sound]
'Mock2Adv.CorrectedLemmas.GenuineHalfWeightAutomorphy.IsAEAutomorphic' depends on axioms: [propext,
 Classical.choice,
 Quot.sound]
'Mock2Adv.CorrectedLemmas.GenuineHalfWeightAutomorphy.IsAutomorphic.isAE' depends on axioms: [propext,
 Classical.choice,
 Quot.sound]
'Mock2Adv.CorrectedLemmas.GenuineHalfWeightAutomorphy.isAutomorphic_zero' depends on axioms: [propext,
 Classical.choice,
 Quot.sound]
'Mock2Adv.CorrectedLemmas.GenuineHalfWeightAutomorphy.IsAutomorphic.add' depends on axioms: [propext,
 Classical.choice,
 Quot.sound]
'Mock2Adv.CorrectedLemmas.GenuineHalfWeightAutomorphy.IsAutomorphic.smul' depends on axioms: [propext,
 Classical.choice,
 Quot.sound]
'Mock2Adv.CorrectedLemmas.GenuineHalfWeightAutomorphy.isAEAutomorphic_zero' depends on axioms: [propext,
 Classical.choice,
 Quot.sound]
'Mock2Adv.CorrectedLemmas.GenuineHalfWeightAutomorphy.IsAEAutomorphic.add' depends on axioms: [propext,
 Classical.choice,
 Quot.sound]
'Mock2Adv.CorrectedLemmas.GenuineHalfWeightAutomorphy.IsAEAutomorphic.smul' depends on axioms: [propext,
 Classical.choice,
 Quot.sound]
'Mock2Adv.CorrectedLemmas.GenuineHalfWeightAutomorphy.aeAutomorphicSubmodule' depends on axioms: [propext,
 Classical.choice,
 Quot.sound]
'Mock2Adv.CorrectedLemmas.GenuineHalfWeightAutomorphy.IsAutomorphic.density_invariant' depends on axioms: [propext,
 Classical.choice,
 Quot.sound]
'Mock2Adv.CorrectedLemmas.GenuineHalfWeightAutomorphy.IsAEAutomorphic.ae_density_invariant' depends on axioms: [propext,
 Classical.choice,
 Quot.sound]
'Mock2Adv.CorrectedLemmas.GenuineHalfWeightAutomorphy.factor_eq_one_of_fixed_point' depends on axioms: [propext,
 Classical.choice,
 Quot.sound]
'Mock2Adv.CorrectedLemmas.GenuineHalfWeightAutomorphy.central_factor_eq_one_of_nonzero' depends on axioms: [propext,
 Classical.choice,
 Quot.sound]
'Mock2Adv.CorrectedLemmas.GenuineHalfWeightAutomorphy.centralNegOne_multiplier_value_of_nonzero' depends on axioms: [propext,
 Classical.choice,
 Quot.sound]
'Mock2Adv.CorrectedLemmas.GenuineHalfWeightAutomorphy.value_eq_zero_of_bad_central_phase' depends on axioms: [propext,
 Classical.choice,
 Quot.sound]
'Mock2Adv.CorrectedLemmas.GenuineHalfWeightAutomorphy.eq_zero_of_bad_central_phase' depends on axioms: [propext,
 Classical.choice,
 Quot.sound]
'Mock2Adv.CorrectedLemmas.GenuineHalfWeightAutomorphy.one_multiplier_bad_central_phase' depends on axioms: [propext,
 Classical.choice,
 Quot.sound]
'Mock2Adv.CorrectedLemmas.GenuineHalfWeightAutomorphy.isAutomorphic_one_iff_eq_zero' depends on axioms: [propext,
 Classical.choice,
 Quot.sound]
'Mock2Adv.CorrectedLemmas.GenuineHalfWeightAutomorphy.centralNegOne_factor_eq_one_iff' depends on axioms: [propext,
 Classical.choice,
 Quot.sound]
'Mock2Adv.CorrectedLemmas.GenuineHalfWeightAutomorphy.centralNegOne_factor_ne_one_of_bad_phase' depends on axioms: [propext,
 Classical.choice,
 Quot.sound]
'Mock2Adv.CorrectedLemmas.GenuineHalfWeightAutomorphy.IsThetaCovariant' depends on axioms: [propext,
 Classical.choice,
 Quot.sound]
'Mock2Adv.CorrectedLemmas.GenuineHalfWeightAutomorphy.isThetaCovariant_one' depends on axioms: [propext,
 Classical.choice,
 Quot.sound]
'Mock2Adv.CorrectedLemmas.GenuineHalfWeightAutomorphy.IsThetaCovariant.mul' depends on axioms: [propext,
 Classical.choice,
 Quot.sound]
'Mock2Adv.CorrectedLemmas.GenuineHalfWeightAutomorphy.circle_coe_ne_zero' depends on axioms: [propext,
 Classical.choice,
 Quot.sound]
'Mock2Adv.CorrectedLemmas.GenuineHalfWeightAutomorphy.IsThetaCovariant.inv' depends on axioms: [propext,
 Classical.choice,
 Quot.sound]
'Mock2Adv.CorrectedLemmas.GenuineHalfWeightAutomorphy.thetaCovariantSubmonoid' depends on axioms: [propext,
 Classical.choice,
 Quot.sound]
'Mock2Adv.CorrectedLemmas.GenuineHalfWeightAutomorphy.thetaCovariantSubgroup' depends on axioms: [propext,
 Classical.choice,
 Quot.sound]
'Mock2Adv.CorrectedLemmas.GenuineHalfWeightAutomorphy.thetaCovariantProjection' depends on axioms: [propext,
 Classical.choice,
 Quot.sound]
'Mock2Adv.CorrectedLemmas.GenuineHalfWeightAutomorphy.translationTwo_isThetaCovariant' depends on axioms: [propext,
 Classical.choice,
 Quot.sound]
'Mock2Adv.CorrectedLemmas.GenuineHalfWeightAutomorphy.centralNegOnePhase' depends on axioms: [propext,
 Classical.choice,
 Quot.sound]
'Mock2Adv.CorrectedLemmas.GenuineHalfWeightAutomorphy.centralNegOnePhase_coe' depends on axioms: [propext,
 Classical.choice,
 Quot.sound]
'Mock2Adv.CorrectedLemmas.GenuineHalfWeightAutomorphy.centralNegOne_isThetaCovariant' depends on axioms: [propext,
 Classical.choice,
 Quot.sound]
'Mock2Adv.CorrectedLemmas.GenuineHalfWeightAutomorphy.deckNegPhase' depends on axioms: [propext,
 Classical.choice,
 Quot.sound]
'Mock2Adv.CorrectedLemmas.GenuineHalfWeightAutomorphy.deckNegPhase_coe' depends on axioms: [propext,
 Classical.choice,
 Quot.sound]
'Mock2Adv.CorrectedLemmas.GenuineHalfWeightAutomorphy.deckNeg_isThetaCovariant' depends on axioms: [propext,
 Classical.choice,
 Quot.sound]
'Mock2Adv.CorrectedLemmas.GenuineHalfWeightAutomorphy.thetaPhase_unique_of_nonzero' depends on axioms: [propext,
 Classical.choice,
 Quot.sound]
'Mock2Adv.CorrectedLemmas.GenuineHalfWeightAutomorphy.centralNegOnePhase_unique_of_nonzero' depends on axioms: [propext,
 Classical.choice,
 Quot.sound]
'Mock2Adv.CorrectedLemmas.GenuineHalfWeightAutomorphy.thetaNonzeroHeight' depends on axioms: [propext,
 Classical.choice,
 Quot.sound]
'Mock2Adv.CorrectedLemmas.GenuineHalfWeightAutomorphy.thetaNonzeroHeight_pos' depends on axioms: [propext,
 Classical.choice,
 Quot.sound]
'Mock2Adv.CorrectedLemmas.GenuineHalfWeightAutomorphy.thetaNonzeroPoint' depends on axioms: [propext,
 Classical.choice,
 Quot.sound]
'Mock2Adv.CorrectedLemmas.GenuineHalfWeightAutomorphy.thetaNonzeroPoint_im' depends on axioms: [propext,
 Classical.choice,
 Quot.sound]
'Mock2Adv.CorrectedLemmas.GenuineHalfWeightAutomorphy.exp_neg_pi_mul_thetaNonzeroPoint_im' depends on axioms: [propext,
 Classical.choice,
 Quot.sound]
'Mock2Adv.CorrectedLemmas.GenuineHalfWeightAutomorphy.theta_nonzero_at_thetaNonzeroPoint' depends on axioms: [propext,
 Classical.choice,
 Quot.sound]
'Mock2Adv.CorrectedLemmas.GenuineHalfWeightAutomorphy.thetaCovariantProjection_injective' depends on axioms: [propext,
 Classical.choice,
 Quot.sound]
'Mock2Adv.CorrectedLemmas.GenuineHalfWeightAutomorphy.FullThetaCovariance' depends on axioms: [propext,
 Classical.choice,
 Quot.sound]
'Mock2Adv.CorrectedLemmas.GenuineHalfWeightAutomorphy.fullThetaCovariance_iff_projection_surjective' depends on axioms: [propext,
 Classical.choice,
 Quot.sound]
'Mock2Adv.CorrectedLemmas.GenuineHalfWeightAutomorphy.fullThetaCovariance_iff_projection_bijective' depends on axioms: [propext,
 Classical.choice,
 Quot.sound]
'Mock2Adv.CorrectedLemmas.GenuineHalfWeightAutomorphy.chosenThetaPhase' depends on axioms: [propext,
 Classical.choice,
 Quot.sound]
'Mock2Adv.CorrectedLemmas.GenuineHalfWeightAutomorphy.chosenThetaPhase_covariant' depends on axioms: [propext,
 Classical.choice,
 Quot.sound]
'Mock2Adv.CorrectedLemmas.GenuineHalfWeightAutomorphy.chosenThetaPhase_one' depends on axioms: [propext,
 Classical.choice,
 Quot.sound]
'Mock2Adv.CorrectedLemmas.GenuineHalfWeightAutomorphy.chosenThetaPhase_mul' depends on axioms: [propext,
 Classical.choice,
 Quot.sound]
'Mock2Adv.CorrectedLemmas.GenuineHalfWeightAutomorphy.thetaMultiplierOfFullCovariance' depends on axioms: [propext,
 Classical.choice,
 Quot.sound]
'Mock2Adv.CorrectedLemmas.GenuineHalfWeightAutomorphy.theta_isAutomorphic_of_fullCovariance' depends on axioms: [propext,
 Classical.choice,
 Quot.sound]
'Mock2Adv.CorrectedLemmas.GenuineHalfWeightAutomorphy.thetaMultiplierOfFullCovariance_central_value' depends on axioms: [propext,
 Classical.choice,
 Quot.sound]
'Mock2Adv.CorrectedLemmas.GenuineHalfWeightAutomorphy.thetaMultiplier' depends on axioms: [propext,
 Classical.choice,
 Quot.sound]
'Mock2Adv.CorrectedLemmas.GenuineHalfWeightAutomorphy.theta_isAutomorphic' depends on axioms: [propext,
 Classical.choice,
 Quot.sound]
'Mock2Adv.CorrectedLemmas.GenuineHalfWeightAutomorphy.thetaMultiplier_central_value' depends on axioms: [propext,
 Classical.choice,
 Quot.sound]
'Mock2Adv.CorrectedLemmas.GenuineHalfWeightAutomorphy.translationTwo_pair_mem_thetaCovariantSubmonoid' depends on axioms: [propext,
 Classical.choice,
 Quot.sound]
'Mock2Adv.CorrectedLemmas.GenuineHalfWeightAutomorphy.centralNegOne_pair_mem_thetaCovariantSubmonoid' depends on axioms: [propext,
 Classical.choice,
 Quot.sound]
'Mock2Adv.CorrectedLemmas.GenuineHalfWeightAutomorphy.translationTwo_pair_mem_thetaCovariantSubgroup' depends on axioms: [propext,
 Classical.choice,
 Quot.sound]
'Mock2Adv.CorrectedLemmas.GenuineHalfWeightAutomorphy.centralNegOne_pair_mem_thetaCovariantSubgroup' depends on axioms: [propext,
 Classical.choice,
 Quot.sound]
'Mock2Adv.CorrectedLemmas.GenuineHalfWeightAutomorphy.deckNeg_pair_mem_thetaCovariantSubgroup' depends on axioms: [propext,
 Classical.choice,
 Quot.sound]
'Mock2Adv.CorrectedLemmas.GenuineInverseHalfWeightAutomorphy.Multiplier' depends on axioms: [propext,
 Classical.choice,
 Quot.sound]
'Mock2Adv.CorrectedLemmas.GenuineInverseHalfWeightAutomorphy.factor' depends on axioms: [propext,
 Classical.choice,
 Quot.sound]
'Mock2Adv.CorrectedLemmas.GenuineInverseHalfWeightAutomorphy.factor_one' depends on axioms: [propext,
 Classical.choice,
 Quot.sound]
'Mock2Adv.CorrectedLemmas.GenuineInverseHalfWeightAutomorphy.factor_ne_zero' depends on axioms: [propext,
 Classical.choice,
 Quot.sound]
'Mock2Adv.CorrectedLemmas.GenuineInverseHalfWeightAutomorphy.continuous_factor' depends on axioms: [propext,
 Classical.choice,
 Quot.sound]
'Mock2Adv.CorrectedLemmas.GenuineInverseHalfWeightAutomorphy.factor_mul' depends on axioms: [propext,
 Classical.choice,
 Quot.sound]
'Mock2Adv.CorrectedLemmas.GenuineInverseHalfWeightAutomorphy.IsAutomorphic' depends on axioms: [propext,
 Classical.choice,
 Quot.sound]
'Mock2Adv.CorrectedLemmas.GenuineInverseHalfWeightAutomorphy.IsAEAutomorphic' depends on axioms: [propext,
 Classical.choice,
 Quot.sound]
'Mock2Adv.CorrectedLemmas.GenuineInverseHalfWeightAutomorphy.IsAutomorphic.isAE' depends on axioms: [propext,
 Classical.choice,
 Quot.sound]
'Mock2Adv.CorrectedLemmas.GenuineInverseHalfWeightAutomorphy.density' depends on axioms: [propext,
 Classical.choice,
 Quot.sound]
'Mock2Adv.CorrectedLemmas.GenuineInverseHalfWeightAutomorphy.density_nonneg' depends on axioms: [propext,
 Classical.choice,
 Quot.sound]
'Mock2Adv.CorrectedLemmas.GenuineInverseHalfWeightAutomorphy.density_sq' depends on axioms: [propext,
 Classical.choice,
 Quot.sound]
'Mock2Adv.CorrectedLemmas.GenuineInverseHalfWeightAutomorphy.norm_covariantValue' depends on axioms: [propext,
 Classical.choice,
 Quot.sound]
'Mock2Adv.CorrectedLemmas.GenuineInverseHalfWeightAutomorphy.inv_im_mul_norm_pow_four_invariant' depends on axioms: [propext,
 Classical.choice,
 Quot.sound]
'Mock2Adv.CorrectedLemmas.GenuineInverseHalfWeightAutomorphy.density_invariant' depends on axioms: [propext,
 Classical.choice,
 Quot.sound]
'Mock2Adv.CorrectedLemmas.GenuineInverseHalfWeightAutomorphy.IsAutomorphic.density_invariant' depends on axioms: [propext,
 Classical.choice,
 Quot.sound]
'Mock2Adv.CorrectedLemmas.GenuineInverseHalfWeightAutomorphy.sqrtFactor_norm_inv_eq_one_of_plainNormInvariant' depends on axioms: [propext,
 Classical.choice,
 Quot.sound]
'Mock2Adv.CorrectedLemmas.GenuineInverseHalfWeightAutomorphy.centralNegOne_factor_eq_one_iff' depends on axioms: [propext,
 Classical.choice,
 Quot.sound]
'Mock2Adv.CorrectedLemmas.GenuineInverseHalfWeightAutomorphy.centralNegOne_factor_ne_one_of_bad_phase' depends on axioms: [propext,
 Classical.choice,
 Quot.sound]
'Mock2Adv.CorrectedLemmas.GenuineWeightedSobolev.space' depends on axioms: [propext, Classical.choice, Quot.sound]
'Mock2Adv.CorrectedLemmas.GenuineWeightedSobolev.Datum' depends on axioms: [propext, Classical.choice, Quot.sound]
'Mock2Adv.CorrectedLemmas.GenuineWeightedSobolev.CoreTestSpace' depends on axioms: [propext,
 Classical.choice,
 Quot.sound]
'Mock2Adv.CorrectedLemmas.GenuineWeightedSobolev.TrialSpace' depends on axioms: [propext, Classical.choice, Quot.sound]
'Mock2Adv.CorrectedLemmas.GenuineWeightedSobolev.core_le_space' depends on axioms: [propext,
 Classical.choice,
 Quot.sound]
'Mock2Adv.CorrectedLemmas.GenuineWeightedSobolev.isClosed_space' depends on axioms: [propext,
 Classical.choice,
 Quot.sound]
'Mock2Adv.CorrectedLemmas.GenuineWeightedSobolev.space_ae' depends on axioms: [propext, Classical.choice, Quot.sound]
'Mock2Adv.CorrectedLemmas.GenuineWeightedSobolev.coreToTrial' depends on axioms: [propext, Classical.choice, Quot.sound]
'Mock2Adv.CorrectedLemmas.GenuineWeightedSobolev.denseRange_coreToTrial' depends on axioms: [propext,
 Classical.choice,
 Quot.sound]
'Mock2Adv.CorrectedLemmas.GenuineWeightedSobolev.Datum.graphEnergy' depends on axioms: [propext,
 Classical.choice,
 Quot.sound]
'Mock2Adv.CorrectedLemmas.GenuineWeightedSobolev.Datum.graphEnergy_eq_norm_sq' depends on axioms: [propext,
 Classical.choice,
 Quot.sound]
'Mock2Adv.CorrectedLemmas.GenuineWeightedSobolev.Datum.graphEnergy_nonneg' depends on axioms: [propext,
 Classical.choice,
 Quot.sound]
'Mock2Adv.CorrectedLemmas.GenuineWeightedSobolev.Datum.graphEnergy_eq_zero_iff' depends on axioms: [propext,
 Classical.choice,
 Quot.sound]
'Mock2Adv.CorrectedLemmas.GenuineWeightedSobolev.Datum.sqrt_graphEnergy_eq_norm' depends on axioms: [propext,
 Classical.choice,
 Quot.sound]
'Mock2Adv.CorrectedLemmas.GlobalPoincare.GenuineHalfWeightAutomorphicLaplacianData.exists_nonzero_admissibleMode' depends on axioms: [propext,
 Classical.choice,
 Quot.sound]
'Mock2Adv.CorrectedLemmas.GlobalPoincare.GenuineHalfWeightAutomorphicLaplacianData' depends on axioms: [propext,
 Classical.choice,
 Quot.sound]
'Mock2Adv.CorrectedLemmas.GlobalPoincare.genuineHalfWeightAutomorphic_globalPoincare_sq' depends on axioms: [propext,
 Classical.choice,
 Quot.sound]
'Mock2Adv.CorrectedLemmas.GlobalPoincare.genuineHalfWeightAutomorphic_globalPoincare_sq_of_orthogonal' depends on axioms: [propext,
 Classical.choice,
 Quot.sound]
'Mock2Adv.CorrectedLemmas.GlobalPoincare.genuineHalfWeightAutomorphic_globalPoincare_sobolevEnergy_sq_of_orthogonal' depends on axioms: [propext,
 Classical.choice,
 Quot.sound]
'Mock2Adv.UnnumberedFormulaLedger.item1_genuineSquareRootFactorNonvanishing_proved' depends on axioms: [propext,
 Classical.choice,
 Quot.sound]
'Mock2Adv.UnnumberedFormulaLedger.item1_genuineDenominatorCocycle_proved' depends on axioms: [propext,
 Classical.choice,
 Quot.sound]
'Mock2Adv.UnnumberedFormulaLedger.item1_genuineFiberGlobalSignDichotomy_proved' depends on axioms: [propext,
 Classical.choice,
 Quot.sound]
'Mock2Adv.UnnumberedFormulaLedger.item1_genuineFiberTwoSheetClassification_proved' depends on axioms: [propext,
 Classical.choice,
 Quot.sound]
'Mock2Adv.UnnumberedFormulaLedger.item1_gamma2StandardGenerators_proved' depends on axioms: [propext,
 Classical.choice,
 Quot.sound]
'Mock2Adv.UnnumberedFormulaLedger.item1_weightHalfPeterssonDensityInvariance_correctedAndProved' depends on axioms: [propext,
 Classical.choice,
 Quot.sound]
'Mock2Adv.UnnumberedFormulaLedger.item1_thetaCovariantSubmonoid_constructed' depends on axioms: [propext,
 Classical.choice,
 Quot.sound]
'Mock2Adv.UnnumberedFormulaLedger.item1_thetaCovariantSubgroup_constructed' depends on axioms: [propext,
 Classical.choice,
 Quot.sound]
'Mock2Adv.UnnumberedFormulaLedger.item1_translationTwoThetaPair_proved' depends on axioms: [propext,
 Classical.choice,
 Quot.sound]
'Mock2Adv.UnnumberedFormulaLedger.item1_centralNegOneThetaPair_proved' depends on axioms: [propext,
 Classical.choice,
 Quot.sound]
'Mock2Adv.UnnumberedFormulaLedger.item1_thetaPhaseUnique_of_nonzero_proved' depends on axioms: [propext,
 Classical.choice,
 Quot.sound]
'Mock2Adv.UnnumberedFormulaLedger.item1_explicitThetaNonzeroPoint_proved' depends on axioms: [propext,
 Classical.choice,
 Quot.sound]
'Mock2Adv.UnnumberedFormulaLedger.item1_fullCovarianceBuildsCharacter_correctedAndProved' depends on axioms: [propext,
 Classical.choice,
 Quot.sound]
'Mock2Adv.UnnumberedFormulaLedger.item1_fullThetaCovariance_proved' depends on axioms: [propext,
 Classical.choice,
 Quot.sound]
'Mock2Adv.UnnumberedFormulaLedger.item1_standardThetaMultiplier_constructed' depends on axioms: [propext,
 Classical.choice,
 Quot.sound]
'Mock2Adv.UnnumberedFormulaLedger.item1_standardThetaGenuineAutomorphy_proved' depends on axioms: [propext,
 Classical.choice,
 Quot.sound]
'Mock2Adv.CorrectedLemmas.ScatteringDensityErratum.unitarity_does_not_imply_positiveLogDerivative' depends on axioms: [propext,
 Classical.choice,
 Quot.sound]
'Mock2Adv.CorrectedLemmas.ScatteringDensityErratum.scalarUnitaryScattering' depends on axioms: [propext,
 Classical.choice,
 Quot.sound]
'Mock2Adv.CorrectedLemmas.ScatteringDensityErratum.scalarUnitaryDerivative' depends on axioms: [propext,
 Classical.choice,
 Quot.sound]
'Mock2Adv.CorrectedLemmas.ScatteringDensityErratum.hasDerivAt_scalarUnitaryScattering' depends on axioms: [propext,
 Classical.choice,
 Quot.sound]
'Mock2Adv.CorrectedLemmas.ScatteringDensityErratum.norm_scalarUnitaryScattering' depends on axioms: [propext,
 Classical.choice,
 Quot.sound]
'Mock2Adv.CorrectedLemmas.ScatteringDensityErratum.scalarLogDerivative_eq_I' depends on axioms: [propext,
 Classical.choice,
 Quot.sound]
'Mock2Adv.CorrectedLemmas.ScatteringDensityErratum.complex_I_not_nonnegativeReal' depends on axioms: [propext,
 Classical.choice,
 Quot.sound]
'Mock2Adv.CorrectedLemmas.ScatteringDensityErratum.correctedScalarComplexDensity' depends on axioms: [propext,
 Classical.choice,
 Quot.sound]
'Mock2Adv.CorrectedLemmas.ScatteringDensityErratum.correctedScalarComplexDensity_eq_one' depends on axioms: [propext,
 Classical.choice,
 Quot.sound]
'Mock2Adv.CorrectedLemmas.ScatteringDensityErratum.correctedScalarLogDensity' depends on axioms: [propext,
 Classical.choice,
 Quot.sound]
'Mock2Adv.CorrectedLemmas.ScatteringDensityErratum.correctedScalarLogDensity_eq_one' depends on axioms: [propext,
 Classical.choice,
 Quot.sound]
'Mock2Adv.CorrectedLemmas.ScatteringDensityErratum.correctedScalarLogDensity_nonneg' depends on axioms: [propext,
 Classical.choice,
 Quot.sound]
'Mock2Adv.CorrectedLemmas.ScatteringDensityErratum.correctedScalarLogDensity_pos' depends on axioms: [propext,
 Classical.choice,
 Quot.sound]
'Mock2Adv.UnnumberedFormulaLedger.pages23_to_25_unitarityDoesNotGiveStrictPositiveDensityErratum' depends on axioms: [propext,
 Classical.choice,
 Quot.sound]
'Mock2Adv.UnnumberedFormulaLedger.pages23_to_25_scalarLogDerivativeNonrealErratum' depends on axioms: [propext,
 Classical.choice,
 Quot.sound]
'Mock2Adv.UnnumberedFormulaLedger.pages23_to_25_correctedScalarLogDensity_eq_one_proved' depends on axioms: [propext,
 Classical.choice,
 Quot.sound]
'Mock2Adv.UnnumberedFormulaLedger.pages23_to_25_correctedScalarLogDensity_nonneg_proved' depends on axioms: [propext,
 Classical.choice,
 Quot.sound]
'Mock2Adv.UnnumberedFormulaLedger.pages23_to_25_correctedScalarLogDensity_pos_proved' depends on axioms: [propext,
 Classical.choice,
 Quot.sound]
'Mock2Adv.UnnumberedFormulaLedger.pages23_to_25_positiveTestDoesNotGiveUniformMassErratum' depends on axioms: [propext,
 Classical.choice,
 Quot.sound]
'Mock2Adv.CorrectedLemmas.CuspSpectralNormalizationErratum.unitCuspSeed_ne_doubledCuspSeed' depends on axioms: [propext,
 Classical.choice,
 Quot.sound]
'Mock2Adv.CorrectedLemmas.CuspSpectralNormalizationErratum.unitCuspSeed' depends on axioms: [propext,
 Classical.choice,
 Quot.sound]
'Mock2Adv.CorrectedLemmas.CuspSpectralNormalizationErratum.doubledCuspSeed' depends on axioms: [propext,
 Classical.choice,
 Quot.sound]
'Mock2Adv.CorrectedLemmas.CuspSpectralNormalizationErratum.unitCuspSpectralMeasure' depends on axioms: [propext,
 Classical.choice,
 Quot.sound]
'Mock2Adv.CorrectedLemmas.CuspSpectralNormalizationErratum.doubledCuspSpectralMeasure' depends on axioms: [propext,
 Classical.choice,
 Quot.sound]
'Mock2Adv.CorrectedLemmas.CuspSpectralNormalizationErratum.unitCuspSpectralMeasure_singleton_zero' depends on axioms: [propext,
 Classical.choice,
 Quot.sound]
'Mock2Adv.CorrectedLemmas.CuspSpectralNormalizationErratum.doubledCuspSpectralMeasure_singleton_zero' depends on axioms: [propext,
 Classical.choice,
 Quot.sound]
'Mock2Adv.CorrectedLemmas.CuspSpectralNormalizationErratum.unitCuspSpectralMeasure_ne_doubled' depends on axioms: [propext,
 Classical.choice,
 Quot.sound]
'Mock2Adv.CorrectedLemmas.CuspSpectralNormalizationErratum.cuspIndexing_and_positivity_do_not_fix_normalization' depends on axioms: [propext,
 Classical.choice,
 Quot.sound]
'Mock2Adv.UnnumberedFormulaLedger.pages23_to_25_cuspEisensteinNormalizationUnderdeterminedErratum' depends on axioms: [propext,
 Classical.choice,
 Quot.sound]
'Mock2Adv.UnnumberedFormulaLedger.pages23_to_25_positiveMeasureNormalizationUnderdeterminedErratum' depends on axioms: [propext,
 Classical.choice,
 Quot.sound]
'Mock2Adv.UnnumberedFormulaLedger.pages23_to_25_cuspAndMeasureNormalizationAmbiguityErratum' depends on axioms: [propext,
 Classical.choice,
 Quot.sound]
'Mock2Adv.UnnumberedFormulaLedger.pages23_to_25_uniformActivityCannotBeEliminatedErratum' depends on axioms: [propext,
 Classical.choice,
 Quot.sound]
'Mock2Adv.CorrectedLemmas.CorrectedPropositions.AnalyticP2P7Completion.Corollary33VerificationModel.spectralData' depends on axioms: [propext,
 Classical.choice,
 Quot.sound]
'Mock2Adv.CorrectedLemmas.CorrectedPropositions.AnalyticP2P7Completion.Corollary33VerificationModel.massCondition' depends on axioms: [propext,
 Classical.choice,
 Quot.sound]
'Mock2Adv.CorrectedLemmas.CorrectedPropositions.AnalyticP2P7Completion.Corollary33VerificationModel.continuousMassFloor_pos' depends on axioms: [propext,
 Classical.choice,
 Quot.sound]
'Mock2Adv.CorrectedLemmas.CorrectedPropositions.AnalyticP2P7Completion.Corollary33VerificationModel.normalization' depends on axioms: [propext,
 Classical.choice,
 Quot.sound]
'Mock2Adv.CorrectedLemmas.CorrectedPropositions.AnalyticP2P7Completion.Corollary33VerificationModel.discreteSeries' depends on axioms: [propext,
 Classical.choice,
 Quot.sound]
'Mock2Adv.CorrectedLemmas.CorrectedPropositions.AnalyticP2P7Completion.Corollary33VerificationModel.discreteSeries_term' depends on axioms: [propext,
 Classical.choice,
 Quot.sound]
'Mock2Adv.CorrectedLemmas.CorrectedPropositions.AnalyticP2P7Completion.Corollary33VerificationModel.discreteSeries_term_pos' depends on axioms: [propext,
 Classical.choice,
 Quot.sound]
'Mock2Adv.CorrectedLemmas.CorrectedPropositions.AnalyticP2P7Completion.Corollary33VerificationModel.discreteSeries_contribution_pos' depends on axioms: [propext,
 Classical.choice,
 Quot.sound]
'Mock2Adv.CorrectedLemmas.CorrectedPropositions.AnalyticP2P7Completion.Corollary33VerificationModel.seriesIdentity' depends on axioms: [propext,
 Classical.choice,
 Quot.sound]
'Mock2Adv.CorrectedLemmas.CorrectedPropositions.AnalyticP2P7Completion.Corollary33VerificationModel.identity' depends on axioms: [propext,
 Classical.choice,
 Quot.sound]
'Mock2Adv.CorrectedLemmas.CorrectedPropositions.AnalyticP2P7Completion.Corollary33VerificationModel.normalizedDiscrete_pos' depends on axioms: [propext,
 Classical.choice,
 Quot.sound]
'Mock2Adv.CorrectedLemmas.CorrectedPropositions.AnalyticP2P7Completion.Corollary33VerificationModel.selectedMode_add_mass_le_spectralSide' depends on axioms: [propext,
 Classical.choice,
 Quot.sound]
'Mock2Adv.CorrectedLemmas.CorrectedPropositions.AnalyticP2P7Completion.Corollary33VerificationModel.corollary33_conclusion' depends on axioms: [propext,
 Classical.choice,
 Quot.sound]
'Mock2Adv.CorrectedLemmas.CorrectedPropositions.AnalyticP2P7Completion.Corollary33VerificationModel.corollary33_nontrivial_conclusion' depends on axioms: [propext,
 Classical.choice,
 Quot.sound]
'Mock2Adv.Section54Closure.Claim' does not depend on any axioms
'Mock2Adv.Section54Closure.claimDisposition' does not depend on any axioms
'Mock2Adv.Section54Closure.exhaustive' depends on axioms: [propext]
'Mock2Adv.Section54Closure.corollary31_eventualContinuousMassLower_correctedAndProved' depends on axioms: [propext,
 Classical.choice,
 Quot.sound]
'Mock2Adv.Section54Closure.corollary31_eventualContinuousMassPositive_correctedAndProved' depends on axioms: [propext,
 Classical.choice,
 Quot.sound]
'Mock2Adv.Section54Closure.corollary31_eigenvalueGapNameErratum' depends on axioms: [propext,
 Classical.choice,
 Quot.sound]
'Mock2Adv.Section54Closure.corollary32_uniformContinuousMassLower_correctedAndProved' depends on axioms: [propext,
 Classical.choice,
 Quot.sound]
'Mock2Adv.Section54Closure.corollary32_eventualContinuousMassLower_correctedAndProved' depends on axioms: [propext,
 Classical.choice,
 Quot.sound]
'Mock2Adv.Section54Closure.corollary33_rankinSelbergContinuousNormalization' depends on axioms: [propext,
 Classical.choice,
 Quot.sound]
'Mock2Adv.Section54Closure.corollary33_discreteTerm_nonnegative_proved' depends on axioms: [propext,
 Classical.choice,
 Quot.sound]
'Mock2Adv.Section54Closure.corollary33_discreteSum_converges_proved' depends on axioms: [propext,
 Classical.choice,
 Quot.sound]
'Mock2Adv.Section54Closure.corollary33_discreteSum_nonnegative_proved' depends on axioms: [propext,
 Classical.choice,
 Quot.sound]
'Mock2Adv.Section54Closure.corollary33_normalizedInsertion_correctedAndProved' depends on axioms: [propext,
 Classical.choice,
 Quot.sound]
'Mock2Adv.Section54Closure.corollary33_rankinSelbergInsertion_correctedAndProved' depends on axioms: [propext,
 Classical.choice,
 Quot.sound]
'Mock2Adv.Section54Closure.corollary33_summableDiscreteInsertion_correctedAndProved' depends on axioms: [propext,
 Classical.choice,
 Quot.sound]
'Mock2Adv.Section54Closure.corollary33_ofUniformActivity_correctedAndProved' depends on axioms: [propext,
 Classical.choice,
 Quot.sound]
'Mock2Adv.Section54Closure.theorem51_sameCorrectionCancellation_proved' depends on axioms: [propext,
 Classical.choice,
 Quot.sound]
'Mock2Adv.Section54Closure.theorem51_sameCorrectionSetCancellation_proved' depends on axioms: [propext,
 Classical.choice,
 Quot.sound]
'Mock2Adv.Section54Closure.theorem51_insideDictionaryCompatibilityNecessary_proved' depends on axioms: [propext,
 Classical.choice,
 Quot.sound]
'Mock2Adv.Section54Closure.theorem51_missingInsideDictionaryErratum' depends on axioms: [propext,
 Classical.choice,
 Quot.sound]
'Mock2Adv.Section54Closure.theorem51_noUpperHalfPlaneExteriorRegion_proved' depends on axioms: [propext,
 Classical.choice,
 Quot.sound]
'Mock2Adv.Section54Closure.theorem51_radialBoundednessErratum' depends on axioms: [propext,
 Classical.choice,
 Quot.sound]
'Mock2Adv.Section54Closure.theorem51_exteriorPullbackAnalytic_correctedAndProved' depends on axioms: [propext,
 Classical.choice,
 Quot.sound]
'Mock2Adv.Section54Closure.theorem51_coreContinuation_correctedAndProved' depends on axioms: [propext,
 Classical.choice,
 Quot.sound]
'Mock2Adv.Section54Closure.theorem51_annularDictionaryContinuation_correctedAndProved' depends on axioms: [propext,
 Classical.choice,
 Quot.sound]
'Mock2Adv.Section54Closure.theorem51_boundaryRestriction_correctedAndProved' depends on axioms: [propext,
 Classical.choice,
 Quot.sound]
'Mock2Adv.Section54Closure.theorem51_annularMatching_correctedAndProved' depends on axioms: [propext,
 Classical.choice,
 Quot.sound]
'Mock2Adv.CorrectedLemmas.CorrectedPropositions.GlobalUnitCircleMatching.HalfTwoVerificationModel.inside_analytic' depends on axioms: [propext,
 Classical.choice,
 Quot.sound]
'Mock2Adv.CorrectedLemmas.CorrectedPropositions.GlobalUnitCircleMatching.HalfTwoVerificationModel.basePoint_mem_closure_diff_singleton' depends on axioms: [propext,
 Classical.choice,
 Quot.sound]
'Mock2Adv.CorrectedLemmas.CorrectedPropositions.GlobalUnitCircleMatching.HalfTwoVerificationModel.inside_nonconstant_on_sample' depends on axioms: [propext,
 Classical.choice,
 Quot.sound]
'Mock2Adv.CorrectedLemmas.CorrectedPropositions.GlobalUnitCircleMatching.HalfTwoVerificationModel.exterior_nonconstant_on_domain' depends on axioms: [propext,
 Classical.choice,
 Quot.sound]
'Mock2Adv.CorrectedLemmas.CorrectedPropositions.GlobalUnitCircleMatching.HalfTwoVerificationModel.annularMatching' depends on axioms: [propext,
 Classical.choice,
 Quot.sound]
'Mock2Adv.CorrectedLemmas.CorrectedPropositions.GlobalUnitCircleMatching.HalfTwoVerificationModel.Certificate' depends on axioms: [propext,
 Classical.choice,
 Quot.sound]
'Mock2Adv.CorrectedLemmas.CorrectedPropositions.GlobalUnitCircleMatching.HalfTwoVerificationModel.certificate' depends on axioms: [propext,
 Classical.choice,
 Quot.sound]
'Mock2Adv.Section54Closure.corollary32ConcreteSpectralData' depends on axioms: [propext, Classical.choice, Quot.sound]
'Mock2Adv.Section54Closure.corollary32ConcreteUniformActivity' depends on axioms: [propext,
 Classical.choice,
 Quot.sound]
'Mock2Adv.Section54Closure.corollary31_concreteEvidence_proved' depends on axioms: [propext,
 Classical.choice,
 Quot.sound]
'Mock2Adv.Section54Closure.corollary32_concreteEvidence_proved' depends on axioms: [propext,
 Classical.choice,
 Quot.sound]
'Mock2Adv.Section54Closure.Corollary33Evidence' depends on axioms: [propext, Classical.choice, Quot.sound]
'Mock2Adv.Section54Closure.corollary33_theoremEvidence_proved' depends on axioms: [propext,
 Classical.choice,
 Quot.sound]
'Mock2Adv.Section54Closure.Corollary33ConcreteEvidence' depends on axioms: [propext, Classical.choice, Quot.sound]
'Mock2Adv.Section54Closure.corollary33_concreteEvidence_proved' depends on axioms: [propext,
 Classical.choice,
 Quot.sound]
'Mock2Adv.Section54Closure.Theorem51Evidence' depends on axioms: [propext, Classical.choice, Quot.sound]
'Mock2Adv.Section54Closure.theorem51_theoremEvidence_proved' depends on axioms: [propext, Classical.choice, Quot.sound]
'Mock2Adv.Section54Closure.Theorem51ConcreteEvidence' depends on axioms: [propext, Classical.choice, Quot.sound]
'Mock2Adv.Section54Closure.theorem51_concreteEvidence_proved' depends on axioms: [propext, Classical.choice, Quot.sound]
'Mock2Adv.Section54Closure.ClaimEvidence' depends on axioms: [propext, Classical.choice, Quot.sound]
'Mock2Adv.Section54Closure.claimEvidence' depends on axioms: [propext, Classical.choice, Quot.sound]
'Mock2Adv.P0RepairLedger.Requirement' does not depend on any axioms
'Mock2Adv.P0RepairLedger.Disposition' does not depend on any axioms
'Mock2Adv.P0RepairLedger.disposition' does not depend on any axioms
'Mock2Adv.P0RepairLedger.requirement_count' depends on axioms: [propext, Classical.choice, Quot.sound]
'Mock2Adv.P0RepairLedger.terminal' depends on axioms: [propext]
'Mock2Adv.P0RepairLedger.no_unresolved' depends on axioms: [propext]
'Mock2Adv.P0RepairLedger.KernelEvidence' does not depend on any axioms
'Mock2Adv.P0RepairLedger.KernelEvidence.certify' does not depend on any axioms
'Mock2Adv.P0RepairLedger.KernelEvidence.sound' does not depend on any axioms
'Mock2Adv.P0RepairLedger.RequirementEvidence' depends on axioms: [propext, Classical.choice, Quot.sound]
'Mock2Adv.P0RepairLedger.requirementEvidence' depends on axioms: [propext, Classical.choice, Quot.sound]
'Mock2Adv.P0RepairLedger.p01_multiplierCancellation_correctedAndProved' depends on axioms: [propext,
 Classical.choice,
 Quot.sound]
'Mock2Adv.P0RepairLedger.p01_metaplecticCocycle_correctedAndProved' depends on axioms: [propext,
 Classical.choice,
 Quot.sound]
'Mock2Adv.P0RepairLedger.p01_aeCompletion_correctedAndProved' depends on axioms: [propext, Classical.choice, Quot.sound]
'Mock2Adv.P0RepairLedger.p01_genuineMultiplierCocycle_correctedAndProved' depends on axioms: [propext,
 Classical.choice,
 Quot.sound]
'Mock2Adv.P0RepairLedger.p01_literalInverseHalfWeightCocycle_correctedAndProved' depends on axioms: [propext,
 Classical.choice,
 Quot.sound]
'Mock2Adv.P0RepairLedger.p01_inverseHalfWeightDensity_correctedAndProved' depends on axioms: [propext,
 Classical.choice,
 Quot.sound]
'Mock2Adv.P0RepairLedger.p01_plainDensityObstruction_correctedAndProved' depends on axioms: [propext,
 Classical.choice,
 Quot.sound]
'Mock2Adv.P0RepairLedger.p01_inverseRepresentativeIndependentAutomorphy_correctedAndProved' depends on axioms: [propext,
 Classical.choice,
 Quot.sound]
'Mock2Adv.P0RepairLedger.p01_concretePlainDensityCounterexample_proved' depends on axioms: [propext,
 Classical.choice,
 Quot.sound]
'Mock2Adv.P0RepairLedger.p01_positivePolygonL2Density_correctedAndProved' depends on axioms: [propext,
 Classical.choice,
 Quot.sound]
'Mock2Adv.P0RepairLedger.p01_inversePolygonL2Density_correctedAndProved' depends on axioms: [propext,
 Classical.choice,
 Quot.sound]
'Mock2Adv.P0RepairLedger.p01_positiveAutomorphicL2LinearCarrier_correctedAndProved' depends on axioms: [propext,
 Classical.choice,
 Quot.sound]
'Mock2Adv.P0RepairLedger.p01_inverseAutomorphicL2LinearCarrier_correctedAndProved' depends on axioms: [propext,
 Classical.choice,
 Quot.sound]
'Mock2Adv.P0RepairLedger.p01_positiveAutomorphicL2HilbertClosure_correctedAndProved' depends on axioms: [propext,
 Classical.choice,
 Quot.sound]
'Mock2Adv.P0RepairLedger.p01_inverseAutomorphicL2HilbertClosure_correctedAndProved' depends on axioms: [propext,
 Classical.choice,
 Quot.sound]
'Mock2Adv.P0RepairLedger.p01_positivePolygonRealizationFaithful_correctedAndProved' depends on axioms: [propext,
 Classical.choice,
 Quot.sound]
'Mock2Adv.P0RepairLedger.p01_inversePolygonRealizationFaithful_correctedAndProved' depends on axioms: [propext,
 Classical.choice,
 Quot.sound]
'Mock2Adv.P0RepairLedger.p01_genuineAECompletion_correctedAndProved' depends on axioms: [propext,
 Classical.choice,
 Quot.sound]
'Mock2Adv.P0RepairLedger.p01_representativeIndependentAutomorphy_correctedAndProved' depends on axioms: [propext,
 Classical.choice,
 Quot.sound]
'Mock2Adv.P0RepairLedger.p01_standardThetaAEClassAutomorphic_proved' depends on axioms: [propext,
 Classical.choice,
 Quot.sound]
'Mock2Adv.P0RepairLedger.p01_closableGraphValueEmbedding_correctedAndProved' depends on axioms: [propext,
 Classical.choice,
 Quot.sound]
'Mock2Adv.P0RepairLedger.p01_graphCompletionIsClosureGraph_correctedAndProved' depends on axioms: [propext,
 Classical.choice,
 Quot.sound]
'Mock2Adv.P0RepairLedger.p01_ambientL2ToDataPairing_correctedAndProved' depends on axioms: [propext,
 Classical.choice,
 Quot.sound]
'Mock2Adv.P0RepairLedger.p01_ambientL2ToDataAntiLinear_correctedAndProved' depends on axioms: [propext,
 Classical.choice,
 Quot.sound]
'Mock2Adv.P0RepairLedger.p01_ambientL2ToDataInjective_correctedAndProved' depends on axioms: [propext,
 Classical.choice,
 Quot.sound]
'Mock2Adv.P0RepairLedger.p01_paperMaassLeftFactorizationErratum' depends on axioms: [propext,
 Classical.choice,
 Quot.sound]
'Mock2Adv.P0RepairLedger.p01_paperMaassRightFactorizationErratum' depends on axioms: [propext,
 Classical.choice,
 Quot.sound]
'Mock2Adv.P0RepairLedger.p01_unweightedMaassAdjointErratum' depends on axioms: [propext, Classical.choice, Quot.sound]
'Mock2Adv.P0RepairLedger.p01_unitaryMaassAdjoint_correctedAndProved' depends on axioms: [propext,
 Classical.choice,
 Quot.sound]
'Mock2Adv.P0RepairLedger.p01_formalAdjointImpliesClosable_correctedAndProved' depends on axioms: [propext,
 Classical.choice,
 Quot.sound]
'Mock2Adv.P0RepairLedger.p01_centralPhaseNecessity_correctedAndProved' depends on axioms: [propext,
 Classical.choice,
 Quot.sound]
'Mock2Adv.P0RepairLedger.p01_positiveCentralFactorConvention_correctedAndProved' depends on axioms: [propext,
 Classical.choice,
 Quot.sound]
'Mock2Adv.P0RepairLedger.p01_inverseCentralFactorConvention_correctedAndProved' depends on axioms: [propext,
 Classical.choice,
 Quot.sound]
'Mock2Adv.P0RepairLedger.p01_trivialGenuineMultiplierZeroSector_proved' depends on axioms: [propext,
 Classical.choice,
 Quot.sound]
'Mock2Adv.P0RepairLedger.p01_standardThetaMultiplierConstructed_proved' depends on axioms: [propext,
 Classical.choice,
 Quot.sound]
'Mock2Adv.P0RepairLedger.p01_standardThetaSharpGaussianBound_proved' depends on axioms: [propext,
 Classical.choice,
 Quot.sound]
'Mock2Adv.P0RepairLedger.p01_sixCellPullbackHeightEnvelope_proved' depends on axioms: [propext,
 Classical.choice,
 Quot.sound]
'Mock2Adv.P0RepairLedger.p01_fdHeightEnvelopeIntegrable_correctedAndProved' depends on axioms: [propext,
 Classical.choice,
 Quot.sound]
'Mock2Adv.P0RepairLedger.p01_standardThetaSixCellDensityMajorant_proved' depends on axioms: [propext,
 Classical.choice,
 Quot.sound]
'Mock2Adv.P0RepairLedger.p01_standardThetaFundamentalMemLp_proved' depends on axioms: [propext,
 Classical.choice,
 Quot.sound]
'Mock2Adv.P0RepairLedger.p01_standardThetaPositiveAutomorphicL2_proved' depends on axioms: [propext,
 Classical.choice,
 Quot.sound]
'Mock2Adv.P0RepairLedger.p01_inverseStandardThetaSectorErratum' depends on axioms: [propext,
 Classical.choice,
 Quot.sound]
'Mock2Adv.P0RepairLedger.p01_dualConvention_correctedAndProved' depends on axioms: [propext,
 Classical.choice,
 Quot.sound]
'Mock2Adv.P0RepairLedger.p02_distributionalRestriction_correctedAndProved' depends on axioms: [propext,
 Classical.choice,
 Quot.sound]
'Mock2Adv.P0RepairLedger.p02_gardingShift_correctedAndProved' depends on axioms: [propext, Classical.choice, Quot.sound]
'Mock2Adv.P0RepairLedger.p02_supportSensitiveTruncation_correctedAndProved' depends on axioms: [propext,
 Classical.choice,
 Quot.sound]
'Mock2Adv.P0RepairLedger.p02_unshiftedCoercivity_correctedAndProved' depends on axioms: [propext,
 Classical.choice,
 Quot.sound]
'Mock2Adv.P0RepairLedger.p03_mellinHalfPlane_correctedAndProved' depends on axioms: [propext,
 Classical.choice,
 Quot.sound]
'Mock2Adv.P0RepairLedger.p03_betaOneLogDivergence_correctedAndProved' depends on axioms: [propext,
 Classical.choice,
 Quot.sound]
'Mock2Adv.P0RepairLedger.p03_eisensteinCuspWindow_correctedAndProved' depends on axioms: [propext,
 Classical.choice,
 Quot.sound]
'Mock2Adv.P0RepairLedger.p04_smoothKuznetsovTest_correctedAndProved' depends on axioms: [propext,
 Classical.choice,
 Quot.sound]
'Mock2Adv.P0RepairLedger.p04_tailExponentOneDivergence_correctedAndProved' depends on axioms: [propext,
 Classical.choice,
 Quot.sound]
'Mock2Adv.P0RepairLedger.p04_tailExponentHalfDivergence_correctedAndProved' depends on axioms: [propext,
 Classical.choice,
 Quot.sound]
'Mock2Adv.P0RepairLedger.p04_noUniformQuarterPowerAbsorption_correctedAndProved' depends on axioms: [propext,
 Classical.choice,
 Quot.sound]
'Mock2Adv.P0RepairLedger.p04_criticalEnvelopeDivergence_correctedAndProved' depends on axioms: [propext,
 Classical.choice,
 Quot.sound]
'Mock2Adv.P0RepairLedger.p04_positiveMarginSummability_correctedAndProved' depends on axioms: [propext,
 Classical.choice,
 Quot.sound]
'Mock2Adv.P0RepairLedger.p05_positiveMassDefinition_correctedAndProved' depends on axioms: [propext,
 Classical.choice,
 Quot.sound]
'Mock2Adv.P0RepairLedger.p05_unitarityInsufficiency_correctedAndProved' depends on axioms: [propext,
 Classical.choice,
 Quot.sound]
'Mock2Adv.P0RepairLedger.p05_correctedScalarDensityPositive_correctedAndProved' depends on axioms: [propext,
 Classical.choice,
 Quot.sound]
'Mock2Adv.P0RepairLedger.p05_concreteNonnegativeTestMass_correctedAndProved' depends on axioms: [propext,
 Classical.choice,
 Quot.sound]
'Mock2Adv.P0RepairLedger.p06_exceptionalParameter_correctedAndProved' depends on axioms: [propext,
 Classical.choice,
 Quot.sound]
'Mock2Adv.P0RepairLedger.p06_widthTwoParseval_correctedAndProved' depends on axioms: [propext,
 Classical.choice,
 Quot.sound]
'Mock2Adv.P0RepairLedger.p06_poincareCoefficientNonimplication_correctedAndProved' depends on axioms: [propext,
 Classical.choice,
 Quot.sound]
'Mock2Adv.P0RepairLedger.p06_oneBlockNonimplication_correctedAndProved' depends on axioms: [propext,
 Classical.choice,
 Quot.sound]
'Mock2Adv.P0RepairLedger.p06_fixedLowerGrowingUpperConsistency_correctedAndProved' depends on axioms: [propext,
 Classical.choice,
 Quot.sound]
'Mock2Adv.P0RepairLedger.p06_powerSeparatedContradiction_correctedAndProved' depends on axioms: [propext,
 Classical.choice,
 Quot.sound]
'Mock2Adv.P0RepairLedger.p07_typedCurvature_correctedAndProved' depends on axioms: [propext,
 Classical.choice,
 Quot.sound]
'Mock2Adv.P0RepairLedger.p07_parallelMockEnergyZero_correctedAndProved' depends on axioms: [propext,
 Classical.choice,
 Quot.sound]
'Mock2Adv.P0RepairLedger.p07_parallelBoundarySign_correctedAndProved' depends on axioms: [propext,
 Classical.choice,
 Quot.sound]
'Mock2Adv.P0RepairLedger.p07_rademacherDampingDirection_correctedAndProved' depends on axioms: [propext,
 Classical.choice,
 Quot.sound]
'Mock2Adv.P0RepairLedger.p07_rademacherExponentDirection_correctedAndProved' depends on axioms: [propext,
 Classical.choice,
 Quot.sound]
'Mock2Adv.P0RepairLedger.p07_automorphicSeriesLimit_correctedAndProved' depends on axioms: [propext,
 Classical.choice,
 Quot.sound]
'Mock2Adv.P0RepairLedger.p07_compactEmbeddingReplacement_correctedAndProved' depends on axioms: [propext,
 Classical.choice,
 Quot.sound]
'Mock2Adv.P0RepairLedger.p08_localQCoordinate_correctedAndProved' depends on axioms: [propext,
 Classical.choice,
 Quot.sound]
'Mock2Adv.P0RepairLedger.p08_cuspChartELpNormTransport_correctedAndProved' depends on axioms: [propext,
 Classical.choice,
 Quot.sound]
'Mock2Adv.P0RepairLedger.p08_cuspChartMemLpTransport_correctedAndProved' depends on axioms: [propext,
 Classical.choice,
 Quot.sound]
'Mock2Adv.P0RepairLedger.p08_scalingWidth_correctedAndProved' depends on axioms: [propext, Classical.choice, Quot.sound]
'Mock2Adv.P0RepairLedger.p08_gamma2CuspOrbitClassification_correctedAndProved' depends on axioms: [propext,
 Classical.choice,
 Quot.sound]
'Mock2Adv.P0RepairLedger.p08_exteriorPullbackAnalytic_correctedAndProved' depends on axioms: [propext,
 Classical.choice,
 Quot.sound]
'Mock2Adv.P0RepairLedger.p08_chosenConnectionCompatible_correctedAndProved' depends on axioms: [propext,
 Classical.choice,
 Quot.sound]
'Mock2Adv.P0RepairLedger.p08_chosenConnectionUnique_correctedAndProved' depends on axioms: [propext,
 Classical.choice,
 Quot.sound]
'Mock2Adv.P0RepairLedger.p08_trivializedTransport_correctedAndProved' depends on axioms: [propext,
 Classical.choice,
 Quot.sound]
'Mock2Adv.P0RepairLedger.p09_tensorRestriction_correctedAndProved' depends on axioms: [propext,
 Classical.choice,
 Quot.sound]
'Mock2Adv.P0RepairLedger.p09_equalizer_correctedAndProved' depends on axioms: [propext, Classical.choice, Quot.sound]
'Mock2Adv.GlobalChecklistClosure.Item' does not depend on any axioms
'Mock2Adv.GlobalChecklistClosure.IsTerminal' does not depend on any axioms
'Mock2Adv.GlobalChecklistClosure.item_count' depends on axioms: [propext, Classical.choice, Quot.sound]
'Mock2Adv.GlobalChecklistClosure.terminal' depends on axioms: [propext]
'Mock2Adv.GlobalChecklistClosure.Evidence' depends on axioms: [propext, Classical.choice, Quot.sound]
'Mock2Adv.GlobalChecklistClosure.evidence' depends on axioms: [propext, Classical.choice, Quot.sound]
