PrimalitySheafVerification/Mock2_FunctionalAnalysis.lean:210:0: warning: 
'Mathlib.Analysis.Normed.Operator.FredholmAlternative' has been deprecated: please replace this import by

import Mathlib.Analysis.Normed.Operator.Compact.FredholmAlternative
PrimalitySheafVerification/Mock2_FunctionalAnalysis.lean:731:2: warning: try 'simp' instead of 'simpa'

Note: This linter can be disabled with `set_option linter.unnecessarySimpa false`
PrimalitySheafVerification/Mock2_FunctionalAnalysis.lean:972:0: warning: automatically included section variable(s) unused in theorem `Mock2FA.PaperCorrections.linearTestIntegrand_add`:
  [MeasurableSpace X]
  [TopologicalSpace X]
consider restructuring your `variable` declarations so that the variables are not in scope or explicitly omit them:
  omit [MeasurableSpace X] [TopologicalSpace X] in theorem ...

Note: This linter can be disabled with `set_option linter.unusedSectionVars false`
PrimalitySheafVerification/Mock2_FunctionalAnalysis.lean:980:0: warning: automatically included section variable(s) unused in theorem `Mock2FA.PaperCorrections.linearTestIntegrand_smul`:
  [MeasurableSpace X]
  [TopologicalSpace X]
consider restructuring your `variable` declarations so that the variables are not in scope or explicitly omit them:
  omit [MeasurableSpace X] [TopologicalSpace X] in theorem ...

Note: This linter can be disabled with `set_option linter.unusedSectionVars false`
PrimalitySheafVerification/Mock2_FunctionalAnalysis.lean:989:0: warning: automatically included section variable(s) unused in theorem `Mock2FA.PaperCorrections.linearTestIntegrand_density_add`:
  [MeasurableSpace X]
  [TopologicalSpace X]
consider restructuring your `variable` declarations so that the variables are not in scope or explicitly omit them:
  omit [MeasurableSpace X] [TopologicalSpace X] in theorem ...

Note: This linter can be disabled with `set_option linter.unusedSectionVars false`
PrimalitySheafVerification/Mock2_FunctionalAnalysis.lean:997:0: warning: automatically included section variable(s) unused in theorem `Mock2FA.PaperCorrections.antiTestIntegrand_add`:
  [MeasurableSpace X]
  [TopologicalSpace X]
consider restructuring your `variable` declarations so that the variables are not in scope or explicitly omit them:
  omit [MeasurableSpace X] [TopologicalSpace X] in theorem ...

Note: This linter can be disabled with `set_option linter.unusedSectionVars false`
PrimalitySheafVerification/Mock2_FunctionalAnalysis.lean:1005:0: warning: automatically included section variable(s) unused in theorem `Mock2FA.PaperCorrections.antiTestIntegrand_smul`:
  [MeasurableSpace X]
  [TopologicalSpace X]
consider restructuring your `variable` declarations so that the variables are not in scope or explicitly omit them:
  omit [MeasurableSpace X] [TopologicalSpace X] in theorem ...

Note: This linter can be disabled with `set_option linter.unusedSectionVars false`
PrimalitySheafVerification/Mock2_FunctionalAnalysis.lean:1015:0: warning: automatically included section variable(s) unused in theorem `Mock2FA.PaperCorrections.antiTestIntegrand_density_add`:
  [MeasurableSpace X]
  [TopologicalSpace X]
consider restructuring your `variable` declarations so that the variables are not in scope or explicitly omit them:
  omit [MeasurableSpace X] [TopologicalSpace X] in theorem ...

Note: This linter can be disabled with `set_option linter.unusedSectionVars false`
PrimalitySheafVerification/Mock2_FunctionalAnalysis.lean:1190:0: warning: automatically included section variable(s) unused in theorem `Mock2FA.PaperCorrections.integral_eq_setIntegral_of_support_subset`:
  [TopologicalSpace X]
consider restructuring your `variable` declarations so that the variables are not in scope or explicitly omit them:
  omit [TopologicalSpace X] in theorem ...

Note: This linter can be disabled with `set_option linter.unusedSectionVars false`
PrimalitySheafVerification/Mock2_FunctionalAnalysis.lean:1198:0: warning: automatically included section variable(s) unused in theorem `Mock2FA.PaperCorrections.support_linearTestIntegrand_subset_test`:
  [MeasurableSpace X]
  [TopologicalSpace X]
consider restructuring your `variable` declarations so that the variables are not in scope or explicitly omit them:
  omit [MeasurableSpace X] [TopologicalSpace X] in theorem ...

Note: This linter can be disabled with `set_option linter.unusedSectionVars false`
PrimalitySheafVerification/Mock2_FunctionalAnalysis.lean:1207:0: warning: automatically included section variable(s) unused in theorem `Mock2FA.PaperCorrections.support_antiTestIntegrand_subset_test`:
  [MeasurableSpace X]
  [TopologicalSpace X]
consider restructuring your `variable` declarations so that the variables are not in scope or explicitly omit them:
  omit [MeasurableSpace X] [TopologicalSpace X] in theorem ...

Note: This linter can be disabled with `set_option linter.unusedSectionVars false`
PrimalitySheafVerification/Mock2_FunctionalAnalysis.lean:1278:0: warning: automatically included section variable(s) unused in theorem `Mock2FA.PaperCorrections.tsupport_subset_interior_compactExhaustion`:
  [MeasurableSpace X]
consider restructuring your `variable` declarations so that the variables are not in scope or explicitly omit them:
  omit [MeasurableSpace X] in theorem ...

Note: This linter can be disabled with `set_option linter.unusedSectionVars false`
PrimalitySheafVerification/Mock2_FunctionalAnalysis.lean:1292:0: warning: automatically included section variable(s) unused in theorem `Mock2FA.PaperCorrections.eventually_tsupport_subset_compactExhaustion`:
  [MeasurableSpace X]
consider restructuring your `variable` declarations so that the variables are not in scope or explicitly omit them:
  omit [MeasurableSpace X] in theorem ...

Note: This linter can be disabled with `set_option linter.unusedSectionVars false`
PrimalitySheafVerification/Mock2_FunctionalAnalysis.lean:1354:0: warning: automatically included section variable(s) unused in theorem `Mock2FA.PaperCorrections.mem_truncatedTestCore`:
  [MeasurableSpace X]
consider restructuring your `variable` declarations so that the variables are not in scope or explicitly omit them:
  omit [MeasurableSpace X] in theorem ...

Note: This linter can be disabled with `set_option linter.unusedSectionVars false`
PrimalitySheafVerification/Mock2_FunctionalAnalysis.lean:1360:0: warning: automatically included section variable(s) unused in theorem `Mock2FA.PaperCorrections.truncatedTestCore_subset_core`:
  [MeasurableSpace X]
consider restructuring your `variable` declarations so that the variables are not in scope or explicitly omit them:
  omit [MeasurableSpace X] in theorem ...

Note: This linter can be disabled with `set_option linter.unusedSectionVars false`
PrimalitySheafVerification/Mock2_FunctionalAnalysis.lean:1365:0: warning: automatically included section variable(s) unused in theorem `Mock2FA.PaperCorrections.truncatedTestCore_mono`:
  [MeasurableSpace X]
consider restructuring your `variable` declarations so that the variables are not in scope or explicitly omit them:
  omit [MeasurableSpace X] in theorem ...

Note: This linter can be disabled with `set_option linter.unusedSectionVars false`
PrimalitySheafVerification/Mock2_FunctionalAnalysis.lean:1372:0: warning: automatically included section variable(s) unused in theorem `Mock2FA.PaperCorrections.iUnion_truncatedTestCore_eq`:
  [MeasurableSpace X]
consider restructuring your `variable` declarations so that the variables are not in scope or explicitly omit them:
  omit [MeasurableSpace X] in theorem ...

Note: This linter can be disabled with `set_option linter.unusedSectionVars false`
PrimalitySheafVerification/Mock2_FunctionalAnalysis.lean:1409:0: warning: automatically included section variable(s) unused in theorem `Mock2FA.PaperCorrections.compactExhaustion_covers_compactlySupported_tests`:
  [MeasurableSpace X]
consider restructuring your `variable` declarations so that the variables are not in scope or explicitly omit them:
  omit [MeasurableSpace X] in theorem ...

Note: This linter can be disabled with `set_option linter.unusedSectionVars false`
PrimalitySheafVerification/Mock2_FunctionalAnalysis.lean:1839:2: warning: Try this: 
  letI̵

The goal is a proposition, so `let` is preferred over `letI`.
The difference between `let` and `letI` is that `letI` inlines the value.
But this is not relevant for proofs because of proof irrelevance.

Note: This linter can be disabled with `set_option linter.style.haveILetI false`
PrimalitySheafVerification/Mock2_FunctionalAnalysis.lean:1840:2: warning: Try this: 
  letI̵

The goal is a proposition, so `let` is preferred over `letI`.
The difference between `let` and `letI` is that `letI` inlines the value.
But this is not relevant for proofs because of proof irrelevance.

Note: This linter can be disabled with `set_option linter.style.haveILetI false`
PrimalitySheafVerification/Mock2_FunctionalAnalysis.lean:1872:2: warning: Try this: 
  letI̵

The goal is a proposition, so `let` is preferred over `letI`.
The difference between `let` and `letI` is that `letI` inlines the value.
But this is not relevant for proofs because of proof irrelevance.

Note: This linter can be disabled with `set_option linter.style.haveILetI false`
PrimalitySheafVerification/Mock2_FunctionalAnalysis.lean:1873:2: warning: Try this: 
  letI̵

The goal is a proposition, so `let` is preferred over `letI`.
The difference between `let` and `letI` is that `letI` inlines the value.
But this is not relevant for proofs because of proof irrelevance.

Note: This linter can be disabled with `set_option linter.style.haveILetI false`
PrimalitySheafVerification/Mock2_FunctionalAnalysis.lean:2703:0: warning: automatically included section variable(s) unused in theorem `Mock2FA.PaperCorrections.FredholmBypass.FredholmBypassData.compactPerturbation_isCompact`:
  [CompleteSpace V]
consider restructuring your `variable` declarations so that the variables are not in scope or explicitly omit them:
  omit [CompleteSpace V] in theorem ...

Note: This linter can be disabled with `set_option linter.unusedSectionVars false`
PrimalitySheafVerification/Mock2_FunctionalAnalysis.lean:2708:0: warning: automatically included section variable(s) unused in theorem `Mock2FA.PaperCorrections.FredholmBypass.FredholmBypassData.normalized_hasTrivialKernel`:
  [CompleteSpace V]
consider restructuring your `variable` declarations so that the variables are not in scope or explicitly omit them:
  omit [CompleteSpace V] in theorem ...

Note: This linter can be disabled with `set_option linter.unusedSectionVars false`
PrimalitySheafVerification/Mock2_FunctionalAnalysis.lean:3098:0: warning: automatically included section variable(s) unused in theorem `Mock2FA.PaperCorrections.FredholmBypass.fredholmDefectKernelComplementRestriction_apply`:
  [CompleteSpace X]
consider restructuring your `variable` declarations so that the variables are not in scope or explicitly omit them:
  omit [CompleteSpace X] in theorem ...

Note: This linter can be disabled with `set_option linter.unusedSectionVars false`
PrimalitySheafVerification/Mock2_FunctionalAnalysis.lean:3106:0: warning: automatically included section variable(s) unused in theorem `Mock2FA.PaperCorrections.FredholmBypass.fredholmDefectKernelComplementRestriction_injective`:
  [CompleteSpace X]
consider restructuring your `variable` declarations so that the variables are not in scope or explicitly omit them:
  omit [CompleteSpace X] in theorem ...

Note: This linter can be disabled with `set_option linter.unusedSectionVars false`
PrimalitySheafVerification/Mock2_FunctionalAnalysis.lean:3127:0: warning: automatically included section variable(s) unused in theorem `Mock2FA.PaperCorrections.FredholmBypass.fredholmDefectKernelComplementRestriction_antilipschitz`:
  [CompleteSpace X]
consider restructuring your `variable` declarations so that the variables are not in scope or explicitly omit them:
  omit [CompleteSpace X] in theorem ...

Note: This linter can be disabled with `set_option linter.unusedSectionVars false`
PrimalitySheafVerification/Mock2_FunctionalAnalysis.lean:3263:0: warning: automatically included section variable(s) unused in theorem `Mock2FA.PaperCorrections.FredholmBypass.ShiftedCompactDecomposition.range_isClosed`:
  [CompleteSpace W]
consider restructuring your `variable` declarations so that the variables are not in scope or explicitly omit them:
  omit [CompleteSpace W] in theorem ...

Note: This linter can be disabled with `set_option linter.unusedSectionVars false`
PrimalitySheafVerification/Mock2_FunctionalAnalysis.lean:3299:47: warning: Variable name `d` is not explicitly referenced.

Hint: The binding can be removed (if unused) or named `_` (if used implicitly). Alternatively, prefix the name with `_` to silence this warning:
  [apply] _d

Note: This linter can be disabled with `set_option linter.unusedVariables false`
PrimalitySheafVerification/Mock2_FunctionalAnalysis.lean:3305:0: warning: automatically included section variable(s) unused in theorem `Mock2FA.PaperCorrections.FredholmBypass.NontrivialKernelFredholmData.kernelComplementRestriction_apply`:
  [CompleteSpace V]
  [CompleteSpace W]
consider restructuring your `variable` declarations so that the variables are not in scope or explicitly omit them:
  omit [CompleteSpace V] [CompleteSpace W] in theorem ...

Note: This linter can be disabled with `set_option linter.unusedSectionVars false`
PrimalitySheafVerification/Mock2_FunctionalAnalysis.lean:3312:0: warning: automatically included section variable(s) unused in theorem `Mock2FA.PaperCorrections.FredholmBypass.NontrivialKernelFredholmData.kernelComplementRestriction_injective`:
  [CompleteSpace V]
  [CompleteSpace W]
consider restructuring your `variable` declarations so that the variables are not in scope or explicitly omit them:
  omit [CompleteSpace V] [CompleteSpace W] in theorem ...

Note: This linter can be disabled with `set_option linter.unusedSectionVars false`
PrimalitySheafVerification/Mock2_FunctionalAnalysis.lean:3330:0: warning: automatically included section variable(s) unused in theorem `Mock2FA.PaperCorrections.FredholmBypass.NontrivialKernelFredholmData.kernelComplementRestriction_surjective`:
  [CompleteSpace W]
consider restructuring your `variable` declarations so that the variables are not in scope or explicitly omit them:
  omit [CompleteSpace W] in theorem ...

Note: This linter can be disabled with `set_option linter.unusedSectionVars false`
PrimalitySheafVerification/Mock2_FunctionalAnalysis.lean:3427:5: warning: Variable name `d` is not explicitly referenced.

Hint: The binding can be removed (if unused) or named `_` (if used implicitly). Alternatively, prefix the name with `_` to silence this warning:
  [apply] _d

Note: This linter can be disabled with `set_option linter.unusedVariables false`
PrimalitySheafVerification/Mock2_FunctionalAnalysis.lean:3481:0: warning: automatically included section variable(s) unused in theorem `Mock2FA.PaperCorrections.FredholmBypass.NontrivialKernelFredholmData.compactPerturbation_isCompact`:
  [CompleteSpace V]
  [CompleteSpace W]
consider restructuring your `variable` declarations so that the variables are not in scope or explicitly omit them:
  omit [CompleteSpace V] [CompleteSpace W] in theorem ...

Note: This linter can be disabled with `set_option linter.unusedSectionVars false`
PrimalitySheafVerification/Mock2_FunctionalAnalysis.lean:3488:0: warning: automatically included section variable(s) unused in theorem `Mock2FA.PaperCorrections.FredholmBypass.NontrivialKernelFredholmData.factorization`:
  [CompleteSpace V]
  [CompleteSpace W]
consider restructuring your `variable` declarations so that the variables are not in scope or explicitly omit them:
  omit [CompleteSpace V] [CompleteSpace W] in theorem ...

Note: This linter can be disabled with `set_option linter.unusedSectionVars false`
PrimalitySheafVerification/Mock2_FunctionalAnalysis.lean:4293:2: warning: try 'simp' instead of 'simpa'

Note: This linter can be disabled with `set_option linter.unnecessarySimpa false`
PrimalitySheafVerification/Mock2_FunctionalAnalysis.lean:4296:19: warning: 'norm_num' tactic does nothing

Note: This linter can be disabled with `set_option linter.unusedTactic false`
PrimalitySheafVerification/Mock2_FunctionalAnalysis.lean:4296:19: warning: this tactic is never executed

Note: This linter can be disabled with `set_option linter.unreachableTactic false`
PrimalitySheafVerification/Mock2_FunctionalAnalysis.lean:4420:2: warning: try 'simp' instead of 'simpa'

Note: This linter can be disabled with `set_option linter.unnecessarySimpa false`
PrimalitySheafVerification/Mock2_FunctionalAnalysis.lean:4488:6: warning: 'ring' tactic does nothing

Note: This linter can be disabled with `set_option linter.unusedTactic false`
PrimalitySheafVerification/Mock2_FunctionalAnalysis.lean:4488:6: warning: this tactic is never executed

Note: This linter can be disabled with `set_option linter.unreachableTactic false`
PrimalitySheafVerification/Mock2_FunctionalAnalysis.lean:4537:4: warning: try 'simp' instead of 'simpa'

Note: This linter can be disabled with `set_option linter.unnecessarySimpa false`
PrimalitySheafVerification/Mock2_FunctionalAnalysis.lean:4589:2: warning: try 'simp' instead of 'simpa'

Note: This linter can be disabled with `set_option linter.unnecessarySimpa false`
PrimalitySheafVerification/Mock2_FunctionalAnalysis.lean:4672:43: warning: This simp argument is unused:
  zpow_neg_one

Hint: Omit it from the simp argument list.
  [apply] simp [weightFiberScale, halfWeightScale]

Note: This linter can be disabled with `set_option linter.unusedSimpArgs false`
PrimalitySheafVerification/Mock2_FunctionalAnalysis.lean:5284:6: warning: 'ring' tactic does nothing

Note: This linter can be disabled with `set_option linter.unusedTactic false`
PrimalitySheafVerification/Mock2_FunctionalAnalysis.lean:5284:6: warning: this tactic is never executed

Note: This linter can be disabled with `set_option linter.unreachableTactic false`
PrimalitySheafVerification/Mock2_FunctionalAnalysis.lean:5632:2: warning: Try this: 
  letI̵

The goal is a proposition, so `let` is preferred over `letI`.
The difference between `let` and `letI` is that `letI` inlines the value.
But this is not relevant for proofs because of proof irrelevance.

Note: This linter can be disabled with `set_option linter.style.haveILetI false`
PrimalitySheafVerification/Mock2_FunctionalAnalysis.lean:5689:15: warning: `Set.preimage_setOf_eq` has been deprecated: Use `Set.preimage_ofPred_eq` instead
PrimalitySheafVerification/Mock2_FunctionalAnalysis.lean:5782:4: warning: try 'simp' instead of 'simpa'

Note: This linter can be disabled with `set_option linter.unnecessarySimpa false`
PrimalitySheafVerification/Mock2_FunctionalAnalysis.lean:5944:6: warning: try 'simp' instead of 'simpa'

Note: This linter can be disabled with `set_option linter.unnecessarySimpa false`
PrimalitySheafVerification/Mock2_FunctionalAnalysis.lean:6011:12: warning: This simp argument is unused:
  mul_assoc

Hint: Omit it from the simp argument list.
  [apply] simp

Note: This linter can be disabled with `set_option linter.unusedSimpArgs false`
PrimalitySheafVerification/Mock2_FunctionalAnalysis.lean:6084:12: warning: This simp argument is unused:
  mul_assoc

Hint: Omit it from the simp argument list.
  [apply] simp

Note: This linter can be disabled with `set_option linter.unusedSimpArgs false`
PrimalitySheafVerification/Mock2_FunctionalAnalysis.lean:6158:10: warning: `Set.mem_diff` has been deprecated: Use `Set.mem_sdiff` instead
PrimalitySheafVerification/Mock2_FunctionalAnalysis.lean:6554:4: warning: Try `simp at hback` instead of `simpa using hback`

Note: This linter can be disabled with `set_option linter.unnecessarySimpa false`
PrimalitySheafVerification/Mock2_FunctionalAnalysis.lean:6778:39: warning: `Set.mem_diff` has been deprecated: Use `Set.mem_sdiff` instead
PrimalitySheafVerification/Mock2_FunctionalAnalysis.lean:6990:42: warning: This simp argument is unused:
  Complex.ofReal_re

Hint: Omit it from the simp argument list.
  [apply] simp only [gammaTwoStandardEdgeParam, gammaTwoLeftCircleCenter, UpperHalfPlane.coe_mk, Complex.normSq_apply,
    Complex.sub_re, Complex.sub_im, Complex.neg_re, Complex.neg_im, Complex.ofReal_im, sub_zero, neg_neg]

Note: This linter can be disabled with `set_option linter.unusedSimpArgs false`
PrimalitySheafVerification/Mock2_FunctionalAnalysis.lean:6991:26: warning: This simp argument is unused:
  Complex.ofReal_im

Hint: Omit it from the simp argument list.
  [apply] simp only [gammaTwoStandardEdgeParam, gammaTwoLeftCircleCenter, UpperHalfPlane.coe_mk, Complex.normSq_apply,
    Complex.sub_re, Complex.sub_im, Complex.neg_re, Complex.ofReal_re, Complex.neg_im, sub_zero, neg_neg]

Note: This linter can be disabled with `set_option linter.unusedSimpArgs false`
PrimalitySheafVerification/Mock2_FunctionalAnalysis.lean:6991:45: warning: This simp argument is unused:
  sub_zero

Hint: Omit it from the simp argument list.
  [apply] simp only [gammaTwoStandardEdgeParam, gammaTwoLeftCircleCenter, UpperHalfPlane.coe_mk, Complex.normSq_apply,
    Complex.sub_re, Complex.sub_im, Complex.neg_re, Complex.ofReal_re, Complex.neg_im, Complex.ofReal_im, neg_neg]

Note: This linter can be disabled with `set_option linter.unusedSimpArgs false`
PrimalitySheafVerification/Mock2_FunctionalAnalysis.lean:6991:55: warning: This simp argument is unused:
  neg_neg

Hint: Omit it from the simp argument list.
  [apply] simp only [gammaTwoStandardEdgeParam, gammaTwoLeftCircleCenter, UpperHalfPlane.coe_mk, Complex.normSq_apply,
    Complex.sub_re, Complex.sub_im, Complex.neg_re, Complex.ofReal_re, Complex.neg_im, Complex.ofReal_im, sub_zero]

Note: This linter can be disabled with `set_option linter.unusedSimpArgs false`
PrimalitySheafVerification/Mock2_FunctionalAnalysis.lean:7014:26: warning: This simp argument is unused:
  Complex.ofReal_re

Hint: Omit it from the simp argument list.
  [apply] simp only [gammaTwoStandardEdgeParam, gammaTwoRightCircleCenter, UpperHalfPlane.coe_mk, Complex.normSq_apply,
    Complex.sub_re, Complex.sub_im, Complex.ofReal_im, sub_zero]

Note: This linter can be disabled with `set_option linter.unusedSimpArgs false`
PrimalitySheafVerification/Mock2_FunctionalAnalysis.lean:7014:45: warning: This simp argument is unused:
  Complex.ofReal_im

Hint: Omit it from the simp argument list.
  [apply] simp only [gammaTwoStandardEdgeParam, gammaTwoRightCircleCenter, UpperHalfPlane.coe_mk, Complex.normSq_apply,
    Complex.sub_re, Complex.sub_im, Complex.ofReal_re, sub_zero]

Note: This linter can be disabled with `set_option linter.unusedSimpArgs false`
PrimalitySheafVerification/Mock2_FunctionalAnalysis.lean:7014:64: warning: This simp argument is unused:
  sub_zero

Hint: Omit it from the simp argument list.
  [apply] simp only [gammaTwoStandardEdgeParam, gammaTwoRightCircleCenter, UpperHalfPlane.coe_mk, Complex.normSq_apply,
    Complex.sub_re, Complex.sub_im, Complex.ofReal_re, Complex.ofReal_im]

Note: This linter can be disabled with `set_option linter.unusedSimpArgs false`
PrimalitySheafVerification/Mock2_FunctionalAnalysis.lean:7074:6: warning: This simp argument is unused:
  Complex.ofReal_re

Hint: Omit it from the simp argument list.
  [apply] simp only [gammaTwoStandardEdgeParam, UpperHalfPlane.coe_mk, Complex.mul_re, Complex.mul_im, Complex.add_re,
    Complex.add_im, Complex.ofReal_im, Complex.one_re, Complex.one_im, zero_mul, mul_zero, add_zero]

Note: This linter can be disabled with `set_option linter.unusedSimpArgs false`
PrimalitySheafVerification/Mock2_FunctionalAnalysis.lean:7074:25: warning: This simp argument is unused:
  Complex.ofReal_im

Hint: Omit it from the simp argument list.
  [apply] simp only [gammaTwoStandardEdgeParam, UpperHalfPlane.coe_mk, Complex.mul_re, Complex.mul_im, Complex.add_re,
    Complex.add_im, Complex.ofReal_re, Complex.one_re, Complex.one_im, zero_mul, mul_zero, add_zero]

Note: This linter can be disabled with `set_option linter.unusedSimpArgs false`
PrimalitySheafVerification/Mock2_FunctionalAnalysis.lean:7075:22: warning: This simp argument is unused:
  zero_mul

Hint: Omit it from the simp argument list.
  [apply] simp only [gammaTwoStandardEdgeParam, UpperHalfPlane.coe_mk, Complex.mul_re, Complex.mul_im, Complex.add_re,
    Complex.add_im, Complex.ofReal_re, Complex.ofReal_im, Complex.one_re, Complex.one_im, mul_zero, add_zero]

Note: This linter can be disabled with `set_option linter.unusedSimpArgs false`
PrimalitySheafVerification/Mock2_FunctionalAnalysis.lean:7075:32: warning: This simp argument is unused:
  mul_zero

Hint: Omit it from the simp argument list.
  [apply] simp only [gammaTwoStandardEdgeParam, UpperHalfPlane.coe_mk, Complex.mul_re, Complex.mul_im, Complex.add_re,
    Complex.add_im, Complex.ofReal_re, Complex.ofReal_im, Complex.one_re, Complex.one_im, zero_mul, add_zero]

Note: This linter can be disabled with `set_option linter.unusedSimpArgs false`
PrimalitySheafVerification/Mock2_FunctionalAnalysis.lean:7081:6: warning: This simp argument is unused:
  Complex.ofReal_re

Hint: Omit it from the simp argument list.
  [apply] simp only [gammaTwoStandardEdgeParam, UpperHalfPlane.coe_mk, Complex.mul_re, Complex.mul_im, Complex.add_re,
    Complex.add_im, Complex.ofReal_im, Complex.one_re, Complex.one_im, zero_mul, mul_zero, add_zero]

Note: This linter can be disabled with `set_option linter.unusedSimpArgs false`
PrimalitySheafVerification/Mock2_FunctionalAnalysis.lean:7081:25: warning: This simp argument is unused:
  Complex.ofReal_im

Hint: Omit it from the simp argument list.
  [apply] simp only [gammaTwoStandardEdgeParam, UpperHalfPlane.coe_mk, Complex.mul_re, Complex.mul_im, Complex.add_re,
    Complex.add_im, Complex.ofReal_re, Complex.one_re, Complex.one_im, zero_mul, mul_zero, add_zero]

Note: This linter can be disabled with `set_option linter.unusedSimpArgs false`
PrimalitySheafVerification/Mock2_FunctionalAnalysis.lean:7082:22: warning: This simp argument is unused:
  zero_mul

Hint: Omit it from the simp argument list.
  [apply] simp only [gammaTwoStandardEdgeParam, UpperHalfPlane.coe_mk, Complex.mul_re, Complex.mul_im, Complex.add_re,
    Complex.add_im, Complex.ofReal_re, Complex.ofReal_im, Complex.one_re, Complex.one_im, mul_zero, add_zero]

Note: This linter can be disabled with `set_option linter.unusedSimpArgs false`
PrimalitySheafVerification/Mock2_FunctionalAnalysis.lean:7082:32: warning: This simp argument is unused:
  mul_zero

Hint: Omit it from the simp argument list.
  [apply] simp only [gammaTwoStandardEdgeParam, UpperHalfPlane.coe_mk, Complex.mul_re, Complex.mul_im, Complex.add_re,
    Complex.add_im, Complex.ofReal_re, Complex.ofReal_im, Complex.one_re, Complex.one_im, zero_mul, add_zero]

Note: This linter can be disabled with `set_option linter.unusedSimpArgs false`
PrimalitySheafVerification/Mock2_FunctionalAnalysis.lean:7883:14: warning: This simp argument is unused:
  GammaTwoModularTileEdge.pairingMatrix

Hint: Omit it from the simp argument list.
  [apply] simp [GammaTwoModularTileEdge.paired, GammaTwoModularTileEdge.pairedParameter, modularTileEdgeParam,
    modularCircularArcParam, hnormSq, hden]

Note: This linter can be disabled with `set_option linter.unusedSimpArgs false`
PrimalitySheafVerification/Mock2_FunctionalAnalysis.lean:7884:10: warning: This simp argument is unused:
  GammaTwoModularTileEdge.paired

Hint: Omit it from the simp argument list.
  [apply] simp [GammaTwoModularTileEdge.pairingMatrix, GammaTwoModularTileEdge.pairedParameter, modularTileEdgeParam,
    modularCircularArcParam, hnormSq, hden]

Note: This linter can be disabled with `set_option linter.unusedSimpArgs false`
PrimalitySheafVerification/Mock2_FunctionalAnalysis.lean:7885:10: warning: This simp argument is unused:
  GammaTwoModularTileEdge.pairedParameter

Hint: Omit it from the simp argument list.
  [apply] simp [GammaTwoModularTileEdge.pairingMatrix, GammaTwoModularTileEdge.paired, modularTileEdgeParam,
    modularCircularArcParam, hnormSq, hden]

Note: This linter can be disabled with `set_option linter.unusedSimpArgs false`
PrimalitySheafVerification/Mock2_FunctionalAnalysis.lean:7886:10: warning: This simp argument is unused:
  modularTileEdgeParam

Hint: Omit it from the simp argument list.
  [apply] simp [GammaTwoModularTileEdge.pairingMatrix, GammaTwoModularTileEdge.paired,
    GammaTwoModularTileEdge.pairedParameter, modularCircularArcParam, hnormSq, hden]

Note: This linter can be disabled with `set_option linter.unusedSimpArgs false`
PrimalitySheafVerification/Mock2_FunctionalAnalysis.lean:7886:57: warning: This simp argument is unused:
  hnormSq

Hint: Omit it from the simp argument list.
  [apply] simp [GammaTwoModularTileEdge.pairingMatrix, GammaTwoModularTileEdge.paired,
    GammaTwoModularTileEdge.pairedParameter, modularTileEdgeParam, modularCircularArcParam, hden]

Note: This linter can be disabled with `set_option linter.unusedSimpArgs false`
PrimalitySheafVerification/Mock2_FunctionalAnalysis.lean:7888:14: warning: This simp argument is unused:
  GammaTwoModularTileEdge.pairingMatrix

Hint: Omit it from the simp argument list.
  [apply] simp [GammaTwoModularTileEdge.paired, GammaTwoModularTileEdge.pairedParameter, modularTileEdgeParam,
    modularCircularArcParam, hnormSq, hden]

Note: This linter can be disabled with `set_option linter.unusedSimpArgs false`
PrimalitySheafVerification/Mock2_FunctionalAnalysis.lean:7889:10: warning: This simp argument is unused:
  GammaTwoModularTileEdge.paired

Hint: Omit it from the simp argument list.
  [apply] simp [GammaTwoModularTileEdge.pairingMatrix, GammaTwoModularTileEdge.pairedParameter, modularTileEdgeParam,
    modularCircularArcParam, hnormSq, hden]

Note: This linter can be disabled with `set_option linter.unusedSimpArgs false`
PrimalitySheafVerification/Mock2_FunctionalAnalysis.lean:7890:10: warning: This simp argument is unused:
  GammaTwoModularTileEdge.pairedParameter

Hint: Omit it from the simp argument list.
  [apply] simp [GammaTwoModularTileEdge.pairingMatrix, GammaTwoModularTileEdge.paired, modularTileEdgeParam,
    modularCircularArcParam, hnormSq, hden]

Note: This linter can be disabled with `set_option linter.unusedSimpArgs false`
PrimalitySheafVerification/Mock2_FunctionalAnalysis.lean:7891:10: warning: This simp argument is unused:
  modularTileEdgeParam

Hint: Omit it from the simp argument list.
  [apply] simp [GammaTwoModularTileEdge.pairingMatrix, GammaTwoModularTileEdge.paired,
    GammaTwoModularTileEdge.pairedParameter, modularCircularArcParam, hnormSq, hden]

Note: This linter can be disabled with `set_option linter.unusedSimpArgs false`
PrimalitySheafVerification/Mock2_FunctionalAnalysis.lean:7891:57: warning: This simp argument is unused:
  hnormSq

Hint: Omit it from the simp argument list.
  [apply] simp [GammaTwoModularTileEdge.pairingMatrix, GammaTwoModularTileEdge.paired,
    GammaTwoModularTileEdge.pairedParameter, modularTileEdgeParam, modularCircularArcParam, hden]

Note: This linter can be disabled with `set_option linter.unusedSimpArgs false`
PrimalitySheafVerification/Mock2_FunctionalAnalysis.lean:8371:12: warning: This simp argument is unused:
  mul_assoc

Hint: Omit it from the simp argument list.
  [apply] simp

Note: This linter can be disabled with `set_option linter.unusedSimpArgs false`
PrimalitySheafVerification/Mock2_FunctionalAnalysis.lean:8519:8: warning: `continuous_finset_sum` has been deprecated: Use `continuous_finsetSum` instead
PrimalitySheafVerification/Mock2_FunctionalAnalysis.lean:8893:8: warning: `continuous_finset_sum` has been deprecated: Use `continuous_finsetSum` instead
PrimalitySheafVerification/Mock2_FunctionalAnalysis.lean:9027:15: warning: `Set.preimage_setOf_eq` has been deprecated: Use `Set.preimage_ofPred_eq` instead
PrimalitySheafVerification/Mock2_FunctionalAnalysis.lean:9360:10: warning: `Set.diff_subset` has been deprecated: Use `Set.sdiff_subset` instead
PrimalitySheafVerification/Mock2_FunctionalAnalysis.lean:9955:10: warning: `Set.diff_subset` has been deprecated: Use `Set.sdiff_subset` instead
PrimalitySheafVerification/Mock2_FunctionalAnalysis.lean:10093:27: warning: Used `tac1 <;> tac2` where `(tac1; tac2)` would suffice

Note: This linter can be disabled with `set_option linter.unnecessarySeqFocus false`
PrimalitySheafVerification/Mock2_FunctionalAnalysis.lean:10385:8: warning: `Polynomial.finite_setOf_isRoot` has been deprecated: Use `Polynomial.finite_setOfPred_isRoot` instead
PrimalitySheafVerification/Mock2_FunctionalAnalysis.lean:10402:8: warning: `Polynomial.finite_setOf_isRoot` has been deprecated: Use `Polynomial.finite_setOfPred_isRoot` instead
PrimalitySheafVerification/Mock2_FunctionalAnalysis.lean:10419:8: warning: `Polynomial.finite_setOf_isRoot` has been deprecated: Use `Polynomial.finite_setOfPred_isRoot` instead
PrimalitySheafVerification/Mock2_FunctionalAnalysis.lean:10780:6: warning: try 'simp' instead of 'simpa'

Note: This linter can be disabled with `set_option linter.unnecessarySimpa false`
PrimalitySheafVerification/Mock2_FunctionalAnalysis.lean:10789:2: warning: try 'simp' instead of 'simpa'

Note: This linter can be disabled with `set_option linter.unnecessarySimpa false`
PrimalitySheafVerification/Mock2_FunctionalAnalysis.lean:10969:19: warning: This simp argument is unused:
  Function.comp_def

Hint: Omit it from the simp argument list.
  [apply] simp [upperLift]

Note: This linter can be disabled with `set_option linter.unusedSimpArgs false`
PrimalitySheafVerification/Mock2_FunctionalAnalysis.lean:12021:13: warning: `ContinuousLinearMap.add_apply` has been deprecated: Use `add_apply` instead

Note: The updated constant is in a different namespace. Dot notation may need to be changed (e.g., from `x.add_apply` to `add_apply x`).
PrimalitySheafVerification/Mock2_FunctionalAnalysis.lean:12022:4: warning: `ContinuousLinearMap.smul_apply` has been deprecated: Use `smul_apply` instead

Note: The updated constant is in a different namespace. Dot notation may need to be changed (e.g., from `x.smul_apply` to `smul_apply x`).
PrimalitySheafVerification/Mock2_FunctionalAnalysis.lean:12049:10: warning: 'ring' tactic does nothing

Note: This linter can be disabled with `set_option linter.unusedTactic false`
PrimalitySheafVerification/Mock2_FunctionalAnalysis.lean:12049:10: warning: this tactic is never executed

Note: This linter can be disabled with `set_option linter.unreachableTactic false`
PrimalitySheafVerification/Mock2_FunctionalAnalysis.lean:12358:30: warning: Used `tac1 <;> tac2` where `(tac1; tac2)` would suffice

Note: This linter can be disabled with `set_option linter.unnecessarySeqFocus false`
PrimalitySheafVerification/Mock2_FunctionalAnalysis.lean:12382:28: warning: This simp argument is unused:
  Function.comp_def

Hint: Omit it from the simp argument list.
  [apply] simp [upperLift, heightC, UpperHalfPlane.ofComplex_apply_of_im_pos hw, heightCoordinateCLM]

Note: This linter can be disabled with `set_option linter.unusedSimpArgs false`
PrimalitySheafVerification/Mock2_FunctionalAnalysis.lean:12664:2: warning: Used `tac1 <;> tac2` where `(tac1; tac2)` would suffice

Note: This linter can be disabled with `set_option linter.unnecessarySeqFocus false`
PrimalitySheafVerification/Mock2_FunctionalAnalysis.lean:12677:6: warning: 'ring' tactic does nothing

Note: This linter can be disabled with `set_option linter.unusedTactic false`
PrimalitySheafVerification/Mock2_FunctionalAnalysis.lean:12677:6: warning: this tactic is never executed

Note: This linter can be disabled with `set_option linter.unreachableTactic false`
PrimalitySheafVerification/Mock2_FunctionalAnalysis.lean:13363:8: warning: This simp argument is unused:
  IsInverseEtaPaperOrbitCovariant

Hint: Omit it from the simp argument list.
  [apply] simp

Note: This linter can be disabled with `set_option linter.unusedSimpArgs false`
PrimalitySheafVerification/Mock2_FunctionalAnalysis.lean:13435:8: warning: This simp argument is unused:
  Function.comp_def

Hint: Omit it from the simp argument list.
  [apply] simp [upperLift, etaSqrtFactor, g, UpperHalfPlane.denom, hc]

Note: This linter can be disabled with `set_option linter.unusedSimpArgs false`
PrimalitySheafVerification/Mock2_FunctionalAnalysis.lean:13456:41: warning: This simp argument is unused:
  Function.comp_def

Hint: Omit it from the simp argument list.
  [apply] simp [upperLift, etaSqrtFactor, g, UpperHalfPlane.ofComplex_apply_of_im_pos hw]

Note: This linter can be disabled with `set_option linter.unusedSimpArgs false`
PrimalitySheafVerification/Mock2_FunctionalAnalysis.lean:13628:6: warning: try 'simp' instead of 'simpa'

Note: This linter can be disabled with `set_option linter.unnecessarySimpa false`
PrimalitySheafVerification/Mock2_FunctionalAnalysis.lean:13664:6: warning: This simp argument is unused:
  Function.comp_def

Hint: Omit it from the simp argument list.
  [apply] simp [upperLift, inverseEtaPaperOrbitDenom, g, UpperHalfPlane.ofComplex_apply_of_im_pos hw]

Note: This linter can be disabled with `set_option linter.unusedSimpArgs false`
PrimalitySheafVerification/Mock2_FunctionalAnalysis.lean:13688:51: warning: This simp argument is unused:
  Function.comp_def

Hint: Omit it from the simp argument list.
  [apply] simp [upperLift, inverseEtaPaperOrbitDenom, g, UpperHalfPlane.ofComplex_apply_of_im_pos hw]

Note: This linter can be disabled with `set_option linter.unusedSimpArgs false`
PrimalitySheafVerification/Mock2_FunctionalAnalysis.lean:13716:2: warning: try 'simp' instead of 'simpa'

Note: This linter can be disabled with `set_option linter.unnecessarySimpa false`
PrimalitySheafVerification/Mock2_FunctionalAnalysis.lean:13723:2: warning: try 'simp' instead of 'simpa'

Note: This linter can be disabled with `set_option linter.unnecessarySimpa false`
PrimalitySheafVerification/Mock2_FunctionalAnalysis.lean:13743:2: warning: Used `tac1 <;> tac2` where `(tac1; tac2)` would suffice

Note: This linter can be disabled with `set_option linter.unnecessarySeqFocus false`
PrimalitySheafVerification/Mock2_FunctionalAnalysis.lean:13754:6: warning: 'ring' tactic does nothing

Note: This linter can be disabled with `set_option linter.unusedTactic false`
PrimalitySheafVerification/Mock2_FunctionalAnalysis.lean:13754:6: warning: this tactic is never executed

Note: This linter can be disabled with `set_option linter.unreachableTactic false`
PrimalitySheafVerification/Mock2_FunctionalAnalysis.lean:13903:42: warning: This simp argument is unused:
  Complex.I_sq

Hint: Omit it from the simp argument list.
  [apply] simp [Complex.mul_re, Complex.mul_im]

Note: This linter can be disabled with `set_option linter.unusedSimpArgs false`
PrimalitySheafVerification/Mock2_FunctionalAnalysis.lean:13914:42: warning: This simp argument is unused:
  Complex.I_sq

Hint: Omit it from the simp argument list.
  [apply] simp [Complex.mul_re, Complex.mul_im]

Note: This linter can be disabled with `set_option linter.unusedSimpArgs false`
PrimalitySheafVerification/Mock2_FunctionalAnalysis.lean:13961:4: warning: try 'simp' instead of 'simpa'

Note: This linter can be disabled with `set_option linter.unnecessarySimpa false`
PrimalitySheafVerification/Mock2_FunctionalAnalysis.lean:14040:6: warning: try 'simp' instead of 'simpa'

Note: This linter can be disabled with `set_option linter.unnecessarySimpa false`
PrimalitySheafVerification/Mock2_FunctionalAnalysis.lean:14041:55: warning: This simp argument is unused:
  hg

Hint: Omit it from the simp argument list.
  [apply] simp [UpperHalfPlane.smulFDeriv, UpperHalfPlane.σ, inverseEtaPaperOrbitDenom, inverseEtaPaperOrbit_det_eq_one,
    g, smul_eq_mul, mul_comm]

Note: This linter can be disabled with `set_option linter.unusedSimpArgs false`
PrimalitySheafVerification/Mock2_FunctionalAnalysis.lean:14042:33: warning: This simp argument is unused:
  inverseEtaPaperOrbit_det_eq_one

Hint: Omit it from the simp argument list.
  [apply] simp [UpperHalfPlane.smulFDeriv, UpperHalfPlane.σ, hg, inverseEtaPaperOrbitDenom, g, smul_eq_mul, mul_comm]

Note: This linter can be disabled with `set_option linter.unusedSimpArgs false`
PrimalitySheafVerification/Mock2_FunctionalAnalysis.lean:14059:6: warning: This simp argument is unused:
  GammaTwoQuotientGeometry.gammaTwoToSL2Real_smul

Hint: Omit it from the simp argument list.
  [apply] simp [upperLift, Function.comp_def, G, g, UpperHalfPlane.ofComplex_apply_of_im_pos hw]

Note: This linter can be disabled with `set_option linter.unusedSimpArgs false`
PrimalitySheafVerification/Mock2_FunctionalAnalysis.lean:14150:10: warning: Used `tac1 <;> tac2` where `(tac1; tac2)` would suffice

Note: This linter can be disabled with `set_option linter.unnecessarySeqFocus false`
PrimalitySheafVerification/Mock2_FunctionalAnalysis.lean:14165:10: warning: Used `tac1 <;> tac2` where `(tac1; tac2)` would suffice

Note: This linter can be disabled with `set_option linter.unnecessarySeqFocus false`
PrimalitySheafVerification/Mock2_FunctionalAnalysis.lean:14191:10: warning: Used `tac1 <;> tac2` where `(tac1; tac2)` would suffice

Note: This linter can be disabled with `set_option linter.unnecessarySeqFocus false`
PrimalitySheafVerification/Mock2_FunctionalAnalysis.lean:14206:10: warning: Used `tac1 <;> tac2` where `(tac1; tac2)` would suffice

Note: This linter can be disabled with `set_option linter.unnecessarySeqFocus false`
PrimalitySheafVerification/Mock2_FunctionalAnalysis.lean:14310:31: warning: Variable name `hr` is not explicitly referenced.

Hint: The binding can be removed (if unused) or named `_` (if used implicitly). Alternatively, prefix the name with `_` to silence this warning:
  [apply] _hr

Note: This linter can be disabled with `set_option linter.unusedVariables false`
PrimalitySheafVerification/Mock2_FunctionalAnalysis.lean:14341:4: warning: 'change star (j ^ 2) = star j ^ 2' tactic does nothing

Note: This linter can be disabled with `set_option linter.unusedTactic false`
PrimalitySheafVerification/Mock2_FunctionalAnalysis.lean:15042:11: warning: Variable name `a` is not explicitly referenced.

Hint: The binding can be removed (if unused) or named `_` (if used implicitly). Alternatively, prefix the name with `_` to silence this warning:
  [apply] _a

Note: This linter can be disabled with `set_option linter.unusedVariables false`
PrimalitySheafVerification/Mock2_FunctionalAnalysis.lean:15258:4: warning: This simp argument is unused:
  Function.comp_def

Hint: Omit it from the simp argument list.
  [apply] simp [conjugate, TestFunction.postcompCLM_apply, Complex.conjCLE_apply]

Note: This linter can be disabled with `set_option linter.unusedSimpArgs false`
PrimalitySheafVerification/Mock2_FunctionalAnalysis.lean:15258:23: warning: This simp argument is unused:
  Complex.conjCLE_apply

Hint: Omit it from the simp argument list.
  [apply] simp [conjugate, TestFunction.postcompCLM_apply, Function.comp_def]

Note: This linter can be disabled with `set_option linter.unusedSimpArgs false`
PrimalitySheafVerification/Mock2_FunctionalAnalysis.lean:15348:13: warning: `ContinuousLinearMap.add_apply` has been deprecated: Use `add_apply` instead

Note: The updated constant is in a different namespace. Dot notation may need to be changed (e.g., from `x.add_apply` to `add_apply x`).
PrimalitySheafVerification/Mock2_FunctionalAnalysis.lean:15349:4: warning: `ContinuousLinearMap.smul_apply` has been deprecated: Use `smul_apply` instead

Note: The updated constant is in a different namespace. Dot notation may need to be changed (e.g., from `x.smul_apply` to `smul_apply x`).
PrimalitySheafVerification/Mock2_FunctionalAnalysis.lean:15502:13: warning: `ContinuousLinearMap.add_apply` has been deprecated: Use `add_apply` instead

Note: The updated constant is in a different namespace. Dot notation may need to be changed (e.g., from `x.add_apply` to `add_apply x`).
PrimalitySheafVerification/Mock2_FunctionalAnalysis.lean:15503:4: warning: `ContinuousLinearMap.smul_apply` has been deprecated: Use `smul_apply` instead

Note: The updated constant is in a different namespace. Dot notation may need to be changed (e.g., from `x.smul_apply` to `smul_apply x`).
PrimalitySheafVerification/Mock2_FunctionalAnalysis.lean:15521:8: warning: try 'simp' instead of 'simpa'

Note: This linter can be disabled with `set_option linter.unnecessarySimpa false`
PrimalitySheafVerification/Mock2_FunctionalAnalysis.lean:15660:41: warning: This simp argument is unused:
  smul_eq_mul

Hint: Omit it from the simp argument list.
  [apply] simp only [rpowMul_apply, rpowScale, Complex.ofReal_mul]

Note: This linter can be disabled with `set_option linter.unusedSimpArgs false`
PrimalitySheafVerification/Mock2_FunctionalAnalysis.lean:15875:35: warning: This simp argument is unused:
  Complex.conj_I

Hint: Omit it from the simp argument list.
  [apply] simp only [star_add, star_mul, conj_exponentC, conj_rpowScale]

Note: This linter can be disabled with `set_option linter.unusedSimpArgs false`
PrimalitySheafVerification/Mock2_FunctionalAnalysis.lean:15902:21: warning: Used `tac1 <;> tac2` where `(tac1; tac2)` would suffice

Note: This linter can be disabled with `set_option linter.unnecessarySeqFocus false`
PrimalitySheafVerification/Mock2_FunctionalAnalysis.lean:15942:45: warning: This simp argument is unused:
  Complex.conj_I

Hint: Omit it from the simp argument list.
  [apply] simp only [star_add, star_mul, star_neg, conj_exponentC, conj_rpowScale]

Note: This linter can be disabled with `set_option linter.unusedSimpArgs false`
PrimalitySheafVerification/Mock2_FunctionalAnalysis.lean:15943:6: warning: This simp argument is unused:
  conj_exponentC

Hint: Omit it from the simp argument list.
  [apply] simp only [star_add, star_mul, star_neg, Complex.conj_I, conj_rpowScale]

Note: This linter can be disabled with `set_option linter.unusedSimpArgs false`
PrimalitySheafVerification/Mock2_FunctionalAnalysis.lean:15943:22: warning: This simp argument is unused:
  conj_rpowScale

Hint: Omit it from the simp argument list.
  [apply] simp only [star_add, star_mul, star_neg, Complex.conj_I, conj_exponentC]

Note: This linter can be disabled with `set_option linter.unusedSimpArgs false`
PrimalitySheafVerification/Mock2_FunctionalAnalysis.lean:15971:21: warning: Used `tac1 <;> tac2` where `(tac1; tac2)` would suffice

Note: This linter can be disabled with `set_option linter.unnecessarySeqFocus false`
PrimalitySheafVerification/Mock2_FunctionalAnalysis.lean:16015:36: warning: This simp argument is unused:
  Function.comp_def

Hint: Omit it from the simp argument list.
  [apply] simp [upperLift, restrictToUpper, UpperHalfPlane.ofComplex_apply_of_im_pos hw]

Note: This linter can be disabled with `set_option linter.unusedSimpArgs false`
PrimalitySheafVerification/Mock2_FunctionalAnalysis.lean:16088:19: warning: This simp argument is unused:
  Real.rpow_two

Hint: Omit it from the simp argument list.
  [apply] simp [rpowScale, heightC]

Note: This linter can be disabled with `set_option linter.unusedSimpArgs false`
PrimalitySheafVerification/Mock2_FunctionalAnalysis.lean:16230:19: warning: This simp argument is unused:
  Function.comp_def

Hint: Omit it from the simp argument list.
  [apply] simp [upperLift, HalfWeightCompactCoordinateGreen.rpowScale, UpperHalfPlane.ofComplex_apply_of_im_pos hw]

Note: This linter can be disabled with `set_option linter.unusedSimpArgs false`
PrimalitySheafVerification/Mock2_FunctionalAnalysis.lean:16243:21: warning: This simp argument is unused:
  Function.comp_def

Hint: Omit it from the simp argument list.
  [apply] simp [upperLift, HalfWeightCompactCoordinateGreen.rpowScale, UpperHalfPlane.ofComplex_apply_of_im_pos hw]

Note: This linter can be disabled with `set_option linter.unusedSimpArgs false`
PrimalitySheafVerification/Mock2_FunctionalAnalysis.lean:17188:0: warning: Definition `Mock2FA.PaperCorrections.AutomorphicSobolev.DefinitionOneSobolev.WeightCorePetersson.peterssonInnerProductCore` of class type is semireducible. Most type class instances should be instance-reducible, so consider marking this
definition with `@[instance_reducible]`. If it is intentionally semireducible, this warning can be disabled with `set_option warn.classDefReducibility false`.
PrimalitySheafVerification/Mock2_FunctionalAnalysis.lean:17206:0: warning: Definition `Mock2FA.PaperCorrections.AutomorphicSobolev.DefinitionOneSobolev.WeightCorePetersson.chosenPeterssonInnerProductCore` of class type is semireducible. Most type class instances should be instance-reducible, so consider marking this
definition with `@[instance_reducible]`. If it is intentionally semireducible, this warning can be disabled with `set_option warn.classDefReducibility false`.
PrimalitySheafVerification/Mock2_FunctionalAnalysis.lean:17306:0: warning: Definition `Mock2FA.PaperCorrections.AutomorphicSobolev.DefinitionOneSobolev.WeightCorePetersson.PeterssonCoreSpace.wrappedInnerProductCore` of class type is semireducible. Most type class instances should be instance-reducible, so consider marking this
definition with `@[instance_reducible]`. If it is intentionally semireducible, this warning can be disabled with `set_option warn.classDefReducibility false`.
PrimalitySheafVerification/Mock2_FunctionalAnalysis.lean:17966:6: warning: 'ring_nf' tactic does nothing

Note: This linter can be disabled with `set_option linter.unusedTactic false`
PrimalitySheafVerification/Mock2_FunctionalAnalysis.lean:17966:6: warning: this tactic is never executed

Note: This linter can be disabled with `set_option linter.unreachableTactic false`
PrimalitySheafVerification/Mock2_FunctionalAnalysis.lean:18054:6: warning: 'ring' tactic does nothing

Note: This linter can be disabled with `set_option linter.unusedTactic false`
PrimalitySheafVerification/Mock2_FunctionalAnalysis.lean:18054:6: warning: this tactic is never executed

Note: This linter can be disabled with `set_option linter.unreachableTactic false`
PrimalitySheafVerification/Mock2_FunctionalAnalysis.lean:18075:6: warning: 'ring' tactic does nothing

Note: This linter can be disabled with `set_option linter.unusedTactic false`
PrimalitySheafVerification/Mock2_FunctionalAnalysis.lean:18075:6: warning: this tactic is never executed

Note: This linter can be disabled with `set_option linter.unreachableTactic false`
PrimalitySheafVerification/Mock2_FunctionalAnalysis.lean:18424:0: warning: Definition `memLpTwo` is a proposition; use `theorem` instead of `def`

Note: This linter can be disabled with `set_option linter.defProp false`
PrimalitySheafVerification/Mock2_FunctionalAnalysis.lean:18905:8: error(lean.synthInstanceFailed): failed to synthesize instance of type class
  NormedSpace ℂ Q.SobolevCompletion

Hint: Type class instance resolution failures can be inspected with the `set_option trace.Meta.synthInstance true` command.
PrimalitySheafVerification/Mock2_FunctionalAnalysis.lean:18906:4: error: Type mismatch: After simplification, term
  norm_baseExtension_le Q x
 has type
  @LE.le ℝ Real.instLE ‖Q.baseExtension x‖ ‖x‖
but is expected to have type
  @LE.le ℝ Real.instLE ‖Q.baseExtension x‖ ‖x‖
PrimalitySheafVerification/Mock2_FunctionalAnalysis.lean:18909:8: error(lean.synthInstanceFailed): failed to synthesize instance of type class
  NormedSpace ℂ Q.SobolevCompletion

Hint: Type class instance resolution failures can be inspected with the `set_option trace.Meta.synthInstance true` command.
PrimalitySheafVerification/Mock2_FunctionalAnalysis.lean:18910:4: error: Type mismatch: After simplification, term
  norm_raiseExtension_le Q x
 has type
  @LE.le ℝ Real.instLE ‖Q.raiseExtension x‖ ‖x‖
but is expected to have type
  @LE.le ℝ Real.instLE ‖Q.raiseExtension x‖ ‖x‖
PrimalitySheafVerification/Mock2_FunctionalAnalysis.lean:18913:8: error(lean.synthInstanceFailed): failed to synthesize instance of type class
  NormedSpace ℂ Q.SobolevCompletion

Hint: Type class instance resolution failures can be inspected with the `set_option trace.Meta.synthInstance true` command.
PrimalitySheafVerification/Mock2_FunctionalAnalysis.lean:18914:4: error: Type mismatch: After simplification, term
  norm_lowerExtension_le Q x
 has type
  @LE.le ℝ Real.instLE ‖Q.lowerExtension x‖ ‖x‖
but is expected to have type
  @LE.le ℝ Real.instLE ‖Q.lowerExtension x‖ ‖x‖
PrimalitySheafVerification/Mock2_FunctionalAnalysis.lean:18944:2: error: Type mismatch
  innerSLFlip ℂ
has type
  ?m.34 →L[ℂ] ?m.34 →L⋆[ℂ] ℂ
but is expected to have type
  WeakAntiOperator Q.SobolevCompletion
PrimalitySheafVerification/Mock2_FunctionalAnalysis.lean:18949:9: warning: declaration uses `sorry`
PrimalitySheafVerification/Mock2_FunctionalAnalysis.lean:18947:8: warning: declaration uses `sorry`
PrimalitySheafVerification/Mock2_FunctionalAnalysis.lean:18962:6: error: Tactic `rewrite` failed: Did not find an occurrence of the pattern
  ⟪?m.180 ?x, ?m.180 ?y⟫_?m.172
in the target expression
  ⟪Q.coreEmbedding (Q.toGraphRange v), Q.coreEmbedding (Q.toGraphRange u)⟫_ℂ = Q.energyForm v u

V : Type u
inst✝¹⁰ : AddCommGroup V
inst✝⁹ : Module ℂ V
H₀ : Type v₀
HR : Type vR
HL : Type vL
inst✝⁸ : NormedAddCommGroup H₀
inst✝⁷ : InnerProductSpace ℂ H₀
inst✝⁶ : NormedAddCommGroup HR
inst✝⁵ : InnerProductSpace ℂ HR
inst✝⁴ : NormedAddCommGroup HL
inst✝³ : InnerProductSpace ℂ HL
Q : QuotientHilbertCoordinates V H₀ HR HL
inst✝² : CompleteSpace H₀
inst✝¹ : CompleteSpace HR
inst✝ : CompleteSpace HL
u v : V
⊢ ⟪Q.coreEmbedding (Q.toGraphRange v), Q.coreEmbedding (Q.toGraphRange u)⟫_ℂ = Q.energyForm v u
PrimalitySheafVerification/Mock2_FunctionalAnalysis.lean:18967:9: error: typeclass instance problem is stuck
  InnerProductSpace ℂ ?m.71

Note: Lean will not try to resolve this typeclass instance problem because the second and fourth type arguments to `InnerProductSpace` contain metavariables. These arguments must be fully determined before Lean will try to resolve the typeclass.

Hint: Adding type annotations and supplying implicit arguments to functions can give Lean more information for typeclass resolution. For example, if you have a variable `x` that you intend to be a `Nat`, but Lean reports it as having an unresolved type like `?m`, replacing `x` with `(x : Nat)` can get typeclass resolution un-stuck.
PrimalitySheafVerification/Mock2_FunctionalAnalysis.lean:18975:18: error(lean.synthInstanceFailed): failed to synthesize instance of type class
  InnerProductSpace ℂ Q.SobolevCompletion

Hint: Type class instance resolution failures can be inspected with the `set_option trace.Meta.synthInstance true` command.
PrimalitySheafVerification/Mock2_FunctionalAnalysis.lean:19005:0: error: (deterministic) timeout at `whnf`, maximum number of heartbeats (200000) has been reached

Note: Use `set_option maxHeartbeats <num>` to set the limit.

Hint: Additional diagnostic information may be available using the `set_option diagnostics true` command.
PrimalitySheafVerification/Mock2_FunctionalAnalysis.lean:19019:8: error: (kernel) unknown constant 'Mock2FA.PaperCorrections.AutomorphicSobolev.DefinitionOneSobolev.QuotientHilbertCoordinates.completionEnergyEquiv_apply'
PrimalitySheafVerification/Mock2_FunctionalAnalysis.lean:19047:2: error: Type mismatch: After simplification, term
  FredholmBypass.coerciveFormEquiv_symm_norm_le 1 Q.completionEnergyOperator (completionEnergyOperator_coercive Q) F
 has type
  @LE.le ℝ Real.instLE ‖(FredholmBypass.coerciveFormEquiv 1 Q.completionEnergyOperator ⋯).symm F‖ ‖F‖
but is expected to have type
  @LE.le ℝ Real.instLE ‖Q.completionEnergyEquiv.symm F‖ ‖F‖
PrimalitySheafVerification/Mock2_FunctionalAnalysis.lean:19154:0: warning: automatically included section variable(s) unused in theorem `Mock2FA.PaperCorrections.AutomorphicSobolev.DefinitionOneSobolev.QuotientHilbertCoordinates.precomp_graph`:
  [CompleteSpace H₀]
  [CompleteSpace HR]
  [CompleteSpace HL]
consider restructuring your `variable` declarations so that the variables are not in scope or explicitly omit them:
  omit [CompleteSpace H₀] [CompleteSpace HR] [CompleteSpace HL] in theorem ...

Note: This linter can be disabled with `set_option linter.unusedSectionVars false`
PrimalitySheafVerification/Mock2_FunctionalAnalysis.lean:19223:7: error: Application type mismatch: The argument
  UniformSpace.Completion.continuous_coe
has type
  ∀ (α : Type ?u.48) [inst : UniformSpace α], Continuous UniformSpace.Completion.coe'
but is expected to have type
  Continuous[PseudoMetricSpace.toUniformSpace.toTopologicalSpace, _] UniformSpace.Completion.coe'
in the application
  DenseRange.comp UniformSpace.Completion.denseRange_coe hf UniformSpace.Completion.continuous_coe
PrimalitySheafVerification/Mock2_FunctionalAnalysis.lean:19224:2: error: Type mismatch: After simplification, term
  h
 has type
  DenseRange (comp.{u_1 + 1, u_2 + 1, u_2 + 1} UniformSpace.Completion.coe' ⇑f)
but is expected to have type
  DenseRange (comp.{u_1 + 1, u_1 + 1, u_2 + 1} (⇑(energyCompletionMap f)) UniformSpace.Completion.coe')
PrimalitySheafVerification/Mock2_FunctionalAnalysis.lean:19246:6: error: Function expected at
  IsUniformInducing.isInducing (UniformSpace.Completion.isUniformInducing_coe F)
but this term has type
  IsInducing UniformSpace.Completion.coe'

Note: Expected a function because this term is being applied to the argument
  .closure_eq_preimage_closure_image
PrimalitySheafVerification/Mock2_FunctionalAnalysis.lean:19229:20: error: unsolved goals
E : Type u_1
F : Type u_2
inst✝³ : NormedAddCommGroup E
inst✝² : InnerProductSpace ℂ E
inst✝¹ : NormedAddCommGroup F
inst✝ : InnerProductSpace ℂ F
f : E →ₗᵢ[ℂ] F
hf : Surjective ⇑(energyCompletionMap f)
y : F
x : UniformSpace.Completion E
hx : (energyCompletionMap f) x = ↑y
hmem : ↑y ∈ closure (UniformSpace.Completion.coe' '' range ⇑f)
⊢ y ∈ closure[PseudoMetricSpace.toUniformSpace.toTopologicalSpace] (range ⇑f)
PrimalitySheafVerification/Mock2_FunctionalAnalysis.lean:19343:11: error(lean.invalidField): Invalid field `inclusion`: The environment does not contain `UpperHalfPlane.inclusion`, so it is not possible to project the field `inclusion` from an expression
  I
of type `ℍ`
PrimalitySheafVerification/Mock2_FunctionalAnalysis.lean:19343:26: error(lean.invalidField): Invalid field `graph_compat`: The environment does not contain `UpperHalfPlane.graph_compat`, so it is not possible to project the field `graph_compat` from an expression
  I
of type `ℍ`
PrimalitySheafVerification/Mock2_FunctionalAnalysis.lean:19347:37: error: Invalid field notation: Function `graphRange_le` does not have a usable parameter of type `CompatibleCoreInclusion ...` for which to substitute `I`

Note: Such a parameter must be explicit, or implicit with a unique name, to be used by field notation
PrimalitySheafVerification/Mock2_FunctionalAnalysis.lean:19354:2: error: (deterministic) timeout at `whnf`, maximum number of heartbeats (200000) has been reached

Note: Use `set_option maxHeartbeats <num>` to set the limit.

Hint: Additional diagnostic information may be available using the `set_option diagnostics true` command.
PrimalitySheafVerification/Mock2_FunctionalAnalysis.lean:19358:15: error: Invalid field notation: Function `DFunLike.coe` (coerced from `graphRangeIsometry`) does not have a usable parameter of type `CompatibleCoreInclusion ...` for which to substitute `I`

Note: Such a parameter must be explicit, or implicit with a unique name, to be used by field notation
PrimalitySheafVerification/Mock2_FunctionalAnalysis.lean:19359:28: error(lean.invalidField): Invalid field `completionInclusion`: The environment does not contain `Mock2FA.PaperCorrections.AutomorphicSobolev.DefinitionOneSobolev.QuotientHilbertCoordinates.CompatibleCoreInclusion.completionInclusion`, so it is not possible to project the field `completionInclusion` from an expression
  I
of type `Qc.CompatibleCoreInclusion Qs`
PrimalitySheafVerification/Mock2_FunctionalAnalysis.lean:19360:9: error(lean.unknownIdentifier): Unknown identifier `completionInclusion`
PrimalitySheafVerification/Mock2_FunctionalAnalysis.lean:19361:57: error(lean.invalidField): Invalid field `graphRangeIsometry`: The environment does not contain `UpperHalfPlane.graphRangeIsometry`, so it is not possible to project the field `graphRangeIsometry` from an expression
  I
of type `ℍ`
PrimalitySheafVerification/Mock2_FunctionalAnalysis.lean:19366:20: error: Invalid field notation: Function `DFunLike.coe` (coerced from `graphRangeIsometry`) does not have a usable parameter of type `CompatibleCoreInclusion ...` for which to substitute `I`

Note: Such a parameter must be explicit, or implicit with a unique name, to be used by field notation
PrimalitySheafVerification/Mock2_FunctionalAnalysis.lean:19368:37: error(lean.invalidField): Invalid field `completionInclusion`: The environment does not contain `Mock2FA.PaperCorrections.AutomorphicSobolev.DefinitionOneSobolev.QuotientHilbertCoordinates.CompatibleCoreInclusion.completionInclusion`, so it is not possible to project the field `completionInclusion` from an expression
  I
of type `Qc.CompatibleCoreInclusion Qs`
PrimalitySheafVerification/Mock2_FunctionalAnalysis.lean:19369:5: error: Invalid field notation: Function `denseRange_graphRange_iff_completion_surjective` does not have a usable parameter of type `CompatibleCoreInclusion ...` for which to substitute `I`

Note: Such a parameter must be explicit, or implicit with a unique name, to be used by field notation
PrimalitySheafVerification/Mock2_FunctionalAnalysis.lean:19373:20: error: Invalid field notation: Function `DFunLike.coe` (coerced from `graphRangeIsometry`) does not have a usable parameter of type `CompatibleCoreInclusion ...` for which to substitute `I`

Note: Such a parameter must be explicit, or implicit with a unique name, to be used by field notation
PrimalitySheafVerification/Mock2_FunctionalAnalysis.lean:19374:6: error(lean.invalidField): Invalid field `completionEquiv`: The environment does not contain `Mock2FA.PaperCorrections.AutomorphicSobolev.DefinitionOneSobolev.QuotientHilbertCoordinates.CompatibleCoreInclusion.completionEquiv`, so it is not possible to project the field `completionEquiv` from an expression
  I
of type `Qc.CompatibleCoreInclusion Qs`
PrimalitySheafVerification/Mock2_FunctionalAnalysis.lean:19374:30: error(lean.invalidField): Invalid field `completionInclusion`: The environment does not contain `Mock2FA.PaperCorrections.AutomorphicSobolev.DefinitionOneSobolev.QuotientHilbertCoordinates.CompatibleCoreInclusion.completionInclusion`, so it is not possible to project the field `completionInclusion` from an expression
  I
of type `Qc.CompatibleCoreInclusion Qs`
PrimalitySheafVerification/Mock2_FunctionalAnalysis.lean:19441:5: error: invalid binder annotation, type is not a class instance
  ?m.34

Note: Use the command `set_option checkBinderAnnotations false` to disable the check
PrimalitySheafVerification/Mock2_FunctionalAnalysis.lean:19577:4: error(lean.synthInstanceFailed): failed to synthesize instance of type class
  AddCommGroup ↥(InverseEtaFixedPhaseCore n)

Hint: Type class instance resolution failures can be inspected with the `set_option trace.Meta.synthInstance true` command.
PrimalitySheafVerification/Mock2_FunctionalAnalysis.lean:19587:8: warning: declaration uses `sorry`
PrimalitySheafVerification/Mock2_FunctionalAnalysis.lean:19592:8: warning: declaration uses `sorry`
PrimalitySheafVerification/Mock2_FunctionalAnalysis.lean:19598:8: warning: declaration uses `sorry`
PrimalitySheafVerification/Mock2_FunctionalAnalysis.lean:19612:7: error(lean.inferDefTypeFailed): Failed to infer type of definition `GraphSobolevCompletion`
PrimalitySheafVerification/Mock2_FunctionalAnalysis.lean:19617:37: error: Function expected at
  GraphSobolevCompletion
but this term has type
  ?m.5

Note: Expected a function because this term is being applied to the argument
  n

Hint: The identifier `GraphSobolevCompletion` is unknown, and Lean's `autoImplicit` option causes an unknown identifier to be treated as an implicitly bound variable with an unknown type. However, the unknown type cannot be a function, and a function is what Lean expects here. This is often the result of a typo or a missing `import` or `open` statement.
PrimalitySheafVerification/Mock2_FunctionalAnalysis.lean:19622:49: error: Function expected at
  coreMap
but this term has type
  ?m.5

Note: Expected a function because this term is being applied to the argument
  n

Hint: The identifier `coreMap` is unknown, and Lean's `autoImplicit` option causes an unknown identifier to be treated as an implicitly bound variable with an unknown type. However, the unknown type cannot be a function, and a function is what Lean expects here. This is often the result of a typo or a missing `import` or `open` statement.
PrimalitySheafVerification/Mock2_FunctionalAnalysis.lean:19623:9: error: Invalid argument: Variable `coreMap` is not a proposition or let-declaration
PrimalitySheafVerification/Mock2_FunctionalAnalysis.lean:19627:56: error: Function expected at
  coreMap
but this term has type
  ?m.5

Note: Expected a function because this term is being applied to the argument
  n

Hint: The identifier `coreMap` is unknown, and Lean's `autoImplicit` option causes an unknown identifier to be treated as an implicitly bound variable with an unknown type. However, the unknown type cannot be a function, and a function is what Lean expects here. This is often the result of a typo or a missing `import` or `open` statement.
PrimalitySheafVerification/Mock2_FunctionalAnalysis.lean:19627:70: error: unsolved goals
x✝ : Sort u_3
coreMap : x✝
n : ℤ
⊢ Injective sorry
PrimalitySheafVerification/Mock2_FunctionalAnalysis.lean:19635:20: error: Function expected at
  GraphSobolevCompletion
but this term has type
  ?m.5

Note: Expected a function because this term is being applied to the argument
  n

Hint: The identifier `GraphSobolevCompletion` is unknown, and Lean's `autoImplicit` option causes an unknown identifier to be treated as an implicitly bound variable with an unknown type. However, the unknown type cannot be a function, and a function is what Lean expects here. This is often the result of a typo or a missing `import` or `open` statement.
PrimalitySheafVerification/Mock2_FunctionalAnalysis.lean:19654:5: error: Function expected at
  coreMap
but this term has type
  ?m.5

Note: Expected a function because this term is being applied to the argument
  n

Hint: The identifier `coreMap` is unknown, and Lean's `autoImplicit` option causes an unknown identifier to be treated as an implicitly bound variable with an unknown type. However, the unknown type cannot be a function, and a function is what Lean expects here. This is often the result of a typo or a missing `import` or `open` statement.
PrimalitySheafVerification/Mock2_FunctionalAnalysis.lean:19667:5: error: Function expected at
  coreMap
but this term has type
  x✝

Note: Expected a function because this term is being applied to the argument
  n
PrimalitySheafVerification/Mock2_FunctionalAnalysis.lean:19671:13: error: Invalid argument: Variable `coreMap` is not a proposition or let-declaration
PrimalitySheafVerification/Mock2_FunctionalAnalysis.lean:19679:4: error: Function expected at
  GraphSobolevCompletion
but this term has type
  ?m.5

Note: Expected a function because this term is being applied to the argument
  n

Hint: The identifier `GraphSobolevCompletion` is unknown, and Lean's `autoImplicit` option causes an unknown identifier to be treated as an implicitly bound variable with an unknown type. However, the unknown type cannot be a function, and a function is what Lean expects here. This is often the result of a typo or a missing `import` or `open` statement.
PrimalitySheafVerification/Mock2_FunctionalAnalysis.lean:19684:4: error: Function expected at
  GraphSobolevCompletion
but this term has type
  ?m.5

Note: Expected a function because this term is being applied to the argument
  n

Hint: The identifier `GraphSobolevCompletion` is unknown, and Lean's `autoImplicit` option causes an unknown identifier to be treated as an implicitly bound variable with an unknown type. However, the unknown type cannot be a function, and a function is what Lean expects here. This is often the result of a typo or a missing `import` or `open` statement.
PrimalitySheafVerification/Mock2_FunctionalAnalysis.lean:19689:4: error: Function expected at
  GraphSobolevCompletion
but this term has type
  ?m.5

Note: Expected a function because this term is being applied to the argument
  n

Hint: The identifier `GraphSobolevCompletion` is unknown, and Lean's `autoImplicit` option causes an unknown identifier to be treated as an implicitly bound variable with an unknown type. However, the unknown type cannot be a function, and a function is what Lean expects here. This is often the result of a typo or a missing `import` or `open` statement.
PrimalitySheafVerification/Mock2_FunctionalAnalysis.lean:19697:4: error: Function expected at
  baseExtension
but this term has type
  ?m.5

Note: Expected a function because this term is being applied to the argument
  n

Hint: The identifier `baseExtension` is unknown, and Lean's `autoImplicit` option causes an unknown identifier to be treated as an implicitly bound variable with an unknown type. However, the unknown type cannot be a function, and a function is what Lean expects here. This is often the result of a typo or a missing `import` or `open` statement.
PrimalitySheafVerification/Mock2_FunctionalAnalysis.lean:19698:9: error: Invalid argument: Variable `baseExtension` is not a proposition or let-declaration
PrimalitySheafVerification/Mock2_FunctionalAnalysis.lean:19698:24: error(lean.unknownIdentifier): Unknown identifier `coreMap`
PrimalitySheafVerification/Mock2_FunctionalAnalysis.lean:19706:4: error: Function expected at
  raiseExtension
but this term has type
  ?m.5

Note: Expected a function because this term is being applied to the argument
  n

Hint: The identifier `raiseExtension` is unknown, and Lean's `autoImplicit` option causes an unknown identifier to be treated as an implicitly bound variable with an unknown type. However, the unknown type cannot be a function, and a function is what Lean expects here. This is often the result of a typo or a missing `import` or `open` statement.
PrimalitySheafVerification/Mock2_FunctionalAnalysis.lean:19708:9: error: Invalid argument: Variable `raiseExtension` is not a proposition or let-declaration
PrimalitySheafVerification/Mock2_FunctionalAnalysis.lean:19708:25: error(lean.unknownIdentifier): Unknown identifier `coreMap`
PrimalitySheafVerification/Mock2_FunctionalAnalysis.lean:19716:4: error: Function expected at
  lowerExtension
but this term has type
  ?m.5

Note: Expected a function because this term is being applied to the argument
  n

Hint: The identifier `lowerExtension` is unknown, and Lean's `autoImplicit` option causes an unknown identifier to be treated as an implicitly bound variable with an unknown type. However, the unknown type cannot be a function, and a function is what Lean expects here. This is often the result of a typo or a missing `import` or `open` statement.
PrimalitySheafVerification/Mock2_FunctionalAnalysis.lean:19718:9: error: Invalid argument: Variable `lowerExtension` is not a proposition or let-declaration
PrimalitySheafVerification/Mock2_FunctionalAnalysis.lean:19718:25: error(lean.unknownIdentifier): Unknown identifier `coreMap`
PrimalitySheafVerification/Mock2_FunctionalAnalysis.lean:19722:43: error: Function expected at
  GraphSobolevCompletion
but this term has type
  ?m.5

Note: Expected a function because this term is being applied to the argument
  n

Hint: The identifier `GraphSobolevCompletion` is unknown, and Lean's `autoImplicit` option causes an unknown identifier to be treated as an implicitly bound variable with an unknown type. However, the unknown type cannot be a function, and a function is what Lean expects here. This is often the result of a typo or a missing `import` or `open` statement.
PrimalitySheafVerification/Mock2_FunctionalAnalysis.lean:19723:5: error: Function expected at
  baseExtension
but this term has type
  ?m.6

Note: Expected a function because this term is being applied to the argument
  n

Hint: The identifier `baseExtension` is unknown, and Lean's `autoImplicit` option causes an unknown identifier to be treated as an implicitly bound variable with an unknown type. However, the unknown type cannot be a function, and a function is what Lean expects here. This is often the result of a typo or a missing `import` or `open` statement.
PrimalitySheafVerification/Mock2_FunctionalAnalysis.lean:19724:9: error: Invalid argument: Variable `baseExtension` is not a proposition or let-declaration
PrimalitySheafVerification/Mock2_FunctionalAnalysis.lean:19726:44: error: Function expected at
  GraphSobolevCompletion
but this term has type
  ?m.5

Note: Expected a function because this term is being applied to the argument
  n

Hint: The identifier `GraphSobolevCompletion` is unknown, and Lean's `autoImplicit` option causes an unknown identifier to be treated as an implicitly bound variable with an unknown type. However, the unknown type cannot be a function, and a function is what Lean expects here. This is often the result of a typo or a missing `import` or `open` statement.
PrimalitySheafVerification/Mock2_FunctionalAnalysis.lean:19727:5: error: Function expected at
  raiseExtension
but this term has type
  ?m.6

Note: Expected a function because this term is being applied to the argument
  n

Hint: The identifier `raiseExtension` is unknown, and Lean's `autoImplicit` option causes an unknown identifier to be treated as an implicitly bound variable with an unknown type. However, the unknown type cannot be a function, and a function is what Lean expects here. This is often the result of a typo or a missing `import` or `open` statement.
PrimalitySheafVerification/Mock2_FunctionalAnalysis.lean:19728:9: error: Invalid argument: Variable `raiseExtension` is not a proposition or let-declaration
PrimalitySheafVerification/Mock2_FunctionalAnalysis.lean:19730:44: error: Function expected at
  GraphSobolevCompletion
but this term has type
  ?m.5

Note: Expected a function because this term is being applied to the argument
  n

Hint: The identifier `GraphSobolevCompletion` is unknown, and Lean's `autoImplicit` option causes an unknown identifier to be treated as an implicitly bound variable with an unknown type. However, the unknown type cannot be a function, and a function is what Lean expects here. This is often the result of a typo or a missing `import` or `open` statement.
PrimalitySheafVerification/Mock2_FunctionalAnalysis.lean:19731:5: error: Function expected at
  lowerExtension
but this term has type
  ?m.6

Note: Expected a function because this term is being applied to the argument
  n

Hint: The identifier `lowerExtension` is unknown, and Lean's `autoImplicit` option causes an unknown identifier to be treated as an implicitly bound variable with an unknown type. However, the unknown type cannot be a function, and a function is what Lean expects here. This is often the result of a typo or a missing `import` or `open` statement.
PrimalitySheafVerification/Mock2_FunctionalAnalysis.lean:19732:9: error: Invalid argument: Variable `lowerExtension` is not a proposition or let-declaration
PrimalitySheafVerification/Mock2_FunctionalAnalysis.lean:19736:45: error: Function expected at
  baseExtension
but this term has type
  ?m.5

Note: Expected a function because this term is being applied to the argument
  n

Hint: The identifier `baseExtension` is unknown, and Lean's `autoImplicit` option causes an unknown identifier to be treated as an implicitly bound variable with an unknown type. However, the unknown type cannot be a function, and a function is what Lean expects here. This is often the result of a typo or a missing `import` or `open` statement.
PrimalitySheafVerification/Mock2_FunctionalAnalysis.lean:19737:9: error: Invalid argument: Variable `baseExtension` is not a proposition or let-declaration
PrimalitySheafVerification/Mock2_FunctionalAnalysis.lean:19739:46: error: Function expected at
  raiseExtension
but this term has type
  ?m.5

Note: Expected a function because this term is being applied to the argument
  n

Hint: The identifier `raiseExtension` is unknown, and Lean's `autoImplicit` option causes an unknown identifier to be treated as an implicitly bound variable with an unknown type. However, the unknown type cannot be a function, and a function is what Lean expects here. This is often the result of a typo or a missing `import` or `open` statement.
PrimalitySheafVerification/Mock2_FunctionalAnalysis.lean:19740:9: error: Invalid argument: Variable `raiseExtension` is not a proposition or let-declaration
PrimalitySheafVerification/Mock2_FunctionalAnalysis.lean:19742:46: error: Function expected at
  lowerExtension
but this term has type
  ?m.5

Note: Expected a function because this term is being applied to the argument
  n

Hint: The identifier `lowerExtension` is unknown, and Lean's `autoImplicit` option causes an unknown identifier to be treated as an implicitly bound variable with an unknown type. However, the unknown type cannot be a function, and a function is what Lean expects here. This is often the result of a typo or a missing `import` or `open` statement.
PrimalitySheafVerification/Mock2_FunctionalAnalysis.lean:19743:9: error: Invalid argument: Variable `lowerExtension` is not a proposition or let-declaration
PrimalitySheafVerification/Mock2_FunctionalAnalysis.lean:19746:40: error: Function expected at
  GraphSobolevCompletion
but this term has type
  ?m.5

Note: Expected a function because this term is being applied to the argument
  n

Hint: The identifier `GraphSobolevCompletion` is unknown, and Lean's `autoImplicit` option causes an unknown identifier to be treated as an implicitly bound variable with an unknown type. However, the unknown type cannot be a function, and a function is what Lean expects here. This is often the result of a typo or a missing `import` or `open` statement.
PrimalitySheafVerification/Mock2_FunctionalAnalysis.lean:19747:15: error: Function expected at
  baseExtension
but this term has type
  ?m.6

Note: Expected a function because this term is being applied to the argument
  n

Hint: The identifier `baseExtension` is unknown, and Lean's `autoImplicit` option causes an unknown identifier to be treated as an implicitly bound variable with an unknown type. However, the unknown type cannot be a function, and a function is what Lean expects here. This is often the result of a typo or a missing `import` or `open` statement.
PrimalitySheafVerification/Mock2_FunctionalAnalysis.lean:19748:7: error: Function expected at
  raiseExtension
but this term has type
  ?m.7

Note: Expected a function because this term is being applied to the argument
  n

Hint: The identifier `raiseExtension` is unknown, and Lean's `autoImplicit` option causes an unknown identifier to be treated as an implicitly bound variable with an unknown type. However, the unknown type cannot be a function, and a function is what Lean expects here. This is often the result of a typo or a missing `import` or `open` statement.
PrimalitySheafVerification/Mock2_FunctionalAnalysis.lean:19748:34: error: Function expected at
  lowerExtension
but this term has type
  ?m.8

Note: Expected a function because this term is being applied to the argument
  n

Hint: The identifier `lowerExtension` is unknown, and Lean's `autoImplicit` option causes an unknown identifier to be treated as an implicitly bound variable with an unknown type. However, the unknown type cannot be a function, and a function is what Lean expects here. This is often the result of a typo or a missing `import` or `open` statement.
PrimalitySheafVerification/Mock2_FunctionalAnalysis.lean:19749:9: error: Invalid argument: Variable `baseExtension` is not a proposition or let-declaration
PrimalitySheafVerification/Mock2_FunctionalAnalysis.lean:19749:24: error: Invalid argument: Variable `raiseExtension` is not a proposition or let-declaration
PrimalitySheafVerification/Mock2_FunctionalAnalysis.lean:19749:40: error: Invalid argument: Variable `lowerExtension` is not a proposition or let-declaration
PrimalitySheafVerification/Mock2_FunctionalAnalysis.lean:19764:36: error(lean.unknownIdentifier): Unknown identifier `GraphSobolevCompletion`
PrimalitySheafVerification/Mock2_FunctionalAnalysis.lean:19768:44: error(lean.unknownIdentifier): Unknown identifier `GraphSobolevCompletion`
PrimalitySheafVerification/Mock2_FunctionalAnalysis.lean:19773:4: error: Function expected at
  PaperPageFourHOne
but this term has type
  ?m.5

Note: Expected a function because this term is being applied to the argument
  n

Hint: The identifier `PaperPageFourHOne` is unknown, and Lean's `autoImplicit` option causes an unknown identifier to be treated as an implicitly bound variable with an unknown type. However, the unknown type cannot be a function, and a function is what Lean expects here. This is often the result of a typo or a missing `import` or `open` statement.
PrimalitySheafVerification/Mock2_FunctionalAnalysis.lean:19773:31: error: Function expected at
  PaperPageTwelveGraphSpace
but this term has type
  ?m.6

Note: Expected a function because this term is being applied to the argument
  n

Hint: The identifier `PaperPageTwelveGraphSpace` is unknown, and Lean's `autoImplicit` option causes an unknown identifier to be treated as an implicitly bound variable with an unknown type. However, the unknown type cannot be a function, and a function is what Lean expects here. This is often the result of a typo or a missing `import` or `open` statement.
PrimalitySheafVerification/Mock2_FunctionalAnalysis.lean:19774:30: error(lean.unknownIdentifier): Unknown identifier `GraphSobolevCompletion`
PrimalitySheafVerification/Mock2_FunctionalAnalysis.lean:19778:17: error: Function expected at
  PaperPageFourHOne
but this term has type
  ?m.5

Note: Expected a function because this term is being applied to the argument
  n

Hint: The identifier `PaperPageFourHOne` is unknown, and Lean's `autoImplicit` option causes an unknown identifier to be treated as an implicitly bound variable with an unknown type. However, the unknown type cannot be a function, and a function is what Lean expects here. This is often the result of a typo or a missing `import` or `open` statement.
PrimalitySheafVerification/Mock2_FunctionalAnalysis.lean:19779:4: error: Function expected at
  pageFourHOneEquivPageTwelveGraph
but this term has type
  ?m.6

Note: Expected a function because this term is being applied to the argument
  n

Hint: The identifier `pageFourHOneEquivPageTwelveGraph` is unknown, and Lean's `autoImplicit` option causes an unknown identifier to be treated as an implicitly bound variable with an unknown type. However, the unknown type cannot be a function, and a function is what Lean expects here. This is often the result of a typo or a missing `import` or `open` statement.
PrimalitySheafVerification/Mock2_FunctionalAnalysis.lean:19785:17: error: Function expected at
  PaperPageFourHOne
but this term has type
  ?m.5

Note: Expected a function because this term is being applied to the argument
  n

Hint: The identifier `PaperPageFourHOne` is unknown, and Lean's `autoImplicit` option causes an unknown identifier to be treated as an implicitly bound variable with an unknown type. However, the unknown type cannot be a function, and a function is what Lean expects here. This is often the result of a typo or a missing `import` or `open` statement.
PrimalitySheafVerification/Mock2_FunctionalAnalysis.lean:19786:15: error: Function expected at
  baseExtension
but this term has type
  ?m.6

Note: Expected a function because this term is being applied to the argument
  n

Hint: The identifier `baseExtension` is unknown, and Lean's `autoImplicit` option causes an unknown identifier to be treated as an implicitly bound variable with an unknown type. However, the unknown type cannot be a function, and a function is what Lean expects here. This is often the result of a typo or a missing `import` or `open` statement.
PrimalitySheafVerification/Mock2_FunctionalAnalysis.lean:19787:7: error: Function expected at
  raiseExtension
but this term has type
  ?m.7

Note: Expected a function because this term is being applied to the argument
  n

Hint: The identifier `raiseExtension` is unknown, and Lean's `autoImplicit` option causes an unknown identifier to be treated as an implicitly bound variable with an unknown type. However, the unknown type cannot be a function, and a function is what Lean expects here. This is often the result of a typo or a missing `import` or `open` statement.
PrimalitySheafVerification/Mock2_FunctionalAnalysis.lean:19787:34: error: Function expected at
  lowerExtension
but this term has type
  ?m.8

Note: Expected a function because this term is being applied to the argument
  n

Hint: The identifier `lowerExtension` is unknown, and Lean's `autoImplicit` option causes an unknown identifier to be treated as an implicitly bound variable with an unknown type. However, the unknown type cannot be a function, and a function is what Lean expects here. This is often the result of a typo or a missing `import` or `open` statement.
PrimalitySheafVerification/Mock2_FunctionalAnalysis.lean:19788:2: error(lean.unknownIdentifier): Unknown identifier `completion_norm_sq`
PrimalitySheafVerification/Mock2_FunctionalAnalysis.lean:19826:31: warning: `ModularForm.discriminantCuspForm` has been deprecated: Use `CuspForm.discriminant` instead

Note: The updated constant is in a different namespace. Dot notation may need to be changed (e.g., from `x.discriminantCuspForm` to `CuspForm.discriminant x`).
PrimalitySheafVerification/Mock2_FunctionalAnalysis.lean:19827:6: warning: `ModularForm.discriminantCuspForm` has been deprecated: Use `CuspForm.discriminant` instead

Note: The updated constant is in a different namespace. Dot notation may need to be changed (e.g., from `x.discriminantCuspForm` to `CuspForm.discriminant x`).
PrimalitySheafVerification/Mock2_FunctionalAnalysis.lean:19834:35: warning: `ModularForm.discriminantCuspForm` has been deprecated: Use `CuspForm.discriminant` instead

Note: The updated constant is in a different namespace. Dot notation may need to be changed (e.g., from `x.discriminantCuspForm` to `CuspForm.discriminant x`).
PrimalitySheafVerification/Mock2_FunctionalAnalysis.lean:19835:35: warning: `ModularForm.discriminantCuspForm` has been deprecated: Use `CuspForm.discriminant` instead

Note: The updated constant is in a different namespace. Dot notation may need to be changed (e.g., from `x.discriminantCuspForm` to `CuspForm.discriminant x`).
PrimalitySheafVerification/Mock2_FunctionalAnalysis.lean:19845:34: warning: `ModularForm.discriminantCuspForm` has been deprecated: Use `CuspForm.discriminant` instead

Note: The updated constant is in a different namespace. Dot notation may need to be changed (e.g., from `x.discriminantCuspForm` to `CuspForm.discriminant x`).
PrimalitySheafVerification/Mock2_FunctionalAnalysis.lean:19855:28: warning: `ModularForm.discriminantCuspForm` has been deprecated: Use `CuspForm.discriminant` instead

Note: The updated constant is in a different namespace. Dot notation may need to be changed (e.g., from `x.discriminantCuspForm` to `CuspForm.discriminant x`).
PrimalitySheafVerification/Mock2_FunctionalAnalysis.lean:19856:13: warning: `ModularForm.discriminantCuspForm` has been deprecated: Use `CuspForm.discriminant` instead

Note: The updated constant is in a different namespace. Dot notation may need to be changed (e.g., from `x.discriminantCuspForm` to `CuspForm.discriminant x`).
PrimalitySheafVerification/Mock2_FunctionalAnalysis.lean:19853:2: error: Type mismatch: After simplification, term
  SlashInvariantFormClass.norm_petersson_smul hg
 has type
  @Eq ℝ
    ‖petersson 12 (⇑ModularForm.discriminantCuspForm) (⇑ModularForm.discriminantCuspForm)
        (Matrix.SpecialLinearGroup.toGL ((Matrix.SpecialLinearGroup.map (Int.castRingHom ℝ)) g) • z)‖
    ‖petersson 12 (⇑ModularForm.discriminantCuspForm) (⇑ModularForm.discriminantCuspForm) z‖
but is expected to have type
  @Eq ℝ ‖petersson 12 (⇑ModularForm.discriminantCuspForm) (⇑ModularForm.discriminantCuspForm) (g • z)‖
    ‖petersson 12 (⇑ModularForm.discriminantCuspForm) (⇑ModularForm.discriminantCuspForm) z‖
PrimalitySheafVerification/Mock2_FunctionalAnalysis.lean:19893:2: error: Type mismatch: After simplification, term
  upstairsPotential_pos a✝
 has type
  @LT.lt ℝ Real.instLT 0 (upstairsPotential a✝)
but is expected to have type
  @LT.lt ℝ Real.instLT 0 (potential (Quotient.mk'' a✝))
PrimalitySheafVerification/Mock2_FunctionalAnalysis.lean:19911:16: warning: `ModularForm.discriminantCuspForm` has been deprecated: Use `CuspForm.discriminant` instead

Note: The updated constant is in a different namespace. Dot notation may need to be changed (e.g., from `x.discriminantCuspForm` to `CuspForm.discriminant x`).
PrimalitySheafVerification/Mock2_FunctionalAnalysis.lean:19912:6: warning: `ModularForm.discriminantCuspForm` has been deprecated: Use `CuspForm.discriminant` instead

Note: The updated constant is in a different namespace. Dot notation may need to be changed (e.g., from `x.discriminantCuspForm` to `CuspForm.discriminant x`).
PrimalitySheafVerification/Mock2_FunctionalAnalysis.lean:19933:2: error: Type mismatch: After simplification, term
  upstairsPotential_le_uniformBound a✝
 has type
  @LE.le ℝ Real.instLE (upstairsPotential a✝) uniformBound
but is expected to have type
  @LE.le ℝ Real.instLE (potential (Quotient.mk'' a✝)) uniformBound
PrimalitySheafVerification/Mock2_FunctionalAnalysis.lean:19945:35: warning: `ModularForm.discriminantCuspForm` has been deprecated: Use `CuspForm.discriminant` instead

Note: The updated constant is in a different namespace. Dot notation may need to be changed (e.g., from `x.discriminantCuspForm` to `CuspForm.discriminant x`).
PrimalitySheafVerification/Mock2_FunctionalAnalysis.lean:19946:8: warning: `ModularForm.discriminantCuspForm` has been deprecated: Use `CuspForm.discriminant` instead

Note: The updated constant is in a different namespace. Dot notation may need to be changed (e.g., from `x.discriminantCuspForm` to `CuspForm.discriminant x`).
PrimalitySheafVerification/Mock2_FunctionalAnalysis.lean:19947:33: warning: `ModularForm.discriminantCuspForm` has been deprecated: Use `CuspForm.discriminant` instead

Note: The updated constant is in a different namespace. Dot notation may need to be changed (e.g., from `x.discriminantCuspForm` to `CuspForm.discriminant x`).
PrimalitySheafVerification/Mock2_FunctionalAnalysis.lean:19948:6: error(lean.unknownIdentifier): Unknown constant `Membership.mem.petersson_isZeroAtImInfty_left`

Note: Inferred this name from the expected resulting type of `.petersson_isZeroAtImInfty_left`:
  ?m.18 ∈ nhds 0
PrimalitySheafVerification/Mock2_FunctionalAnalysis.lean:19948:6: error(lean.unknownIdentifier): Unknown constant `Membership.mem.petersson_isZeroAtImInfty_left`

Note: Inferred this name from the expected resulting type of `.petersson_isZeroAtImInfty_left`:
  ?m.18 ∈ nhds 0
PrimalitySheafVerification/Mock2_FunctionalAnalysis.lean:19948:6: error(lean.unknownIdentifier): Unknown constant `Set.Mem.petersson_isZeroAtImInfty_left`

Note: Inferred this name from the expected resulting type of `.petersson_isZeroAtImInfty_left`:
  ?m.18 ∈ nhds 0
PrimalitySheafVerification/Mock2_FunctionalAnalysis.lean:19948:6: error(lean.unknownIdentifier): Unknown constant `Filter.sets.petersson_isZeroAtImInfty_left`

Note: Inferred this name from the expected resulting type of `.petersson_isZeroAtImInfty_left`:
  ?m.18 ∈ nhds 0
PrimalitySheafVerification/Mock2_FunctionalAnalysis.lean:19948:6: error(lean.invalidDottedIdent): Invalid dotted identifier notation: The expected type of `.petersson_isZeroAtImInfty_left`
  ?m.18 ∈ nhds 0
is not of the form `C ...` or `... → C ...` where C is a constant
PrimalitySheafVerification/Mock2_FunctionalAnalysis.lean:20076:17: error: expected token
PrimalitySheafVerification/Mock2_FunctionalAnalysis.lean:20096:20: warning: `ModularForm.discriminantCuspForm` has been deprecated: Use `CuspForm.discriminant` instead

Note: The updated constant is in a different namespace. Dot notation may need to be changed (e.g., from `x.discriminantCuspForm` to `CuspForm.discriminant x`).
PrimalitySheafVerification/Mock2_FunctionalAnalysis.lean:20098:8: error(lean.unknownIdentifier): Unknown identifier `discriminant_upperLift_realContDiffOn`
PrimalitySheafVerification/Mock2_FunctionalAnalysis.lean:20104:14: warning: `ModularForm.discriminantCuspForm` has been deprecated: Use `CuspForm.discriminant` instead

Note: The updated constant is in a different namespace. Dot notation may need to be changed (e.g., from `x.discriminantCuspForm` to `CuspForm.discriminant x`).
PrimalitySheafVerification/Mock2_FunctionalAnalysis.lean:20107:2: error: Type mismatch: After simplification, term
  ContDiff.comp_contDiffOn (ContinuousLinearEquiv.contDiff Complex.conjCLE) hDelta
 has type
  @ContDiffOn ℝ DenselyNormedField.toNontriviallyNormedField ℂ Complex.instNormedAddCommGroup
    instInnerProductSpaceRealComplex.toNormedSpace ℂ Complex.instNormedAddCommGroup
    instInnerProductSpaceRealComplex.toNormedSpace (↑⊤)
    (fun x => (starRingEnd ℂ) (ModularForm.discriminantCuspForm (↑ofComplex x))) upperHalfPlaneSet
but is expected to have type
  @ContDiffOn ℝ DenselyNormedField.toNontriviallyNormedField ℂ Complex.instNormedAddCommGroup
    instInnerProductSpaceRealComplex.toNormedSpace ℂ Complex.instNormedAddCommGroup
    instInnerProductSpaceRealComplex.toNormedSpace (↑⊤)
    (fun x => star (ModularForm.discriminantCuspForm (↑ofComplex x))) upperHalfPlaneSet
PrimalitySheafVerification/Mock2_FunctionalAnalysis.lean:20115:8: warning: `ModularForm.discriminantCuspForm` has been deprecated: Use `CuspForm.discriminant` instead

Note: The updated constant is in a different namespace. Dot notation may need to be changed (e.g., from `x.discriminantCuspForm` to `CuspForm.discriminant x`).
PrimalitySheafVerification/Mock2_FunctionalAnalysis.lean:20116:8: warning: `ModularForm.discriminantCuspForm` has been deprecated: Use `CuspForm.discriminant` instead

Note: The updated constant is in a different namespace. Dot notation may need to be changed (e.g., from `x.discriminantCuspForm` to `CuspForm.discriminant x`).
PrimalitySheafVerification/Mock2_FunctionalAnalysis.lean:20120:2: error: Type mismatch: After simplification, term
  hProduct
 has type
  ContDiffOn ℝ (↑⊤)
    (fun x =>
      upperLift (fun z => star (ModularForm.discriminantCuspForm z)) x *
          upperLift (fun z => ModularForm.discriminantCuspForm z) x *
        upperLift heightC x ^ 12)
    upperHalfPlaneSet
but is expected to have type
  RealSmooth (petersson 12 ⇑ModularForm.discriminantCuspForm ⇑ModularForm.discriminantCuspForm)
PrimalitySheafVerification/Mock2_FunctionalAnalysis.lean:20127:17: error: expected token
PrimalitySheafVerification/Mock2_FunctionalAnalysis.lean:20158:14: error: type expected, got
  (ContDiffOn ℝ : WithTop ℕ∞ → (?m.6 → ?m.9) → Set ?m.6 → Prop)
PrimalitySheafVerification/Mock2_FunctionalAnalysis.lean:20158:27: error: expected token
PrimalitySheafVerification/Mock2_FunctionalAnalysis.lean:20193:5: error: don't know how to synthesize implicit argument `n`
  @ContDiff.continuous ℝ DenselyNormedField.toNontriviallyNormedField ℝ Real.normedAddCommGroup
    NormedField.toNormedSpace ℝ Real.normedAddCommGroup NormedField.toNormedSpace expNegInvGlue (↑?m.27)
    expNegInvGlue.contDiff
context:
⊢ WithTop ℕ∞
PrimalitySheafVerification/Mock2_FunctionalAnalysis.lean:20193:28: error: don't know how to synthesize placeholder
context:
⊢ ℕ∞
PrimalitySheafVerification/Mock2_FunctionalAnalysis.lean:20191:73: error: unsolved goals
⊢ Continuous quotientCoreCutoff
PrimalitySheafVerification/Mock2_FunctionalAnalysis.lean:20243:4: error: Type mismatch: After simplification, term
  hz
 has type
  @Ne ℂ (quotientCoreCutoff (Quotient.mk'' z)) 0
but is expected to have type
  @Ne ℂ (upstairsCoreCutoff z) 0
PrimalitySheafVerification/Mock2_FunctionalAnalysis.lean:20270:4: error: Function expected at
  ModularForm.differentiableAt_eta_of_mem_upperHalfPlaneSet hw
but this term has type
  DifferentiableAt ℂ η w

Note: Expected a function because this term is being applied to the argument
  .differentiableWithinAt
PrimalitySheafVerification/Mock2_FunctionalAnalysis.lean:20272:20: error: type expected, got
  (ContDiffOn ℝ : WithTop ℕ∞ → (?m.19 → ?m.22) → Set ?m.19 → Prop)
PrimalitySheafVerification/Mock2_FunctionalAnalysis.lean:20272:33: error: expected token
PrimalitySheafVerification/Mock2_FunctionalAnalysis.lean:20315:24: error(lean.invalidField): Invalid field `covariance`: The environment does not contain `Subtype.covariance`, so it is not possible to project the field `covariance` from an expression
  inverseEtaSection
of type
  ↥inverseEtaPaperCertificate.multiplier.WeightSection
PrimalitySheafVerification/Mock2_FunctionalAnalysis.lean:20308:46: error: unsolved goals
γ : ↥GammaTwo
z : ℍ
⊢ ↑inverseEtaSection (↑γ • z) = (inverseEtaPaperOrbitMultiplier GammaTwo 0).factor γ z * ↑inverseEtaSection z
PrimalitySheafVerification/Mock2_FunctionalAnalysis.lean:20356:22: error(lean.invalidField): Invalid field `covariance`: The environment does not contain `Subtype.covariance`, so it is not possible to project the field `covariance` from an expression
  inverseEtaSection
of type
  ↥inverseEtaPaperCertificate.multiplier.WeightSection
PrimalitySheafVerification/Mock2_FunctionalAnalysis.lean:20347:59: error: unsolved goals
γ : ↥(CongruenceSubgroup.Gamma 2)
z : ℍ
⊢ upstairsCoreCutoff z * ↑inverseEtaSection (↑γ • z) =
    inverseEtaPaperCertificate.multiplier.factor γ z * (upstairsCoreCutoff z * ↑inverseEtaSection z)
PrimalitySheafVerification/Mock2_FunctionalAnalysis.lean:20402:22: error(lean.invalidField): Invalid field `covariance`: The environment does not contain `Subtype.covariance`, so it is not possible to project the field `covariance` from an expression
  inverseEtaSection
of type
  ↥inverseEtaPaperCertificate.multiplier.WeightSection
PrimalitySheafVerification/Mock2_FunctionalAnalysis.lean:20424:31: error(lean.invalidField): Invalid field `toSection`: The environment does not contain `Subtype.toSection`, so it is not possible to project the field `toSection` from an expression
  compactInverseEtaPaperCore
of type
  ↥(SmoothCompactCore inverseEtaPaperCertificate)
PrimalitySheafVerification/Mock2_FunctionalAnalysis.lean:20436:8: error(lean.invalidField): Invalid field `toSection`: The environment does not contain `Subtype.toSection`, so it is not possible to project the field `toSection` from an expression
  u
of type
  ↥(SmoothCompactCore inverseEtaPaperCertificate)
PrimalitySheafVerification/Mock2_FunctionalAnalysis.lean:20432:60: error: unsolved goals
hZero : compactInverseEtaPaperCore = 0
⊢ False
PrimalitySheafVerification/Mock2_FunctionalAnalysis.lean:20450:8: error(lean.invalidField): Invalid field `toSection`: The environment does not contain `Subtype.toSection`, so it is not possible to project the field `toSection` from an expression
  u
of type
  ↥(SmoothCompactWeightCore inverseEtaPaperCertificate.multiplier)
PrimalitySheafVerification/Mock2_FunctionalAnalysis.lean:20445:50: error: unsolved goals
hZero : compactInverseEtaWeightCore = 0
⊢ False
PrimalitySheafVerification/Mock2_FunctionalAnalysis.lean:20465:8: error(lean.invalidField): Invalid field `toSection`: The environment does not contain `Subtype.toSection`, so it is not possible to project the field `toSection` from an expression
  u
of type
  ↥(SmoothCompactWeightCore (inverseEtaPaperOrbitMultiplier GammaTwo 0))
PrimalitySheafVerification/Mock2_FunctionalAnalysis.lean:20460:56: error: unsolved goals
hZero : compactInverseEtaOrbitZeroWeightCore = 0
⊢ False
PrimalitySheafVerification/Mock2_FunctionalAnalysis.lean:20476:42: error(lean.invalidField): Invalid field `toSection`: The environment does not contain `Subtype.toSection`, so it is not possible to project the field `toSection` from an expression
  compactInverseEtaOrbitZeroWeightCore
of type
  ↥(SmoothCompactWeightCore (inverseEtaPaperOrbitMultiplier GammaTwo 0))
PrimalitySheafVerification/Mock2_FunctionalAnalysis.lean:20477:43: error(lean.invalidField): Invalid field `realSmooth`: The environment does not contain `Subtype.realSmooth`, so it is not possible to project the field `realSmooth` from an expression
  compactInverseEtaOrbitZeroWeightCore
of type
  ↥(SmoothCompactWeightCore (inverseEtaPaperOrbitMultiplier GammaTwo 0))
PrimalitySheafVerification/Mock2_FunctionalAnalysis.lean:20478:41: error(lean.invalidField): Invalid field `quotientCompact`: The environment does not contain `Subtype.quotientCompact`, so it is not possible to project the field `quotientCompact` from an expression
  compactInverseEtaOrbitZeroWeightCore
of type
  ↥(SmoothCompactWeightCore (inverseEtaPaperOrbitMultiplier GammaTwo 0))
PrimalitySheafVerification/Mock2_FunctionalAnalysis.lean:20487:43: error(lean.invalidField): Invalid field `covariance`: The environment does not contain `Subtype.covariance`, so it is not possible to project the field `covariance` from an expression
  compactInverseEtaOrbitZeroWeightCore
of type
  ↥(SmoothCompactWeightCore (inverseEtaPaperOrbitMultiplier GammaTwo 0))
PrimalitySheafVerification/Mock2_FunctionalAnalysis.lean:20485:9: warning: declaration uses `sorry`
PrimalitySheafVerification/Mock2_FunctionalAnalysis.lean:20605:12: error: Tactic `rewrite` failed: Did not find an occurrence of the pattern
  quotientInnerDensity ?M ?u ?u ?q
in the target expression
  (fun a => ↑(potential a) * quotientInnerDensity M u u a) q = (fun a => ↑(potential a * quotientNormSqDensity M u a)) q

k : ℤ
M : HalfIntegralMultiplier GammaTwo k
D : GammaTwoFundamentalDomain
u : ↥(SmoothCompactWeightCore M)
q : GammaTwoQuotient
⊢ (fun a => ↑(potential a) * quotientInnerDensity M u u a) q = (fun a => ↑(potential a * quotientNormSqDensity M u a)) q
PrimalitySheafVerification/Mock2_FunctionalAnalysis.lean:20618:4: error(lean.unknownIdentifier): Unknown constant `Complex.conj`
PrimalitySheafVerification/Mock2_FunctionalAnalysis.lean:20637:2: error: Type mismatch: After simplification, term
  integral_add (weightedInnerDensity_integrable M D u w) (weightedInnerDensity_integrable M D v w)
 has type
  @Eq ℂ (∫ (a : GammaTwoQuotient), weightedInnerDensity M u w a + weightedInnerDensity M v w a ∂D.quotientMeasure)
    (∫ (a : GammaTwoQuotient), weightedInnerDensity M u w a ∂D.quotientMeasure +
      ∫ (a : GammaTwoQuotient), weightedInnerDensity M v w a ∂D.quotientMeasure)
but is expected to have type
  @Eq ℂ
    (∫ (q : GammaTwoQuotient),
      ↑(potential q) * quotientInnerDensity M u w q + ↑(potential q) * quotientInnerDensity M v w q ∂D.quotientMeasure)
    (∫ (q : GammaTwoQuotient), ↑(potential q) * quotientInnerDensity M u w q ∂D.quotientMeasure +
      ∫ (q : GammaTwoQuotient), ↑(potential q) * quotientInnerDensity M v w q ∂D.quotientMeasure)
PrimalitySheafVerification/Mock2_FunctionalAnalysis.lean:20661:2: error: Type mismatch: After simplification, term
  integral_add (weightedInnerDensity_integrable M D u v) (weightedInnerDensity_integrable M D u w)
 has type
  @Eq ℂ (∫ (a : GammaTwoQuotient), weightedInnerDensity M u v a + weightedInnerDensity M u w a ∂D.quotientMeasure)
    (∫ (a : GammaTwoQuotient), weightedInnerDensity M u v a ∂D.quotientMeasure +
      ∫ (a : GammaTwoQuotient), weightedInnerDensity M u w a ∂D.quotientMeasure)
but is expected to have type
  @Eq ℂ
    (∫ (q : GammaTwoQuotient),
      ↑(potential q) * quotientInnerDensity M u v q + ↑(potential q) * quotientInnerDensity M u w q ∂D.quotientMeasure)
    (∫ (q : GammaTwoQuotient), ↑(potential q) * quotientInnerDensity M u v q ∂D.quotientMeasure +
      ∫ (q : GammaTwoQuotient), ↑(potential q) * quotientInnerDensity M u w q ∂D.quotientMeasure)
PrimalitySheafVerification/Mock2_FunctionalAnalysis.lean:20721:45: error: Tactic `rewrite` failed: Did not find an occurrence of the pattern
  (↑?r).re
in the target expression
  0 ≤ RCLike.re ↑(potentialEnergy M D u)

k : ℤ
M : HalfIntegralMultiplier GammaTwo k
D : GammaTwoFundamentalDomain
u : ↥(SmoothCompactWeightCore M)
⊢ 0 ≤ RCLike.re ↑(potentialEnergy M D u)
PrimalitySheafVerification/Mock2_FunctionalAnalysis.lean:20713:0: warning: Definition `Mock2FA.PaperCorrections.AutomorphicSobolev.ExplicitDiscriminantPotential.potentialPreInnerProductCore` of class type is semireducible. Most type class instances should be instance-reducible, so consider marking this
definition with `@[instance_reducible]`. If it is intentionally semireducible, this warning can be disabled with `set_option warn.classDefReducibility false`.
PrimalitySheafVerification/Mock2_FunctionalAnalysis.lean:20733:2: warning: Try this: 
  letI̵

The goal is a proposition, so `let` is preferred over `letI`.
The difference between `let` and `letI` is that `letI` inlines the value.
But this is not relevant for proofs because of proof irrelevance.

Note: This linter can be disabled with `set_option linter.style.haveILetI false`
PrimalitySheafVerification/Mock2_FunctionalAnalysis.lean:20816:8: error: Tactic `simp` failed with a nested error:
(deterministic) timeout at `isDefEq`, maximum number of heartbeats (200000) has been reached

Note: Use `set_option maxHeartbeats <num>` to set the limit.

Hint: Additional diagnostic information may be available using the `set_option diagnostics true` command.
PrimalitySheafVerification/Mock2_FunctionalAnalysis.lean:20825:19: error: (deterministic) timeout at `«synthesize pending MVars»`, maximum number of heartbeats (200000) has been reached

Note: Use `set_option maxHeartbeats <num>` to set the limit.

Hint: Additional diagnostic information may be available using the `set_option diagnostics true` command.
PrimalitySheafVerification/Mock2_FunctionalAnalysis.lean:20834:4: error: Function expected at
  peterssonCorePotentialLinear
but this term has type
  ?m.1

Note: Expected a function because this term is being applied to the argument
  M

Hint: The identifier `peterssonCorePotentialLinear` is unknown, and Lean's `autoImplicit` option causes an unknown identifier to be treated as an implicitly bound variable with an unknown type. However, the unknown type cannot be a function, and a function is what Lean expects here. This is often the result of a typo or a missing `import` or `open` statement.
PrimalitySheafVerification/Mock2_FunctionalAnalysis.lean:20842:3: error(lean.unknownIdentifier): Unknown identifier `peterssonCorePotentialLinear`
PrimalitySheafVerification/Mock2_FunctionalAnalysis.lean:20847:0: error: Not a definitional equality: the left-hand side
  ((peterssonCorePotentialOperator M) u) v
is not definitionally equal to the right-hand side
  potentialForm M chosenGammaTwoFundamentalDomain v.toSmoothCore u.toSmoothCore
PrimalitySheafVerification/Mock2_FunctionalAnalysis.lean:20853:2: error: Type mismatch
  rfl
has type
  ?m.13 = ?m.13
but is expected to have type
  ((peterssonCorePotentialOperator M) u) v =
    potentialForm M chosenGammaTwoFundamentalDomain v.toSmoothCore u.toSmoothCore
PrimalitySheafVerification/Mock2_FunctionalAnalysis.lean:20859:5: error(lean.unknownIdentifier): Unknown identifier `peterssonCorePotentialLinear`
PrimalitySheafVerification/Mock2_FunctionalAnalysis.lean:20858:8: error: (deterministic) timeout at `isDefEq`, maximum number of heartbeats (200000) has been reached

Note: Use `set_option maxHeartbeats <num>` to set the limit.

Hint: Additional diagnostic information may be available using the `set_option diagnostics true` command.
PrimalitySheafVerification/Mock2_FunctionalAnalysis.lean:20871:31: error: Function expected at
  PeterssonHilbertCompletion
but this term has type
  ?m.1

Note: Expected a function because this term is being applied to the argument
  M

Hint: The identifier `PeterssonHilbertCompletion` is unknown, and Lean's `autoImplicit` option causes an unknown identifier to be treated as an implicitly bound variable with an unknown type. However, the unknown type cannot be a function, and a function is what Lean expects here. This is often the result of a typo or a missing `import` or `open` statement.
PrimalitySheafVerification/Mock2_FunctionalAnalysis.lean:20875:16: error: Function expected at
  peterssonCompletionEmbedding
but this term has type
  ?m.1

Note: Expected a function because this term is being applied to the argument
  M

Hint: The identifier `peterssonCompletionEmbedding` is unknown, and Lean's `autoImplicit` option causes an unknown identifier to be treated as an implicitly bound variable with an unknown type. However, the unknown type cannot be a function, and a function is what Lean expects here. This is often the result of a typo or a missing `import` or `open` statement.
PrimalitySheafVerification/Mock2_FunctionalAnalysis.lean:20876:14: error: Invalid argument: Variable `peterssonCompletionEmbedding` is not a proposition or let-declaration
PrimalitySheafVerification/Mock2_FunctionalAnalysis.lean:20877:54: error(lean.unknownIdentifier): Unknown identifier `M`
PrimalitySheafVerification/Mock2_FunctionalAnalysis.lean:20880:23: error: Function expected at
  peterssonCompletionEmbedding
but this term has type
  ?m.1

Note: Expected a function because this term is being applied to the argument
  M

Hint: The identifier `peterssonCompletionEmbedding` is unknown, and Lean's `autoImplicit` option causes an unknown identifier to be treated as an implicitly bound variable with an unknown type. However, the unknown type cannot be a function, and a function is what Lean expects here. This is often the result of a typo or a missing `import` or `open` statement.
PrimalitySheafVerification/Mock2_FunctionalAnalysis.lean:20881:14: error: Invalid argument: Variable `peterssonCompletionEmbedding` is not a proposition or let-declaration
PrimalitySheafVerification/Mock2_FunctionalAnalysis.lean:20882:43: error(lean.unknownIdentifier): Unknown identifier `M`
PrimalitySheafVerification/Mock2_FunctionalAnalysis.lean:20889:22: error: Function expected at
  PeterssonHilbertCompletion
but this term has type
  ?m.1

Note: Expected a function because this term is being applied to the argument
  M

Hint: The identifier `PeterssonHilbertCompletion` is unknown, and Lean's `autoImplicit` option causes an unknown identifier to be treated as an implicitly bound variable with an unknown type. However, the unknown type cannot be a function, and a function is what Lean expects here. This is often the result of a typo or a missing `import` or `open` statement.
PrimalitySheafVerification/Mock2_FunctionalAnalysis.lean:20889:52: error: Application type mismatch: The argument
  PeterssonHilbertCompletion
has type
  x✝
but is expected to have type
  ?m.1
in the application
  @?m.18 PeterssonHilbertCompletion
PrimalitySheafVerification/Mock2_FunctionalAnalysis.lean:20916:5: error: Function expected at
  peterssonAntiDualExtensionLinear
but this term has type
  ?m.1

Note: Expected a function because this term is being applied to the argument
  M

Hint: The identifier `peterssonAntiDualExtensionLinear` is unknown, and Lean's `autoImplicit` option causes an unknown identifier to be treated as an implicitly bound variable with an unknown type. However, the unknown type cannot be a function, and a function is what Lean expects here. This is often the result of a typo or a missing `import` or `open` statement.
PrimalitySheafVerification/Mock2_FunctionalAnalysis.lean:20917:20: error(lean.unknownIdentifier): Unknown identifier `peterssonCompletionEmbedding`
PrimalitySheafVerification/Mock2_FunctionalAnalysis.lean:20931:22: error: Function expected at
  PeterssonHilbertCompletion
but this term has type
  ?m.1

Note: Expected a function because this term is being applied to the argument
  M

Hint: The identifier `PeterssonHilbertCompletion` is unknown, and Lean's `autoImplicit` option causes an unknown identifier to be treated as an implicitly bound variable with an unknown type. However, the unknown type cannot be a function, and a function is what Lean expects here. This is often the result of a typo or a missing `import` or `open` statement.
PrimalitySheafVerification/Mock2_FunctionalAnalysis.lean:20932:3: error(lean.unknownIdentifier): Unknown identifier `peterssonAntiDualExtensionLinear`
PrimalitySheafVerification/Mock2_FunctionalAnalysis.lean:20939:4: error: Function expected at
  peterssonAntiDualExtension
but this term has type
  ?m.1

Note: Expected a function because this term is being applied to the argument
  M

Hint: The identifier `peterssonAntiDualExtension` is unknown, and Lean's `autoImplicit` option causes an unknown identifier to be treated as an implicitly bound variable with an unknown type. However, the unknown type cannot be a function, and a function is what Lean expects here. This is often the result of a typo or a missing `import` or `open` statement.
PrimalitySheafVerification/Mock2_FunctionalAnalysis.lean:20941:19: error(lean.unknownIdentifier): Unknown identifier `peterssonCompletionEmbedding`
PrimalitySheafVerification/Mock2_FunctionalAnalysis.lean:20942:5: error(lean.unknownIdentifier): Unknown identifier `peterssonCompletionEmbedding`
PrimalitySheafVerification/Mock2_FunctionalAnalysis.lean:20948:5: error: Function expected at
  peterssonAntiDualExtension
but this term has type
  ?m.1

Note: Expected a function because this term is being applied to the argument
  M

Hint: The identifier `peterssonAntiDualExtension` is unknown, and Lean's `autoImplicit` option causes an unknown identifier to be treated as an implicitly bound variable with an unknown type. However, the unknown type cannot be a function, and a function is what Lean expects here. This is often the result of a typo or a missing `import` or `open` statement.
PrimalitySheafVerification/Mock2_FunctionalAnalysis.lean:20950:5: error(lean.unknownIdentifier): Unknown identifier `peterssonAntiDualExtensionLinear`
PrimalitySheafVerification/Mock2_FunctionalAnalysis.lean:20952:8: error(lean.unknownIdentifier): Unknown identifier `peterssonAntiDualExtensionLinear_norm_le`
PrimalitySheafVerification/Mock2_FunctionalAnalysis.lean:20957:22: error: Function expected at
  PeterssonHilbertCompletion
but this term has type
  ?m.1

Note: Expected a function because this term is being applied to the argument
  M

Hint: The identifier `PeterssonHilbertCompletion` is unknown, and Lean's `autoImplicit` option causes an unknown identifier to be treated as an implicitly bound variable with an unknown type. However, the unknown type cannot be a function, and a function is what Lean expects here. This is often the result of a typo or a missing `import` or `open` statement.
PrimalitySheafVerification/Mock2_FunctionalAnalysis.lean:20958:3: error(lean.unknownIdentifier): Unknown identifier `peterssonAntiDualExtension`
PrimalitySheafVerification/Mock2_FunctionalAnalysis.lean:20961:5: error: Function expected at
  peterssonCorePotentialIntoCompletion
but this term has type
  ?m.1

Note: Expected a function because this term is being applied to the argument
  M

Hint: The identifier `peterssonCorePotentialIntoCompletion` is unknown, and Lean's `autoImplicit` option causes an unknown identifier to be treated as an implicitly bound variable with an unknown type. However, the unknown type cannot be a function, and a function is what Lean expects here. This is often the result of a typo or a missing `import` or `open` statement.
PrimalitySheafVerification/Mock2_FunctionalAnalysis.lean:20963:5: error: Function expected at
  peterssonCorePotentialIntoCompletion
but this term has type
  x✝

Note: Expected a function because this term is being applied to the argument
  M
PrimalitySheafVerification/Mock2_FunctionalAnalysis.lean:20964:9: error(lean.unknownIdentifier): Unknown identifier `peterssonAntiDualExtension`
PrimalitySheafVerification/Mock2_FunctionalAnalysis.lean:20965:42: error(lean.unknownIdentifier): Unknown identifier `M`
PrimalitySheafVerification/Mock2_FunctionalAnalysis.lean:20969:9: error(lean.unknownIdentifier): Unknown identifier `norm_peterssonAntiDualExtension_le_one`
PrimalitySheafVerification/Mock2_FunctionalAnalysis.lean:20970:61: error(lean.unknownIdentifier): Unknown identifier `M`
PrimalitySheafVerification/Mock2_FunctionalAnalysis.lean:20977:22: error: Function expected at
  PeterssonHilbertCompletion
but this term has type
  ?m.1

Note: Expected a function because this term is being applied to the argument
  M

Hint: The identifier `PeterssonHilbertCompletion` is unknown, and Lean's `autoImplicit` option causes an unknown identifier to be treated as an implicitly bound variable with an unknown type. However, the unknown type cannot be a function, and a function is what Lean expects here. This is often the result of a typo or a missing `import` or `open` statement.
PrimalitySheafVerification/Mock2_FunctionalAnalysis.lean:20978:3: error(lean.unknownIdentifier): Unknown identifier `peterssonCorePotentialIntoCompletion`
PrimalitySheafVerification/Mock2_FunctionalAnalysis.lean:20986:4: error: Function expected at
  peterssonPotentialOperator
but this term has type
  ?m.1

Note: Expected a function because this term is being applied to the argument
  M

Hint: The identifier `peterssonPotentialOperator` is unknown, and Lean's `autoImplicit` option causes an unknown identifier to be treated as an implicitly bound variable with an unknown type. However, the unknown type cannot be a function, and a function is what Lean expects here. This is often the result of a typo or a missing `import` or `open` statement.
PrimalitySheafVerification/Mock2_FunctionalAnalysis.lean:20999:5: error: Function expected at
  peterssonPotentialOperator
but this term has type
  ?m.1

Note: Expected a function because this term is being applied to the argument
  M

Hint: The identifier `peterssonPotentialOperator` is unknown, and Lean's `autoImplicit` option causes an unknown identifier to be treated as an implicitly bound variable with an unknown type. However, the unknown type cannot be a function, and a function is what Lean expects here. This is often the result of a typo or a missing `import` or `open` statement.
PrimalitySheafVerification/Mock2_FunctionalAnalysis.lean:21001:10: error(lean.unknownIdentifier): Unknown identifier `peterssonCorePotentialIntoCompletion`
PrimalitySheafVerification/Mock2_FunctionalAnalysis.lean:21002:10: error(lean.unknownIdentifier): Unknown identifier `peterssonCompletionEmbedding`
PrimalitySheafVerification/Mock2_FunctionalAnalysis.lean:21003:15: error(lean.synthInstanceFailed): failed to synthesize instance of type class
  LE Type

Hint: Type class instance resolution failures can be inspected with the `set_option trace.Meta.synthInstance true` command.
PrimalitySheafVerification/Mock2_FunctionalAnalysis.lean:21003:17: error(lean.synthInstanceFailed): failed to synthesize instance of type class
  OfNat Type 0
numerals are polymorphic in Lean, but the numeral `0` cannot be used in a context where the expected type is
  Type
due to the absence of the instance above

Hint: Type class instance resolution failures can be inspected with the `set_option trace.Meta.synthInstance true` command.
PrimalitySheafVerification/Mock2_FunctionalAnalysis.lean:21004:5: error(lean.unknownIdentifier): Unknown identifier `peterssonCompletionEmbedding_denseRange`
PrimalitySheafVerification/Mock2_FunctionalAnalysis.lean:20999:53: error: unsolved goals
x✝ : Sort u_1
peterssonPotentialOperator : x✝
⊢ ‖sorry‖ ≤ uniformBound
PrimalitySheafVerification/Mock2_FunctionalAnalysis.lean:21014:11: error: Function expected at
  PeterssonHilbertCompletion
but this term has type
  ?m.1

Note: Expected a function because this term is being applied to the argument
  M

Hint: The identifier `PeterssonHilbertCompletion` is unknown, and Lean's `autoImplicit` option causes an unknown identifier to be treated as an implicitly bound variable with an unknown type. However, the unknown type cannot be a function, and a function is what Lean expects here. This is often the result of a typo or a missing `import` or `open` statement.
PrimalitySheafVerification/Mock2_FunctionalAnalysis.lean:21014:11: error: Function expected at
  PeterssonHilbertCompletion
but this term has type
  ?m.1

Note: Expected a function because this term is being applied to the argument
  M

Hint: The identifier `PeterssonHilbertCompletion` is unknown, and Lean's `autoImplicit` option causes an unknown identifier to be treated as an implicitly bound variable with an unknown type. However, the unknown type cannot be a function, and a function is what Lean expects here. This is often the result of a typo or a missing `import` or `open` statement.
PrimalitySheafVerification/Mock2_FunctionalAnalysis.lean:21015:5: error: Function expected at
  peterssonPotentialOperator
but this term has type
  ?m.2

Note: Expected a function because this term is being applied to the argument
  M

Hint: The identifier `peterssonPotentialOperator` is unknown, and Lean's `autoImplicit` option causes an unknown identifier to be treated as an implicitly bound variable with an unknown type. However, the unknown type cannot be a function, and a function is what Lean expects here. This is often the result of a typo or a missing `import` or `open` statement.
PrimalitySheafVerification/Mock2_FunctionalAnalysis.lean:21018:5: error: Function expected at
  peterssonPotentialOperator
but this term has type
  x✝

Note: Expected a function because this term is being applied to the argument
  M
PrimalitySheafVerification/Mock2_FunctionalAnalysis.lean:21019:9: error: Function expected at
  peterssonPotentialOperator
but this term has type
  x✝

Note: Expected a function because this term is being applied to the argument
  M
PrimalitySheafVerification/Mock2_FunctionalAnalysis.lean:21020:7: error: Function expected at
  peterssonPotentialOperator
but this term has type
  x✝

Note: Expected a function because this term is being applied to the argument
  M
PrimalitySheafVerification/Mock2_FunctionalAnalysis.lean:21023:12: error(lean.unknownIdentifier): Unknown identifier `norm_peterssonPotentialOperator_le_uniformBound`
PrimalitySheafVerification/Mock2_FunctionalAnalysis.lean:21021:36: error: unsolved goals
case ha
x✝¹ : Sort u_1
PeterssonHilbertCompletion : x✝¹
x✝ : Sort u_2
peterssonPotentialOperator : x✝
u : sorry
v : sorry
⊢ 0 ≤ sorry

case hbc
x✝¹ : Sort u_1
PeterssonHilbertCompletion : x✝¹
x✝ : Sort u_2
peterssonPotentialOperator : x✝
u : sorry
v : sorry
⊢ ‖sorry‖ ≤ uniformBound
PrimalitySheafVerification/Mock2_FunctionalAnalysis.lean:21042:4: error: Function expected at
  GraphSobolevCompletion
but this term has type
  ?m.1

Note: Expected a function because this term is being applied to the argument
  n

Hint: The identifier `GraphSobolevCompletion` is unknown, and Lean's `autoImplicit` option causes an unknown identifier to be treated as an implicitly bound variable with an unknown type. However, the unknown type cannot be a function, and a function is what Lean expects here. This is often the result of a typo or a missing `import` or `open` statement.
PrimalitySheafVerification/Mock2_FunctionalAnalysis.lean:21043:6: error: Function expected at
  GraphSobolevCompletion
but this term has type
  ?m.1

Note: Expected a function because this term is being applied to the argument
  n

Hint: The identifier `GraphSobolevCompletion` is unknown, and Lean's `autoImplicit` option causes an unknown identifier to be treated as an implicitly bound variable with an unknown type. However, the unknown type cannot be a function, and a function is what Lean expects here. This is often the result of a typo or a missing `import` or `open` statement.
PrimalitySheafVerification/Mock2_FunctionalAnalysis.lean:21059:11: error: Function expected at
  GraphSobolevCompletion
but this term has type
  ?m.1

Note: Expected a function because this term is being applied to the argument
  n

Hint: The identifier `GraphSobolevCompletion` is unknown, and Lean's `autoImplicit` option causes an unknown identifier to be treated as an implicitly bound variable with an unknown type. However, the unknown type cannot be a function, and a function is what Lean expects here. This is often the result of a typo or a missing `import` or `open` statement.
PrimalitySheafVerification/Mock2_FunctionalAnalysis.lean:21059:11: error: Function expected at
  GraphSobolevCompletion
but this term has type
  ?m.1

Note: Expected a function because this term is being applied to the argument
  n

Hint: The identifier `GraphSobolevCompletion` is unknown, and Lean's `autoImplicit` option causes an unknown identifier to be treated as an implicitly bound variable with an unknown type. However, the unknown type cannot be a function, and a function is what Lean expects here. This is often the result of a typo or a missing `import` or `open` statement.
PrimalitySheafVerification/Mock2_FunctionalAnalysis.lean:21060:4: error: Function expected at
  graphPotentialLinear
but this term has type
  ?m.2

Note: Expected a function because this term is being applied to the argument
  n

Hint: The identifier `graphPotentialLinear` is unknown, and Lean's `autoImplicit` option causes an unknown identifier to be treated as an implicitly bound variable with an unknown type. However, the unknown type cannot be a function, and a function is what Lean expects here. This is often the result of a typo or a missing `import` or `open` statement.
PrimalitySheafVerification/Mock2_FunctionalAnalysis.lean:21061:6: error: Function expected at
  peterssonPotentialOperator
but this term has type
  ?m.3

Note: Expected a function because this term is being applied to the argument
  (OrbitMultiplier n)

Hint: The identifier `peterssonPotentialOperator` is unknown, and Lean's `autoImplicit` option causes an unknown identifier to be treated as an implicitly bound variable with an unknown type. However, the unknown type cannot be a function, and a function is what Lean expects here. This is often the result of a typo or a missing `import` or `open` statement.
PrimalitySheafVerification/Mock2_FunctionalAnalysis.lean:21068:11: error: Function expected at
  GraphSobolevCompletion
but this term has type
  ?m.1

Note: Expected a function because this term is being applied to the argument
  n

Hint: The identifier `GraphSobolevCompletion` is unknown, and Lean's `autoImplicit` option causes an unknown identifier to be treated as an implicitly bound variable with an unknown type. However, the unknown type cannot be a function, and a function is what Lean expects here. This is often the result of a typo or a missing `import` or `open` statement.
PrimalitySheafVerification/Mock2_FunctionalAnalysis.lean:21068:11: error: Function expected at
  GraphSobolevCompletion
but this term has type
  ?m.1

Note: Expected a function because this term is being applied to the argument
  n

Hint: The identifier `GraphSobolevCompletion` is unknown, and Lean's `autoImplicit` option causes an unknown identifier to be treated as an implicitly bound variable with an unknown type. However, the unknown type cannot be a function, and a function is what Lean expects here. This is often the result of a typo or a missing `import` or `open` statement.
PrimalitySheafVerification/Mock2_FunctionalAnalysis.lean:21069:5: error: Function expected at
  graphPotentialLinear
but this term has type
  ?m.2

Note: Expected a function because this term is being applied to the argument
  n

Hint: The identifier `graphPotentialLinear` is unknown, and Lean's `autoImplicit` option causes an unknown identifier to be treated as an implicitly bound variable with an unknown type. However, the unknown type cannot be a function, and a function is what Lean expects here. This is often the result of a typo or a missing `import` or `open` statement.
PrimalitySheafVerification/Mock2_FunctionalAnalysis.lean:21072:5: error: Function expected at
  graphPotentialLinear
but this term has type
  x✝

Note: Expected a function because this term is being applied to the argument
  n
PrimalitySheafVerification/Mock2_FunctionalAnalysis.lean:21073:24: error(lean.unknownIdentifier): Unknown identifier `baseExtension`
PrimalitySheafVerification/Mock2_FunctionalAnalysis.lean:21073:46: error(lean.unknownIdentifier): Unknown identifier `baseExtension`
PrimalitySheafVerification/Mock2_FunctionalAnalysis.lean:21074:6: error(lean.unknownIdentifier): Unknown identifier `peterssonPotentialOperator_bound`
PrimalitySheafVerification/Mock2_FunctionalAnalysis.lean:21078:36: error(lean.unknownIdentifier): Unknown identifier `norm_baseExtension_le`
PrimalitySheafVerification/Mock2_FunctionalAnalysis.lean:21080:9: error(lean.unknownIdentifier): Unknown identifier `norm_baseExtension_le`
PrimalitySheafVerification/Mock2_FunctionalAnalysis.lean:21076:36: error: unsolved goals
x✝¹ : Sort u_1
GraphSobolevCompletion : x✝¹
x✝ : Sort u_2
graphPotentialLinear : x✝
n : ℤ
u : sorry
v : sorry
⊢ uniformBound * ‖sorry‖ * ‖sorry‖ ≤ uniformBound * sorry * sorry
PrimalitySheafVerification/Mock2_FunctionalAnalysis.lean:21087:22: error: Function expected at
  GraphSobolevCompletion
but this term has type
  ?m.1

Note: Expected a function because this term is being applied to the argument
  n

Hint: The identifier `GraphSobolevCompletion` is unknown, and Lean's `autoImplicit` option causes an unknown identifier to be treated as an implicitly bound variable with an unknown type. However, the unknown type cannot be a function, and a function is what Lean expects here. This is often the result of a typo or a missing `import` or `open` statement.
PrimalitySheafVerification/Mock2_FunctionalAnalysis.lean:21088:3: error(lean.unknownIdentifier): Unknown identifier `graphPotentialLinear`
PrimalitySheafVerification/Mock2_FunctionalAnalysis.lean:21093:11: error: Function expected at
  GraphSobolevCompletion
but this term has type
  ?m.1

Note: Expected a function because this term is being applied to the argument
  n

Hint: The identifier `GraphSobolevCompletion` is unknown, and Lean's `autoImplicit` option causes an unknown identifier to be treated as an implicitly bound variable with an unknown type. However, the unknown type cannot be a function, and a function is what Lean expects here. This is often the result of a typo or a missing `import` or `open` statement.
PrimalitySheafVerification/Mock2_FunctionalAnalysis.lean:21093:11: error: Function expected at
  GraphSobolevCompletion
but this term has type
  ?m.1

Note: Expected a function because this term is being applied to the argument
  n

Hint: The identifier `GraphSobolevCompletion` is unknown, and Lean's `autoImplicit` option causes an unknown identifier to be treated as an implicitly bound variable with an unknown type. However, the unknown type cannot be a function, and a function is what Lean expects here. This is often the result of a typo or a missing `import` or `open` statement.
PrimalitySheafVerification/Mock2_FunctionalAnalysis.lean:21094:4: error: Function expected at
  graphPotentialOperator
but this term has type
  ?m.2

Note: Expected a function because this term is being applied to the argument
  n

Hint: The identifier `graphPotentialOperator` is unknown, and Lean's `autoImplicit` option causes an unknown identifier to be treated as an implicitly bound variable with an unknown type. However, the unknown type cannot be a function, and a function is what Lean expects here. This is often the result of a typo or a missing `import` or `open` statement.
PrimalitySheafVerification/Mock2_FunctionalAnalysis.lean:21095:6: error: Function expected at
  peterssonPotentialOperator
but this term has type
  ?m.3

Note: Expected a function because this term is being applied to the argument
  (OrbitMultiplier n)

Hint: The identifier `peterssonPotentialOperator` is unknown, and Lean's `autoImplicit` option causes an unknown identifier to be treated as an implicitly bound variable with an unknown type. However, the unknown type cannot be a function, and a function is what Lean expects here. This is often the result of a typo or a missing `import` or `open` statement.
PrimalitySheafVerification/Mock2_FunctionalAnalysis.lean:21102:4: error: Function expected at
  graphPotentialOperator
but this term has type
  ?m.1

Note: Expected a function because this term is being applied to the argument
  n

Hint: The identifier `graphPotentialOperator` is unknown, and Lean's `autoImplicit` option causes an unknown identifier to be treated as an implicitly bound variable with an unknown type. However, the unknown type cannot be a function, and a function is what Lean expects here. This is often the result of a typo or a missing `import` or `open` statement.
PrimalitySheafVerification/Mock2_FunctionalAnalysis.lean:21106:14: error(lean.unknownIdentifier): Unknown identifier `graphPotentialOperator_apply`
PrimalitySheafVerification/Mock2_FunctionalAnalysis.lean:21105:68: error: unsolved goals
x✝ : Sort u_1
graphPotentialOperator : x✝
n : ℤ
u v : ↥(InverseEtaFixedPhaseCore n)
⊢ sorry =
    potentialForm (OrbitMultiplier n) chosenGammaTwoFundamentalDomain
      ((InverseEtaFixedPhaseCore.toSmoothCompactWeightCore n) v)
      ((InverseEtaFixedPhaseCore.toSmoothCompactWeightCore n) u)
PrimalitySheafVerification/Mock2_FunctionalAnalysis.lean:21114:5: error: Function expected at
  graphPotentialOperator
but this term has type
  ?m.1

Note: Expected a function because this term is being applied to the argument
  n

Hint: The identifier `graphPotentialOperator` is unknown, and Lean's `autoImplicit` option causes an unknown identifier to be treated as an implicitly bound variable with an unknown type. However, the unknown type cannot be a function, and a function is what Lean expects here. This is often the result of a typo or a missing `import` or `open` statement.
PrimalitySheafVerification/Mock2_FunctionalAnalysis.lean:21116:5: error(lean.unknownIdentifier): Unknown identifier `graphPotentialLinear`
PrimalitySheafVerification/Mock2_FunctionalAnalysis.lean:21117:7: error(lean.unknownIdentifier): Unknown identifier `graphPotentialLinear_bound`
PrimalitySheafVerification/Mock2_FunctionalAnalysis.lean:21122:11: error: Function expected at
  GraphSobolevCompletion
but this term has type
  ?m.1

Note: Expected a function because this term is being applied to the argument
  n

Hint: The identifier `GraphSobolevCompletion` is unknown, and Lean's `autoImplicit` option causes an unknown identifier to be treated as an implicitly bound variable with an unknown type. However, the unknown type cannot be a function, and a function is what Lean expects here. This is often the result of a typo or a missing `import` or `open` statement.
PrimalitySheafVerification/Mock2_FunctionalAnalysis.lean:21122:11: error: Function expected at
  GraphSobolevCompletion
but this term has type
  ?m.1

Note: Expected a function because this term is being applied to the argument
  n

Hint: The identifier `GraphSobolevCompletion` is unknown, and Lean's `autoImplicit` option causes an unknown identifier to be treated as an implicitly bound variable with an unknown type. However, the unknown type cannot be a function, and a function is what Lean expects here. This is often the result of a typo or a missing `import` or `open` statement.
PrimalitySheafVerification/Mock2_FunctionalAnalysis.lean:21123:5: error: Function expected at
  graphPotentialOperator
but this term has type
  ?m.2

Note: Expected a function because this term is being applied to the argument
  n

Hint: The identifier `graphPotentialOperator` is unknown, and Lean's `autoImplicit` option causes an unknown identifier to be treated as an implicitly bound variable with an unknown type. However, the unknown type cannot be a function, and a function is what Lean expects here. This is often the result of a typo or a missing `import` or `open` statement.
PrimalitySheafVerification/Mock2_FunctionalAnalysis.lean:21125:2: error(lean.unknownIdentifier): Unknown identifier `graphPotentialLinear_bound`
PrimalitySheafVerification/Mock2_FunctionalAnalysis.lean:21131:4: error(lean.dependsOnNoncomputable): failed to compile definition, consider marking it as 'noncomputable' because it depends on 'potential', which is 'noncomputable'
PrimalitySheafVerification/Mock2_FunctionalAnalysis.lean:21204:6: error: Tactic `rewrite` failed: Did not find an occurrence of the pattern
  (hilbertRankOne ?φ) ?u
in the target expression
  ↑(hilbertRankOne φ) u ∈ ℂ ∙ φ

H : Type u_1
inst✝¹ : NormedAddCommGroup H
inst✝ : InnerProductSpace ℂ H
φ u : H
⊢ ↑(hilbertRankOne φ) u ∈ ℂ ∙ φ
Try this:
  [apply] ring_nf
  
  The `ring` tactic failed to close the goal. Use `ring_nf` to obtain a normal form.
    
  Note that `ring` works primarily in *commutative* rings. If you have a noncommutative ring, abelian group or module, consider using `noncomm_ring`, `abel` or `module` instead.
PrimalitySheafVerification/Mock2_FunctionalAnalysis.lean:21229:52: error: unsolved goals
H : Type u_1
inst✝¹ : NormedAddCommGroup H
inst✝ : InnerProductSpace ℂ H
φ u v : H
⊢ star (⟪u, φ⟫_ℂ * ⟪φ, v⟫_ℂ) = ⟪v, φ⟫_ℂ * ⟪φ, u⟫_ℂ
PrimalitySheafVerification/Mock2_FunctionalAnalysis.lean:21230:32: warning: This simp argument is unused:
  map_mul

Hint: Omit it from the simp argument list.
  [apply] simp only [rankOneForm_apply, inner_conj_symm]

Note: This linter can be disabled with `set_option linter.unusedSimpArgs false`
PrimalitySheafVerification/Mock2_FunctionalAnalysis.lean:21230:41: warning: This simp argument is unused:
  inner_conj_symm

Hint: Omit it from the simp argument list.
  [apply] simp only [rankOneForm_apply, map_mul]

Note: This linter can be disabled with `set_option linter.unusedSimpArgs false`
PrimalitySheafVerification/Mock2_FunctionalAnalysis.lean:21237:2: error: `simp` made no progress
PrimalitySheafVerification/Mock2_FunctionalAnalysis.lean:21310:59: error: unsolved goals
H : Type u_1
inst✝¹ : NormedAddCommGroup H
inst✝ : NormedSpace ℂ H
C : ContinuousSesquilinearForm H
hC : IsCompactOperator ⇑C
n : ℕ
⊢ C - C = 0
PrimalitySheafVerification/Mock2_FunctionalAnalysis.lean:21316:61: error: unsolved goals
H : Type u_1
inst✝¹ : NormedAddCommGroup H
inst✝ : NormedSpace ℂ H
C : ContinuousSesquilinearForm H
hC : IsCompactOperator ⇑C
n : ℕ
⊢ ‖C - C‖ = 0
PrimalitySheafVerification/Mock2_FunctionalAnalysis.lean:21323:4: error: synthesized type class instance is not definitionally equal to expression inferred by typing rules, synthesized
  inst✝¹
inferred
  inst✝.toNormedSpace
PrimalitySheafVerification/Mock2_FunctionalAnalysis.lean:21324:2: error: synthesized type class instance is not definitionally equal to expression inferred by typing rules, synthesized
  inst✝¹
inferred
  inst✝.toNormedSpace
PrimalitySheafVerification/Mock2_FunctionalAnalysis.lean:21322:18: warning: Overlapping instance parameters in `rankOneCuspTail`:

⚠️ `[NormedSpace ℂ H]` and `[InnerProductSpace ℂ H]` can be used to infer conflicting versions of `[SMul ℂ H]`.
💡️ Of these, `[NormedSpace ℂ H]` may be removed.

When a data-carrying type class has multiple potential instances coming from different instance parameters, then these potential instances are incompatible. This is an example of an "instance diamond", which leads to unexpected unification failures.

Delete or combine some of your instance parameters to avoid this.

Note: This linter can be disabled with `set_option linter.overlappingInstances false`
PrimalitySheafVerification/Mock2_FunctionalAnalysis.lean:21327:8: warning: declaration uses `sorry`
PrimalitySheafVerification/Mock2_FunctionalAnalysis.lean:21327:44: warning: Variable name `n` is not explicitly referenced.

Hint: The binding can be removed (if unused) or named `_` (if used implicitly). Alternatively, prefix the name with `_` to silence this warning:
  [apply] _n

Note: This linter can be disabled with `set_option linter.unusedVariables false`
PrimalitySheafVerification/Mock2_FunctionalAnalysis.lean:21327:8: warning: Overlapping instance parameters in `rankOneCuspTail_truncation`:

⚠️ `[NormedSpace ℂ H]` and `[InnerProductSpace ℂ H]` can be used to infer conflicting versions of `[SMul ℂ H]`.
💡️ Of these, `[NormedSpace ℂ H]` may be removed.

When a data-carrying type class has multiple potential instances coming from different instance parameters, then these potential instances are incompatible. This is an example of an "instance diamond", which leads to unexpected unification failures.

Delete or combine some of your instance parameters to avoid this.

Note: This linter can be disabled with `set_option linter.overlappingInstances false`
PrimalitySheafVerification/Mock2_FunctionalAnalysis.lean:21333:4: error(lean.synthInstanceFailed): failed to synthesize instance of type class
  Norm (ContinuousSesquilinearForm H)

Hint: Type class instance resolution failures can be inspected with the `set_option trace.Meta.synthInstance true` command.
PrimalitySheafVerification/Mock2_FunctionalAnalysis.lean:21333:62: error: unsolved goals
H : Type u_1
inst✝² : NormedAddCommGroup H
inst✝¹ : NormedSpace ℂ H
inst✝ : InnerProductSpace ℂ H
φ : H
n : ℕ
⊢ sorry () = 0
PrimalitySheafVerification/Mock2_FunctionalAnalysis.lean:21332:8: warning: Overlapping instance parameters in `rankOneCuspTail_tail_norm_eq_zero`:

⚠️ `[NormedSpace ℂ H]` and `[InnerProductSpace ℂ H]` can be used to infer conflicting versions of `[SMul ℂ H]`.
💡️ Of these, `[NormedSpace ℂ H]` may be removed.

When a data-carrying type class has multiple potential instances coming from different instance parameters, then these potential instances are incompatible. This is an example of an "instance diamond", which leads to unexpected unification failures.

Delete or combine some of your instance parameters to avoid this.

Note: This linter can be disabled with `set_option linter.overlappingInstances false`
Try this:
  [apply] ring_nf
  
  The `ring` tactic failed to close the goal. Use `ring_nf` to obtain a normal form.
    
  Note that `ring` works primarily in *commutative* rings. If you have a noncommutative ring, abelian group or module, consider using `noncomm_ring`, `abel` or `module` instead.
PrimalitySheafVerification/Mock2_FunctionalAnalysis.lean:21408:38: error: unsolved goals
H : Type u_1
G : Type u_2
inst✝⁵ : NormedAddCommGroup H
inst✝⁴ : InnerProductSpace ℂ H
inst✝³ : CompleteSpace H
inst✝² : NormedAddCommGroup G
inst✝¹ : InnerProductSpace ℂ G
inst✝ : CompleteSpace G
B : H →L[ℂ] G
φ : G
u v : H
⊢ star (⟪B u, φ⟫_ℂ * ⟪φ, B v⟫_ℂ) = ⟪B v, φ⟫_ℂ * ⟪φ, B u⟫_ℂ
PrimalitySheafVerification/Mock2_FunctionalAnalysis.lean:21409:41: warning: This simp argument is unused:
  map_mul

Hint: Omit it from the simp argument list.
  [apply] simp only [pulledBackKernelForm_apply, inner_conj_symm]

Note: This linter can be disabled with `set_option linter.unusedSimpArgs false`
PrimalitySheafVerification/Mock2_FunctionalAnalysis.lean:21409:50: warning: This simp argument is unused:
  inner_conj_symm

Hint: Omit it from the simp argument list.
  [apply] simp only [pulledBackKernelForm_apply, map_mul]

Note: This linter can be disabled with `set_option linter.unusedSimpArgs false`
PrimalitySheafVerification/Mock2_FunctionalAnalysis.lean:21419:2: error: `simp` made no progress
PrimalitySheafVerification/Mock2_FunctionalAnalysis.lean:21478:2: error: `simp` made no progress
PrimalitySheafVerification/Mock2_FunctionalAnalysis.lean:21564:2: error: `simp` made no progress
PrimalitySheafVerification/Mock2_FunctionalAnalysis.lean:21643:4: warning: `ContinuousLinearMap.sub_apply` has been deprecated: Use `sub_apply` instead

Note: The updated constant is in a different namespace. Dot notation may need to be changed (e.g., from `x.sub_apply` to `sub_apply x`).
PrimalitySheafVerification/Mock2_FunctionalAnalysis.lean:21707:4: error: Tactic `rewrite` failed: Did not find an occurrence of the pattern
  ?m.17 ∙ ?m.22 = ⊥
in the target expression
  ℂ ∙ explicitKernelUnitVector ≠ ⊥

⊢ ℂ ∙ explicitKernelUnitVector ≠ ⊥
PrimalitySheafVerification/Mock2_FunctionalAnalysis.lean:21788:6: error: Tactic `rewrite` failed: motive is not type correct:
  fun _a => ↑f ∈ _a
Error: Application type mismatch: The argument
  f
has type
  ↥(↑explicitUnshiftedFredholmOperator).range
but is expected to have type
  ↥_a
in the application
  ↑f

Explanation: The rewrite tactic rewrites an expression 'e' using an equality 'a = b' by the following process. First, it looks for all 'a' in 'e'. Second, it tries to abstract these occurrences of 'a' to create a function 'm := fun _a => ...', called the *motive*, with the property that 'm a' is definitionally equal to 'e'. Third, we observe that 'congrArg' implies that 'm a = m b', which can be used with lemmas such as 'Eq.mpr' to change the goal. However, if 'e' depends on specific properties of 'a', then the motive 'm' might not typecheck.

Possible solutions: use rewrite's 'occs' configuration option to limit which occurrences are rewritten, or use 'simp' or 'conv' mode, which have strategies for certain kinds of dependencies (these tactics can handle proofs and 'Decidable' instances whose types depend on the rewritten term, and 'simp' can apply user-defined '@[congr]' theorems as well).

f : ↥(↑explicitUnshiftedFredholmOperator).range
hf : ↑f ∈ (↑explicitUnshiftedFredholmOperator).range
⊢ ⟪explicitKernelUnitVector, ↑f⟫_ℂ = 0
PrimalitySheafVerification/Mock2_FunctionalAnalysis.lean:21812:62: error: unsolved goals
f : ↥(↑explicitUnshiftedFredholmOperator).range
⊢ ‖↑f‖ ≤ ‖f‖
PrimalitySheafVerification/Mock2_FunctionalAnalysis.lean:21841:4: error: Function expected at
  GraphSobolevCompletion
but this term has type
  ?m.1

Note: Expected a function because this term is being applied to the argument
  n

Hint: The identifier `GraphSobolevCompletion` is unknown, and Lean's `autoImplicit` option causes an unknown identifier to be treated as an implicitly bound variable with an unknown type. However, the unknown type cannot be a function, and a function is what Lean expects here. This is often the result of a typo or a missing `import` or `open` statement.
PrimalitySheafVerification/Mock2_FunctionalAnalysis.lean:21841:35: error: Function expected at
  GraphSobolevCompletion
but this term has type
  ?m.1

Note: Expected a function because this term is being applied to the argument
  n

Hint: The identifier `GraphSobolevCompletion` is unknown, and Lean's `autoImplicit` option causes an unknown identifier to be treated as an implicitly bound variable with an unknown type. However, the unknown type cannot be a function, and a function is what Lean expects here. This is often the result of a typo or a missing `import` or `open` statement.
PrimalitySheafVerification/Mock2_FunctionalAnalysis.lean:21842:27: error(lean.unknownIdentifier): Unknown identifier `baseExtension`
PrimalitySheafVerification/Mock2_FunctionalAnalysis.lean:21847:32: error: Function expected at
  GraphSobolevCompletion
but this term has type
  ?m.1

Note: Expected a function because this term is being applied to the argument
  n

Hint: The identifier `GraphSobolevCompletion` is unknown, and Lean's `autoImplicit` option causes an unknown identifier to be treated as an implicitly bound variable with an unknown type. However, the unknown type cannot be a function, and a function is what Lean expects here. This is often the result of a typo or a missing `import` or `open` statement.
PrimalitySheafVerification/Mock2_FunctionalAnalysis.lean:21848:24: error(lean.unknownIdentifier): Unknown identifier `baseExtension`
PrimalitySheafVerification/Mock2_FunctionalAnalysis.lean:21853:11: error: Function expected at
  GraphSobolevCompletion
but this term has type
  ?m.1

Note: Expected a function because this term is being applied to the argument
  n

Hint: The identifier `GraphSobolevCompletion` is unknown, and Lean's `autoImplicit` option causes an unknown identifier to be treated as an implicitly bound variable with an unknown type. However, the unknown type cannot be a function, and a function is what Lean expects here. This is often the result of a typo or a missing `import` or `open` statement.
PrimalitySheafVerification/Mock2_FunctionalAnalysis.lean:21853:11: error: Function expected at
  GraphSobolevCompletion
but this term has type
  ?m.1

Note: Expected a function because this term is being applied to the argument
  n

Hint: The identifier `GraphSobolevCompletion` is unknown, and Lean's `autoImplicit` option causes an unknown identifier to be treated as an implicitly bound variable with an unknown type. However, the unknown type cannot be a function, and a function is what Lean expects here. This is often the result of a typo or a missing `import` or `open` statement.
PrimalitySheafVerification/Mock2_FunctionalAnalysis.lean:21854:4: error: Function expected at
  graphBaseKernelForm
but this term has type
  ?m.2

Note: Expected a function because this term is being applied to the argument
  n

Hint: The identifier `graphBaseKernelForm` is unknown, and Lean's `autoImplicit` option causes an unknown identifier to be treated as an implicitly bound variable with an unknown type. However, the unknown type cannot be a function, and a function is what Lean expects here. This is often the result of a typo or a missing `import` or `open` statement.
PrimalitySheafVerification/Mock2_FunctionalAnalysis.lean:21855:15: error: Function expected at
  baseExtension
but this term has type
  ?m.3

Note: Expected a function because this term is being applied to the argument
  n

Hint: The identifier `baseExtension` is unknown, and Lean's `autoImplicit` option causes an unknown identifier to be treated as an implicitly bound variable with an unknown type. However, the unknown type cannot be a function, and a function is what Lean expects here. This is often the result of a typo or a missing `import` or `open` statement.
PrimalitySheafVerification/Mock2_FunctionalAnalysis.lean:21856:19: error: Function expected at
  baseExtension
but this term has type
  ?m.3

Note: Expected a function because this term is being applied to the argument
  n

Hint: The identifier `baseExtension` is unknown, and Lean's `autoImplicit` option causes an unknown identifier to be treated as an implicitly bound variable with an unknown type. However, the unknown type cannot be a function, and a function is what Lean expects here. This is often the result of a typo or a missing `import` or `open` statement.
PrimalitySheafVerification/Mock2_FunctionalAnalysis.lean:21857:30: error: Function expected at
  baseExtension
but this term has type
  x✝

Note: Expected a function because this term is being applied to the argument
  n
PrimalitySheafVerification/Mock2_FunctionalAnalysis.lean:21861:11: error: Function expected at
  GraphSobolevCompletion
but this term has type
  ?m.1

Note: Expected a function because this term is being applied to the argument
  n

Hint: The identifier `GraphSobolevCompletion` is unknown, and Lean's `autoImplicit` option causes an unknown identifier to be treated as an implicitly bound variable with an unknown type. However, the unknown type cannot be a function, and a function is what Lean expects here. This is often the result of a typo or a missing `import` or `open` statement.
PrimalitySheafVerification/Mock2_FunctionalAnalysis.lean:21861:11: error: Function expected at
  GraphSobolevCompletion
but this term has type
  ?m.1

Note: Expected a function because this term is being applied to the argument
  n

Hint: The identifier `GraphSobolevCompletion` is unknown, and Lean's `autoImplicit` option causes an unknown identifier to be treated as an implicitly bound variable with an unknown type. However, the unknown type cannot be a function, and a function is what Lean expects here. This is often the result of a typo or a missing `import` or `open` statement.
PrimalitySheafVerification/Mock2_FunctionalAnalysis.lean:21862:10: error: Function expected at
  graphBaseKernelForm
but this term has type
  ?m.2

Note: Expected a function because this term is being applied to the argument
  n

Hint: The identifier `graphBaseKernelForm` is unknown, and Lean's `autoImplicit` option causes an unknown identifier to be treated as an implicitly bound variable with an unknown type. However, the unknown type cannot be a function, and a function is what Lean expects here. This is often the result of a typo or a missing `import` or `open` statement.
PrimalitySheafVerification/Mock2_FunctionalAnalysis.lean:21863:6: error: Function expected at
  graphBaseKernelForm
but this term has type
  ?m.2

Note: Expected a function because this term is being applied to the argument
  n

Hint: The identifier `graphBaseKernelForm` is unknown, and Lean's `autoImplicit` option causes an unknown identifier to be treated as an implicitly bound variable with an unknown type. However, the unknown type cannot be a function, and a function is what Lean expects here. This is often the result of a typo or a missing `import` or `open` statement.
PrimalitySheafVerification/Mock2_FunctionalAnalysis.lean:21864:34: error(lean.unknownIdentifier): Unknown identifier `baseExtension`
PrimalitySheafVerification/Mock2_FunctionalAnalysis.lean:21868:9: error: Function expected at
  GraphSobolevCompletion
but this term has type
  ?m.1

Note: Expected a function because this term is being applied to the argument
  n

Hint: The identifier `GraphSobolevCompletion` is unknown, and Lean's `autoImplicit` option causes an unknown identifier to be treated as an implicitly bound variable with an unknown type. However, the unknown type cannot be a function, and a function is what Lean expects here. This is often the result of a typo or a missing `import` or `open` statement.
PrimalitySheafVerification/Mock2_FunctionalAnalysis.lean:21869:9: error: Function expected at
  graphBaseKernelForm
but this term has type
  ?m.2

Note: Expected a function because this term is being applied to the argument
  n

Hint: The identifier `graphBaseKernelForm` is unknown, and Lean's `autoImplicit` option causes an unknown identifier to be treated as an implicitly bound variable with an unknown type. However, the unknown type cannot be a function, and a function is what Lean expects here. This is often the result of a typo or a missing `import` or `open` statement.
PrimalitySheafVerification/Mock2_FunctionalAnalysis.lean:21870:36: error(lean.unknownIdentifier): Unknown identifier `baseExtension`
PrimalitySheafVerification/Mock2_FunctionalAnalysis.lean:21875:23: error: Function expected at
  graphBaseKernelForm
but this term has type
  ?m.1

Note: Expected a function because this term is being applied to the argument
  n

Hint: The identifier `graphBaseKernelForm` is unknown, and Lean's `autoImplicit` option causes an unknown identifier to be treated as an implicitly bound variable with an unknown type. However, the unknown type cannot be a function, and a function is what Lean expects here. This is often the result of a typo or a missing `import` or `open` statement.
PrimalitySheafVerification/Mock2_FunctionalAnalysis.lean:21876:34: error(lean.unknownIdentifier): Unknown identifier `baseExtension`
PrimalitySheafVerification/Mock2_FunctionalAnalysis.lean:21881:33: error: Function expected at
  graphBaseKernelForm
but this term has type
  ?m.1

Note: Expected a function because this term is being applied to the argument
  n

Hint: The identifier `graphBaseKernelForm` is unknown, and Lean's `autoImplicit` option causes an unknown identifier to be treated as an implicitly bound variable with an unknown type. However, the unknown type cannot be a function, and a function is what Lean expects here. This is often the result of a typo or a missing `import` or `open` statement.
PrimalitySheafVerification/Mock2_FunctionalAnalysis.lean:21882:27: error: Function expected at
  graphBaseKernelForm
but this term has type
  x✝

Note: Expected a function because this term is being applied to the argument
  n
PrimalitySheafVerification/Mock2_FunctionalAnalysis.lean:21883:5: error(lean.unknownIdentifier): Unknown identifier `graphBaseKernelForm_isCompact`
PrimalitySheafVerification/Mock2_FunctionalAnalysis.lean:21888:6: error: Function expected at
  graphBaseKernelCuspTail
but this term has type
  ?m.1

Note: Expected a function because this term is being applied to the argument
  n

Hint: The identifier `graphBaseKernelCuspTail` is unknown, and Lean's `autoImplicit` option causes an unknown identifier to be treated as an implicitly bound variable with an unknown type. However, the unknown type cannot be a function, and a function is what Lean expects here. This is often the result of a typo or a missing `import` or `open` statement.
PrimalitySheafVerification/Mock2_FunctionalAnalysis.lean:21889:8: error: Function expected at
  graphBaseKernelForm
but this term has type
  ?m.2

Note: Expected a function because this term is being applied to the argument
  n

Hint: The identifier `graphBaseKernelForm` is unknown, and Lean's `autoImplicit` option causes an unknown identifier to be treated as an implicitly bound variable with an unknown type. However, the unknown type cannot be a function, and a function is what Lean expects here. This is often the result of a typo or a missing `import` or `open` statement.
PrimalitySheafVerification/Mock2_FunctionalAnalysis.lean:21889:40: error: unsolved goals
x✝¹ : Sort u_1
graphBaseKernelCuspTail : x✝¹
x✝ : Sort u_2
graphBaseKernelForm : x✝
n : ℤ
φ : OrbitPeterssonHilbert n
Y : ℕ
⊢ ‖sorry () - sorry ()‖ = 0
PrimalitySheafVerification/Mock2_FunctionalAnalysis.lean:21903:32: error: Function expected at
  GraphSobolevCompletion
but this term has type
  ?m.1

Note: Expected a function because this term is being applied to the argument
  n

Hint: The identifier `GraphSobolevCompletion` is unknown, and Lean's `autoImplicit` option causes an unknown identifier to be treated as an implicitly bound variable with an unknown type. However, the unknown type cannot be a function, and a function is what Lean expects here. This is often the result of a typo or a missing `import` or `open` statement.
PrimalitySheafVerification/Mock2_FunctionalAnalysis.lean:21904:2: error(lean.unknownIdentifier): Unknown identifier `graphBaseKernelForm`
PrimalitySheafVerification/Mock2_FunctionalAnalysis.lean:21911:4: error: Function expected at
  compactCoreKernelForm
but this term has type
  ?m.1

Note: Expected a function because this term is being applied to the argument
  n

Hint: The identifier `compactCoreKernelForm` is unknown, and Lean's `autoImplicit` option causes an unknown identifier to be treated as an implicitly bound variable with an unknown type. However, the unknown type cannot be a function, and a function is what Lean expects here. This is often the result of a typo or a missing `import` or `open` statement.
PrimalitySheafVerification/Mock2_FunctionalAnalysis.lean:21920:23: error: Function expected at
  compactCoreKernelForm
but this term has type
  ?m.1

Note: Expected a function because this term is being applied to the argument
  n

Hint: The identifier `compactCoreKernelForm` is unknown, and Lean's `autoImplicit` option causes an unknown identifier to be treated as an implicitly bound variable with an unknown type. However, the unknown type cannot be a function, and a function is what Lean expects here. This is often the result of a typo or a missing `import` or `open` statement.
PrimalitySheafVerification/Mock2_FunctionalAnalysis.lean:21921:2: error(lean.unknownIdentifier): Unknown identifier `graphBaseKernelForm_isCompact`
PrimalitySheafVerification/Mock2_FunctionalAnalysis.lean:21925:33: error: Function expected at
  compactCoreKernelForm
but this term has type
  ?m.1

Note: Expected a function because this term is being applied to the argument
  n

Hint: The identifier `compactCoreKernelForm` is unknown, and Lean's `autoImplicit` option causes an unknown identifier to be treated as an implicitly bound variable with an unknown type. However, the unknown type cannot be a function, and a function is what Lean expects here. This is often the result of a typo or a missing `import` or `open` statement.
PrimalitySheafVerification/Mock2_FunctionalAnalysis.lean:21926:27: error: Function expected at
  compactCoreKernelForm
but this term has type
  x✝

Note: Expected a function because this term is being applied to the argument
  n
PrimalitySheafVerification/Mock2_FunctionalAnalysis.lean:21927:5: error(lean.unknownIdentifier): Unknown identifier `compactCoreKernelForm_isCompact`
PrimalitySheafVerification/Mock2_FunctionalAnalysis.lean:21932:6: error: Function expected at
  compactCoreKernelCuspTail
but this term has type
  ?m.1

Note: Expected a function because this term is being applied to the argument
  n

Hint: The identifier `compactCoreKernelCuspTail` is unknown, and Lean's `autoImplicit` option causes an unknown identifier to be treated as an implicitly bound variable with an unknown type. However, the unknown type cannot be a function, and a function is what Lean expects here. This is often the result of a typo or a missing `import` or `open` statement.
PrimalitySheafVerification/Mock2_FunctionalAnalysis.lean:21933:8: error: Function expected at
  compactCoreKernelForm
but this term has type
  ?m.2

Note: Expected a function because this term is being applied to the argument
  n

Hint: The identifier `compactCoreKernelForm` is unknown, and Lean's `autoImplicit` option causes an unknown identifier to be treated as an implicitly bound variable with an unknown type. However, the unknown type cannot be a function, and a function is what Lean expects here. This is often the result of a typo or a missing `import` or `open` statement.
PrimalitySheafVerification/Mock2_FunctionalAnalysis.lean:21933:43: error: unsolved goals
x✝¹ : Sort u_1
compactCoreKernelCuspTail : x✝¹
x✝ : Sort u_2
compactCoreKernelForm : x✝
n : ℤ
φ₀ : ↥(InverseEtaFixedPhaseCore n)
Y : ℕ
⊢ ‖sorry () - sorry ()‖ = 0
PrimalitySheafVerification/Mock2_FunctionalAnalysis.lean:21941:37: error: Function expected at
  GraphSobolevCompletion
but this term has type
  ?m.1

Note: Expected a function because this term is being applied to the argument
  n

Hint: The identifier `GraphSobolevCompletion` is unknown, and Lean's `autoImplicit` option causes an unknown identifier to be treated as an implicitly bound variable with an unknown type. However, the unknown type cannot be a function, and a function is what Lean expects here. This is often the result of a typo or a missing `import` or `open` statement.
PrimalitySheafVerification/Mock2_FunctionalAnalysis.lean:21943:22: error: Function expected at
  compactCoreKernelForm
but this term has type
  ?m.2

Note: Expected a function because this term is being applied to the argument
  n

Hint: The identifier `compactCoreKernelForm` is unknown, and Lean's `autoImplicit` option causes an unknown identifier to be treated as an implicitly bound variable with an unknown type. However, the unknown type cannot be a function, and a function is what Lean expects here. This is often the result of a typo or a missing `import` or `open` statement.
PrimalitySheafVerification/Mock2_FunctionalAnalysis.lean:21946:27: error: Function expected at
  compactCoreKernelForm
but this term has type
  x✝

Note: Expected a function because this term is being applied to the argument
  n
PrimalitySheafVerification/Mock2_FunctionalAnalysis.lean:21946:59: error: (deterministic) timeout at `isDefEq`, maximum number of heartbeats (200000) has been reached

Note: Use `set_option maxHeartbeats <num>` to set the limit.

Hint: Additional diagnostic information may be available using the `set_option diagnostics true` command.
PrimalitySheafVerification/Mock2_FunctionalAnalysis.lean:21953:9: error: Function expected at
  GraphSobolevCompletion
but this term has type
  ?m.1

Note: Expected a function because this term is being applied to the argument
  n

Hint: The identifier `GraphSobolevCompletion` is unknown, and Lean's `autoImplicit` option causes an unknown identifier to be treated as an implicitly bound variable with an unknown type. However, the unknown type cannot be a function, and a function is what Lean expects here. This is often the result of a typo or a missing `import` or `open` statement.
PrimalitySheafVerification/Mock2_FunctionalAnalysis.lean:21953:40: error: Function expected at
  GraphSobolevCompletion
but this term has type
  ?m.1

Note: Expected a function because this term is being applied to the argument
  n

Hint: The identifier `GraphSobolevCompletion` is unknown, and Lean's `autoImplicit` option causes an unknown identifier to be treated as an implicitly bound variable with an unknown type. However, the unknown type cannot be a function, and a function is what Lean expects here. This is often the result of a typo or a missing `import` or `open` statement.
PrimalitySheafVerification/Mock2_FunctionalAnalysis.lean:21954:9: error: Function expected at
  GraphSobolevCompletion
but this term has type
  ?m.1

Note: Expected a function because this term is being applied to the argument
  n

Hint: The identifier `GraphSobolevCompletion` is unknown, and Lean's `autoImplicit` option causes an unknown identifier to be treated as an implicitly bound variable with an unknown type. However, the unknown type cannot be a function, and a function is what Lean expects here. This is often the result of a typo or a missing `import` or `open` statement.
PrimalitySheafVerification/Mock2_FunctionalAnalysis.lean:21954:40: error: Function expected at
  GraphSobolevCompletion
but this term has type
  ?m.1

Note: Expected a function because this term is being applied to the argument
  n

Hint: The identifier `GraphSobolevCompletion` is unknown, and Lean's `autoImplicit` option causes an unknown identifier to be treated as an implicitly bound variable with an unknown type. However, the unknown type cannot be a function, and a function is what Lean expects here. This is often the result of a typo or a missing `import` or `open` statement.
PrimalitySheafVerification/Mock2_FunctionalAnalysis.lean:21957:16: error: Function expected at
  graphBaseHilbertKernel
but this term has type
  ?m.2

Note: Expected a function because this term is being applied to the argument
  n

Hint: The identifier `graphBaseHilbertKernel` is unknown, and Lean's `autoImplicit` option causes an unknown identifier to be treated as an implicitly bound variable with an unknown type. However, the unknown type cannot be a function, and a function is what Lean expects here. This is often the result of a typo or a missing `import` or `open` statement.
PrimalitySheafVerification/Mock2_FunctionalAnalysis.lean:22013:4: error: Tactic `rewrite` failed: Did not find an occurrence of the pattern
  quotientCoreCutoff (gammaTwoQuotientMk ?z)
in the target expression
  upstairsCoreCutoff UpperHalfPlane.I * star (upstairsCoreCutoff UpperHalfPlane.I) ≠ 0

⊢ upstairsCoreCutoff UpperHalfPlane.I * star (upstairsCoreCutoff UpperHalfPlane.I) ≠ 0
PrimalitySheafVerification/Mock2_FunctionalAnalysis.lean:22112:7: error(lean.invalidField): Invalid field `toSection`: The environment does not contain `Subtype.toSection`, so it is not possible to project the field `toSection` from an expression
  u
of type
  ↥(SmoothCompactWeightCore (OrbitMultiplier n))
PrimalitySheafVerification/Mock2_FunctionalAnalysis.lean:22112:29: error(lean.invalidField): Invalid field `realSmooth`: The environment does not contain `Subtype.realSmooth`, so it is not possible to project the field `realSmooth` from an expression
  u
of type
  ↥(SmoothCompactWeightCore (OrbitMultiplier n))
PrimalitySheafVerification/Mock2_FunctionalAnalysis.lean:22112:44: error(lean.invalidField): Invalid field `quotientCompact`: The environment does not contain `Subtype.quotientCompact`, so it is not possible to project the field `quotientCompact` from an expression
  u
of type
  ↥(SmoothCompactWeightCore (OrbitMultiplier n))
PrimalitySheafVerification/Mock2_FunctionalAnalysis.lean:22117:53: error(lean.invalidField): Invalid field `toSection`: The environment does not contain `Subtype.toSection`, so it is not possible to project the field `toSection` from an expression
  u
of type
  ↥(SmoothCompactWeightCore (OrbitMultiplier n))
PrimalitySheafVerification/Mock2_FunctionalAnalysis.lean:22129:6: error(lean.unknownIdentifier): Unknown identifier `WeightSection.covariance`
PrimalitySheafVerification/Mock2_FunctionalAnalysis.lean:22127:9: warning: declaration uses `sorry`
PrimalitySheafVerification/Mock2_FunctionalAnalysis.lean:22146:45: error(lean.invalidField): Invalid field `toSection`: The environment does not contain `Subtype.toSection`, so it is not possible to project the field `toSection` from an expression
  u
of type
  ↥(SmoothCompactWeightCore (OrbitMultiplier n))
PrimalitySheafVerification/Mock2_FunctionalAnalysis.lean:22159:4: error: Tactic `rfl` failed: The left-hand side
  ↑↑↑(ofSmoothCompactWeightCore n (u + v)) z
is not definitionally equal to the right-hand side
  ↑↑↑(ofSmoothCompactWeightCore n u + ofSmoothCompactWeightCore n v) z

n : ℤ
u v : ↥(SmoothCompactWeightCore (OrbitMultiplier n))
z : ℍ
⊢ ↑↑↑(ofSmoothCompactWeightCore n (u + v)) z = ↑↑↑(ofSmoothCompactWeightCore n u + ofSmoothCompactWeightCore n v) z
PrimalitySheafVerification/Mock2_FunctionalAnalysis.lean:22165:4: error: Tactic `rfl` failed: The left-hand side
  ↑↑↑(ofSmoothCompactWeightCore n (c • u)) z
is not definitionally equal to the right-hand side
  ↑↑↑((RingHom.id ℂ) c • ofSmoothCompactWeightCore n u) z

n : ℤ
c : ℂ
u : ↥(SmoothCompactWeightCore (OrbitMultiplier n))
z : ℍ
⊢ ↑↑↑(ofSmoothCompactWeightCore n (c • u)) z = ↑↑↑((RingHom.id ℂ) c • ofSmoothCompactWeightCore n u) z
PrimalitySheafVerification/Mock2_FunctionalAnalysis.lean:22183:2: error: Tactic `rfl` failed: The left-hand side
  ↑(SmoothCompactWeightCore.toSection
        ((InverseEtaFixedPhaseCore.toSmoothCompactWeightCore n) (ofSmoothCompactWeightCore n u)))
    z
is not definitionally equal to the right-hand side
  ↑(SmoothCompactWeightCore.toSection u) z

n : ℤ
u : ↥(SmoothCompactWeightCore (OrbitMultiplier n))
z : ℍ
⊢ ↑(SmoothCompactWeightCore.toSection
          ((InverseEtaFixedPhaseCore.toSmoothCompactWeightCore n) (ofSmoothCompactWeightCore n u)))
      z =
    ↑(SmoothCompactWeightCore.toSection u) z
PrimalitySheafVerification/Mock2_FunctionalAnalysis.lean:22195:2: error: Tactic `rfl` failed: The left-hand side
  ↑↑↑(ofSmoothCompactWeightCore n ((InverseEtaFixedPhaseCore.toSmoothCompactWeightCore n) u)) z
is not definitionally equal to the right-hand side
  ↑↑↑u z

n : ℤ
u : ↥(InverseEtaFixedPhaseCore n)
z : ℍ
⊢ ↑↑↑(ofSmoothCompactWeightCore n ((InverseEtaFixedPhaseCore.toSmoothCompactWeightCore n) u)) z = ↑↑↑u z
PrimalitySheafVerification/Mock2_FunctionalAnalysis.lean:22229:8: error(lean.unknownIdentifier): Unknown constant `Mock2FA.PaperCorrections.AutomorphicSobolev.DefinitionOneSobolev.WeightCorePetersson.PeterssonCoreSpace.ext`
PrimalitySheafVerification/Mock2_FunctionalAnalysis.lean:22230:2: error: No goals to be solved
PrimalitySheafVerification/Mock2_FunctionalAnalysis.lean:22282:16: error: Function expected at
  coreMap
but this term has type
  ?m.1

Note: Expected a function because this term is being applied to the argument
  n

Hint: The identifier `coreMap` is unknown, and Lean's `autoImplicit` option causes an unknown identifier to be treated as an implicitly bound variable with an unknown type. However, the unknown type cannot be a function, and a function is what Lean expects here. This is often the result of a typo or a missing `import` or `open` statement.
PrimalitySheafVerification/Mock2_FunctionalAnalysis.lean:22283:2: error(lean.unknownIdentifier): Unknown identifier `denseRange_coreMap`
PrimalitySheafVerification/Mock2_FunctionalAnalysis.lean:22289:6: error: Function expected at
  GraphSobolevCompletion
but this term has type
  ?m.1

Note: Expected a function because this term is being applied to the argument
  n

Hint: The identifier `GraphSobolevCompletion` is unknown, and Lean's `autoImplicit` option causes an unknown identifier to be treated as an implicitly bound variable with an unknown type. However, the unknown type cannot be a function, and a function is what Lean expects here. This is often the result of a typo or a missing `import` or `open` statement.
PrimalitySheafVerification/Mock2_FunctionalAnalysis.lean:22290:3: error(lean.unknownIdentifier): Unknown identifier `coreMap`
PrimalitySheafVerification/Mock2_FunctionalAnalysis.lean:22295:4: error: Function expected at
  fullSmoothCoreGraphMap
but this term has type
  ?m.1

Note: Expected a function because this term is being applied to the argument
  n

Hint: The identifier `fullSmoothCoreGraphMap` is unknown, and Lean's `autoImplicit` option causes an unknown identifier to be treated as an implicitly bound variable with an unknown type. However, the unknown type cannot be a function, and a function is what Lean expects here. This is often the result of a typo or a missing `import` or `open` statement.
PrimalitySheafVerification/Mock2_FunctionalAnalysis.lean:22296:6: error: Function expected at
  coreMap
but this term has type
  ?m.2

Note: Expected a function because this term is being applied to the argument
  n

Hint: The identifier `coreMap` is unknown, and Lean's `autoImplicit` option causes an unknown identifier to be treated as an implicitly bound variable with an unknown type. However, the unknown type cannot be a function, and a function is what Lean expects here. This is often the result of a typo or a missing `import` or `open` statement.
PrimalitySheafVerification/Mock2_FunctionalAnalysis.lean:22303:16: error: Function expected at
  fullSmoothCoreGraphMap
but this term has type
  ?m.1

Note: Expected a function because this term is being applied to the argument
  n

Hint: The identifier `fullSmoothCoreGraphMap` is unknown, and Lean's `autoImplicit` option causes an unknown identifier to be treated as an implicitly bound variable with an unknown type. However, the unknown type cannot be a function, and a function is what Lean expects here. This is often the result of a typo or a missing `import` or `open` statement.
PrimalitySheafVerification/Mock2_FunctionalAnalysis.lean:22304:9: error(lean.unknownIdentifier): Unknown identifier `denseRange_coreMap`
PrimalitySheafVerification/Mock2_FunctionalAnalysis.lean:22306:9: error: Invalid `⟨...⟩` notation: The expected type `Type u_2` is not an inductive type

Note: This notation can only be used when the expected type is an inductive type with a single constructor
PrimalitySheafVerification/Mock2_FunctionalAnalysis.lean:22307:9: error(lean.unknownIdentifier): Unknown identifier `coreMap`
PrimalitySheafVerification/Mock2_FunctionalAnalysis.lean:22310:4: error(lean.unknownIdentifier): Unknown identifier `coreMap`
PrimalitySheafVerification/Mock2_FunctionalAnalysis.lean:22368:14: error: type expected, got
  (ContDiffOn ℝ : WithTop ℕ∞ → (?m.7 → ?m.10) → Set ?m.7 → Prop)
PrimalitySheafVerification/Mock2_FunctionalAnalysis.lean:22368:27: error: expected token
PrimalitySheafVerification/Mock2_FunctionalAnalysis.lean:22454:4: error: Type mismatch: After simplification, term
  hz
 has type
  @Ne ℝ (quotientCuspCutoffReal N (Quotient.mk'' z)) 0
but is expected to have type
  @Ne ℝ (upstairsCuspCutoffReal N z) 0
PrimalitySheafVerification/Mock2_FunctionalAnalysis.lean:22459:51: error: Failed to rewrite using equation theorems for `tsupport`
PrimalitySheafVerification/Mock2_FunctionalAnalysis.lean:22561:6: error: Type mismatch: After simplification, term
  HasCompactSupport.add (quotientCuspCutoffReal_hasCompactSupport (N + 1))
    (HasCompactSupport.neg (quotientCuspCutoffReal_hasCompactSupport N))
 has type
  @HasCompactSupport GammaTwoQuotient ℝ instTopologicalSpaceQuotient Real.instAddMonoid.toAddZeroClass.toZero
    (quotientCuspCutoffReal (N + 1) + -quotientCuspCutoffReal N)
but is expected to have type
  @HasCompactSupport GammaTwoQuotient ℝ instTopologicalSpaceQuotient Real.instZero fun q =>
    quotientCuspCutoffReal (N + 1) q + -quotientCuspCutoffReal N q
PrimalitySheafVerification/Mock2_FunctionalAnalysis.lean:22593:9: error(lean.unknownIdentifier): Unknown identifier `tendsto_congr'`
PrimalitySheafVerification/Mock2_FunctionalAnalysis.lean:22650:6: error: Type mismatch: After simplification, term
  upstairsCuspCutoff_realSmooth 0
 has type
  RealSmooth (upstairsCuspCutoff 0)
but is expected to have type
  RealSmooth (upstairsCuspPartitionPiece 0)
PrimalitySheafVerification/Mock2_FunctionalAnalysis.lean:22655:6: error: Type mismatch: After simplification, term
  RealSmooth.sub (upstairsCuspCutoff_realSmooth (N + 1)) (upstairsCuspCutoff_realSmooth N)
 has type
  RealSmooth (upstairsCuspCutoff (N + 1) - upstairsCuspCutoff N)
but is expected to have type
  RealSmooth (upstairsCuspPartitionPiece (N + 1))
PrimalitySheafVerification/Mock2_FunctionalAnalysis.lean:22665:40: error: unsolved goals
N : ℕ
γ : ↥GammaTwo
z : ℍ
⊢ ↑(quotientCuspPartitionPiece N (gammaTwoQuotientMk (↑γ • z))) = ↑(quotientCuspPartitionPiece N (gammaTwoQuotientMk z))
PrimalitySheafVerification/Mock2_FunctionalAnalysis.lean:22667:4: warning: This simp argument is unused:
  gammaTwoQuotientMk_gamma_smul

Hint: Omit it from the simp argument list.
  [apply] simp only [upstairsCuspPartitionPiece]

Note: This linter can be disabled with `set_option linter.unusedSimpArgs false`
PrimalitySheafVerification/Mock2_FunctionalAnalysis.lean:22692:6: error(lean.unknownIdentifier): Unknown constant `Membership.mem.preimage_mem_nhds`

Note: Inferred this name from the expected resulting type of `.preimage_mem_nhds`:
  ?m.64 ∈ nhds (gammaTwoQuotientMk ?m.63)
PrimalitySheafVerification/Mock2_FunctionalAnalysis.lean:22692:6: error(lean.unknownIdentifier): Unknown constant `Membership.mem.preimage_mem_nhds`

Note: Inferred this name from the expected resulting type of `.preimage_mem_nhds`:
  ?m.64 ∈ nhds (gammaTwoQuotientMk ?m.63)
PrimalitySheafVerification/Mock2_FunctionalAnalysis.lean:22692:6: error(lean.unknownIdentifier): Unknown constant `Set.Mem.preimage_mem_nhds`

Note: Inferred this name from the expected resulting type of `.preimage_mem_nhds`:
  ?m.64 ∈ nhds (gammaTwoQuotientMk ?m.63)
PrimalitySheafVerification/Mock2_FunctionalAnalysis.lean:22692:6: error(lean.unknownIdentifier): Unknown constant `Filter.sets.preimage_mem_nhds`

Note: Inferred this name from the expected resulting type of `.preimage_mem_nhds`:
  ?m.64 ∈ nhds (gammaTwoQuotientMk ?m.63)
PrimalitySheafVerification/Mock2_FunctionalAnalysis.lean:22692:6: error(lean.invalidDottedIdent): Invalid dotted identifier notation: The expected type of `.preimage_mem_nhds`
  ?m.64 ∈ nhds (gammaTwoQuotientMk ?m.63)
is not of the form `C ...` or `... → C ...` where C is a constant
PrimalitySheafVerification/Mock2_FunctionalAnalysis.lean:22702:6: error: Type mismatch: After simplification, term
  upstairsCuspCutoff_quotientCompact 0
 has type
  HasQuotientCompactSupport (upstairsCuspCutoff 0)
but is expected to have type
  HasQuotientCompactSupport (upstairsCuspPartitionPiece 0)
PrimalitySheafVerification/Mock2_FunctionalAnalysis.lean:22710:10: error: Application type mismatch: The argument
  fun c => HasQuotientCompactSupport.smul c (upstairsCuspCutoff_quotientCompact N)
has type
  ∀ (c : ℂ), HasQuotientCompactSupport (c • upstairsCuspCutoff N)
but is expected to have type
  HasQuotientCompactSupport ?m.43
in the application
  HasQuotientCompactSupport.add (upstairsCuspCutoff_quotientCompact (N + 1)) fun c =>
    HasQuotientCompactSupport.smul c (upstairsCuspCutoff_quotientCompact N)
PrimalitySheafVerification/Mock2_FunctionalAnalysis.lean:22710:55: error: Type mismatch
  -?m.52
has type
  ℤ
of sort `Type` but is expected to have type
  ?m.45 ≤ Filter.principal (quotientTSupport (upstairsCuspCutoff (N + 1) + ?m.43))
of sort `Prop`
Try this:
  [apply] ring_nf
  
  The `ring` tactic failed to close the goal. Use `ring_nf` to obtain a normal form.
    
  Note that `ring` works primarily in *commutative* rings. If you have a noncommutative ring, abelian group or module, consider using `noncomm_ring`, `abel` or `module` instead.
PrimalitySheafVerification/Mock2_FunctionalAnalysis.lean:22743:47: error: unsolved goals
χ f : ℍ → ℂ
hχ : RealSmooth χ
hf : RealSmooth f
a : ℤ
z : ℍ
⊢ Complex.I * dx χ z * f z + Complex.I * χ z * dx f z + f z * dy χ z + χ z * dy f z +
      physicalExponent a * (heightC z)⁻¹ * (χ * f) z =
    Complex.I * dx χ z * f z + f z * dy χ z + χ z * raiseRaw a f z
Try this:
  [apply] ring_nf
  
  The `ring` tactic failed to close the goal. Use `ring_nf` to obtain a normal form.
    
  Note that `ring` works primarily in *commutative* rings. If you have a noncommutative ring, abelian group or module, consider using `noncomm_ring`, `abel` or `module` instead.
PrimalitySheafVerification/Mock2_FunctionalAnalysis.lean:22754:43: error: unsolved goals
χ f : ℍ → ℂ
hχ : RealSmooth χ
hf : RealSmooth f
a : ℤ
z : ℍ
⊢ -(Complex.I * heightC z ^ 2 * dx χ z * f z) - Complex.I * heightC z ^ 2 * χ z * dx f z +
        heightC z ^ 2 * f z * dy χ z +
      heightC z ^ 2 * χ z * dy f z =
    -(Complex.I * heightC z ^ 2 * dx χ z * f z) + heightC z ^ 2 * f z * dy χ z + χ z * lowerRaw a f z
PrimalitySheafVerification/Mock2_FunctionalAnalysis.lean:22775:4: error: Tactic `rfl` failed: The left-hand side
  ↑↑↑(invariantCutoffTimesOrbitSection n (cuspCutoffSmoothQuotient N) ⋯
            ((InverseEtaFixedPhaseCore.toWeightSection n) (u + v)) ⋯)
    z
is not definitionally equal to the right-hand side
  ↑↑↑(invariantCutoffTimesOrbitSection n (cuspCutoffSmoothQuotient N) ⋯ ((InverseEtaFixedPhaseCore.toWeightSection n) u)
              ⋯ +
            invariantCutoffTimesOrbitSection n (cuspCutoffSmoothQuotient N) ⋯
              ((InverseEtaFixedPhaseCore.toWeightSection n) v) ⋯)
    z

N : ℕ
n : ℤ
u v : ↥(InverseEtaFixedPhaseCore n)
z : ℍ
⊢ ↑↑↑(invariantCutoffTimesOrbitSection n (cuspCutoffSmoothQuotient N) ⋯
              ((InverseEtaFixedPhaseCore.toWeightSection n) (u + v)) ⋯)
      z =
    ↑↑↑(invariantCutoffTimesOrbitSection n (cuspCutoffSmoothQuotient N) ⋯
                ((InverseEtaFixedPhaseCore.toWeightSection n) u) ⋯ +
              invariantCutoffTimesOrbitSection n (cuspCutoffSmoothQuotient N) ⋯
                ((InverseEtaFixedPhaseCore.toWeightSection n) v) ⋯)
      z
PrimalitySheafVerification/Mock2_FunctionalAnalysis.lean:22781:4: error: Tactic `rfl` failed: The left-hand side
  ↑↑↑(invariantCutoffTimesOrbitSection n (cuspCutoffSmoothQuotient N) ⋯
            ((InverseEtaFixedPhaseCore.toWeightSection n) (c • u)) ⋯)
    z
is not definitionally equal to the right-hand side
  ↑↑↑((RingHom.id ℂ) c •
            invariantCutoffTimesOrbitSection n (cuspCutoffSmoothQuotient N) ⋯
              ((InverseEtaFixedPhaseCore.toWeightSection n) u) ⋯)
    z

N : ℕ
n : ℤ
c : ℂ
u : ↥(InverseEtaFixedPhaseCore n)
z : ℍ
⊢ ↑↑↑(invariantCutoffTimesOrbitSection n (cuspCutoffSmoothQuotient N) ⋯
              ((InverseEtaFixedPhaseCore.toWeightSection n) (c • u)) ⋯)
      z =
    ↑↑↑((RingHom.id ℂ) c •
              invariantCutoffTimesOrbitSection n (cuspCutoffSmoothQuotient N) ⋯
                ((InverseEtaFixedPhaseCore.toWeightSection n) u) ⋯)
      z
PrimalitySheafVerification/Mock2_FunctionalAnalysis.lean:22807:4: error: Tactic `rfl` failed: The left-hand side
  ↑↑↑(invariantCutoffTimesOrbitSection n (cuspPartitionPieceSmoothQuotient N) ⋯
            ((InverseEtaFixedPhaseCore.toWeightSection n) (u + v)) ⋯)
    z
is not definitionally equal to the right-hand side
  ↑↑↑(invariantCutoffTimesOrbitSection n (cuspPartitionPieceSmoothQuotient N) ⋯
              ((InverseEtaFixedPhaseCore.toWeightSection n) u) ⋯ +
            invariantCutoffTimesOrbitSection n (cuspPartitionPieceSmoothQuotient N) ⋯
              ((InverseEtaFixedPhaseCore.toWeightSection n) v) ⋯)
    z

N : ℕ
n : ℤ
u v : ↥(InverseEtaFixedPhaseCore n)
z : ℍ
⊢ ↑↑↑(invariantCutoffTimesOrbitSection n (cuspPartitionPieceSmoothQuotient N) ⋯
              ((InverseEtaFixedPhaseCore.toWeightSection n) (u + v)) ⋯)
      z =
    ↑↑↑(invariantCutoffTimesOrbitSection n (cuspPartitionPieceSmoothQuotient N) ⋯
                ((InverseEtaFixedPhaseCore.toWeightSection n) u) ⋯ +
              invariantCutoffTimesOrbitSection n (cuspPartitionPieceSmoothQuotient N) ⋯
                ((InverseEtaFixedPhaseCore.toWeightSection n) v) ⋯)
      z
PrimalitySheafVerification/Mock2_FunctionalAnalysis.lean:22813:4: error: Tactic `rfl` failed: The left-hand side
  ↑↑↑(invariantCutoffTimesOrbitSection n (cuspPartitionPieceSmoothQuotient N) ⋯
            ((InverseEtaFixedPhaseCore.toWeightSection n) (c • u)) ⋯)
    z
is not definitionally equal to the right-hand side
  ↑↑↑((RingHom.id ℂ) c •
            invariantCutoffTimesOrbitSection n (cuspPartitionPieceSmoothQuotient N) ⋯
              ((InverseEtaFixedPhaseCore.toWeightSection n) u) ⋯)
    z

N : ℕ
n : ℤ
c : ℂ
u : ↥(InverseEtaFixedPhaseCore n)
z : ℍ
⊢ ↑↑↑(invariantCutoffTimesOrbitSection n (cuspPartitionPieceSmoothQuotient N) ⋯
              ((InverseEtaFixedPhaseCore.toWeightSection n) (c • u)) ⋯)
      z =
    ↑↑↑((RingHom.id ℂ) c •
              invariantCutoffTimesOrbitSection n (cuspPartitionPieceSmoothQuotient N) ⋯
                ((InverseEtaFixedPhaseCore.toWeightSection n) u) ⋯)
      z
PrimalitySheafVerification/Mock2_FunctionalAnalysis.lean:22841:2: error(lean.synthInstanceFailed): failed to synthesize instance of type class
  HSub (↥(InverseEtaFixedPhaseCore n) →ₗ[ℂ] ↥(InverseEtaFixedPhaseCore (n + 1)))
    (↥(InverseEtaFixedPhaseCore n) →ₗ[ℂ] ↥(InverseEtaFixedPhaseCore (n + 1))) ?m.62

Hint: Type class instance resolution failures can be inspected with the `set_option trace.Meta.synthInstance true` command.
PrimalitySheafVerification/Mock2_FunctionalAnalysis.lean:22849:2: error(lean.synthInstanceFailed): failed to synthesize instance of type class
  HSub (↥(InverseEtaFixedPhaseCore n) →ₗ[ℂ] ↥(InverseEtaFixedPhaseCore (n - 1)))
    (↥(InverseEtaFixedPhaseCore n) →ₗ[ℂ] ↥(InverseEtaFixedPhaseCore (n - 1))) ?m.62

Hint: Type class instance resolution failures can be inspected with the `set_option trace.Meta.synthInstance true` command.
PrimalitySheafVerification/Mock2_FunctionalAnalysis.lean:22862:2: error: 'change' tactic failed, pattern
  raiseRaw (paperOrbitExponent n)
        (upstairsCuspCutoff N * ↑↑(InverseEtaFixedPhaseCore.toSmoothQuotientCompactFunction u)) z -
      upstairsCuspCutoff N z *
        raiseRaw (paperOrbitExponent n) (↑↑(InverseEtaFixedPhaseCore.toSmoothQuotientCompactFunction u)) z =
    ?m.37
is not definitionally equal to target
  ↑↑(InverseEtaFixedPhaseCore.toSmoothQuotientCompactFunction ((raiseCuspCutoffCommutator N n) u)) z =
    (Complex.I * dx (upstairsCuspCutoff N) z + dy (upstairsCuspCutoff N) z) *
      ↑↑(InverseEtaFixedPhaseCore.toSmoothQuotientCompactFunction u) z
PrimalitySheafVerification/Mock2_FunctionalAnalysis.lean:22882:2: error: 'change' tactic failed, pattern
  lowerRaw (paperOrbitExponent n)
        (upstairsCuspCutoff N * ↑↑(InverseEtaFixedPhaseCore.toSmoothQuotientCompactFunction u)) z -
      upstairsCuspCutoff N z *
        lowerRaw (paperOrbitExponent n) (↑↑(InverseEtaFixedPhaseCore.toSmoothQuotientCompactFunction u)) z =
    ?m.69
is not definitionally equal to target
  ↑↑(InverseEtaFixedPhaseCore.toSmoothQuotientCompactFunction ((lowerCuspCutoffCommutator N n) u)) z =
    (-Complex.I * heightC z ^ 2 * dx (upstairsCuspCutoff N) z + heightC z ^ 2 * dy (upstairsCuspCutoff N) z) *
      ↑↑(InverseEtaFixedPhaseCore.toSmoothQuotientCompactFunction u) z
PrimalitySheafVerification/Mock2_FunctionalAnalysis.lean:23014:15: error: Function expected at
  coreMap
but this term has type
  ?m.1

Note: Expected a function because this term is being applied to the argument
  n

Hint: The identifier `coreMap` is unknown, and Lean's `autoImplicit` option causes an unknown identifier to be treated as an implicitly bound variable with an unknown type. However, the unknown type cannot be a function, and a function is what Lean expects here. This is often the result of a typo or a missing `import` or `open` statement.
PrimalitySheafVerification/Mock2_FunctionalAnalysis.lean:23015:26: error: Function expected at
  coreMap
but this term has type
  ?m.1

Note: Expected a function because this term is being applied to the argument
  n

Hint: The identifier `coreMap` is unknown, and Lean's `autoImplicit` option causes an unknown identifier to be treated as an implicitly bound variable with an unknown type. However, the unknown type cannot be a function, and a function is what Lean expects here. This is often the result of a typo or a missing `import` or `open` statement.
PrimalitySheafVerification/Mock2_FunctionalAnalysis.lean:23016:9: error(lean.unknownIdentifier): Unknown identifier `tendsto_congr'`
PrimalitySheafVerification/Mock2_FunctionalAnalysis.lean:23017:41: error(lean.unknownIdentifier): Unknown identifier `n`
PrimalitySheafVerification/Mock2_FunctionalAnalysis.lean:23017:43: error(lean.unknownIdentifier): Unknown identifier `u`
PrimalitySheafVerification/Mock2_FunctionalAnalysis.lean:23017:56: error(lean.unknownIdentifier): Unknown identifier `coreMap`
PrimalitySheafVerification/Mock2_FunctionalAnalysis.lean:23024:7: error: Function expected at
  coreMap
but this term has type
  ?m.1

Note: Expected a function because this term is being applied to the argument
  n

Hint: The identifier `coreMap` is unknown, and Lean's `autoImplicit` option causes an unknown identifier to be treated as an implicitly bound variable with an unknown type. However, the unknown type cannot be a function, and a function is what Lean expects here. This is often the result of a typo or a missing `import` or `open` statement.
PrimalitySheafVerification/Mock2_FunctionalAnalysis.lean:23024:46: error: Function expected at
  coreMap
but this term has type
  ?m.1

Note: Expected a function because this term is being applied to the argument
  n

Hint: The identifier `coreMap` is unknown, and Lean's `autoImplicit` option causes an unknown identifier to be treated as an implicitly bound variable with an unknown type. However, the unknown type cannot be a function, and a function is what Lean expects here. This is often the result of a typo or a missing `import` or `open` statement.
PrimalitySheafVerification/Mock2_FunctionalAnalysis.lean:23025:2: error: Tactic `generalize` failed: result is not type correct
  (∃ N, ∀ (M : ℕ), N ≤ M → (cuspCutoffOperator M n) u = u) → ∃ N, ∀ (M : ℕ), N ≤ M → ‖?m.9 - ?m.11‖ = 0

x✝ : Sort u_1
coreMap : x✝
n : ℤ
u : ↥(InverseEtaFixedPhaseCore n)
⊢ ∃ N, ∀ (M : ℕ), N ≤ M → ‖?m.9 - ?m.11‖ = 0
PrimalitySheafVerification/Mock2_FunctionalAnalysis.lean:23035:8: error: Function expected at
  coreMap
but this term has type
  ?m.1

Note: Expected a function because this term is being applied to the argument
  n

Hint: The identifier `coreMap` is unknown, and Lean's `autoImplicit` option causes an unknown identifier to be treated as an implicitly bound variable with an unknown type. However, the unknown type cannot be a function, and a function is what Lean expects here. This is often the result of a typo or a missing `import` or `open` statement.
PrimalitySheafVerification/Mock2_FunctionalAnalysis.lean:23036:9: error(lean.unknownIdentifier): Unknown identifier `denseRange_coreMap`
PrimalitySheafVerification/Mock2_FunctionalAnalysis.lean:23038:60: error(lean.unknownIdentifier): Unknown identifier `n`
PrimalitySheafVerification/Mock2_FunctionalAnalysis.lean:23038:62: error(lean.unknownIdentifier): Unknown identifier `u`
PrimalitySheafVerification/Mock2_FunctionalAnalysis.lean:23038:9: error(nested.lean.propRecLargeElim): Tactic `cases` failed with a nested error:
Tactic `induction` failed: recursor `Exists.casesOn` can only eliminate into `Prop`

case ofNat.zero
coreMap✝ : ?m.1
x✝ : ∃ N, ∀ (M : ℕ), N ≤ M → (cuspCutoffOperator M sorry) sorry = sorry
⊢ Type u_2
PrimalitySheafVerification/Mock2_FunctionalAnalysis.lean:23045:10: error: Function expected at
  coreMap
but this term has type
  ?m.1

Note: Expected a function because this term is being applied to the argument
  n

Hint: The identifier `coreMap` is unknown, and Lean's `autoImplicit` option causes an unknown identifier to be treated as an implicitly bound variable with an unknown type. However, the unknown type cannot be a function, and a function is what Lean expects here. This is often the result of a typo or a missing `import` or `open` statement.
PrimalitySheafVerification/Mock2_FunctionalAnalysis.lean:23046:3: error(lean.unknownIdentifier): Unknown identifier `dense_iUnion_range_coreMap_cuspCutoffOperator`
PrimalitySheafVerification/Mock2_FunctionalAnalysis.lean:23061:4: error(lean.synthInstanceFailed): failed to synthesize instance of type class
  HSub ↥(InverseEtaFixedPhaseCore (n + 1)) ↥(InverseEtaFixedPhaseCore (n + 1)) ?m.79

Hint: Type class instance resolution failures can be inspected with the `set_option trace.Meta.synthInstance true` command.
PrimalitySheafVerification/Mock2_FunctionalAnalysis.lean:23079:4: error(lean.synthInstanceFailed): failed to synthesize instance of type class
  HSub ↥(InverseEtaFixedPhaseCore (n - 1)) ↥(InverseEtaFixedPhaseCore (n - 1)) ?m.79

Hint: Type class instance resolution failures can be inspected with the `set_option trace.Meta.synthInstance true` command.
PrimalitySheafVerification/Mock2_FunctionalAnalysis.lean:23104:29: warning: try 'simp' instead of 'simpa'

Note: This linter can be disabled with `set_option linter.unnecessarySimpa false`
PrimalitySheafVerification/Mock2_FunctionalAnalysis.lean:23106:4: warning: try 'simp' instead of 'simpa'

Note: This linter can be disabled with `set_option linter.unnecessarySimpa false`
PrimalitySheafVerification/Mock2_FunctionalAnalysis.lean:23187:5: error: don't know how to synthesize implicit argument `n`
  @ContDiff.continuous ℝ DenselyNormedField.toNontriviallyNormedField ℝ Real.normedAddCommGroup
    NormedField.toNormedSpace ℝ Real.normedAddCommGroup NormedField.toNormedSpace expNegInvGlue (↑?m.46)
    expNegInvGlue.contDiff
context:
N : ℕ
⊢ WithTop ℕ∞
PrimalitySheafVerification/Mock2_FunctionalAnalysis.lean:23187:28: error: don't know how to synthesize placeholder
context:
N : ℕ
⊢ ℕ∞
PrimalitySheafVerification/Mock2_FunctionalAnalysis.lean:23185:5: error: don't know how to synthesize implicit argument `n`
  @ContDiff.continuous ℝ DenselyNormedField.toNontriviallyNormedField ℝ Real.normedAddCommGroup
    NormedField.toNormedSpace ℝ Real.normedAddCommGroup NormedField.toNormedSpace expNegInvGlue (↑?m.6)
    expNegInvGlue.contDiff
context:
N : ℕ
⊢ WithTop ℕ∞
PrimalitySheafVerification/Mock2_FunctionalAnalysis.lean:23185:28: error: don't know how to synthesize placeholder
context:
N : ℕ
⊢ ℕ∞
PrimalitySheafVerification/Mock2_FunctionalAnalysis.lean:23183:49: error: unsolved goals
N : ℕ
⊢ Continuous (quotientPotentialShellReal N)
PrimalitySheafVerification/Mock2_FunctionalAnalysis.lean:23193:15: error: type expected, got
  (ContDiffOn ℝ : WithTop ℕ∞ → (?m.6 → ?m.9) → Set ?m.6 → Prop)
PrimalitySheafVerification/Mock2_FunctionalAnalysis.lean:23193:28: error: expected token
PrimalitySheafVerification/Mock2_FunctionalAnalysis.lean:23324:4: error: Type mismatch: After simplification, term
  hz
 has type
  @Ne ℝ
    (expNegInvGlue (potential (Quotient.mk'' z) - potentialShellLevel N / 2) *
      expNegInvGlue (2 * potentialShellLevel N - potential (Quotient.mk'' z)))
    0
but is expected to have type
  @Ne ℝ
    (expNegInvGlue (upstairsPotential z - potentialShellLevel N / 2) *
      expNegInvGlue (2 * potentialShellLevel N - upstairsPotential z))
    0
PrimalitySheafVerification/Mock2_FunctionalAnalysis.lean:23329:51: error: Failed to rewrite using equation theorems for `tsupport`
PrimalitySheafVerification/Mock2_FunctionalAnalysis.lean:23381:35: error: Function expected at
  inverseEtaSection
but this term has type
  ?m.1

Note: Expected a function because this term is being applied to the argument
  z

Hint: The identifier `inverseEtaSection` is unknown, and Lean's `autoImplicit` option causes an unknown identifier to be treated as an implicitly bound variable with an unknown type. However, the unknown type cannot be a function, and a function is what Lean expects here. This is often the result of a typo or a missing `import` or `open` statement.
PrimalitySheafVerification/Mock2_FunctionalAnalysis.lean:23389:5: error(lean.unknownIdentifier): Unknown identifier `inverseEtaSection_apply_ne_zero`
PrimalitySheafVerification/Mock2_FunctionalAnalysis.lean:23386:70: error: unsolved goals
N : ℕ
⊢ Sort ?u.14

N : ℕ
⊢ ?m.10
PrimalitySheafVerification/Mock2_FunctionalAnalysis.lean:23398:54: error: Type mismatch: After simplification, term
  hAt
 has type
  @Eq ℂ
    (↑↑(InverseEtaFixedPhaseCore.toSmoothQuotientCompactFunction (potentialShellCoreZero N)) (potentialShellPoint N))
    (↑↑(InverseEtaFixedPhaseCore.toSmoothQuotientCompactFunction 0) (potentialShellPoint N))
but is expected to have type
  @Eq ℂ
    (↑↑(InverseEtaFixedPhaseCore.toSmoothQuotientCompactFunction (potentialShellCoreZero N)) (potentialShellPoint N)) 0
PrimalitySheafVerification/Mock2_FunctionalAnalysis.lean:23406:6: error: Tactic `rewrite` failed: Did not find an occurrence of the pattern
  ↑↑(InverseEtaFixedPhaseCore.toSmoothQuotientCompactFunction (potentialShellCoreZero ?N)) ?z
in the target expression
  z ∈
    Function.support fun z => ↑↑(InverseEtaFixedPhaseCore.toSmoothQuotientCompactFunction (potentialShellCoreZero N)) z

N : ℕ
z : ℍ
hz :
  z ∈
    Function.support fun z => ↑↑(InverseEtaFixedPhaseCore.toSmoothQuotientCompactFunction (potentialShellCoreZero N)) z
⊢ z ∈ Function.support (upstairsPotentialShell N)
PrimalitySheafVerification/Mock2_FunctionalAnalysis.lean:23443:6: error: Tactic `rewrite` failed: Did not find an occurrence of the pattern
  @LinearIndependent ?m.7 ?m.8 ?m.9 ?m.13 Ring.toSemiring AddCommGroup.toAddCommMonoid ?m.12
in the target expression
  @LinearIndependent ℕ ℂ (↥(InverseEtaFixedPhaseCore 0)) potentialShellCoreZero Complex.instSemiring
    (InverseEtaFixedPhaseCore 0).addCommMonoid (InverseEtaFixedPhaseCore 0).module

⊢ LinearIndependent ℂ potentialShellCoreZero
PrimalitySheafVerification/Mock2_FunctionalAnalysis.lean:23474:6: error(lean.synthInstanceFailed): failed to synthesize instance of type class
  AddCommGroup ↥(InverseEtaFixedPhaseCore 0)

Hint: Type class instance resolution failures can be inspected with the `set_option trace.Meta.synthInstance true` command.
PrimalitySheafVerification/Mock2_FunctionalAnalysis.lean:23476:9: error(lean.synthInstanceFailed): failed to synthesize instance of type class
  AddCommGroup ↥(InverseEtaFixedPhaseCore 0)

Hint: Type class instance resolution failures can be inspected with the `set_option trace.Meta.synthInstance true` command.
PrimalitySheafVerification/Mock2_FunctionalAnalysis.lean:23476:2: warning: Try this: 
  letI̵

The goal is a proposition, so `let` is preferred over `letI`.
The difference between `let` and `letI` is that `letI` inlines the value.
But this is not relevant for proofs because of proof irrelevance.

Note: This linter can be disabled with `set_option linter.style.haveILetI false`
PrimalitySheafVerification/Mock2_FunctionalAnalysis.lean:23478:4: error: (deterministic) timeout at `whnf`, maximum number of heartbeats (200000) has been reached

Note: Use `set_option maxHeartbeats <num>` to set the limit.

Hint: Additional diagnostic information may be available using the `set_option diagnostics true` command.
PrimalitySheafVerification/Mock2_FunctionalAnalysis.lean:23526:5: error: unknown namespace `DefinitionOneSobolev.GammaTwoQuotientGeometry`
PrimalitySheafVerification/Mock2_FunctionalAnalysis.lean:23533:7: error(lean.dependsOnNoncomputable): failed to compile definition, consider marking it as 'noncomputable' because it depends on 'Measure.comap', which is 'noncomputable'
PrimalitySheafVerification/Mock2_FunctionalAnalysis.lean:23538:46: error(lean.synthInstanceFailed): failed to synthesize instance of type class
  LE Type

Hint: Type class instance resolution failures can be inspected with the `set_option trace.Meta.synthInstance true` command.
PrimalitySheafVerification/Mock2_FunctionalAnalysis.lean:23538:48: error(lean.synthInstanceFailed): failed to synthesize instance of type class
  OfNat Type 0
numerals are polymorphic in Lean, but the numeral `0` cannot be used in a context where the expected type is
  Type
due to the absence of the instance above

Hint: Type class instance resolution failures can be inspected with the `set_option trace.Meta.synthInstance true` command.
PrimalitySheafVerification/Mock2_FunctionalAnalysis.lean:23544:2: error: No goals to be solved
PrimalitySheafVerification/Mock2_FunctionalAnalysis.lean:23547:8: warning: declaration uses `sorry`
PrimalitySheafVerification/Mock2_FunctionalAnalysis.lean:23555:4: error(lean.unknownIdentifier): Unknown identifier `hyperbolicMeasure_def`
PrimalitySheafVerification/Mock2_FunctionalAnalysis.lean:23554:37: warning: declaration uses `sorry`
PrimalitySheafVerification/Mock2_FunctionalAnalysis.lean:23560:4: error(lean.unknownIdentifier): Unknown identifier `chosenGammaTwoFundamentalDomain.carrier`
PrimalitySheafVerification/Mock2_FunctionalAnalysis.lean:23558:7: error(lean.dependsOnNoncomputable): failed to compile definition, consider marking it as 'noncomputable' because it depends on 'Measure.restrict', which is 'noncomputable'
PrimalitySheafVerification/Mock2_FunctionalAnalysis.lean:23563:7: error(lean.dependsOnNoncomputable): failed to compile definition, consider marking it as 'noncomputable' because it depends on 'UpperHalfPlane.instMeasurableSpace', which is 'noncomputable'
PrimalitySheafVerification/Mock2_FunctionalAnalysis.lean:23568:4: error(lean.dependsOnNoncomputable): failed to compile definition, consider marking it as 'noncomputable' because it depends on 'Real.instDivInvMonoid', which is 'noncomputable'
PrimalitySheafVerification/Mock2_FunctionalAnalysis.lean:23575:19: error(lean.invalidField): Invalid field `toSection`: The environment does not contain `Subtype.toSection`, so it is not possible to project the field `toSection` from an expression
  u.toSmoothCore
of type
  ↥(SmoothCompactWeightCore (OrbitMultiplier n))
Try this:
  [apply] ring_nf
  
  The `ring` tactic failed to close the goal. Use `ring_nf` to obtain a normal form.
    
  Note that `ring` works primarily in *commutative* rings. If you have a noncommutative ring, abelian group or module, consider using `noncomm_ring`, `abel` or `module` instead.
PrimalitySheafVerification/Mock2_FunctionalAnalysis.lean:23581:59: error: unsolved goals
n : ℤ
u v : OrbitPeterssonCore n
z : ℍ
⊢ ↑(z.im ^ euclideanGaugeExponent n) * sorry = ↑(z.im ^ euclideanGaugeExponent n) * sorry * 2
PrimalitySheafVerification/Mock2_FunctionalAnalysis.lean:23583:13: warning: declaration uses `sorry`
PrimalitySheafVerification/Mock2_FunctionalAnalysis.lean:23583:34: warning: This simp argument is unused:
  toSmoothCore_add

Hint: Omit it from the simp argument list.
  [apply] simp only [orbitEuclideanGauge, SmoothCompactWeightCore.add_apply, Pi.add_apply]

Note: This linter can be disabled with `set_option linter.unusedSimpArgs false`
PrimalitySheafVerification/Mock2_FunctionalAnalysis.lean:23584:4: warning: This simp argument is unused:
  SmoothCompactWeightCore.add_apply

Hint: Omit it from the simp argument list.
  [apply] simp only [orbitEuclideanGauge, toSmoothCore_add, Pi.add_apply]

Note: This linter can be disabled with `set_option linter.unusedSimpArgs false`
Try this:
  [apply] ring_nf
  
  The `ring` tactic failed to close the goal. Use `ring_nf` to obtain a normal form.
    
  Note that `ring` works primarily in *commutative* rings. If you have a noncommutative ring, abelian group or module, consider using `noncomm_ring`, `abel` or `module` instead.
PrimalitySheafVerification/Mock2_FunctionalAnalysis.lean:23590:67: error: unsolved goals
n : ℤ
c : ℂ
u : OrbitPeterssonCore n
z : ℍ
⊢ ↑(z.im ^ euclideanGaugeExponent n) * sorry = ↑(z.im ^ euclideanGaugeExponent n) * sorry * c
PrimalitySheafVerification/Mock2_FunctionalAnalysis.lean:23592:13: warning: declaration uses `sorry`
PrimalitySheafVerification/Mock2_FunctionalAnalysis.lean:23592:34: warning: This simp argument is unused:
  toSmoothCore_smul

Hint: Omit it from the simp argument list.
  [apply] simp only [orbitEuclideanGauge, SmoothCompactWeightCore.smul_apply, Pi.smul_apply, smul_eq_mul]

Note: This linter can be disabled with `set_option linter.unusedSimpArgs false`
PrimalitySheafVerification/Mock2_FunctionalAnalysis.lean:23593:4: warning: This simp argument is unused:
  SmoothCompactWeightCore.smul_apply

Hint: Omit it from the simp argument list.
  [apply] simp only [orbitEuclideanGauge, toSmoothCore_smul, Pi.smul_apply, smul_eq_mul]

Note: This linter can be disabled with `set_option linter.unusedSimpArgs false`
PrimalitySheafVerification/Mock2_FunctionalAnalysis.lean:23603:22: error(lean.invalidField): Invalid field `toSection`: The environment does not contain `Subtype.toSection`, so it is not possible to project the field `toSection` from an expression
  u.toSmoothCore
of type
  ↥(SmoothCompactWeightCore (OrbitMultiplier n))
PrimalitySheafVerification/Mock2_FunctionalAnalysis.lean:23639:17: warning: declaration uses `sorry`
PrimalitySheafVerification/Mock2_FunctionalAnalysis.lean:23613:8: warning: declaration uses `sorry`
PrimalitySheafVerification/Mock2_FunctionalAnalysis.lean:23636:10: warning: 'ring' tactic does nothing

Note: This linter can be disabled with `set_option linter.unusedTactic false`
PrimalitySheafVerification/Mock2_FunctionalAnalysis.lean:23636:10: warning: this tactic is never executed

Note: This linter can be disabled with `set_option linter.unreachableTactic false`
PrimalitySheafVerification/Mock2_FunctionalAnalysis.lean:23652:4: error(lean.unknownIdentifier): Unknown constant `Complex.conj`
PrimalitySheafVerification/Mock2_FunctionalAnalysis.lean:23656:25: error(lean.invalidField): Invalid field `toSection`: The environment does not contain `Subtype.toSection`, so it is not possible to project the field `toSection` from an expression
  v.toSmoothCore
of type
  ↥(SmoothCompactWeightCore (OrbitMultiplier n))
PrimalitySheafVerification/Mock2_FunctionalAnalysis.lean:23674:7: error: failed to infer `have` declaration type
PrimalitySheafVerification/Mock2_FunctionalAnalysis.lean:23672:70: error: unsolved goals
n : ℤ
u : OrbitPeterssonCore n
z : ℍ
h : sorry
⊢ sorry
PrimalitySheafVerification/Mock2_FunctionalAnalysis.lean:23689:6: error(lean.unknownIdentifier): Unknown identifier `chosenGammaTwoFundamentalDomain`
PrimalitySheafVerification/Mock2_FunctionalAnalysis.lean:23693:8: error(lean.unknownIdentifier): Unknown identifier `chosenGammaTwoFundamentalDomain.carrier`
PrimalitySheafVerification/Mock2_FunctionalAnalysis.lean:23693:48: error(lean.unknownIdentifier): Unknown identifier `hyperbolicMeasure`
PrimalitySheafVerification/Mock2_FunctionalAnalysis.lean:23684:39: error: unsolved goals
n : ℤ
u : OrbitPeterssonCore n
hHyperbolic :
  IntegrableOn (upstairsInnerDensity (OrbitMultiplier n) u.toSmoothCore u.toSmoothCore) sorry.carrier
    GammaTwoQuotientGeometry.hyperbolicMeasure
⊢ Integrable (fun x => ‖orbitEuclideanGauge n u x‖ ^ 2) chosenEuclideanCarrierMeasure
PrimalitySheafVerification/Mock2_FunctionalAnalysis.lean:23719:4: error: Type mismatch: After simplification, term
  MemLp.toLp_const_smul c (orbitEuclideanGauge_memLp n u)
 has type
  @Eq (↥(Lp ℂ 2 chosenEuclideanCarrierMeasure)) (MemLp.toLp (c • orbitEuclideanGauge n u) ⋯)
    (c • MemLp.toLp (orbitEuclideanGauge n u) ⋯)
but is expected to have type
  @Eq (↥(OrbitEuclideanL2 n)) (MemLp.toLp (c • orbitEuclideanGauge n u) ⋯)
    ((RingHom.id ℂ) c • MemLp.toLp (orbitEuclideanGauge n u) ⋯)
PrimalitySheafVerification/Mock2_FunctionalAnalysis.lean:23727:14: warning: declaration uses `sorry`
PrimalitySheafVerification/Mock2_FunctionalAnalysis.lean:23723:8: warning: declaration uses `sorry`
PrimalitySheafVerification/Mock2_FunctionalAnalysis.lean:23749:15: error(lean.unknownIdentifier): Unknown identifier `chosenGammaTwoFundamentalDomain.carrier`
PrimalitySheafVerification/Mock2_FunctionalAnalysis.lean:23759:9: error(lean.unknownIdentifier): Unknown identifier `hyperbolicMeasure`
PrimalitySheafVerification/Mock2_FunctionalAnalysis.lean:23756:15: error(lean.unknownIdentifier): Unknown identifier `chosenGammaTwoFundamentalDomain.carrier`
PrimalitySheafVerification/Mock2_FunctionalAnalysis.lean:23765:8: error(lean.unknownIdentifier): Unknown identifier `chosenGammaTwoFundamentalDomain`
PrimalitySheafVerification/Mock2_FunctionalAnalysis.lean:23768:28: error(lean.unknownIdentifier): Unknown identifier `chosenGammaTwoFundamentalDomain`
PrimalitySheafVerification/Mock2_FunctionalAnalysis.lean:23734:63: error: unsolved goals
n : ℤ
u v : OrbitPeterssonCore n
⊢ ∫ (a : ℍ),
      ⟪↑↑((orbitPeterssonCoreToEuclideanL2 n) u) a,
        ↑↑((orbitPeterssonCoreToEuclideanL2 n) v) a⟫_ℂ ∂chosenEuclideanCarrierMeasure =
    ⟪u, v⟫_ℂ
PrimalitySheafVerification/Mock2_FunctionalAnalysis.lean:23799:10: error: unknown tactic
PrimalitySheafVerification/Mock2_FunctionalAnalysis.lean:23797:8: error: Type mismatch: After simplification, term
  UniformSpace.Completion.isUniformInducing_coe
 has type
  ∀ (α : Type ?u.20) [inst : UniformSpace α], IsUniformInducing UniformSpace.Completion.coe'
but is expected to have type
  IsUniformInducing ⇑?m.31
PrimalitySheafVerification/Mock2_FunctionalAnalysis.lean:23809:2: error: Type mismatch: After simplification, term
  LinearIsometry.norm_map (orbitPeterssonCoreEuclideanIsometry n) u
 has type
  @Eq ℝ ‖(orbitPeterssonCoreEuclideanIsometry n) u‖ ‖u‖
but is expected to have type
  @Eq ℝ ‖(orbitPeterssonCoreToEuclideanL2 n) u‖ ‖u‖
PrimalitySheafVerification/Mock2_FunctionalAnalysis.lean:23832:4: error: maximum number of errors (400; from option `maxErrors`) reached, exiting
