PrimalitySheafVerification/Mock2_FunctionalAnalysis.lean:210:0: warning: 
'Mathlib.Analysis.Normed.Operator.FredholmAlternative' has been deprecated: please replace this import by

import Mathlib.Analysis.Normed.Operator.Compact.FredholmAlternative
PrimalitySheafVerification/Mock2_FunctionalAnalysis.lean:731:2: warning: try 'simp' instead of 'simpa'

Note: This linter can be disabled with `set_option linter.unnecessarySimpa false`
PrimalitySheafVerification/Mock2_FunctionalAnalysis.lean:972:0: warning: automatically included section variable(s) unused in theorem `Mock2FA.PaperCorrections.linearTestIntegrand_add`:
  [MeasurableSpace X]
  [TopologicalSpace X]
consider restructuring your `variable` declarations so that the variables are not in scope or explicitly omit them:
  omit [MeasurableSpace X] [TopologicalSpace X] in theorem ...

Note: This linter can be disabled with `set_option linter.unusedSectionVars false`
PrimalitySheafVerification/Mock2_FunctionalAnalysis.lean:980:0: warning: automatically included section variable(s) unused in theorem `Mock2FA.PaperCorrections.linearTestIntegrand_smul`:
  [MeasurableSpace X]
  [TopologicalSpace X]
consider restructuring your `variable` declarations so that the variables are not in scope or explicitly omit them:
  omit [MeasurableSpace X] [TopologicalSpace X] in theorem ...

Note: This linter can be disabled with `set_option linter.unusedSectionVars false`
PrimalitySheafVerification/Mock2_FunctionalAnalysis.lean:989:0: warning: automatically included section variable(s) unused in theorem `Mock2FA.PaperCorrections.linearTestIntegrand_density_add`:
  [MeasurableSpace X]
  [TopologicalSpace X]
consider restructuring your `variable` declarations so that the variables are not in scope or explicitly omit them:
  omit [MeasurableSpace X] [TopologicalSpace X] in theorem ...

Note: This linter can be disabled with `set_option linter.unusedSectionVars false`
PrimalitySheafVerification/Mock2_FunctionalAnalysis.lean:997:0: warning: automatically included section variable(s) unused in theorem `Mock2FA.PaperCorrections.antiTestIntegrand_add`:
  [MeasurableSpace X]
  [TopologicalSpace X]
consider restructuring your `variable` declarations so that the variables are not in scope or explicitly omit them:
  omit [MeasurableSpace X] [TopologicalSpace X] in theorem ...

Note: This linter can be disabled with `set_option linter.unusedSectionVars false`
PrimalitySheafVerification/Mock2_FunctionalAnalysis.lean:1005:0: warning: automatically included section variable(s) unused in theorem `Mock2FA.PaperCorrections.antiTestIntegrand_smul`:
  [MeasurableSpace X]
  [TopologicalSpace X]
consider restructuring your `variable` declarations so that the variables are not in scope or explicitly omit them:
  omit [MeasurableSpace X] [TopologicalSpace X] in theorem ...

Note: This linter can be disabled with `set_option linter.unusedSectionVars false`
PrimalitySheafVerification/Mock2_FunctionalAnalysis.lean:1015:0: warning: automatically included section variable(s) unused in theorem `Mock2FA.PaperCorrections.antiTestIntegrand_density_add`:
  [MeasurableSpace X]
  [TopologicalSpace X]
consider restructuring your `variable` declarations so that the variables are not in scope or explicitly omit them:
  omit [MeasurableSpace X] [TopologicalSpace X] in theorem ...

Note: This linter can be disabled with `set_option linter.unusedSectionVars false`
PrimalitySheafVerification/Mock2_FunctionalAnalysis.lean:1190:0: warning: automatically included section variable(s) unused in theorem `Mock2FA.PaperCorrections.integral_eq_setIntegral_of_support_subset`:
  [TopologicalSpace X]
consider restructuring your `variable` declarations so that the variables are not in scope or explicitly omit them:
  omit [TopologicalSpace X] in theorem ...

Note: This linter can be disabled with `set_option linter.unusedSectionVars false`
PrimalitySheafVerification/Mock2_FunctionalAnalysis.lean:1198:0: warning: automatically included section variable(s) unused in theorem `Mock2FA.PaperCorrections.support_linearTestIntegrand_subset_test`:
  [MeasurableSpace X]
  [TopologicalSpace X]
consider restructuring your `variable` declarations so that the variables are not in scope or explicitly omit them:
  omit [MeasurableSpace X] [TopologicalSpace X] in theorem ...

Note: This linter can be disabled with `set_option linter.unusedSectionVars false`
PrimalitySheafVerification/Mock2_FunctionalAnalysis.lean:1207:0: warning: automatically included section variable(s) unused in theorem `Mock2FA.PaperCorrections.support_antiTestIntegrand_subset_test`:
  [MeasurableSpace X]
  [TopologicalSpace X]
consider restructuring your `variable` declarations so that the variables are not in scope or explicitly omit them:
  omit [MeasurableSpace X] [TopologicalSpace X] in theorem ...

Note: This linter can be disabled with `set_option linter.unusedSectionVars false`
PrimalitySheafVerification/Mock2_FunctionalAnalysis.lean:1278:0: warning: automatically included section variable(s) unused in theorem `Mock2FA.PaperCorrections.tsupport_subset_interior_compactExhaustion`:
  [MeasurableSpace X]
consider restructuring your `variable` declarations so that the variables are not in scope or explicitly omit them:
  omit [MeasurableSpace X] in theorem ...

Note: This linter can be disabled with `set_option linter.unusedSectionVars false`
PrimalitySheafVerification/Mock2_FunctionalAnalysis.lean:1292:0: warning: automatically included section variable(s) unused in theorem `Mock2FA.PaperCorrections.eventually_tsupport_subset_compactExhaustion`:
  [MeasurableSpace X]
consider restructuring your `variable` declarations so that the variables are not in scope or explicitly omit them:
  omit [MeasurableSpace X] in theorem ...

Note: This linter can be disabled with `set_option linter.unusedSectionVars false`
PrimalitySheafVerification/Mock2_FunctionalAnalysis.lean:1354:0: warning: automatically included section variable(s) unused in theorem `Mock2FA.PaperCorrections.mem_truncatedTestCore`:
  [MeasurableSpace X]
consider restructuring your `variable` declarations so that the variables are not in scope or explicitly omit them:
  omit [MeasurableSpace X] in theorem ...

Note: This linter can be disabled with `set_option linter.unusedSectionVars false`
PrimalitySheafVerification/Mock2_FunctionalAnalysis.lean:1360:0: warning: automatically included section variable(s) unused in theorem `Mock2FA.PaperCorrections.truncatedTestCore_subset_core`:
  [MeasurableSpace X]
consider restructuring your `variable` declarations so that the variables are not in scope or explicitly omit them:
  omit [MeasurableSpace X] in theorem ...

Note: This linter can be disabled with `set_option linter.unusedSectionVars false`
PrimalitySheafVerification/Mock2_FunctionalAnalysis.lean:1365:0: warning: automatically included section variable(s) unused in theorem `Mock2FA.PaperCorrections.truncatedTestCore_mono`:
  [MeasurableSpace X]
consider restructuring your `variable` declarations so that the variables are not in scope or explicitly omit them:
  omit [MeasurableSpace X] in theorem ...

Note: This linter can be disabled with `set_option linter.unusedSectionVars false`
PrimalitySheafVerification/Mock2_FunctionalAnalysis.lean:1372:0: warning: automatically included section variable(s) unused in theorem `Mock2FA.PaperCorrections.iUnion_truncatedTestCore_eq`:
  [MeasurableSpace X]
consider restructuring your `variable` declarations so that the variables are not in scope or explicitly omit them:
  omit [MeasurableSpace X] in theorem ...

Note: This linter can be disabled with `set_option linter.unusedSectionVars false`
PrimalitySheafVerification/Mock2_FunctionalAnalysis.lean:1409:0: warning: automatically included section variable(s) unused in theorem `Mock2FA.PaperCorrections.compactExhaustion_covers_compactlySupported_tests`:
  [MeasurableSpace X]
consider restructuring your `variable` declarations so that the variables are not in scope or explicitly omit them:
  omit [MeasurableSpace X] in theorem ...

Note: This linter can be disabled with `set_option linter.unusedSectionVars false`
PrimalitySheafVerification/Mock2_FunctionalAnalysis.lean:1839:2: warning: Try this: 
  letI̵

The goal is a proposition, so `let` is preferred over `letI`.
The difference between `let` and `letI` is that `letI` inlines the value.
But this is not relevant for proofs because of proof irrelevance.

Note: This linter can be disabled with `set_option linter.style.haveILetI false`
PrimalitySheafVerification/Mock2_FunctionalAnalysis.lean:1840:2: warning: Try this: 
  letI̵

The goal is a proposition, so `let` is preferred over `letI`.
The difference between `let` and `letI` is that `letI` inlines the value.
But this is not relevant for proofs because of proof irrelevance.

Note: This linter can be disabled with `set_option linter.style.haveILetI false`
PrimalitySheafVerification/Mock2_FunctionalAnalysis.lean:1872:2: warning: Try this: 
  letI̵

The goal is a proposition, so `let` is preferred over `letI`.
The difference between `let` and `letI` is that `letI` inlines the value.
But this is not relevant for proofs because of proof irrelevance.

Note: This linter can be disabled with `set_option linter.style.haveILetI false`
PrimalitySheafVerification/Mock2_FunctionalAnalysis.lean:1873:2: warning: Try this: 
  letI̵

The goal is a proposition, so `let` is preferred over `letI`.
The difference between `let` and `letI` is that `letI` inlines the value.
But this is not relevant for proofs because of proof irrelevance.

Note: This linter can be disabled with `set_option linter.style.haveILetI false`
PrimalitySheafVerification/Mock2_FunctionalAnalysis.lean:2703:0: warning: automatically included section variable(s) unused in theorem `Mock2FA.PaperCorrections.FredholmBypass.FredholmBypassData.compactPerturbation_isCompact`:
  [CompleteSpace V]
consider restructuring your `variable` declarations so that the variables are not in scope or explicitly omit them:
  omit [CompleteSpace V] in theorem ...

Note: This linter can be disabled with `set_option linter.unusedSectionVars false`
PrimalitySheafVerification/Mock2_FunctionalAnalysis.lean:2708:0: warning: automatically included section variable(s) unused in theorem `Mock2FA.PaperCorrections.FredholmBypass.FredholmBypassData.normalized_hasTrivialKernel`:
  [CompleteSpace V]
consider restructuring your `variable` declarations so that the variables are not in scope or explicitly omit them:
  omit [CompleteSpace V] in theorem ...

Note: This linter can be disabled with `set_option linter.unusedSectionVars false`
PrimalitySheafVerification/Mock2_FunctionalAnalysis.lean:3098:0: warning: automatically included section variable(s) unused in theorem `Mock2FA.PaperCorrections.FredholmBypass.fredholmDefectKernelComplementRestriction_apply`:
  [CompleteSpace X]
consider restructuring your `variable` declarations so that the variables are not in scope or explicitly omit them:
  omit [CompleteSpace X] in theorem ...

Note: This linter can be disabled with `set_option linter.unusedSectionVars false`
PrimalitySheafVerification/Mock2_FunctionalAnalysis.lean:3106:0: warning: automatically included section variable(s) unused in theorem `Mock2FA.PaperCorrections.FredholmBypass.fredholmDefectKernelComplementRestriction_injective`:
  [CompleteSpace X]
consider restructuring your `variable` declarations so that the variables are not in scope or explicitly omit them:
  omit [CompleteSpace X] in theorem ...

Note: This linter can be disabled with `set_option linter.unusedSectionVars false`
PrimalitySheafVerification/Mock2_FunctionalAnalysis.lean:3127:0: warning: automatically included section variable(s) unused in theorem `Mock2FA.PaperCorrections.FredholmBypass.fredholmDefectKernelComplementRestriction_antilipschitz`:
  [CompleteSpace X]
consider restructuring your `variable` declarations so that the variables are not in scope or explicitly omit them:
  omit [CompleteSpace X] in theorem ...

Note: This linter can be disabled with `set_option linter.unusedSectionVars false`
PrimalitySheafVerification/Mock2_FunctionalAnalysis.lean:3263:0: warning: automatically included section variable(s) unused in theorem `Mock2FA.PaperCorrections.FredholmBypass.ShiftedCompactDecomposition.range_isClosed`:
  [CompleteSpace W]
consider restructuring your `variable` declarations so that the variables are not in scope or explicitly omit them:
  omit [CompleteSpace W] in theorem ...

Note: This linter can be disabled with `set_option linter.unusedSectionVars false`
PrimalitySheafVerification/Mock2_FunctionalAnalysis.lean:3299:47: warning: Variable name `d` is not explicitly referenced.

Hint: The binding can be removed (if unused) or named `_` (if used implicitly). Alternatively, prefix the name with `_` to silence this warning:
  [apply] _d

Note: This linter can be disabled with `set_option linter.unusedVariables false`
PrimalitySheafVerification/Mock2_FunctionalAnalysis.lean:3305:0: warning: automatically included section variable(s) unused in theorem `Mock2FA.PaperCorrections.FredholmBypass.NontrivialKernelFredholmData.kernelComplementRestriction_apply`:
  [CompleteSpace V]
  [CompleteSpace W]
consider restructuring your `variable` declarations so that the variables are not in scope or explicitly omit them:
  omit [CompleteSpace V] [CompleteSpace W] in theorem ...

Note: This linter can be disabled with `set_option linter.unusedSectionVars false`
PrimalitySheafVerification/Mock2_FunctionalAnalysis.lean:3312:0: warning: automatically included section variable(s) unused in theorem `Mock2FA.PaperCorrections.FredholmBypass.NontrivialKernelFredholmData.kernelComplementRestriction_injective`:
  [CompleteSpace V]
  [CompleteSpace W]
consider restructuring your `variable` declarations so that the variables are not in scope or explicitly omit them:
  omit [CompleteSpace V] [CompleteSpace W] in theorem ...

Note: This linter can be disabled with `set_option linter.unusedSectionVars false`
PrimalitySheafVerification/Mock2_FunctionalAnalysis.lean:3330:0: warning: automatically included section variable(s) unused in theorem `Mock2FA.PaperCorrections.FredholmBypass.NontrivialKernelFredholmData.kernelComplementRestriction_surjective`:
  [CompleteSpace W]
consider restructuring your `variable` declarations so that the variables are not in scope or explicitly omit them:
  omit [CompleteSpace W] in theorem ...

Note: This linter can be disabled with `set_option linter.unusedSectionVars false`
PrimalitySheafVerification/Mock2_FunctionalAnalysis.lean:3427:5: warning: Variable name `d` is not explicitly referenced.

Hint: The binding can be removed (if unused) or named `_` (if used implicitly). Alternatively, prefix the name with `_` to silence this warning:
  [apply] _d

Note: This linter can be disabled with `set_option linter.unusedVariables false`
PrimalitySheafVerification/Mock2_FunctionalAnalysis.lean:3481:0: warning: automatically included section variable(s) unused in theorem `Mock2FA.PaperCorrections.FredholmBypass.NontrivialKernelFredholmData.compactPerturbation_isCompact`:
  [CompleteSpace V]
  [CompleteSpace W]
consider restructuring your `variable` declarations so that the variables are not in scope or explicitly omit them:
  omit [CompleteSpace V] [CompleteSpace W] in theorem ...

Note: This linter can be disabled with `set_option linter.unusedSectionVars false`
PrimalitySheafVerification/Mock2_FunctionalAnalysis.lean:3488:0: warning: automatically included section variable(s) unused in theorem `Mock2FA.PaperCorrections.FredholmBypass.NontrivialKernelFredholmData.factorization`:
  [CompleteSpace V]
  [CompleteSpace W]
consider restructuring your `variable` declarations so that the variables are not in scope or explicitly omit them:
  omit [CompleteSpace V] [CompleteSpace W] in theorem ...

Note: This linter can be disabled with `set_option linter.unusedSectionVars false`
PrimalitySheafVerification/Mock2_FunctionalAnalysis.lean:4293:2: warning: try 'simp' instead of 'simpa'

Note: This linter can be disabled with `set_option linter.unnecessarySimpa false`
PrimalitySheafVerification/Mock2_FunctionalAnalysis.lean:4296:19: warning: 'norm_num' tactic does nothing

Note: This linter can be disabled with `set_option linter.unusedTactic false`
PrimalitySheafVerification/Mock2_FunctionalAnalysis.lean:4296:19: warning: this tactic is never executed

Note: This linter can be disabled with `set_option linter.unreachableTactic false`
PrimalitySheafVerification/Mock2_FunctionalAnalysis.lean:4420:2: warning: try 'simp' instead of 'simpa'

Note: This linter can be disabled with `set_option linter.unnecessarySimpa false`
PrimalitySheafVerification/Mock2_FunctionalAnalysis.lean:4488:6: warning: 'ring' tactic does nothing

Note: This linter can be disabled with `set_option linter.unusedTactic false`
PrimalitySheafVerification/Mock2_FunctionalAnalysis.lean:4488:6: warning: this tactic is never executed

Note: This linter can be disabled with `set_option linter.unreachableTactic false`
PrimalitySheafVerification/Mock2_FunctionalAnalysis.lean:4537:4: warning: try 'simp' instead of 'simpa'

Note: This linter can be disabled with `set_option linter.unnecessarySimpa false`
PrimalitySheafVerification/Mock2_FunctionalAnalysis.lean:4589:2: warning: try 'simp' instead of 'simpa'

Note: This linter can be disabled with `set_option linter.unnecessarySimpa false`
PrimalitySheafVerification/Mock2_FunctionalAnalysis.lean:4672:43: warning: This simp argument is unused:
  zpow_neg_one

Hint: Omit it from the simp argument list.
  [apply] simp [weightFiberScale, halfWeightScale]

Note: This linter can be disabled with `set_option linter.unusedSimpArgs false`
PrimalitySheafVerification/Mock2_FunctionalAnalysis.lean:5284:6: warning: 'ring' tactic does nothing

Note: This linter can be disabled with `set_option linter.unusedTactic false`
PrimalitySheafVerification/Mock2_FunctionalAnalysis.lean:5284:6: warning: this tactic is never executed

Note: This linter can be disabled with `set_option linter.unreachableTactic false`
PrimalitySheafVerification/Mock2_FunctionalAnalysis.lean:5632:2: warning: Try this: 
  letI̵

The goal is a proposition, so `let` is preferred over `letI`.
The difference between `let` and `letI` is that `letI` inlines the value.
But this is not relevant for proofs because of proof irrelevance.

Note: This linter can be disabled with `set_option linter.style.haveILetI false`
PrimalitySheafVerification/Mock2_FunctionalAnalysis.lean:5689:15: warning: `Set.preimage_setOf_eq` has been deprecated: Use `Set.preimage_ofPred_eq` instead
PrimalitySheafVerification/Mock2_FunctionalAnalysis.lean:5782:4: warning: try 'simp' instead of 'simpa'

Note: This linter can be disabled with `set_option linter.unnecessarySimpa false`
PrimalitySheafVerification/Mock2_FunctionalAnalysis.lean:5944:6: warning: try 'simp' instead of 'simpa'

Note: This linter can be disabled with `set_option linter.unnecessarySimpa false`
PrimalitySheafVerification/Mock2_FunctionalAnalysis.lean:6011:12: warning: This simp argument is unused:
  mul_assoc

Hint: Omit it from the simp argument list.
  [apply] simp

Note: This linter can be disabled with `set_option linter.unusedSimpArgs false`
PrimalitySheafVerification/Mock2_FunctionalAnalysis.lean:6084:12: warning: This simp argument is unused:
  mul_assoc

Hint: Omit it from the simp argument list.
  [apply] simp

Note: This linter can be disabled with `set_option linter.unusedSimpArgs false`
PrimalitySheafVerification/Mock2_FunctionalAnalysis.lean:6158:10: warning: `Set.mem_diff` has been deprecated: Use `Set.mem_sdiff` instead
PrimalitySheafVerification/Mock2_FunctionalAnalysis.lean:6554:4: warning: Try `simp at hback` instead of `simpa using hback`

Note: This linter can be disabled with `set_option linter.unnecessarySimpa false`
PrimalitySheafVerification/Mock2_FunctionalAnalysis.lean:6778:39: warning: `Set.mem_diff` has been deprecated: Use `Set.mem_sdiff` instead
PrimalitySheafVerification/Mock2_FunctionalAnalysis.lean:6990:42: warning: This simp argument is unused:
  Complex.ofReal_re

Hint: Omit it from the simp argument list.
  [apply] simp only [gammaTwoStandardEdgeParam, gammaTwoLeftCircleCenter, UpperHalfPlane.coe_mk, Complex.normSq_apply,
    Complex.sub_re, Complex.sub_im, Complex.neg_re, Complex.neg_im, Complex.ofReal_im, sub_zero, neg_neg]

Note: This linter can be disabled with `set_option linter.unusedSimpArgs false`
PrimalitySheafVerification/Mock2_FunctionalAnalysis.lean:6991:26: warning: This simp argument is unused:
  Complex.ofReal_im

Hint: Omit it from the simp argument list.
  [apply] simp only [gammaTwoStandardEdgeParam, gammaTwoLeftCircleCenter, UpperHalfPlane.coe_mk, Complex.normSq_apply,
    Complex.sub_re, Complex.sub_im, Complex.neg_re, Complex.ofReal_re, Complex.neg_im, sub_zero, neg_neg]

Note: This linter can be disabled with `set_option linter.unusedSimpArgs false`
PrimalitySheafVerification/Mock2_FunctionalAnalysis.lean:6991:45: warning: This simp argument is unused:
  sub_zero

Hint: Omit it from the simp argument list.
  [apply] simp only [gammaTwoStandardEdgeParam, gammaTwoLeftCircleCenter, UpperHalfPlane.coe_mk, Complex.normSq_apply,
    Complex.sub_re, Complex.sub_im, Complex.neg_re, Complex.ofReal_re, Complex.neg_im, Complex.ofReal_im, neg_neg]

Note: This linter can be disabled with `set_option linter.unusedSimpArgs false`
PrimalitySheafVerification/Mock2_FunctionalAnalysis.lean:6991:55: warning: This simp argument is unused:
  neg_neg

Hint: Omit it from the simp argument list.
  [apply] simp only [gammaTwoStandardEdgeParam, gammaTwoLeftCircleCenter, UpperHalfPlane.coe_mk, Complex.normSq_apply,
    Complex.sub_re, Complex.sub_im, Complex.neg_re, Complex.ofReal_re, Complex.neg_im, Complex.ofReal_im, sub_zero]

Note: This linter can be disabled with `set_option linter.unusedSimpArgs false`
PrimalitySheafVerification/Mock2_FunctionalAnalysis.lean:7014:26: warning: This simp argument is unused:
  Complex.ofReal_re

Hint: Omit it from the simp argument list.
  [apply] simp only [gammaTwoStandardEdgeParam, gammaTwoRightCircleCenter, UpperHalfPlane.coe_mk, Complex.normSq_apply,
    Complex.sub_re, Complex.sub_im, Complex.ofReal_im, sub_zero]

Note: This linter can be disabled with `set_option linter.unusedSimpArgs false`
PrimalitySheafVerification/Mock2_FunctionalAnalysis.lean:7014:45: warning: This simp argument is unused:
  Complex.ofReal_im

Hint: Omit it from the simp argument list.
  [apply] simp only [gammaTwoStandardEdgeParam, gammaTwoRightCircleCenter, UpperHalfPlane.coe_mk, Complex.normSq_apply,
    Complex.sub_re, Complex.sub_im, Complex.ofReal_re, sub_zero]

Note: This linter can be disabled with `set_option linter.unusedSimpArgs false`
PrimalitySheafVerification/Mock2_FunctionalAnalysis.lean:7014:64: warning: This simp argument is unused:
  sub_zero

Hint: Omit it from the simp argument list.
  [apply] simp only [gammaTwoStandardEdgeParam, gammaTwoRightCircleCenter, UpperHalfPlane.coe_mk, Complex.normSq_apply,
    Complex.sub_re, Complex.sub_im, Complex.ofReal_re, Complex.ofReal_im]

Note: This linter can be disabled with `set_option linter.unusedSimpArgs false`
PrimalitySheafVerification/Mock2_FunctionalAnalysis.lean:7074:6: warning: This simp argument is unused:
  Complex.ofReal_re

Hint: Omit it from the simp argument list.
  [apply] simp only [gammaTwoStandardEdgeParam, UpperHalfPlane.coe_mk, Complex.mul_re, Complex.mul_im, Complex.add_re,
    Complex.add_im, Complex.ofReal_im, Complex.one_re, Complex.one_im, zero_mul, mul_zero, add_zero]

Note: This linter can be disabled with `set_option linter.unusedSimpArgs false`
PrimalitySheafVerification/Mock2_FunctionalAnalysis.lean:7074:25: warning: This simp argument is unused:
  Complex.ofReal_im

Hint: Omit it from the simp argument list.
  [apply] simp only [gammaTwoStandardEdgeParam, UpperHalfPlane.coe_mk, Complex.mul_re, Complex.mul_im, Complex.add_re,
    Complex.add_im, Complex.ofReal_re, Complex.one_re, Complex.one_im, zero_mul, mul_zero, add_zero]

Note: This linter can be disabled with `set_option linter.unusedSimpArgs false`
PrimalitySheafVerification/Mock2_FunctionalAnalysis.lean:7075:22: warning: This simp argument is unused:
  zero_mul

Hint: Omit it from the simp argument list.
  [apply] simp only [gammaTwoStandardEdgeParam, UpperHalfPlane.coe_mk, Complex.mul_re, Complex.mul_im, Complex.add_re,
    Complex.add_im, Complex.ofReal_re, Complex.ofReal_im, Complex.one_re, Complex.one_im, mul_zero, add_zero]

Note: This linter can be disabled with `set_option linter.unusedSimpArgs false`
PrimalitySheafVerification/Mock2_FunctionalAnalysis.lean:7075:32: warning: This simp argument is unused:
  mul_zero

Hint: Omit it from the simp argument list.
  [apply] simp only [gammaTwoStandardEdgeParam, UpperHalfPlane.coe_mk, Complex.mul_re, Complex.mul_im, Complex.add_re,
    Complex.add_im, Complex.ofReal_re, Complex.ofReal_im, Complex.one_re, Complex.one_im, zero_mul, add_zero]

Note: This linter can be disabled with `set_option linter.unusedSimpArgs false`
PrimalitySheafVerification/Mock2_FunctionalAnalysis.lean:7081:6: warning: This simp argument is unused:
  Complex.ofReal_re

Hint: Omit it from the simp argument list.
  [apply] simp only [gammaTwoStandardEdgeParam, UpperHalfPlane.coe_mk, Complex.mul_re, Complex.mul_im, Complex.add_re,
    Complex.add_im, Complex.ofReal_im, Complex.one_re, Complex.one_im, zero_mul, mul_zero, add_zero]

Note: This linter can be disabled with `set_option linter.unusedSimpArgs false`
PrimalitySheafVerification/Mock2_FunctionalAnalysis.lean:7081:25: warning: This simp argument is unused:
  Complex.ofReal_im

Hint: Omit it from the simp argument list.
  [apply] simp only [gammaTwoStandardEdgeParam, UpperHalfPlane.coe_mk, Complex.mul_re, Complex.mul_im, Complex.add_re,
    Complex.add_im, Complex.ofReal_re, Complex.one_re, Complex.one_im, zero_mul, mul_zero, add_zero]

Note: This linter can be disabled with `set_option linter.unusedSimpArgs false`
PrimalitySheafVerification/Mock2_FunctionalAnalysis.lean:7082:22: warning: This simp argument is unused:
  zero_mul

Hint: Omit it from the simp argument list.
  [apply] simp only [gammaTwoStandardEdgeParam, UpperHalfPlane.coe_mk, Complex.mul_re, Complex.mul_im, Complex.add_re,
    Complex.add_im, Complex.ofReal_re, Complex.ofReal_im, Complex.one_re, Complex.one_im, mul_zero, add_zero]

Note: This linter can be disabled with `set_option linter.unusedSimpArgs false`
PrimalitySheafVerification/Mock2_FunctionalAnalysis.lean:7082:32: warning: This simp argument is unused:
  mul_zero

Hint: Omit it from the simp argument list.
  [apply] simp only [gammaTwoStandardEdgeParam, UpperHalfPlane.coe_mk, Complex.mul_re, Complex.mul_im, Complex.add_re,
    Complex.add_im, Complex.ofReal_re, Complex.ofReal_im, Complex.one_re, Complex.one_im, zero_mul, add_zero]

Note: This linter can be disabled with `set_option linter.unusedSimpArgs false`
PrimalitySheafVerification/Mock2_FunctionalAnalysis.lean:7883:14: warning: This simp argument is unused:
  GammaTwoModularTileEdge.pairingMatrix

Hint: Omit it from the simp argument list.
  [apply] simp [GammaTwoModularTileEdge.paired, GammaTwoModularTileEdge.pairedParameter, modularTileEdgeParam,
    modularCircularArcParam, hnormSq, hden]

Note: This linter can be disabled with `set_option linter.unusedSimpArgs false`
PrimalitySheafVerification/Mock2_FunctionalAnalysis.lean:7884:10: warning: This simp argument is unused:
  GammaTwoModularTileEdge.paired

Hint: Omit it from the simp argument list.
  [apply] simp [GammaTwoModularTileEdge.pairingMatrix, GammaTwoModularTileEdge.pairedParameter, modularTileEdgeParam,
    modularCircularArcParam, hnormSq, hden]

Note: This linter can be disabled with `set_option linter.unusedSimpArgs false`
PrimalitySheafVerification/Mock2_FunctionalAnalysis.lean:7885:10: warning: This simp argument is unused:
  GammaTwoModularTileEdge.pairedParameter

Hint: Omit it from the simp argument list.
  [apply] simp [GammaTwoModularTileEdge.pairingMatrix, GammaTwoModularTileEdge.paired, modularTileEdgeParam,
    modularCircularArcParam, hnormSq, hden]

Note: This linter can be disabled with `set_option linter.unusedSimpArgs false`
PrimalitySheafVerification/Mock2_FunctionalAnalysis.lean:7886:10: warning: This simp argument is unused:
  modularTileEdgeParam

Hint: Omit it from the simp argument list.
  [apply] simp [GammaTwoModularTileEdge.pairingMatrix, GammaTwoModularTileEdge.paired,
    GammaTwoModularTileEdge.pairedParameter, modularCircularArcParam, hnormSq, hden]

Note: This linter can be disabled with `set_option linter.unusedSimpArgs false`
PrimalitySheafVerification/Mock2_FunctionalAnalysis.lean:7886:57: warning: This simp argument is unused:
  hnormSq

Hint: Omit it from the simp argument list.
  [apply] simp [GammaTwoModularTileEdge.pairingMatrix, GammaTwoModularTileEdge.paired,
    GammaTwoModularTileEdge.pairedParameter, modularTileEdgeParam, modularCircularArcParam, hden]

Note: This linter can be disabled with `set_option linter.unusedSimpArgs false`
PrimalitySheafVerification/Mock2_FunctionalAnalysis.lean:7888:14: warning: This simp argument is unused:
  GammaTwoModularTileEdge.pairingMatrix

Hint: Omit it from the simp argument list.
  [apply] simp [GammaTwoModularTileEdge.paired, GammaTwoModularTileEdge.pairedParameter, modularTileEdgeParam,
    modularCircularArcParam, hnormSq, hden]

Note: This linter can be disabled with `set_option linter.unusedSimpArgs false`
PrimalitySheafVerification/Mock2_FunctionalAnalysis.lean:7889:10: warning: This simp argument is unused:
  GammaTwoModularTileEdge.paired

Hint: Omit it from the simp argument list.
  [apply] simp [GammaTwoModularTileEdge.pairingMatrix, GammaTwoModularTileEdge.pairedParameter, modularTileEdgeParam,
    modularCircularArcParam, hnormSq, hden]

Note: This linter can be disabled with `set_option linter.unusedSimpArgs false`
PrimalitySheafVerification/Mock2_FunctionalAnalysis.lean:7890:10: warning: This simp argument is unused:
  GammaTwoModularTileEdge.pairedParameter

Hint: Omit it from the simp argument list.
  [apply] simp [GammaTwoModularTileEdge.pairingMatrix, GammaTwoModularTileEdge.paired, modularTileEdgeParam,
    modularCircularArcParam, hnormSq, hden]

Note: This linter can be disabled with `set_option linter.unusedSimpArgs false`
PrimalitySheafVerification/Mock2_FunctionalAnalysis.lean:7891:10: warning: This simp argument is unused:
  modularTileEdgeParam

Hint: Omit it from the simp argument list.
  [apply] simp [GammaTwoModularTileEdge.pairingMatrix, GammaTwoModularTileEdge.paired,
    GammaTwoModularTileEdge.pairedParameter, modularCircularArcParam, hnormSq, hden]

Note: This linter can be disabled with `set_option linter.unusedSimpArgs false`
PrimalitySheafVerification/Mock2_FunctionalAnalysis.lean:7891:57: warning: This simp argument is unused:
  hnormSq

Hint: Omit it from the simp argument list.
  [apply] simp [GammaTwoModularTileEdge.pairingMatrix, GammaTwoModularTileEdge.paired,
    GammaTwoModularTileEdge.pairedParameter, modularTileEdgeParam, modularCircularArcParam, hden]

Note: This linter can be disabled with `set_option linter.unusedSimpArgs false`
PrimalitySheafVerification/Mock2_FunctionalAnalysis.lean:8371:12: warning: This simp argument is unused:
  mul_assoc

Hint: Omit it from the simp argument list.
  [apply] simp

Note: This linter can be disabled with `set_option linter.unusedSimpArgs false`
PrimalitySheafVerification/Mock2_FunctionalAnalysis.lean:8519:8: warning: `continuous_finset_sum` has been deprecated: Use `continuous_finsetSum` instead
PrimalitySheafVerification/Mock2_FunctionalAnalysis.lean:8893:8: warning: `continuous_finset_sum` has been deprecated: Use `continuous_finsetSum` instead
PrimalitySheafVerification/Mock2_FunctionalAnalysis.lean:9027:15: warning: `Set.preimage_setOf_eq` has been deprecated: Use `Set.preimage_ofPred_eq` instead
PrimalitySheafVerification/Mock2_FunctionalAnalysis.lean:9360:10: warning: `Set.diff_subset` has been deprecated: Use `Set.sdiff_subset` instead
PrimalitySheafVerification/Mock2_FunctionalAnalysis.lean:9955:10: warning: `Set.diff_subset` has been deprecated: Use `Set.sdiff_subset` instead
PrimalitySheafVerification/Mock2_FunctionalAnalysis.lean:10093:27: warning: Used `tac1 <;> tac2` where `(tac1; tac2)` would suffice

Note: This linter can be disabled with `set_option linter.unnecessarySeqFocus false`
PrimalitySheafVerification/Mock2_FunctionalAnalysis.lean:10385:8: warning: `Polynomial.finite_setOf_isRoot` has been deprecated: Use `Polynomial.finite_setOfPred_isRoot` instead
PrimalitySheafVerification/Mock2_FunctionalAnalysis.lean:10402:8: warning: `Polynomial.finite_setOf_isRoot` has been deprecated: Use `Polynomial.finite_setOfPred_isRoot` instead
PrimalitySheafVerification/Mock2_FunctionalAnalysis.lean:10419:8: warning: `Polynomial.finite_setOf_isRoot` has been deprecated: Use `Polynomial.finite_setOfPred_isRoot` instead
PrimalitySheafVerification/Mock2_FunctionalAnalysis.lean:10780:6: warning: try 'simp' instead of 'simpa'

Note: This linter can be disabled with `set_option linter.unnecessarySimpa false`
PrimalitySheafVerification/Mock2_FunctionalAnalysis.lean:10789:2: warning: try 'simp' instead of 'simpa'

Note: This linter can be disabled with `set_option linter.unnecessarySimpa false`
PrimalitySheafVerification/Mock2_FunctionalAnalysis.lean:10969:19: warning: This simp argument is unused:
  Function.comp_def

Hint: Omit it from the simp argument list.
  [apply] simp [upperLift]

Note: This linter can be disabled with `set_option linter.unusedSimpArgs false`
PrimalitySheafVerification/Mock2_FunctionalAnalysis.lean:12021:13: warning: `ContinuousLinearMap.add_apply` has been deprecated: Use `add_apply` instead

Note: The updated constant is in a different namespace. Dot notation may need to be changed (e.g., from `x.add_apply` to `add_apply x`).
PrimalitySheafVerification/Mock2_FunctionalAnalysis.lean:12022:4: warning: `ContinuousLinearMap.smul_apply` has been deprecated: Use `smul_apply` instead

Note: The updated constant is in a different namespace. Dot notation may need to be changed (e.g., from `x.smul_apply` to `smul_apply x`).
PrimalitySheafVerification/Mock2_FunctionalAnalysis.lean:12049:10: warning: 'ring' tactic does nothing

Note: This linter can be disabled with `set_option linter.unusedTactic false`
PrimalitySheafVerification/Mock2_FunctionalAnalysis.lean:12049:10: warning: this tactic is never executed

Note: This linter can be disabled with `set_option linter.unreachableTactic false`
PrimalitySheafVerification/Mock2_FunctionalAnalysis.lean:12358:30: warning: Used `tac1 <;> tac2` where `(tac1; tac2)` would suffice

Note: This linter can be disabled with `set_option linter.unnecessarySeqFocus false`
PrimalitySheafVerification/Mock2_FunctionalAnalysis.lean:12382:28: warning: This simp argument is unused:
  Function.comp_def

Hint: Omit it from the simp argument list.
  [apply] simp [upperLift, heightC, UpperHalfPlane.ofComplex_apply_of_im_pos hw, heightCoordinateCLM]

Note: This linter can be disabled with `set_option linter.unusedSimpArgs false`
PrimalitySheafVerification/Mock2_FunctionalAnalysis.lean:12664:2: warning: Used `tac1 <;> tac2` where `(tac1; tac2)` would suffice

Note: This linter can be disabled with `set_option linter.unnecessarySeqFocus false`
PrimalitySheafVerification/Mock2_FunctionalAnalysis.lean:12677:6: warning: 'ring' tactic does nothing

Note: This linter can be disabled with `set_option linter.unusedTactic false`
PrimalitySheafVerification/Mock2_FunctionalAnalysis.lean:12677:6: warning: this tactic is never executed

Note: This linter can be disabled with `set_option linter.unreachableTactic false`
PrimalitySheafVerification/Mock2_FunctionalAnalysis.lean:13363:8: warning: This simp argument is unused:
  IsInverseEtaPaperOrbitCovariant

Hint: Omit it from the simp argument list.
  [apply] simp

Note: This linter can be disabled with `set_option linter.unusedSimpArgs false`
PrimalitySheafVerification/Mock2_FunctionalAnalysis.lean:13435:8: warning: This simp argument is unused:
  Function.comp_def

Hint: Omit it from the simp argument list.
  [apply] simp [upperLift, etaSqrtFactor, g, UpperHalfPlane.denom, hc]

Note: This linter can be disabled with `set_option linter.unusedSimpArgs false`
PrimalitySheafVerification/Mock2_FunctionalAnalysis.lean:13456:41: warning: This simp argument is unused:
  Function.comp_def

Hint: Omit it from the simp argument list.
  [apply] simp [upperLift, etaSqrtFactor, g, UpperHalfPlane.ofComplex_apply_of_im_pos hw]

Note: This linter can be disabled with `set_option linter.unusedSimpArgs false`
PrimalitySheafVerification/Mock2_FunctionalAnalysis.lean:13628:6: warning: try 'simp' instead of 'simpa'

Note: This linter can be disabled with `set_option linter.unnecessarySimpa false`
PrimalitySheafVerification/Mock2_FunctionalAnalysis.lean:13664:6: warning: This simp argument is unused:
  Function.comp_def

Hint: Omit it from the simp argument list.
  [apply] simp [upperLift, inverseEtaPaperOrbitDenom, g, UpperHalfPlane.ofComplex_apply_of_im_pos hw]

Note: This linter can be disabled with `set_option linter.unusedSimpArgs false`
PrimalitySheafVerification/Mock2_FunctionalAnalysis.lean:13688:51: warning: This simp argument is unused:
  Function.comp_def

Hint: Omit it from the simp argument list.
  [apply] simp [upperLift, inverseEtaPaperOrbitDenom, g, UpperHalfPlane.ofComplex_apply_of_im_pos hw]

Note: This linter can be disabled with `set_option linter.unusedSimpArgs false`
PrimalitySheafVerification/Mock2_FunctionalAnalysis.lean:13716:2: warning: try 'simp' instead of 'simpa'

Note: This linter can be disabled with `set_option linter.unnecessarySimpa false`
PrimalitySheafVerification/Mock2_FunctionalAnalysis.lean:13723:2: warning: try 'simp' instead of 'simpa'

Note: This linter can be disabled with `set_option linter.unnecessarySimpa false`
PrimalitySheafVerification/Mock2_FunctionalAnalysis.lean:13743:2: warning: Used `tac1 <;> tac2` where `(tac1; tac2)` would suffice

Note: This linter can be disabled with `set_option linter.unnecessarySeqFocus false`
PrimalitySheafVerification/Mock2_FunctionalAnalysis.lean:13754:6: warning: 'ring' tactic does nothing

Note: This linter can be disabled with `set_option linter.unusedTactic false`
PrimalitySheafVerification/Mock2_FunctionalAnalysis.lean:13754:6: warning: this tactic is never executed

Note: This linter can be disabled with `set_option linter.unreachableTactic false`
PrimalitySheafVerification/Mock2_FunctionalAnalysis.lean:13903:42: warning: This simp argument is unused:
  Complex.I_sq

Hint: Omit it from the simp argument list.
  [apply] simp [Complex.mul_re, Complex.mul_im]

Note: This linter can be disabled with `set_option linter.unusedSimpArgs false`
PrimalitySheafVerification/Mock2_FunctionalAnalysis.lean:13914:42: warning: This simp argument is unused:
  Complex.I_sq

Hint: Omit it from the simp argument list.
  [apply] simp [Complex.mul_re, Complex.mul_im]

Note: This linter can be disabled with `set_option linter.unusedSimpArgs false`
PrimalitySheafVerification/Mock2_FunctionalAnalysis.lean:13961:4: warning: try 'simp' instead of 'simpa'

Note: This linter can be disabled with `set_option linter.unnecessarySimpa false`
PrimalitySheafVerification/Mock2_FunctionalAnalysis.lean:14040:6: warning: try 'simp' instead of 'simpa'

Note: This linter can be disabled with `set_option linter.unnecessarySimpa false`
PrimalitySheafVerification/Mock2_FunctionalAnalysis.lean:14041:55: warning: This simp argument is unused:
  hg

Hint: Omit it from the simp argument list.
  [apply] simp [UpperHalfPlane.smulFDeriv, UpperHalfPlane.σ, inverseEtaPaperOrbitDenom, inverseEtaPaperOrbit_det_eq_one,
    g, smul_eq_mul, mul_comm]

Note: This linter can be disabled with `set_option linter.unusedSimpArgs false`
PrimalitySheafVerification/Mock2_FunctionalAnalysis.lean:14042:33: warning: This simp argument is unused:
  inverseEtaPaperOrbit_det_eq_one

Hint: Omit it from the simp argument list.
  [apply] simp [UpperHalfPlane.smulFDeriv, UpperHalfPlane.σ, hg, inverseEtaPaperOrbitDenom, g, smul_eq_mul, mul_comm]

Note: This linter can be disabled with `set_option linter.unusedSimpArgs false`
PrimalitySheafVerification/Mock2_FunctionalAnalysis.lean:14059:6: warning: This simp argument is unused:
  GammaTwoQuotientGeometry.gammaTwoToSL2Real_smul

Hint: Omit it from the simp argument list.
  [apply] simp [upperLift, Function.comp_def, G, g, UpperHalfPlane.ofComplex_apply_of_im_pos hw]

Note: This linter can be disabled with `set_option linter.unusedSimpArgs false`
PrimalitySheafVerification/Mock2_FunctionalAnalysis.lean:14150:10: warning: Used `tac1 <;> tac2` where `(tac1; tac2)` would suffice

Note: This linter can be disabled with `set_option linter.unnecessarySeqFocus false`
PrimalitySheafVerification/Mock2_FunctionalAnalysis.lean:14165:10: warning: Used `tac1 <;> tac2` where `(tac1; tac2)` would suffice

Note: This linter can be disabled with `set_option linter.unnecessarySeqFocus false`
PrimalitySheafVerification/Mock2_FunctionalAnalysis.lean:14191:10: warning: Used `tac1 <;> tac2` where `(tac1; tac2)` would suffice

Note: This linter can be disabled with `set_option linter.unnecessarySeqFocus false`
PrimalitySheafVerification/Mock2_FunctionalAnalysis.lean:14206:10: warning: Used `tac1 <;> tac2` where `(tac1; tac2)` would suffice

Note: This linter can be disabled with `set_option linter.unnecessarySeqFocus false`
PrimalitySheafVerification/Mock2_FunctionalAnalysis.lean:14310:31: warning: Variable name `hr` is not explicitly referenced.

Hint: The binding can be removed (if unused) or named `_` (if used implicitly). Alternatively, prefix the name with `_` to silence this warning:
  [apply] _hr

Note: This linter can be disabled with `set_option linter.unusedVariables false`
PrimalitySheafVerification/Mock2_FunctionalAnalysis.lean:14341:4: warning: 'change star (j ^ 2) = star j ^ 2' tactic does nothing

Note: This linter can be disabled with `set_option linter.unusedTactic false`
PrimalitySheafVerification/Mock2_FunctionalAnalysis.lean:15042:11: warning: Variable name `a` is not explicitly referenced.

Hint: The binding can be removed (if unused) or named `_` (if used implicitly). Alternatively, prefix the name with `_` to silence this warning:
  [apply] _a

Note: This linter can be disabled with `set_option linter.unusedVariables false`
PrimalitySheafVerification/Mock2_FunctionalAnalysis.lean:15258:4: warning: This simp argument is unused:
  Function.comp_def

Hint: Omit it from the simp argument list.
  [apply] simp [conjugate, TestFunction.postcompCLM_apply, Complex.conjCLE_apply]

Note: This linter can be disabled with `set_option linter.unusedSimpArgs false`
PrimalitySheafVerification/Mock2_FunctionalAnalysis.lean:15258:23: warning: This simp argument is unused:
  Complex.conjCLE_apply

Hint: Omit it from the simp argument list.
  [apply] simp [conjugate, TestFunction.postcompCLM_apply, Function.comp_def]

Note: This linter can be disabled with `set_option linter.unusedSimpArgs false`
PrimalitySheafVerification/Mock2_FunctionalAnalysis.lean:15348:13: warning: `ContinuousLinearMap.add_apply` has been deprecated: Use `add_apply` instead

Note: The updated constant is in a different namespace. Dot notation may need to be changed (e.g., from `x.add_apply` to `add_apply x`).
PrimalitySheafVerification/Mock2_FunctionalAnalysis.lean:15349:4: warning: `ContinuousLinearMap.smul_apply` has been deprecated: Use `smul_apply` instead

Note: The updated constant is in a different namespace. Dot notation may need to be changed (e.g., from `x.smul_apply` to `smul_apply x`).
PrimalitySheafVerification/Mock2_FunctionalAnalysis.lean:15502:13: warning: `ContinuousLinearMap.add_apply` has been deprecated: Use `add_apply` instead

Note: The updated constant is in a different namespace. Dot notation may need to be changed (e.g., from `x.add_apply` to `add_apply x`).
PrimalitySheafVerification/Mock2_FunctionalAnalysis.lean:15503:4: warning: `ContinuousLinearMap.smul_apply` has been deprecated: Use `smul_apply` instead

Note: The updated constant is in a different namespace. Dot notation may need to be changed (e.g., from `x.smul_apply` to `smul_apply x`).
PrimalitySheafVerification/Mock2_FunctionalAnalysis.lean:15521:8: warning: try 'simp' instead of 'simpa'

Note: This linter can be disabled with `set_option linter.unnecessarySimpa false`
PrimalitySheafVerification/Mock2_FunctionalAnalysis.lean:15660:41: warning: This simp argument is unused:
  smul_eq_mul

Hint: Omit it from the simp argument list.
  [apply] simp only [rpowMul_apply, rpowScale, Complex.ofReal_mul]

Note: This linter can be disabled with `set_option linter.unusedSimpArgs false`
PrimalitySheafVerification/Mock2_FunctionalAnalysis.lean:15875:35: warning: This simp argument is unused:
  Complex.conj_I

Hint: Omit it from the simp argument list.
  [apply] simp only [star_add, star_mul, conj_exponentC, conj_rpowScale]

Note: This linter can be disabled with `set_option linter.unusedSimpArgs false`
PrimalitySheafVerification/Mock2_FunctionalAnalysis.lean:15902:21: warning: Used `tac1 <;> tac2` where `(tac1; tac2)` would suffice

Note: This linter can be disabled with `set_option linter.unnecessarySeqFocus false`
PrimalitySheafVerification/Mock2_FunctionalAnalysis.lean:15942:45: warning: This simp argument is unused:
  Complex.conj_I

Hint: Omit it from the simp argument list.
  [apply] simp only [star_add, star_mul, star_neg, conj_exponentC, conj_rpowScale]

Note: This linter can be disabled with `set_option linter.unusedSimpArgs false`
PrimalitySheafVerification/Mock2_FunctionalAnalysis.lean:15943:6: warning: This simp argument is unused:
  conj_exponentC

Hint: Omit it from the simp argument list.
  [apply] simp only [star_add, star_mul, star_neg, Complex.conj_I, conj_rpowScale]

Note: This linter can be disabled with `set_option linter.unusedSimpArgs false`
PrimalitySheafVerification/Mock2_FunctionalAnalysis.lean:15943:22: warning: This simp argument is unused:
  conj_rpowScale

Hint: Omit it from the simp argument list.
  [apply] simp only [star_add, star_mul, star_neg, Complex.conj_I, conj_exponentC]

Note: This linter can be disabled with `set_option linter.unusedSimpArgs false`
PrimalitySheafVerification/Mock2_FunctionalAnalysis.lean:15971:21: warning: Used `tac1 <;> tac2` where `(tac1; tac2)` would suffice

Note: This linter can be disabled with `set_option linter.unnecessarySeqFocus false`
PrimalitySheafVerification/Mock2_FunctionalAnalysis.lean:16015:36: warning: This simp argument is unused:
  Function.comp_def

Hint: Omit it from the simp argument list.
  [apply] simp [upperLift, restrictToUpper, UpperHalfPlane.ofComplex_apply_of_im_pos hw]

Note: This linter can be disabled with `set_option linter.unusedSimpArgs false`
PrimalitySheafVerification/Mock2_FunctionalAnalysis.lean:16088:19: warning: This simp argument is unused:
  Real.rpow_two

Hint: Omit it from the simp argument list.
  [apply] simp [rpowScale, heightC]

Note: This linter can be disabled with `set_option linter.unusedSimpArgs false`
PrimalitySheafVerification/Mock2_FunctionalAnalysis.lean:16230:19: warning: This simp argument is unused:
  Function.comp_def

Hint: Omit it from the simp argument list.
  [apply] simp [upperLift, HalfWeightCompactCoordinateGreen.rpowScale, UpperHalfPlane.ofComplex_apply_of_im_pos hw]

Note: This linter can be disabled with `set_option linter.unusedSimpArgs false`
PrimalitySheafVerification/Mock2_FunctionalAnalysis.lean:16243:21: warning: This simp argument is unused:
  Function.comp_def

Hint: Omit it from the simp argument list.
  [apply] simp [upperLift, HalfWeightCompactCoordinateGreen.rpowScale, UpperHalfPlane.ofComplex_apply_of_im_pos hw]

Note: This linter can be disabled with `set_option linter.unusedSimpArgs false`
PrimalitySheafVerification/Mock2_FunctionalAnalysis.lean:17188:0: warning: Definition `Mock2FA.PaperCorrections.AutomorphicSobolev.DefinitionOneSobolev.WeightCorePetersson.peterssonInnerProductCore` of class type is semireducible. Most type class instances should be instance-reducible, so consider marking this
definition with `@[instance_reducible]`. If it is intentionally semireducible, this warning can be disabled with `set_option warn.classDefReducibility false`.
PrimalitySheafVerification/Mock2_FunctionalAnalysis.lean:17206:0: warning: Definition `Mock2FA.PaperCorrections.AutomorphicSobolev.DefinitionOneSobolev.WeightCorePetersson.chosenPeterssonInnerProductCore` of class type is semireducible. Most type class instances should be instance-reducible, so consider marking this
definition with `@[instance_reducible]`. If it is intentionally semireducible, this warning can be disabled with `set_option warn.classDefReducibility false`.
PrimalitySheafVerification/Mock2_FunctionalAnalysis.lean:17306:0: warning: Definition `Mock2FA.PaperCorrections.AutomorphicSobolev.DefinitionOneSobolev.WeightCorePetersson.PeterssonCoreSpace.wrappedInnerProductCore` of class type is semireducible. Most type class instances should be instance-reducible, so consider marking this
definition with `@[instance_reducible]`. If it is intentionally semireducible, this warning can be disabled with `set_option warn.classDefReducibility false`.
PrimalitySheafVerification/Mock2_FunctionalAnalysis.lean:17967:6: warning: 'ring_nf' tactic does nothing

Note: This linter can be disabled with `set_option linter.unusedTactic false`
PrimalitySheafVerification/Mock2_FunctionalAnalysis.lean:17967:6: warning: this tactic is never executed

Note: This linter can be disabled with `set_option linter.unreachableTactic false`
PrimalitySheafVerification/Mock2_FunctionalAnalysis.lean:18038:42: warning: This simp argument is unused:
  one_mul

Hint: Omit it from the simp argument list.
  [apply] simp only [Complex.add_re, Complex.add_im, Complex.ofReal_re, Complex.ofReal_im, Complex.mul_re,
    Complex.mul_im, Complex.I_re, Complex.I_im, zero_mul, mul_zero, add_zero, zero_add, sub_zero]

Note: This linter can be disabled with `set_option linter.unusedSimpArgs false`
Q.sobolevCompletionNormedAddCommGroup
Q.sobolevCompletionNormedSpace
Q.sobolevCompletionInnerProductSpace
sobolevCompletionCompleteSpace Q
PrimalitySheafVerification/Mock2_FunctionalAnalysis.lean:18797:2: warning: try 'simp' instead of 'simpa'

Note: This linter can be disabled with `set_option linter.unnecessarySimpa false`
PrimalitySheafVerification/Mock2_FunctionalAnalysis.lean:18986:0: warning: automatically included section variable(s) unused in theorem `Mock2FA.PaperCorrections.AutomorphicSobolev.DefinitionOneSobolev.QuotientHilbertCoordinates.completionEnergyOperator_apply`:
  [CompleteSpace H₀]
  [CompleteSpace HR]
  [CompleteSpace HL]
consider restructuring your `variable` declarations so that the variables are not in scope or explicitly omit them:
  omit [CompleteSpace H₀] [CompleteSpace HR] [CompleteSpace HL] in theorem ...

Note: This linter can be disabled with `set_option linter.unusedSectionVars false`
PrimalitySheafVerification/Mock2_FunctionalAnalysis.lean:19209:0: warning: automatically included section variable(s) unused in theorem `Mock2FA.PaperCorrections.AutomorphicSobolev.DefinitionOneSobolev.QuotientHilbertCoordinates.precomp_graph`:
  [CompleteSpace H₀]
  [CompleteSpace HR]
  [CompleteSpace HL]
consider restructuring your `variable` declarations so that the variables are not in scope or explicitly omit them:
  omit [CompleteSpace H₀] [CompleteSpace HR] [CompleteSpace HL] in theorem ...

Note: This linter can be disabled with `set_option linter.unusedSectionVars false`
PrimalitySheafVerification/Mock2_FunctionalAnalysis.lean:19937:31: warning: `ModularForm.discriminantCuspForm` has been deprecated: Use `CuspForm.discriminant` instead

Note: The updated constant is in a different namespace. Dot notation may need to be changed (e.g., from `x.discriminantCuspForm` to `CuspForm.discriminant x`).
PrimalitySheafVerification/Mock2_FunctionalAnalysis.lean:19938:6: warning: `ModularForm.discriminantCuspForm` has been deprecated: Use `CuspForm.discriminant` instead

Note: The updated constant is in a different namespace. Dot notation may need to be changed (e.g., from `x.discriminantCuspForm` to `CuspForm.discriminant x`).
PrimalitySheafVerification/Mock2_FunctionalAnalysis.lean:19945:35: warning: `ModularForm.discriminantCuspForm` has been deprecated: Use `CuspForm.discriminant` instead

Note: The updated constant is in a different namespace. Dot notation may need to be changed (e.g., from `x.discriminantCuspForm` to `CuspForm.discriminant x`).
PrimalitySheafVerification/Mock2_FunctionalAnalysis.lean:19946:35: warning: `ModularForm.discriminantCuspForm` has been deprecated: Use `CuspForm.discriminant` instead

Note: The updated constant is in a different namespace. Dot notation may need to be changed (e.g., from `x.discriminantCuspForm` to `CuspForm.discriminant x`).
PrimalitySheafVerification/Mock2_FunctionalAnalysis.lean:19956:17: warning: `ModularForm.discriminantCuspForm` has been deprecated: Use `CuspForm.discriminant` instead

Note: The updated constant is in a different namespace. Dot notation may need to be changed (e.g., from `x.discriminantCuspForm` to `CuspForm.discriminant x`).
PrimalitySheafVerification/Mock2_FunctionalAnalysis.lean:19959:21: warning: `ModularForm.discriminantCuspForm` has been deprecated: Use `CuspForm.discriminant` instead

Note: The updated constant is in a different namespace. Dot notation may need to be changed (e.g., from `x.discriminantCuspForm` to `CuspForm.discriminant x`).
PrimalitySheafVerification/Mock2_FunctionalAnalysis.lean:19975:28: warning: `ModularForm.discriminantCuspForm` has been deprecated: Use `CuspForm.discriminant` instead

Note: The updated constant is in a different namespace. Dot notation may need to be changed (e.g., from `x.discriminantCuspForm` to `CuspForm.discriminant x`).
PrimalitySheafVerification/Mock2_FunctionalAnalysis.lean:19976:13: warning: `ModularForm.discriminantCuspForm` has been deprecated: Use `CuspForm.discriminant` instead

Note: The updated constant is in a different namespace. Dot notation may need to be changed (e.g., from `x.discriminantCuspForm` to `CuspForm.discriminant x`).
PrimalitySheafVerification/Mock2_FunctionalAnalysis.lean:20032:16: warning: `ModularForm.discriminantCuspForm` has been deprecated: Use `CuspForm.discriminant` instead

Note: The updated constant is in a different namespace. Dot notation may need to be changed (e.g., from `x.discriminantCuspForm` to `CuspForm.discriminant x`).
PrimalitySheafVerification/Mock2_FunctionalAnalysis.lean:20033:6: warning: `ModularForm.discriminantCuspForm` has been deprecated: Use `CuspForm.discriminant` instead

Note: The updated constant is in a different namespace. Dot notation may need to be changed (e.g., from `x.discriminantCuspForm` to `CuspForm.discriminant x`).
PrimalitySheafVerification/Mock2_FunctionalAnalysis.lean:20067:35: warning: `ModularForm.discriminantCuspForm` has been deprecated: Use `CuspForm.discriminant` instead

Note: The updated constant is in a different namespace. Dot notation may need to be changed (e.g., from `x.discriminantCuspForm` to `CuspForm.discriminant x`).
PrimalitySheafVerification/Mock2_FunctionalAnalysis.lean:20068:8: warning: `ModularForm.discriminantCuspForm` has been deprecated: Use `CuspForm.discriminant` instead

Note: The updated constant is in a different namespace. Dot notation may need to be changed (e.g., from `x.discriminantCuspForm` to `CuspForm.discriminant x`).
PrimalitySheafVerification/Mock2_FunctionalAnalysis.lean:20071:35: warning: `ModularForm.discriminantCuspForm` has been deprecated: Use `CuspForm.discriminant` instead

Note: The updated constant is in a different namespace. Dot notation may need to be changed (e.g., from `x.discriminantCuspForm` to `CuspForm.discriminant x`).
PrimalitySheafVerification/Mock2_FunctionalAnalysis.lean:20072:6: warning: `ModularForm.discriminantCuspForm` has been deprecated: Use `CuspForm.discriminant` instead

Note: The updated constant is in a different namespace. Dot notation may need to be changed (e.g., from `x.discriminantCuspForm` to `CuspForm.discriminant x`).
PrimalitySheafVerification/Mock2_FunctionalAnalysis.lean:20201:11: warning: `ModularForm.discriminantCuspForm` has been deprecated: Use `CuspForm.discriminant` instead

Note: The updated constant is in a different namespace. Dot notation may need to be changed (e.g., from `x.discriminantCuspForm` to `CuspForm.discriminant x`).
PrimalitySheafVerification/Mock2_FunctionalAnalysis.lean:20204:2: warning: Try this: 
  letI̵

The goal is a proposition, so `let` is preferred over `letI`.
The difference between `let` and `letI` is that `letI` inlines the value.
But this is not relevant for proofs because of proof irrelevance.

Note: This linter can be disabled with `set_option linter.style.haveILetI false`
PrimalitySheafVerification/Mock2_FunctionalAnalysis.lean:20207:11: warning: `ModularForm.discriminantCuspForm` has been deprecated: Use `CuspForm.discriminant` instead

Note: The updated constant is in a different namespace. Dot notation may need to be changed (e.g., from `x.discriminantCuspForm` to `CuspForm.discriminant x`).
PrimalitySheafVerification/Mock2_FunctionalAnalysis.lean:20211:6: warning: `ModularForm.discriminantCuspForm` has been deprecated: Use `CuspForm.discriminant` instead

Note: The updated constant is in a different namespace. Dot notation may need to be changed (e.g., from `x.discriminantCuspForm` to `CuspForm.discriminant x`).
PrimalitySheafVerification/Mock2_FunctionalAnalysis.lean:20220:20: warning: `ModularForm.discriminantCuspForm` has been deprecated: Use `CuspForm.discriminant` instead

Note: The updated constant is in a different namespace. Dot notation may need to be changed (e.g., from `x.discriminantCuspForm` to `CuspForm.discriminant x`).
PrimalitySheafVerification/Mock2_FunctionalAnalysis.lean:20228:14: warning: `ModularForm.discriminantCuspForm` has been deprecated: Use `CuspForm.discriminant` instead

Note: The updated constant is in a different namespace. Dot notation may need to be changed (e.g., from `x.discriminantCuspForm` to `CuspForm.discriminant x`).
PrimalitySheafVerification/Mock2_FunctionalAnalysis.lean:20235:8: warning: `ModularForm.discriminantCuspForm` has been deprecated: Use `CuspForm.discriminant` instead

Note: The updated constant is in a different namespace. Dot notation may need to be changed (e.g., from `x.discriminantCuspForm` to `CuspForm.discriminant x`).
PrimalitySheafVerification/Mock2_FunctionalAnalysis.lean:20236:8: warning: `ModularForm.discriminantCuspForm` has been deprecated: Use `CuspForm.discriminant` instead

Note: The updated constant is in a different namespace. Dot notation may need to be changed (e.g., from `x.discriminantCuspForm` to `CuspForm.discriminant x`).
PrimalitySheafVerification/Mock2_FunctionalAnalysis.lean:20242:14: warning: `ModularForm.discriminantCuspForm` has been deprecated: Use `CuspForm.discriminant` instead

Note: The updated constant is in a different namespace. Dot notation may need to be changed (e.g., from `x.discriminantCuspForm` to `CuspForm.discriminant x`).
PrimalitySheafVerification/Mock2_FunctionalAnalysis.lean:20243:21: warning: `ModularForm.discriminantCuspForm` has been deprecated: Use `CuspForm.discriminant` instead

Note: The updated constant is in a different namespace. Dot notation may need to be changed (e.g., from `x.discriminantCuspForm` to `CuspForm.discriminant x`).
PrimalitySheafVerification/Mock2_FunctionalAnalysis.lean:20393:2: warning: Try this: 
  letI̵

The goal is a proposition, so `let` is preferred over `letI`.
The difference between `let` and `letI` is that `letI` inlines the value.
But this is not relevant for proofs because of proof irrelevance.

Note: This linter can be disabled with `set_option linter.style.haveILetI false`
PrimalitySheafVerification/Mock2_FunctionalAnalysis.lean:20883:2: warning: Try this: 
  letI̵

The goal is a proposition, so `let` is preferred over `letI`.
The difference between `let` and `letI` is that `letI` inlines the value.
But this is not relevant for proofs because of proof irrelevance.

Note: This linter can be disabled with `set_option linter.style.haveILetI false`
PrimalitySheafVerification/Mock2_FunctionalAnalysis.lean:21065:47: warning: `ContinuousLinearMap.add_apply` has been deprecated: Use `add_apply` instead

Note: The updated constant is in a different namespace. Dot notation may need to be changed (e.g., from `x.add_apply` to `add_apply x`).
PrimalitySheafVerification/Mock2_FunctionalAnalysis.lean:21075:47: warning: `ContinuousLinearMap.smul_apply` has been deprecated: Use `smul_apply` instead

Note: The updated constant is in a different namespace. Dot notation may need to be changed (e.g., from `x.smul_apply` to `smul_apply x`).
PrimalitySheafVerification/Mock2_FunctionalAnalysis.lean:21845:4: warning: `ContinuousLinearMap.sub_apply` has been deprecated: Use `sub_apply` instead

Note: The updated constant is in a different namespace. Dot notation may need to be changed (e.g., from `x.sub_apply` to `sub_apply x`).
PrimalitySheafVerification/Mock2_FunctionalAnalysis.lean:23006:51: warning: This simp argument is unused:
  Pi.mul_apply

Hint: Omit it from the simp argument list.
  [apply] simp only [lowerRaw, dx_mul hχ hf, dy_mul hχ hf]

Note: This linter can be disabled with `set_option linter.unusedSimpArgs false`
PrimalitySheafVerification/Mock2_FunctionalAnalysis.lean:23045:74: warning: This simp argument is unused:
  smul_eq_mul

Hint: Omit it from the simp argument list.
  [apply] simp only [map_smul, HalfIntegralMultiplier.WeightSection.smul_apply]

Note: This linter can be disabled with `set_option linter.unusedSimpArgs false`
PrimalitySheafVerification/Mock2_FunctionalAnalysis.lean:23091:74: warning: This simp argument is unused:
  smul_eq_mul

Hint: Omit it from the simp argument list.
  [apply] simp only [map_smul, HalfIntegralMultiplier.WeightSection.smul_apply]

Note: This linter can be disabled with `set_option linter.unusedSimpArgs false`
PrimalitySheafVerification/Mock2_FunctionalAnalysis.lean:23367:2: warning: try 'simp' instead of 'simpa'

Note: This linter can be disabled with `set_option linter.unnecessarySimpa false`
PrimalitySheafVerification/Mock2_FunctionalAnalysis.lean:23382:2: warning: try 'simp' instead of 'simpa'

Note: This linter can be disabled with `set_option linter.unnecessarySimpa false`
PrimalitySheafVerification/Mock2_FunctionalAnalysis.lean:23405:29: warning: try 'simp' instead of 'simpa'

Note: This linter can be disabled with `set_option linter.unnecessarySimpa false`
PrimalitySheafVerification/Mock2_FunctionalAnalysis.lean:23407:4: warning: try 'simp' instead of 'simpa'

Note: This linter can be disabled with `set_option linter.unnecessarySimpa false`
PrimalitySheafVerification/Mock2_FunctionalAnalysis.lean:23798:2: warning: Try this: 
  letI̵

The goal is a proposition, so `let` is preferred over `letI`.
The difference between `let` and `letI` is that `letI` inlines the value.
But this is not relevant for proofs because of proof irrelevance.

Note: This linter can be disabled with `set_option linter.style.haveILetI false`
PrimalitySheafVerification/Mock2_FunctionalAnalysis.lean:23968:10: warning: 'ring' tactic does nothing

Note: This linter can be disabled with `set_option linter.unusedTactic false`
PrimalitySheafVerification/Mock2_FunctionalAnalysis.lean:23968:10: warning: this tactic is never executed

Note: This linter can be disabled with `set_option linter.unreachableTactic false`
PrimalitySheafVerification/Mock2_FunctionalAnalysis.lean:23998:33: warning: This simp argument is unused:
  Complex.conj_ofReal

Hint: Omit it from the simp argument list.
  [apply] simp only [RCLike.inner_apply, starRingEnd_apply, NNReal.smul_def, smul_eq_mul, Complex.ofReal_mul]

Note: This linter can be disabled with `set_option linter.unusedSimpArgs false`
PrimalitySheafVerification/Mock2_FunctionalAnalysis.lean:23999:21: warning: This simp argument is unused:
  smul_eq_mul

Hint: Omit it from the simp argument list.
  [apply] simp only [RCLike.inner_apply, Complex.conj_ofReal, starRingEnd_apply, NNReal.smul_def, Complex.ofReal_mul]

Note: This linter can be disabled with `set_option linter.unusedSimpArgs false`
PrimalitySheafVerification/Mock2_FunctionalAnalysis.lean:23999:34: warning: This simp argument is unused:
  Complex.ofReal_mul

Hint: Omit it from the simp argument list.
  [apply] simp only [RCLike.inner_apply, Complex.conj_ofReal, starRingEnd_apply, NNReal.smul_def, smul_eq_mul]

Note: This linter can be disabled with `set_option linter.unusedSimpArgs false`
PrimalitySheafVerification/Mock2_FunctionalAnalysis.lean:24578:6: warning: This simp argument is unused:
  HalfWeightCompactCoordinateGreen.rpowMul_apply

Hint: Omit it from the simp argument list.
  [apply] simp only [HalfWeightCompactCoordinateGreen.localizeLeft_apply]

Note: This linter can be disabled with `set_option linter.unusedSimpArgs false`
PrimalitySheafVerification/Mock2_FunctionalAnalysis.lean:24580:6: warning: This simp argument is unused:
  Function.comp_def

Hint: Omit it from the simp argument list.
  [apply] simp [HalfWeightCompactCoordinateGreen.rpowScale, upperLift, hw, dif_pos,
    UpperHalfPlane.ofComplex_apply_of_im_pos, z, euclideanRaiseGauge, map_add, map_mul, Complex.conj_I,
    Complex.conj_ofReal, heightC, smul_eq_mul]

Note: This linter can be disabled with `set_option linter.unusedSimpArgs false`
PrimalitySheafVerification/Mock2_FunctionalAnalysis.lean:24580:29: warning: This simp argument is unused:
  dif_pos

Hint: Omit it from the simp argument list.
  [apply] simp [HalfWeightCompactCoordinateGreen.rpowScale, upperLift, Function.comp_def, hw,
    UpperHalfPlane.ofComplex_apply_of_im_pos, z, euclideanRaiseGauge, map_add, map_mul, Complex.conj_I,
    Complex.conj_ofReal, heightC, smul_eq_mul]

Note: This linter can be disabled with `set_option linter.unusedSimpArgs false`
PrimalitySheafVerification/Mock2_FunctionalAnalysis.lean:24581:48: warning: This simp argument is unused:
  z

Hint: Omit it from the simp argument list.
  [apply] simp [HalfWeightCompactCoordinateGreen.rpowScale, upperLift, Function.comp_def, hw, dif_pos,
    UpperHalfPlane.ofComplex_apply_of_im_pos, euclideanRaiseGauge, map_add, map_mul, Complex.conj_I,
    Complex.conj_ofReal, heightC, smul_eq_mul]

Note: This linter can be disabled with `set_option linter.unusedSimpArgs false`
PrimalitySheafVerification/Mock2_FunctionalAnalysis.lean:24582:27: warning: This simp argument is unused:
  map_add

Hint: Omit it from the simp argument list.
  [apply] simp [HalfWeightCompactCoordinateGreen.rpowScale, upperLift, Function.comp_def, hw, dif_pos,
    UpperHalfPlane.ofComplex_apply_of_im_pos, z, euclideanRaiseGauge, map_mul, Complex.conj_I, Complex.conj_ofReal,
    heightC, smul_eq_mul]

Note: This linter can be disabled with `set_option linter.unusedSimpArgs false`
PrimalitySheafVerification/Mock2_FunctionalAnalysis.lean:24582:36: warning: This simp argument is unused:
  map_mul

Hint: Omit it from the simp argument list.
  [apply] simp [HalfWeightCompactCoordinateGreen.rpowScale, upperLift, Function.comp_def, hw, dif_pos,
    UpperHalfPlane.ofComplex_apply_of_im_pos, z, euclideanRaiseGauge, map_add, Complex.conj_I, Complex.conj_ofReal,
    heightC, smul_eq_mul]

Note: This linter can be disabled with `set_option linter.unusedSimpArgs false`
PrimalitySheafVerification/Mock2_FunctionalAnalysis.lean:24593:4: warning: 'norm_num' tactic does nothing

Note: This linter can be disabled with `set_option linter.unusedTactic false`
PrimalitySheafVerification/Mock2_FunctionalAnalysis.lean:24621:6: warning: This simp argument is unused:
  HalfWeightCompactCoordinateGreen.rpowMul_apply

Hint: Omit it from the simp argument list.
  [apply] simp only [HalfWeightCompactCoordinateGreen.localizeLeft_apply]

Note: This linter can be disabled with `set_option linter.unusedSimpArgs false`
PrimalitySheafVerification/Mock2_FunctionalAnalysis.lean:24623:6: warning: This simp argument is unused:
  Function.comp_def

Hint: Omit it from the simp argument list.
  [apply] simp [HalfWeightCompactCoordinateGreen.rpowScale, upperLift, hw, dif_pos,
    UpperHalfPlane.ofComplex_apply_of_im_pos, z, euclideanLowerFromSuccGauge, map_add, map_sub, map_mul, map_neg,
    Complex.conj_I, Complex.conj_ofReal, heightC, smul_eq_mul]

Note: This linter can be disabled with `set_option linter.unusedSimpArgs false`
PrimalitySheafVerification/Mock2_FunctionalAnalysis.lean:24623:29: warning: This simp argument is unused:
  dif_pos

Hint: Omit it from the simp argument list.
  [apply] simp [HalfWeightCompactCoordinateGreen.rpowScale, upperLift, Function.comp_def, hw,
    UpperHalfPlane.ofComplex_apply_of_im_pos, z, euclideanLowerFromSuccGauge, map_add, map_sub, map_mul, map_neg,
    Complex.conj_I, Complex.conj_ofReal, heightC, smul_eq_mul]

Note: This linter can be disabled with `set_option linter.unusedSimpArgs false`
PrimalitySheafVerification/Mock2_FunctionalAnalysis.lean:24624:48: warning: This simp argument is unused:
  z

Hint: Omit it from the simp argument list.
  [apply] simp [HalfWeightCompactCoordinateGreen.rpowScale, upperLift, Function.comp_def, hw, dif_pos,
    UpperHalfPlane.ofComplex_apply_of_im_pos, euclideanLowerFromSuccGauge, map_add, map_sub, map_mul, map_neg,
    Complex.conj_I, Complex.conj_ofReal, heightC, smul_eq_mul]

Note: This linter can be disabled with `set_option linter.unusedSimpArgs false`
PrimalitySheafVerification/Mock2_FunctionalAnalysis.lean:24625:35: warning: This simp argument is unused:
  map_add

Hint: Omit it from the simp argument list.
  [apply] simp [HalfWeightCompactCoordinateGreen.rpowScale, upperLift, Function.comp_def, hw, dif_pos,
    UpperHalfPlane.ofComplex_apply_of_im_pos, z, euclideanLowerFromSuccGauge, map_sub, map_mul, map_neg, Complex.conj_I,
    Complex.conj_ofReal, heightC, smul_eq_mul]

Note: This linter can be disabled with `set_option linter.unusedSimpArgs false`
PrimalitySheafVerification/Mock2_FunctionalAnalysis.lean:24625:44: warning: This simp argument is unused:
  map_sub

Hint: Omit it from the simp argument list.
  [apply] simp [HalfWeightCompactCoordinateGreen.rpowScale, upperLift, Function.comp_def, hw, dif_pos,
    UpperHalfPlane.ofComplex_apply_of_im_pos, z, euclideanLowerFromSuccGauge, map_add, map_mul, map_neg, Complex.conj_I,
    Complex.conj_ofReal, heightC, smul_eq_mul]

Note: This linter can be disabled with `set_option linter.unusedSimpArgs false`
PrimalitySheafVerification/Mock2_FunctionalAnalysis.lean:24625:53: warning: This simp argument is unused:
  map_mul

Hint: Omit it from the simp argument list.
  [apply] simp [HalfWeightCompactCoordinateGreen.rpowScale, upperLift, Function.comp_def, hw, dif_pos,
    UpperHalfPlane.ofComplex_apply_of_im_pos, z, euclideanLowerFromSuccGauge, map_add, map_sub, map_neg, Complex.conj_I,
    Complex.conj_ofReal, heightC, smul_eq_mul]

Note: This linter can be disabled with `set_option linter.unusedSimpArgs false`
PrimalitySheafVerification/Mock2_FunctionalAnalysis.lean:24625:62: warning: This simp argument is unused:
  map_neg

Hint: Omit it from the simp argument list.
  [apply] simp [HalfWeightCompactCoordinateGreen.rpowScale, upperLift, Function.comp_def, hw, dif_pos,
    UpperHalfPlane.ofComplex_apply_of_im_pos, z, euclideanLowerFromSuccGauge, map_add, map_sub, map_mul, Complex.conj_I,
    Complex.conj_ofReal, heightC, smul_eq_mul]

Note: This linter can be disabled with `set_option linter.unusedSimpArgs false`
PrimalitySheafVerification/Mock2_FunctionalAnalysis.lean:24636:4: warning: 'norm_num' tactic does nothing

Note: This linter can be disabled with `set_option linter.unusedTactic false`
PrimalitySheafVerification/Mock2_FunctionalAnalysis.lean:24884:38: warning: Variable name `n` is not explicitly referenced.

Hint: The binding can be removed (if unused) or named `_` (if used implicitly). Alternatively, prefix the name with `_` to silence this warning:
  [apply] _n

Note: This linter can be disabled with `set_option linter.unusedVariables false`
PrimalitySheafVerification/Mock2_FunctionalAnalysis.lean:24944:6: warning: try 'simp' instead of 'simpa'

Note: This linter can be disabled with `set_option linter.unnecessarySimpa false`
PrimalitySheafVerification/Mock2_FunctionalAnalysis.lean:25007:6: warning: try 'simp' instead of 'simpa'

Note: This linter can be disabled with `set_option linter.unnecessarySimpa false`
PrimalitySheafVerification/Mock2_FunctionalAnalysis.lean:25181:15: warning: This simp argument is unused:
  Function.comp_apply

Hint: Omit it from the simp argument list.
  [apply] simp only [ambientStarRepresentative_apply, Pi.zero_apply] at hz

Note: This linter can be disabled with `set_option linter.unusedSimpArgs false`
PrimalitySheafVerification/Mock2_FunctionalAnalysis.lean:25256:33: warning: This simp argument is unused:
  WithLp.ofLp_fst

Hint: Omit it from the simp argument list.
  [apply] simp only [e, WithLp.prodContinuousLinearEquiv_symm_apply, WithLp.prod_inner_apply, WithLp.ofLp_snd,
    inner_neg_left] at hDouble

Note: This linter can be disabled with `set_option linter.unusedSimpArgs false`
PrimalitySheafVerification/Mock2_FunctionalAnalysis.lean:25256:50: warning: This simp argument is unused:
  WithLp.ofLp_snd

Hint: Omit it from the simp argument list.
  [apply] simp only [e, WithLp.prodContinuousLinearEquiv_symm_apply, WithLp.prod_inner_apply, WithLp.ofLp_fst,
    inner_neg_left] at hDouble

Note: This linter can be disabled with `set_option linter.unusedSimpArgs false`
PrimalitySheafVerification/Mock2_FunctionalAnalysis.lean:25319:0: warning: automatically included section variable(s) unused in theorem `Mock2FA.PaperCorrections.AutomorphicSobolev.FixedPhaseClosedOperators.FormalAdjointClosure.left_isClosable`:
  [CompleteSpace E]
consider restructuring your `variable` declarations so that the variables are not in scope or explicitly omit them:
  omit [CompleteSpace E] in theorem ...

Note: This linter can be disabled with `set_option linter.unusedSectionVars false`
PrimalitySheafVerification/Mock2_FunctionalAnalysis.lean:25326:0: warning: automatically included section variable(s) unused in theorem `Mock2FA.PaperCorrections.AutomorphicSobolev.FixedPhaseClosedOperators.FormalAdjointClosure.closure_eq_self`:
  [CompleteSpace E]
  [CompleteSpace F]
consider restructuring your `variable` declarations so that the variables are not in scope or explicitly omit them:
  omit [CompleteSpace E] [CompleteSpace F] in theorem ...

Note: This linter can be disabled with `set_option linter.unusedSectionVars false`
'Mock2FA.cauchy_schwarz' depends on axioms: [propext, Classical.choice, Quot.sound]
'Mock2FA.dual_holder' depends on axioms: [propext, Classical.choice, Quot.sound]
'Mock2FA.lax_milgram' depends on axioms: [propext, Classical.choice, Quot.sound]
'Mock2FA.dual_holder_complex' depends on axioms: [propext, Classical.choice, Quot.sound]
'Mock2FA.dual_norm_eq_sSup_unit' depends on axioms: [propext, Classical.choice, Quot.sound]
'Mock2FA.dual_norm_eq_sSup_ratio' depends on axioms: [propext, Classical.choice, Quot.sound]
'Mock2FA.dual_norm_eq_coreRatioNorm_of_dense' depends on axioms: [propext, Classical.choice, Quot.sound]
'Mock2FA.dual_norm_eq_iSup_coreRatio' depends on axioms: [propext, Classical.choice, Quot.sound]
'Mock2FA.DualCoreExhaustion.norm_eq_iSup_coreRatio' depends on axioms: [propext, Classical.choice, Quot.sound]
'Mock2FA.PaperCorrections.UnitaryAutomorphyFactor.norm_apply_smul_eq' depends on axioms: [propext,
 Classical.choice,
 Quot.sound]
'Mock2FA.PaperCorrections.antiDual_holder' depends on axioms: [propext, Classical.choice, Quot.sound]
'Mock2FA.PaperCorrections.weakAntiEquation_iff_forall' depends on axioms: [propext, Classical.choice, Quot.sound]
'Mock2FA.PaperCorrections.solvesWeakWithPotential_iff_forall' depends on axioms: [propext, Classical.choice, Quot.sound]
'Mock2FA.PaperCorrections.solvesWeakAntiWithPotential_iff_forall' depends on axioms: [propext,
 Classical.choice,
 Quot.sound]
'Mock2FA.PaperCorrections.linear_and_conjugate_scalar_laws_force_zero' depends on axioms: [propext,
 Classical.choice,
 Quot.sound]
'Mock2FA.PaperCorrections.solvesWeakWithPotential_coreBochnerPairing' depends on axioms: [propext,
 Classical.choice,
 Quot.sound]
'Mock2FA.PaperCorrections.solvesWeakAntiWithPotential_coreBochnerPairing' depends on axioms: [propext,
 Classical.choice,
 Quot.sound]
'Mock2FA.PaperCorrections.integral_eq_setIntegral_of_support_subset' depends on axioms: [propext,
 Classical.choice,
 Quot.sound]
'Mock2FA.PaperCorrections.coreBochnerPairing_eq_setIntegral' depends on axioms: [propext, Classical.choice, Quot.sound]
'Mock2FA.PaperCorrections.coreAntiBochnerPairing_eq_setIntegral' depends on axioms: [propext,
 Classical.choice,
 Quot.sound]
'Mock2FA.PaperCorrections.tsupport_subset_interior_compactExhaustion' depends on axioms: [propext,
 Classical.choice,
 Quot.sound]
'Mock2FA.PaperCorrections.eventually_tsupport_subset_compactExhaustion' depends on axioms: [propext,
 Classical.choice,
 Quot.sound]
'Mock2FA.PaperCorrections.dual_norm_eq_iSup_truncatedTestCore' depends on axioms: [propext,
 Classical.choice,
 Quot.sound]
'Mock2FA.PaperCorrections.dual_norm_eq_iSup_compactExhaustion' depends on axioms: [propext,
 Classical.choice,
 Quot.sound]
'Mock2FA.PaperCorrections.dual_norm_eq_iSup_interior_compactExhaustion' depends on axioms: [propext,
 Classical.choice,
 Quot.sound]
'Mock2FA.PaperCorrections.solvesWeakWithPotential_on_truncatedTestCore' depends on axioms: [propext,
 Classical.choice,
 Quot.sound]
'Mock2FA.PaperCorrections.solvesWeakAntiWithPotential_on_truncatedTestCore' depends on axioms: [propext,
 Classical.choice,
 Quot.sound]
'Mock2FA.PaperCorrections.continuous_bilinear_ext_of_dense' depends on axioms: [propext, Classical.choice, Quot.sound]
'Mock2FA.PaperCorrections.continuous_sesquilinear_ext_of_dense' depends on axioms: [propext,
 Classical.choice,
 Quot.sound]
'Mock2FA.PaperCorrections.ComplexLaxMilgram.realifiedFunctional_norm_le' depends on axioms: [propext,
 Classical.choice,
 Quot.sound]
'Mock2FA.PaperCorrections.ComplexLaxMilgram.realifiedForm_isCoercive' depends on axioms: [propext,
 Classical.choice,
 Quot.sound]
'Mock2FA.PaperCorrections.ComplexLaxMilgram.forall_re_eq_iff_weakAntiEquation' depends on axioms: [propext,
 Classical.choice,
 Quot.sound]
'Mock2FA.PaperCorrections.ComplexLaxMilgram.solve_spec' depends on axioms: [propext, Classical.choice, Quot.sound]
'Mock2FA.PaperCorrections.ComplexLaxMilgram.solve_unique' depends on axioms: [propext, Classical.choice, Quot.sound]
'Mock2FA.PaperCorrections.ComplexLaxMilgram.solve_existsUnique' depends on axioms: [propext,
 Classical.choice,
 Quot.sound]
'Mock2FA.PaperCorrections.ComplexLaxMilgram.solve_norm_le' depends on axioms: [propext, Classical.choice, Quot.sound]
'Mock2FA.PaperCorrections.ComplexLaxMilgram.shiftedForm_equation_iff_residual' depends on axioms: [propext,
 Classical.choice,
 Quot.sound]
'Mock2FA.PaperCorrections.ComplexLaxMilgram.solveShifted_spec' depends on axioms: [propext,
 Classical.choice,
 Quot.sound]
'Mock2FA.PaperCorrections.ComplexLaxMilgram.solveShifted_existsUnique' depends on axioms: [propext,
 Classical.choice,
 Quot.sound]
'Mock2FA.PaperCorrections.ComplexLaxMilgram.solveShifted_norm_le' depends on axioms: [propext,
 Classical.choice,
 Quot.sound]
'Mock2FA.PaperCorrections.FredholmBypass.HasTrivialKernel.of_lowerBound' depends on axioms: [propext,
 Classical.choice,
 Quot.sound]
'Mock2FA.PaperCorrections.FredholmBypass.SesquilinearCuspTailControl.isCompactOperator' depends on axioms: [propext,
 Classical.choice,
 Quot.sound]
'Mock2FA.PaperCorrections.FredholmBypass.factoredLowerOrder_isCompact_of_finiteDimensional' depends on axioms: [propext,
 Classical.choice,
 Quot.sound]
'Mock2FA.PaperCorrections.FredholmBypass.fredholmDefect_hasTrivialKernel_of_norm_lt_one' depends on axioms: [propext,
 Classical.choice,
 Quot.sound]
'Mock2FA.PaperCorrections.FredholmBypass.one_mem_resolventSet' depends on axioms: [propext,
 Classical.choice,
 Quot.sound]
'Mock2FA.PaperCorrections.FredholmBypass.fredholmDefect_bijective' depends on axioms: [propext,
 Classical.choice,
 Quot.sound]
'Mock2FA.PaperCorrections.FredholmBypass.ShiftedCompactDecomposition.factorization' depends on axioms: [propext,
 Classical.choice,
 Quot.sound]
'Mock2FA.PaperCorrections.FredholmBypass.ShiftedCompactDecomposition.compactPerturbation_fixedPoint_iff' depends on axioms: [propext,
 Classical.choice,
 Quot.sound]
'Mock2FA.PaperCorrections.FredholmBypass.fredholmDefectKernelComplementRestriction_antilipschitz' depends on axioms: [propext,
 Classical.choice,
 Quot.sound]
'Mock2FA.PaperCorrections.FredholmBypass.fredholmDefect_range_isClosed' depends on axioms: [propext,
 Classical.choice,
 Quot.sound]
'Mock2FA.PaperCorrections.FredholmBypass.ShiftedCompactDecomposition.range_isClosed' depends on axioms: [propext,
 Classical.choice,
 Quot.sound]
'Mock2FA.PaperCorrections.FredholmBypass.NontrivialKernelFredholmData.range_eq_orthogonal_adjointKernel' depends on axioms: [propext,
 Classical.choice,
 Quot.sound]
'Mock2FA.PaperCorrections.FredholmBypass.NontrivialKernelFredholmData.solvable_iff_forall_adjointKernel_inner_eq_zero' depends on axioms: [propext,
 Classical.choice,
 Quot.sound]
'Mock2FA.PaperCorrections.FredholmBypass.NontrivialKernelFredholmData.canonicalSolution_norm_le' depends on axioms: [propext,
 Classical.choice,
 Quot.sound]
'Mock2FA.PaperCorrections.FredholmBypass.FredholmBypassData.solve_existsUnique' depends on axioms: [propext,
 Classical.choice,
 Quot.sound]
'Mock2FA.PaperCorrections.FredholmBypass.FredholmBypassData.solve_norm_le' depends on axioms: [propext,
 Classical.choice,
 Quot.sound]
'Mock2FA.PaperCorrections.FredholmBypass.coerciveFormEquiv_symm_norm_le' depends on axioms: [propext,
 Classical.choice,
 Quot.sound]
'Mock2FA.PaperCorrections.FredholmBypass.solveOfShiftedForm_spec' depends on axioms: [propext,
 Classical.choice,
 Quot.sound]
'Mock2FA.PaperCorrections.FredholmBypass.solveOfShiftedForm_existsUnique' depends on axioms: [propext,
 Classical.choice,
 Quot.sound]
'Mock2FA.PaperCorrections.FredholmBypass.shiftedFredholm_inverseNorm_le' depends on axioms: [propext,
 Classical.choice,
 Quot.sound]
'Mock2FA.PaperCorrections.halfWeight_averaged_factorization_shift' depends on axioms: [propext,
 Classical.choice,
 Quot.sound]
'Mock2FA.PaperCorrections.no_uniform_finite_cutoff' depends on axioms: [propext, Quot.sound]
'Mock2FA.PaperCorrections.discretePotential_not_uniformly_bounded' depends on axioms: [propext,
 Classical.choice,
 Quot.sound]
'Mock2FA.PaperCorrections.discretePotentialForm_not_uniformly_bounded' depends on axioms: [propext,
 Classical.choice,
 Quot.sound]
'Mock2FA.PaperCorrections.shifted_not_unshifted_counterexample' depends on axioms: [propext,
 Classical.choice,
 Quot.sound]
'Mock2FA.PaperCorrections.no_poincare_with_nonzero_jointKernel' depends on axioms: [propext,
 Classical.choice,
 Quot.sound]
'Mock2FA.PaperCorrections.fixed_lower_compatible_with_polynomial_upper' depends on axioms: [propext,
 Classical.choice,
 Quot.sound]
'Mock2FA.PaperCorrections.firstCoordinateCutoff_destroys_orthogonality' depends on axioms: [propext,
 Classical.choice,
 Quot.sound]
'Mock2FA.PaperCorrections.positive_average_not_pointwise_nonvanishing' depends on axioms: [propext,
 Classical.choice,
 Quot.sound]
'Mock2FA.PaperCorrections.bounded_closedBall_not_precompact' depends on axioms: [propext, Classical.choice, Quot.sound]
'Mock2FA.PaperCorrections.gammaTwoHyperbolic_mem' depends on axioms: [propext, Classical.choice, Quot.sound]
'Mock2FA.PaperCorrections.qParam_norm_not_GammaTwo_invariant' depends on axioms: [propext, Classical.choice, Quot.sound]
'Mock2FA.PaperCorrections.qParam_not_GammaTwo_invariant' depends on axioms: [propext, Classical.choice, Quot.sound]
'Mock2FA.PaperCorrections.gammaTwo_qParam_counterexample' depends on axioms: [propext, Classical.choice, Quot.sound]
'Mock2FA.PaperCorrections.claimedRadiusFiber_eq_solution' depends on axioms: [propext, Quot.sound]
'Mock2FA.PaperCorrections.claimedRadiusFiber_eq_empty' depends on axioms: [propext, Quot.sound]
'Mock2FA.PaperCorrections.AutomorphicSobolev.HalfIntegralMultiplier.factor_mul' depends on axioms: [propext,
 Classical.choice,
 Quot.sound]
'Mock2FA.PaperCorrections.AutomorphicSobolev.HalfIntegralMultiplier.sqrtFactor_zpow_four_mul_cocycle' depends on axioms: [propext,
 Classical.choice,
 Quot.sound]
'Mock2FA.PaperCorrections.AutomorphicSobolev.HalfIntegralMultiplier.shiftByFour_factor' depends on axioms: [propext,
 Classical.choice,
 Quot.sound]
'Mock2FA.PaperCorrections.AutomorphicSobolev.HalfIntegralMultiplier.etaPhaseRatio_pow_twentyFour' depends on axioms: [propext,
 Classical.choice,
 Quot.sound]
'Mock2FA.PaperCorrections.AutomorphicSobolev.HalfIntegralMultiplier.etaPhaseRatio_eq_at_I' depends on axioms: [propext,
 Classical.choice,
 Quot.sound]
'Mock2FA.PaperCorrections.AutomorphicSobolev.HalfIntegralMultiplier.inverseEtaPowerMultiplier_factor' depends on axioms: [propext,
 Classical.choice,
 Quot.sound]
'Mock2FA.PaperCorrections.AutomorphicSobolev.HalfIntegralMultiplier.inverseEtaPowerSection_ne_zero' depends on axioms: [propext,
 Classical.choice,
 Quot.sound]
'Mock2FA.PaperCorrections.AutomorphicSobolev.HalfIntegralMultiplier.inverseEtaExponentMultiplier_raise_shift_ratio' depends on axioms: [propext,
 Classical.choice,
 Quot.sound]
'Mock2FA.PaperCorrections.AutomorphicSobolev.HalfIntegralMultiplier.inverseEtaExponentMultiplier_raise_shift_phase' depends on axioms: [propext,
 Classical.choice,
 Quot.sound]
'Mock2FA.PaperCorrections.AutomorphicSobolev.HalfIntegralMultiplier.inverseEtaExponentMultiplier_lower_shift_ratio' depends on axioms: [propext,
 Classical.choice,
 Quot.sound]
'Mock2FA.PaperCorrections.AutomorphicSobolev.HalfIntegralMultiplier.inverseEtaExponentMultiplier_lower_shift_phase' depends on axioms: [propext,
 Classical.choice,
 Quot.sound]
'Mock2FA.PaperCorrections.AutomorphicSobolev.HalfIntegralMultiplier.inverseEtaMultiplier_factor' depends on axioms: [propext,
 Classical.choice,
 Quot.sound]
'Mock2FA.PaperCorrections.AutomorphicSobolev.HalfIntegralMultiplier.inverseEtaHalfOrbitMultiplier_factor_add_one' depends on axioms: [propext,
 Classical.choice,
 Quot.sound]
'Mock2FA.PaperCorrections.AutomorphicSobolev.HalfIntegralMultiplier.inverseEtaPaperCertificate' depends on axioms: [propext,
 Classical.choice,
 Quot.sound]
'Mock2FA.PaperCorrections.AutomorphicSobolev.HalfIntegralMultiplier.inverseEtaSection_ne_zero' depends on axioms: [propext,
 Classical.choice,
 Quot.sound]
'Mock2FA.PaperCorrections.AutomorphicSobolev.HalfIntegralMultiplier.WeightSection.rawPointwiseNorm_smul' depends on axioms: [propext,
 Classical.choice,
 Quot.sound]
'Mock2FA.PaperCorrections.AutomorphicSobolev.HalfIntegralMultiplier.WeightSection.rawPointwiseNormSq_smul' depends on axioms: [propext,
 Classical.choice,
 Quot.sound]
'Mock2FA.PaperCorrections.AutomorphicSobolev.HalfIntegralMultiplier.WeightSection.rawPointwiseNormSq_smul_sub' depends on axioms: [propext,
 Classical.choice,
 Quot.sound]
'Mock2FA.PaperCorrections.AutomorphicSobolev.HalfIntegralMultiplier.WeightSection.rawPointwiseNormSq_smul_halfWeight' depends on axioms: [propext,
 Classical.choice,
 Quot.sound]
'Mock2FA.PaperCorrections.AutomorphicSobolev.HalfIntegralMultiplier.WeightSection.rawPointwiseNorm_ne_of_factor_norm_ne_one' depends on axioms: [propext,
 Classical.choice,
 Quot.sound]
'Mock2FA.PaperCorrections.AutomorphicSobolev.HalfIntegralMultiplier.WeightSection.rawPointwiseNormSq_ne_of_factor_norm_ne_one' depends on axioms: [propext,
 Classical.choice,
 Quot.sound]
'Mock2FA.PaperCorrections.AutomorphicSobolev.HalfIntegralMultiplier.InvariantFiberMetric.pointwiseNormSq_smul' depends on axioms: [propext,
 Classical.choice,
 Quot.sound]
'Mock2FA.PaperCorrections.AutomorphicSobolev.HalfIntegralMultiplier.InvariantFiberMetric.rawPointwiseNormSq_noninvariant_but_metric_invariant' depends on axioms: [propext,
 Classical.choice,
 Quot.sound]
'Mock2FA.PaperCorrections.AutomorphicSobolev.HalfIntegralMultiplier.PaperHalfWeightCertificate.factor_gammaTwoNegOne' depends on axioms: [propext,
 Classical.choice,
 Quot.sound]
'Mock2FA.PaperCorrections.AutomorphicSobolev.GammaTwoQuotientGeometry.hyperbolicMeasure_isOpenPosMeasure' depends on axioms: [propext,
 Classical.choice,
 Quot.sound]
'Mock2FA.PaperCorrections.AutomorphicSobolev.GammaTwoQuotientGeometry.gammaTwoQuotientCompactExhaustion_iUnion_eq' depends on axioms: [propext,
 Classical.choice,
 Quot.sound]
'Mock2FA.PaperCorrections.AutomorphicSobolev.GammaTwoQuotientGeometry.modularBoundary_null' depends on axioms: [propext,
 Classical.choice,
 Quot.sound]
'Mock2FA.PaperCorrections.AutomorphicSobolev.GammaTwoQuotientGeometry.gammaTwoOpenCarrier_disjoint' depends on axioms: [propext,
 Classical.choice,
 Quot.sound]
'Mock2FA.PaperCorrections.AutomorphicSobolev.GammaTwoQuotientGeometry.gammaTwoOpenCarrier_isFundamental' depends on axioms: [propext,
 Classical.choice,
 Quot.sound]
'Mock2FA.PaperCorrections.AutomorphicSobolev.GammaTwoQuotientGeometry.gammaTwoOpenCarrier_frontier_null' depends on axioms: [propext,
 Classical.choice,
 Quot.sound]
'Mock2FA.PaperCorrections.AutomorphicSobolev.GammaTwoQuotientGeometry.chosenGammaTwoFundamentalDomain' depends on axioms: [propext,
 Classical.choice,
 Quot.sound]
'Mock2FA.PaperCorrections.AutomorphicSobolev.GammaTwoQuotientGeometry.gammaTwoStandardEdge_pairing_param' depends on axioms: [propext,
 Classical.choice,
 Quot.sound]
'Mock2FA.PaperCorrections.AutomorphicSobolev.GammaTwoQuotientGeometry.modularTileEdgeParam_range' depends on axioms: [propext,
 Classical.choice,
 Quot.sound]
'Mock2FA.PaperCorrections.AutomorphicSobolev.GammaTwoQuotientGeometry.modularTileEdgeParamToEdge_surjective' depends on axioms: [propext,
 Classical.choice,
 Quot.sound]
'Mock2FA.PaperCorrections.AutomorphicSobolev.GammaTwoQuotientGeometry.gammaTwoActualPolygonEdgeParam_mem' depends on axioms: [propext,
 Classical.choice,
 Quot.sound]
'Mock2FA.PaperCorrections.AutomorphicSobolev.GammaTwoQuotientGeometry.gammaTwoActualPolygonEdgeParam_range' depends on axioms: [propext,
 Classical.choice,
 Quot.sound]
'Mock2FA.PaperCorrections.AutomorphicSobolev.GammaTwoQuotientGeometry.GammaTwoActualPolygonEdge.pairingElement_mul_cosetRep' depends on axioms: [propext,
 Classical.choice,
 Quot.sound]
'Mock2FA.PaperCorrections.AutomorphicSobolev.GammaTwoQuotientGeometry.gammaTwoActualPolygonEdgePairing_param' depends on axioms: [propext,
 Classical.choice,
 Quot.sound]
'Mock2FA.PaperCorrections.AutomorphicSobolev.GammaTwoQuotientGeometry.gammaTwoActualPolygonEdgePairing_set' depends on axioms: [propext,
 Classical.choice,
 Quot.sound]
'Mock2FA.PaperCorrections.AutomorphicSobolev.GammaTwoQuotientGeometry.GammaTwoActualPolygonEdge.pairedParameter_mem_endpoints' depends on axioms: [propext,
 Classical.choice,
 Quot.sound]
'Mock2FA.PaperCorrections.AutomorphicSobolev.GammaTwoQuotientGeometry.chosenGammaTwoExplicitFundamentalPolygon' depends on axioms: [propext,
 Classical.choice,
 Quot.sound]
'Mock2FA.PaperCorrections.AutomorphicSobolev.GammaTwoQuotientGeometry.gammaTwoHalfOpenTileCarrier_unique_translate_of_not_boundaryOrbit' depends on axioms: [propext,
 Classical.choice,
 Quot.sound]
'Mock2FA.PaperCorrections.AutomorphicSobolev.GammaTwoQuotientGeometry.gammaTwoThreeCuspTruncation_frontier_subset_finitePieces' depends on axioms: [propext,
 Classical.choice,
 Quot.sound]
'Mock2FA.PaperCorrections.AutomorphicSobolev.GammaTwoQuotientGeometry.gammaTwoSelectedHorocycleParam_range' depends on axioms: [propext,
 Classical.choice,
 Quot.sound]
'Mock2FA.PaperCorrections.AutomorphicSobolev.GammaTwoQuotientGeometry.gammaTwoLiteralFrontierCorners_eq_iUnion_paramImages' depends on axioms: [propext,
 Classical.choice,
 Quot.sound]
'Mock2FA.PaperCorrections.AutomorphicSobolev.GammaTwoQuotientGeometry.gammaTwoThreeCuspTruncation_frontier_eq_paramImages' depends on axioms: [propext,
 Classical.choice,
 Quot.sound]
'Mock2FA.PaperCorrections.AutomorphicSobolev.GammaTwoQuotientGeometry.gammaTwoActualPolygonEdges_sum_integral_remove_literalCorners_of_finite' depends on axioms: [propext,
 Classical.choice,
 Quot.sound]
'Mock2FA.PaperCorrections.AutomorphicSobolev.GammaTwoQuotientGeometry.modular_normSq_denom_eq_lowerRowQuadratic' depends on axioms: [propext,
 Classical.choice,
 Quot.sound]
'Mock2FA.PaperCorrections.AutomorphicSobolev.GammaTwoQuotientGeometry.gammaTwoVerticalIncidencePolynomial_ne_zero' depends on axioms: [propext,
 Classical.choice,
 Quot.sound]
'Mock2FA.PaperCorrections.AutomorphicSobolev.GammaTwoQuotientGeometry.gammaTwoCircularIncidencePolynomial_ne_zero' depends on axioms: [propext,
 Classical.choice,
 Quot.sound]
'Mock2FA.PaperCorrections.AutomorphicSobolev.GammaTwoQuotientGeometry.gammaTwoActualEdgeSelectedCurveParameters_finite' depends on axioms: [propext,
 Classical.choice,
 Quot.sound]
'Mock2FA.PaperCorrections.AutomorphicSobolev.GammaTwoQuotientGeometry.gammaTwoActualEdgeLiteralCornerParametersAt_finite' depends on axioms: [propext,
 Classical.choice,
 Quot.sound]
'Mock2FA.PaperCorrections.AutomorphicSobolev.GammaTwoQuotientGeometry.gammaTwoLiteralFrontierCorners_finite' depends on axioms: [propext,
 Classical.choice,
 Quot.sound]
'Mock2FA.PaperCorrections.AutomorphicSobolev.GammaTwoQuotientGeometry.gammaTwoActualPolygonEdge_integral_remove_literalCorners' depends on axioms: [propext,
 Classical.choice,
 Quot.sound]
'Mock2FA.PaperCorrections.AutomorphicSobolev.GammaTwoQuotientGeometry.gammaTwoActualPolygonEdges_sum_integral_remove_literalCorners' depends on axioms: [propext,
 Classical.choice,
 Quot.sound]
'Mock2FA.PaperCorrections.AutomorphicSobolev.GammaTwoQuotientGeometry.setIntegral_diff_finset_eq' depends on axioms: [propext,
 Classical.choice,
 Quot.sound]
'Mock2FA.PaperCorrections.AutomorphicSobolev.GammaTwoQuotientGeometry.gammaTwoActualPolygonEdge_integral_remove_vertices' depends on axioms: [propext,
 Classical.choice,
 Quot.sound]
'Mock2FA.PaperCorrections.AutomorphicSobolev.GammaTwoQuotientGeometry.gammaTwoActualPolygonEdges_sum_integral_remove_vertices' depends on axioms: [propext,
 Classical.choice,
 Quot.sound]
'Mock2FA.PaperCorrections.AutomorphicSobolev.GammaTwoQuotientGeometry.gammaTwoSelectedHorocycleSegment_integral_remove_vertices' depends on axioms: [propext,
 Classical.choice,
 Quot.sound]
'Mock2FA.PaperCorrections.AutomorphicSobolev.SmoothCompactCoreGeometry.chosenGammaTwoThreeCuspTruncationExhaustion' depends on axioms: [propext,
 Classical.choice,
 Quot.sound]
'Mock2FA.PaperCorrections.AutomorphicSobolev.GammaTwoQuotientGeometry.gammaTwoTopologicalTruncation_exhausts_compacts' depends on axioms: [propext,
 Classical.choice,
 Quot.sound]
'Mock2FA.PaperCorrections.AutomorphicSobolev.GammaTwoQuotientGeometry.GammaTwoFundamentalDomain.quotientMeasure_isOpenPosMeasure' depends on axioms: [propext,
 Classical.choice,
 Quot.sound]
'Mock2FA.PaperCorrections.AutomorphicSobolev.GammaTwoQuotientGeometry.GammaTwoFundamentalDomain.quotientMeasure_isFiniteMeasureOnCompacts' depends on axioms: [propext,
 Classical.choice,
 Quot.sound]
'Mock2FA.PaperCorrections.AutomorphicSobolev.GammaTwoQuotientGeometry.GammaTwoFundamentalDomain.integral_descendInvariant_eq' depends on axioms: [propext,
 Classical.choice,
 Quot.sound]
'Mock2FA.PaperCorrections.AutomorphicSobolev.SmoothCompactCoreGeometry.continuous_inverseEtaSection' depends on axioms: [propext,
 Classical.choice,
 Quot.sound]
'Mock2FA.PaperCorrections.AutomorphicSobolev.SmoothCompactCoreGeometry.inverseEtaRatio_effective_invariant' depends on axioms: [propext,
 Classical.choice,
 Quot.sound]
'Mock2FA.PaperCorrections.AutomorphicSobolev.SmoothCompactCoreGeometry.inverseEtaRatioQuotient_tsupport' depends on axioms: [propext,
 Classical.choice,
 Quot.sound]
'Mock2FA.PaperCorrections.AutomorphicSobolev.SmoothCompactCoreGeometry.inverseEtaQuotientLinear_injective' depends on axioms: [propext,
 Classical.choice,
 Quot.sound]
'Mock2FA.PaperCorrections.AutomorphicSobolev.SmoothCompactCoreGeometry.SmoothCompactCore.exists_quotientSupport_subset_interior_compactStage' depends on axioms: [propext,
 Classical.choice,
 Quot.sound]
'Mock2FA.PaperCorrections.AutomorphicSobolev.SmoothCompactCoreGeometry.SmoothCompactCore.quotientIntegral_eq_fundamentalDomainIntegral' depends on axioms: [propext,
 Classical.choice,
 Quot.sound]
'Mock2FA.PaperCorrections.AutomorphicSobolev.SmoothCompactCoreGeometry.SmoothCompactCore.support_orbit_has_truncated_representative' depends on axioms: [propext,
 Classical.choice,
 Quot.sound]
'Mock2FA.PaperCorrections.AutomorphicSobolev.SmoothCompactCoreGeometry.SmoothCompactCore.support_orbit_has_topologicalTruncation_representative' depends on axioms: [propext,
 Classical.choice,
 Quot.sound]
'Mock2FA.PaperCorrections.AutomorphicSobolev.HalfWeightDifferentialOperators.paperDisplayedRaising_defect_ne_zero' depends on axioms: [propext,
 Classical.choice,
 Quot.sound]
'Mock2FA.PaperCorrections.AutomorphicSobolev.HalfWeightDifferentialOperators.realJetChainRuleCertificate' depends on axioms: [propext,
 Classical.choice,
 Quot.sound]
'Mock2FA.PaperCorrections.AutomorphicSobolev.HalfWeightDifferentialOperators.lower_raise_factorization' depends on axioms: [propext,
 Classical.choice,
 Quot.sound]
'Mock2FA.PaperCorrections.AutomorphicSobolev.HalfWeightDifferentialOperators.ExponentIndexedDifferentialCore.typed_lower_raise_factorization' depends on axioms: [propext,
 Classical.choice,
 Quot.sound]
'Mock2FA.PaperCorrections.AutomorphicSobolev.HalfWeightDifferentialOperators.ExponentIndexedDifferentialCore.typed_raise_lower_factorization' depends on axioms: [propext,
 Classical.choice,
 Quot.sound]
'Mock2FA.PaperCorrections.AutomorphicSobolev.HalfWeightDifferentialOperators.greenIdentity_iff_isFormalAdjoint_neg' depends on axioms: [propext,
 Classical.choice,
 Quot.sound]
'Mock2FA.PaperCorrections.AutomorphicSobolev.HalfWeightCompactCoordinateGreen.ambientCcInfinity_raising_green_identity' depends on axioms: [propext,
 Classical.choice,
 Quot.sound]
'Mock2FA.PaperCorrections.AutomorphicSobolev.HalfWeightCompactCoordinateGreen.ambientCcInfinity_green_half_average_eq_zero' depends on axioms: [propext,
 Classical.choice,
 Quot.sound]
'Mock2FA.PaperCorrections.AutomorphicSobolev.GammaTwoQuotientGreenBoundary.realSmooth_complexHeightRpow' depends on axioms: [propext,
 Classical.choice,
 Quot.sound]
'Mock2FA.PaperCorrections.AutomorphicSobolev.GammaTwoQuotientGreenBoundary.gammaTwoQuotientCompactFluxTailTightness_of_closedCarrierCompactPreimage' depends on axioms: [propext,
 Classical.choice,
 Quot.sound]
'Mock2FA.PaperCorrections.AutomorphicSobolev.GammaTwoQuotientGreenBoundary.gammaTwoCompactFluxStokes_of_tailTightness_of_pairedPolygon' depends on axioms: [propext,
 Classical.choice,
 Quot.sound]
'Mock2FA.PaperCorrections.AutomorphicSobolev.GammaTwoQuotientGreenBoundary.gammaTwoCompactFluxStokes_of_closedCarrierCompactPreimage_of_pairedPolygon' depends on axioms: [propext,
 Classical.choice,
 Quot.sound]
'Mock2FA.PaperCorrections.AutomorphicSobolev.GammaTwoQuotientGreenBoundary.planarNullity_does_not_imply_zeroBoundaryIntegral' depends on axioms: [propext,
 Classical.choice,
 Quot.sound]
'Mock2FA.PaperCorrections.AutomorphicSobolev.GammaTwoQuotientGreenBoundary.threeCusp_boundary_geometry_available' depends on axioms: [propext,
 Classical.choice,
 Quot.sound]
'Mock2FA.PaperCorrections.AutomorphicSobolev.GammaTwoQuotientGreenBoundary.invariantFlux_actualPolygonEdge_pairing' depends on axioms: [propext,
 Classical.choice,
 Quot.sound]
'Mock2FA.PaperCorrections.AutomorphicSobolev.GammaTwoQuotientGreenBoundary.IsSmoothQuotientCompactFlux.actualPolygonEdge_pairing' depends on axioms: [propext,
 Classical.choice,
 Quot.sound]
'Mock2FA.PaperCorrections.AutomorphicSobolev.DefinitionOneSobolev.FixedPhasePeterssonCoordinates.weightFiberScale_neg_eq_heightRpow' depends on axioms: [propext,
 Classical.choice,
 Quot.sound]
'Mock2FA.PaperCorrections.AutomorphicSobolev.DefinitionOneSobolev.FixedPhasePeterssonCoordinates.fixedPhaseGreen_sourceFiberFactor_cancellation' depends on axioms: [propext,
 Classical.choice,
 Quot.sound]
'Mock2FA.PaperCorrections.AutomorphicSobolev.DefinitionOneSobolev.FixedPhasePeterssonCoordinates.fixedPhaseGreen_targetFactor_reindex' depends on axioms: [propext,
 Classical.choice,
 Quot.sound]
'Mock2FA.PaperCorrections.AutomorphicSobolev.DefinitionOneSobolev.FixedPhasePeterssonCoordinates.fixedPhaseGreenScalarDensity_covariance' depends on axioms: [propext,
 Classical.choice,
 Quot.sound]
'Mock2FA.PaperCorrections.AutomorphicSobolev.DefinitionOneSobolev.FixedPhasePeterssonCoordinates.fixedPhaseGreenScalarDensity_mul_moebiusDifferential' depends on axioms: [propext,
 Classical.choice,
 Quot.sound]
'Mock2FA.PaperCorrections.AutomorphicSobolev.DefinitionOneSobolev.FixedPhasePeterssonCoordinates.fixedPhaseGreenOneForm_pullback' depends on axioms: [propext,
 Classical.choice,
 Quot.sound]
'Mock2FA.PaperCorrections.AutomorphicSobolev.DefinitionOneSobolev.FixedPhasePeterssonCoordinates.fixedPhaseGreenFlux_invariant' depends on axioms: [propext,
 Classical.choice,
 Quot.sound]
'Mock2FA.PaperCorrections.AutomorphicSobolev.DefinitionOneSobolev.FixedPhasePeterssonCoordinates.fixedPhaseGreenFlux_actualPolygonEdge_orientedCancellation' depends on axioms: [propext,
 Classical.choice,
 Quot.sound]
'Mock2FA.PaperCorrections.AutomorphicSobolev.DefinitionOneSobolev.FixedPhasePeterssonCoordinates.fixedPhaseGreenScalarDensity_realSmooth' depends on axioms: [propext,
 Classical.choice,
 Quot.sound]
'Mock2FA.PaperCorrections.AutomorphicSobolev.DefinitionOneSobolev.FixedPhasePeterssonCoordinates.fixedPhaseGreenFlux_quotientCompact' depends on axioms: [propext,
 Classical.choice,
 Quot.sound]
'Mock2FA.PaperCorrections.AutomorphicSobolev.DefinitionOneSobolev.FixedPhasePeterssonCoordinates.fixedPhaseGreenFlux_isSmoothQuotientCompact_iff_invariant' depends on axioms: [propext,
 Classical.choice,
 Quot.sound]
'Mock2FA.PaperCorrections.AutomorphicSobolev.DefinitionOneSobolev.FixedPhasePeterssonCoordinates.fixedPhaseGreenFluxBridge' depends on axioms: [propext,
 Classical.choice,
 Quot.sound]
'Mock2FA.PaperCorrections.AutomorphicSobolev.DefinitionOneSobolev.FixedPhasePeterssonCoordinates.greenBoundaryDefect_eq_zero_of_compactFluxStokes' depends on axioms: [propext,
 Classical.choice,
 Quot.sound]
'Mock2FA.PaperCorrections.AutomorphicSobolev.DefinitionOneSobolev.QuotientHilbertCoordinates.energyDefinite_iff_graph_injective' depends on axioms: [propext,
 Classical.choice,
 Quot.sound]
'Mock2FA.PaperCorrections.AutomorphicSobolev.DefinitionOneSobolev.CompactCoreL2.toL2_injective' depends on axioms: [propext,
 Classical.choice,
 Quot.sound]
'Mock2FA.PaperCorrections.AutomorphicSobolev.DefinitionOneSobolev.CompactCoreL2.gammaTwoQuotientToL2_injective' depends on axioms: [propext,
 Classical.choice,
 Quot.sound]
'Mock2FA.PaperCorrections.AutomorphicSobolev.DefinitionOneSobolev.CompactCoreL2.inverseEtaCoreToL2_injective' depends on axioms: [propext,
 Classical.choice,
 Quot.sound]
'Mock2FA.PaperCorrections.AutomorphicSobolev.DefinitionOneSobolev.CompactCoreL2.chosenInverseEtaCoreToL2_injective' depends on axioms: [propext,
 Classical.choice,
 Quot.sound]
'Mock2FA.PaperCorrections.AutomorphicSobolev.DefinitionOneSobolev.WeightCorePetersson.peterssonInnerProductCore' depends on axioms: [propext,
 Classical.choice,
 Quot.sound]
'Mock2FA.PaperCorrections.AutomorphicSobolev.DefinitionOneSobolev.WeightCorePetersson.peterssonForm_self_eq_zero_iff' depends on axioms: [propext,
 Classical.choice,
 Quot.sound]
'Mock2FA.PaperCorrections.AutomorphicSobolev.DefinitionOneSobolev.WeightCorePetersson.peterssonNormSq_pos' depends on axioms: [propext,
 Classical.choice,
 Quot.sound]
'Mock2FA.PaperCorrections.AutomorphicSobolev.DefinitionOneSobolev.WeightCorePetersson.PeterssonCoreSpace.wrappedInnerProductCore' depends on axioms: [propext,
 Classical.choice,
 Quot.sound]
'Mock2FA.PaperCorrections.AutomorphicSobolev.DefinitionOneSobolev.WeightCorePetersson.PeterssonCoreSpace.norm_sq_eq_peterssonNormSq' depends on axioms: [propext,
 Classical.choice,
 Quot.sound]
'Mock2FA.PaperCorrections.AutomorphicSobolev.DefinitionOneSobolev.WeightCorePetersson.PeterssonCoreSpace.toCompletion_injective' depends on axioms: [propext,
 Classical.choice,
 Quot.sound]
'Mock2FA.PaperCorrections.AutomorphicSobolev.DefinitionOneSobolev.WeightCorePetersson.PeterssonCoreSpace.denseRange_toCompletion' depends on axioms: [propext,
 Classical.choice,
 Quot.sound]
'Mock2FA.PaperCorrections.AutomorphicSobolev.DefinitionOneSobolev.WeightCorePetersson.PeterssonCoreSpace.isDenseInducing_toCompletion' depends on axioms: [propext,
 Classical.choice,
 Quot.sound]
'Mock2FA.PaperCorrections.AutomorphicSobolev.DefinitionOneSobolev.WeightCorePetersson.PeterssonCoreSpace.closure_range_toCompletion' depends on axioms: [propext,
 Classical.choice,
 Quot.sound]
'Mock2FA.PaperCorrections.AutomorphicSobolev.DefinitionOneSobolev.WeightCorePetersson.PeterssonCoreSpace.inner_toCompletion' depends on axioms: [propext,
 Classical.choice,
 Quot.sound]
'Mock2FA.PaperCorrections.AutomorphicSobolev.DefinitionOneSobolev.WeightCorePetersson.PeterssonCoreSpace.norm_toCompletion' depends on axioms: [propext,
 Classical.choice,
 Quot.sound]
'Mock2FA.PaperCorrections.AutomorphicSobolev.DefinitionOneSobolev.WeightCorePetersson.PeterssonCoreSpace.hilbertSpaceWitness' depends on axioms: [propext,
 Classical.choice,
 Quot.sound]
'Mock2FA.PaperCorrections.AutomorphicSobolev.DefinitionOneSobolev.QuotientHilbertCoordinates.completionEnergyOperator_coercive' depends on axioms: [propext,
 Classical.choice,
 Quot.sound]
'Mock2FA.PaperCorrections.AutomorphicSobolev.DefinitionOneSobolev.QuotientHilbertCoordinates.solveCompletionEnergy_existsUnique' depends on axioms: [propext,
 Classical.choice,
 Quot.sound]
'Mock2FA.PaperCorrections.AutomorphicSobolev.DefinitionOneSobolev.QuotientHilbertCoordinates.solveCompletionEnergy_norm_le' depends on axioms: [propext,
 Classical.choice,
 Quot.sound]
'Mock2FA.PaperCorrections.AutomorphicSobolev.DefinitionOneSobolev.QuotientHilbertCoordinates.graphExtension_norm' depends on axioms: [propext,
 Classical.choice,
 Quot.sound]
'Mock2FA.PaperCorrections.AutomorphicSobolev.DefinitionOneSobolev.QuotientHilbertCoordinates.range_graphExtension_eq_closure_range_graph' depends on axioms: [propext,
 Classical.choice,
 Quot.sound]
'Mock2FA.PaperCorrections.AutomorphicSobolev.DefinitionOneSobolev.QuotientHilbertCoordinates.jointExtensions_injective' depends on axioms: [propext,
 Classical.choice,
 Quot.sound]
'Mock2FA.PaperCorrections.AutomorphicSobolev.DefinitionOneSobolev.QuotientHilbertCoordinates.closedJointGraphParametrization_range_isClosed' depends on axioms: [propext,
 Classical.choice,
 Quot.sound]
'Mock2FA.PaperCorrections.AutomorphicSobolev.DefinitionOneSobolev.denseRange_iff_surjective_energyCompletionIsometry' depends on axioms: [propext,
 Classical.choice,
 Quot.sound]
'Mock2FA.PaperCorrections.AutomorphicSobolev.DefinitionOneSobolev.QuotientHilbertCoordinates.CompatibleCoreInclusion.denseRange_graphRange_iff_completion_surjective' depends on axioms: [propext,
 Classical.choice,
 Quot.sound]
'Mock2FA.PaperCorrections.AutomorphicSobolev.DefinitionOneSobolev.QuotientHilbertCoordinates.CompatibleCoreInclusion.completionEquiv_apply' depends on axioms: [propext,
 Classical.choice,
 Quot.sound]
'Mock2FA.PaperCorrections.AutomorphicSobolev.DefinitionOneSobolev.TypedDifferentialAdapter.paperFourCoordinates_energyDefinite' depends on axioms: [propext,
 Classical.choice,
 Quot.sound]
'Mock2FA.PaperCorrections.AutomorphicSobolev.DefinitionOneSobolev.TypedDifferentialAdapter.denseRange_paperFourCoreMap' depends on axioms: [propext,
 Classical.choice,
 Quot.sound]
'Mock2FA.PaperCorrections.AutomorphicSobolev.DefinitionOneSobolev.TypedDifferentialAdapter.paperFourCoreMap_injective' depends on axioms: [propext,
 Classical.choice,
 Quot.sound]
'Mock2FA.PaperCorrections.AutomorphicSobolev.ExplicitDiscriminantPotential.potential_ne_zero' depends on axioms: [propext,
 Classical.choice,
 Quot.sound]
'Mock2FA.PaperCorrections.AutomorphicSobolev.ExplicitDiscriminantPotential.discriminant_realSmooth' depends on axioms: [propext,
 Classical.choice,
 Quot.sound]
'Mock2FA.PaperCorrections.AutomorphicSobolev.ExplicitDiscriminantPotential.upstairsCoreCutoff_realSmooth' depends on axioms: [propext,
 Classical.choice,
 Quot.sound]
'Mock2FA.PaperCorrections.AutomorphicSobolev.ExplicitDiscriminantPotential.quotientCoreCutoff_hasCompactSupport' depends on axioms: [propext,
 Classical.choice,
 Quot.sound]
'Mock2FA.PaperCorrections.AutomorphicSobolev.ExplicitDiscriminantPotential.compactInverseEtaPaperCore_ne_zero' depends on axioms: [propext,
 Classical.choice,
 Quot.sound]
'Mock2FA.PaperCorrections.AutomorphicSobolev.ExplicitDiscriminantPotential.compactInverseEtaOrbitZeroWeightCore_ne_zero' depends on axioms: [propext,
 Classical.choice,
 Quot.sound]
'Mock2FA.PaperCorrections.AutomorphicSobolev.ExplicitDiscriminantPotential.upstairsPotential_scaledCuspTail' depends on axioms: [propext,
 Classical.choice,
 Quot.sound]
'Mock2FA.PaperCorrections.AutomorphicSobolev.ExplicitDiscriminantPotential.upstairsPotential_closedTileCarrier_diff_threeCuspTruncation' depends on axioms: [propext,
 Classical.choice,
 Quot.sound]
'Mock2FA.PaperCorrections.AutomorphicSobolev.ExplicitDiscriminantPotential.potential_quotientOutside_threeCuspTruncationImage' depends on axioms: [propext,
 Classical.choice,
 Quot.sound]
'Mock2FA.PaperCorrections.AutomorphicSobolev.ExplicitDiscriminantPotential.potentialForm_conj_symm' depends on axioms: [propext,
 Classical.choice,
 Quot.sound]
'Mock2FA.PaperCorrections.AutomorphicSobolev.ExplicitDiscriminantPotential.potentialEnergy_le_peterssonNormSq' depends on axioms: [propext,
 Classical.choice,
 Quot.sound]
'Mock2FA.PaperCorrections.AutomorphicSobolev.ExplicitDiscriminantPotential.potentialForm_norm_sq_le_energy_mul_energy' depends on axioms: [propext,
 Classical.choice,
 Quot.sound]
'Mock2FA.PaperCorrections.AutomorphicSobolev.ExplicitDiscriminantPotential.potentialForm_norm_le_uniformBound_mul_peterssonNorm' depends on axioms: [propext,
 Classical.choice,
 Quot.sound]
'Mock2FA.PaperCorrections.AutomorphicSobolev.ExplicitDiscriminantPotential.norm_peterssonPotentialOperator_le_uniformBound' depends on axioms: [propext,
 Classical.choice,
 Quot.sound]
'Mock2FA.PaperCorrections.AutomorphicSobolev.ExplicitDiscriminantPotential.peterssonPotentialOperator_apply_core' depends on axioms: [propext,
 Classical.choice,
 Quot.sound]
'Mock2FA.PaperCorrections.AutomorphicSobolev.ExplicitDiscriminantPotential.FixedPhaseGraphPotential.graphPotentialOperator_apply_core' depends on axioms: [propext,
 Classical.choice,
 Quot.sound]
'Mock2FA.PaperCorrections.AutomorphicSobolev.ExplicitDiscriminantPotential.FixedPhaseGraphPotential.norm_graphPotentialOperator_le_uniformBound' depends on axioms: [propext,
 Classical.choice,
 Quot.sound]
'Mock2FA.PaperCorrections.AutomorphicSobolev.ExplicitDiscriminantPotential.negativePartEnergy_eq_zero' depends on axioms: [propext,
 Classical.choice,
 Quot.sound]
'Mock2FA.PaperCorrections.AutomorphicSobolev.CompactSeparableKernelPotential.hilbertRankOne_isCompact' depends on axioms: [propext,
 Classical.choice,
 Quot.sound]
'Mock2FA.PaperCorrections.AutomorphicSobolev.CompactSeparableKernelPotential.rankOneForm_conj_symm' depends on axioms: [propext,
 Classical.choice,
 Quot.sound]
'Mock2FA.PaperCorrections.AutomorphicSobolev.CompactSeparableKernelPotential.rankOneForm_self_nonneg' depends on axioms: [propext,
 Classical.choice,
 Quot.sound]
'Mock2FA.PaperCorrections.AutomorphicSobolev.CompactSeparableKernelPotential.rankOneCuspTail_tail_norm_eq_zero' depends on axioms: [propext,
 Classical.choice,
 Quot.sound]
'Mock2FA.PaperCorrections.AutomorphicSobolev.CompactSeparableKernelPotential.explicitKernelVector_ne_zero' depends on axioms: [propext,
 Classical.choice,
 Quot.sound]
'Mock2FA.PaperCorrections.AutomorphicSobolev.CompactSeparableKernelPotential.explicitCompactKernelForm_isCompact' depends on axioms: [propext,
 Classical.choice,
 Quot.sound]
'Mock2FA.PaperCorrections.AutomorphicSobolev.CompactSeparableKernelPotential.explicitKernelUnitVector_norm' depends on axioms: [propext,
 Classical.choice,
 Quot.sound]
'Mock2FA.PaperCorrections.AutomorphicSobolev.CompactSeparableKernelPotential.explicitKernelProjection_idempotent' depends on axioms: [propext,
 Classical.choice,
 Quot.sound]
'Mock2FA.PaperCorrections.AutomorphicSobolev.CompactSeparableKernelPotential.explicitKernelProjection_isCompact' depends on axioms: [propext,
 Classical.choice,
 Quot.sound]
'Mock2FA.PaperCorrections.AutomorphicSobolev.CompactSeparableKernelPotential.explicitShifted_eq_unshifted_add_projection' depends on axioms: [propext,
 Classical.choice,
 Quot.sound]
'Mock2FA.PaperCorrections.AutomorphicSobolev.CompactSeparableKernelPotential.explicitUnshiftedFredholmData' depends on axioms: [propext,
 Classical.choice,
 Quot.sound]
'Mock2FA.PaperCorrections.AutomorphicSobolev.CompactSeparableKernelPotential.explicitUnshiftedFredholmOperator_unitVector' depends on axioms: [propext,
 Classical.choice,
 Quot.sound]
'Mock2FA.PaperCorrections.AutomorphicSobolev.CompactSeparableKernelPotential.explicitUnshiftedFredholmOperator_ker' depends on axioms: [propext,
 Classical.choice,
 Quot.sound]
'Mock2FA.PaperCorrections.AutomorphicSobolev.CompactSeparableKernelPotential.explicitUnshiftedFredholmOperator_ker_ne_bot' depends on axioms: [propext,
 Classical.choice,
 Quot.sound]
'Mock2FA.PaperCorrections.AutomorphicSobolev.CompactSeparableKernelPotential.explicitUnshiftedFredholmOperator_range_isClosed' depends on axioms: [propext,
 Classical.choice,
 Quot.sound]
'Mock2FA.PaperCorrections.AutomorphicSobolev.CompactSeparableKernelPotential.explicitUnshiftedFredholmOperator_range' depends on axioms: [propext,
 Classical.choice,
 Quot.sound]
'Mock2FA.PaperCorrections.AutomorphicSobolev.CompactSeparableKernelPotential.explicitUnshiftedFredholm_solvable_iff' depends on axioms: [propext,
 Classical.choice,
 Quot.sound]
'Mock2FA.PaperCorrections.AutomorphicSobolev.CompactSeparableKernelPotential.explicitCanonicalSolution_eq' depends on axioms: [propext,
 Classical.choice,
 Quot.sound]
'Mock2FA.PaperCorrections.AutomorphicSobolev.CompactSeparableKernelPotential.explicitCanonicalSolution_range_eq' depends on axioms: [propext,
 Classical.choice,
 Quot.sound]
'Mock2FA.PaperCorrections.AutomorphicSobolev.CompactSeparableKernelPotential.explicitCanonicalInverseNorm_le_one' depends on axioms: [propext,
 Classical.choice,
 Quot.sound]
'Mock2FA.PaperCorrections.AutomorphicSobolev.CompactSeparableKernelPotential.FixedPhaseGraphKernel.compactCoreKernelForm_core_apply' depends on axioms: [propext,
 Classical.choice,
 Quot.sound]
'Mock2FA.PaperCorrections.AutomorphicSobolev.CompactSeparableKernelPotential.FixedPhaseGraphKernel.compactCoreKernelNontrivialFredholmData' depends on axioms: [propext,
 Classical.choice,
 Quot.sound]
'Mock2FA.PaperCorrections.AutomorphicSobolev.GammaTwoQuotientGeometry.gammaTwoThreeCuspTruncation_isCompact' depends on axioms: [propext,
 Classical.choice,
 Quot.sound]
'Mock2FA.PaperCorrections.AutomorphicSobolev.GammaTwoQuotientGeometry.gammaTwoThreeCuspTruncation_frontier_null' depends on axioms: [propext,
 Classical.choice,
 Quot.sound]
'Mock2FA.PaperCorrections.AutomorphicSobolev.GammaTwoQuotientGeometry.gammaTwoThreeCuspFiniteTileCofinal' depends on axioms: [propext,
 Classical.choice,
 Quot.sound]
'Mock2FA.PaperCorrections.AutomorphicSobolev.GammaTwoQuotientGeometry.gammaTwoToSL2Real_isClosedEmbedding' depends on axioms: [propext,
 Classical.choice,
 Quot.sound]
'Mock2FA.PaperCorrections.AutomorphicSobolev.GammaTwoQuotientGeometry.gammaTwoEffective_finite_translates_inter_compact' depends on axioms: [propext,
 Classical.choice,
 Quot.sound]
'Mock2FA.PaperCorrections.AutomorphicSobolev.GammaTwoQuotientGeometry.gammaTwoEffective_stabilizer_finite' depends on axioms: [propext,
 Classical.choice,
 Quot.sound]
'Mock2FA.PaperCorrections.AutomorphicSobolev.GammaTwoQuotientGeometry.gammaTwoEffective_exists_compact_nhds_image_smul_eq_self' depends on axioms: [propext,
 Classical.choice,
 Quot.sound]
'Mock2FA.PaperCorrections.AutomorphicSobolev.GammaTwoQuotientGeometry.gammaTwo_compact_translates_locallyFinite' depends on axioms: [propext,
 Classical.choice,
 Quot.sound]
'Mock2FA.PaperCorrections.AutomorphicSobolev.GammaTwoQuotientGeometry.gammaTwoEffective_compact_translates_locallyFinite' depends on axioms: [propext,
 Classical.choice,
 Quot.sound]
'Mock2FA.PaperCorrections.AutomorphicSobolev.GammaTwoQuotientGeometry.modular_im_smul_le_heightEnvelope' depends on axioms: [propext,
 Classical.choice,
 Quot.sound]
'Mock2FA.PaperCorrections.AutomorphicSobolev.GammaTwoQuotientGeometry.compact_uniform_modularHeight' depends on axioms: [propext,
 Classical.choice,
 Quot.sound]
'Mock2FA.PaperCorrections.AutomorphicSobolev.GammaTwoQuotientGeometry.gammaTwoClosedCarrier_inter_preimage_isCompact' depends on axioms: [propext,
 Classical.choice,
 Quot.sound]
'Mock2FA.PaperCorrections.AutomorphicSobolev.GammaTwoQuotientGeometry.gammaTwoGeometricCompactCofinal_unconditional' depends on axioms: [propext,
 Classical.choice,
 Quot.sound]
'Mock2FA.PaperCorrections.AutomorphicSobolev.GammaTwoQuotientGeometry.gammaTwoThreeCuspCompactCofinal_unconditional' depends on axioms: [propext,
 Classical.choice,
 Quot.sound]
'Mock2FA.PaperCorrections.AutomorphicSobolev.GammaTwoQuotientGeometry.compact_relativeQuotientPreimage_subset_truncationInterior' depends on axioms: [propext,
 Classical.choice,
 Quot.sound]
'Mock2FA.PaperCorrections.AutomorphicSobolev.GammaTwoQuotientGeometry.gammaTwoGlobalCuspTruncation_exhausts_compacts' depends on axioms: [propext,
 Classical.choice,
 Quot.sound]
'Mock2FA.PaperCorrections.AutomorphicSobolev.SmoothCompactCoreGeometry.SmoothCompactCore.exists_quotientSupport_subset_threeCuspTruncation' depends on axioms: [propext,
 Classical.choice,
 Quot.sound]
'Mock2FA.PaperCorrections.AutomorphicSobolev.SmoothCompactCoreGeometry.SmoothCompactCore.exists_relativeQuotientSupport_subset_truncationInterior' depends on axioms: [propext,
 Classical.choice,
 Quot.sound]
'Mock2FA.PaperCorrections.AutomorphicSobolev.SmoothCompactCoreGeometry.SmoothCompactCore.exists_quotientSupport_subset_globalCuspTruncation' depends on axioms: [propext,
 Classical.choice,
 Quot.sound]
'Mock2FA.PaperCorrections.AutomorphicSobolev.HalfWeightDifferentialOperators.InverseEtaFixedPhaseCore.raise_covariance' depends on axioms: [propext,
 Classical.choice,
 Quot.sound]
'Mock2FA.PaperCorrections.AutomorphicSobolev.HalfWeightDifferentialOperators.InverseEtaFixedPhaseCore.lower_raise_factorization' depends on axioms: [propext,
 Classical.choice,
 Quot.sound]
'Mock2FA.PaperCorrections.AutomorphicSobolev.HalfIntegralMultiplier.factor_sq' depends on axioms: [propext,
 Classical.choice,
 Quot.sound]
'Mock2FA.PaperCorrections.AutomorphicSobolev.HalfWeightDifferentialOperators.inverseEtaPaperOrbitFactor_realSmooth' depends on axioms: [propext,
 Classical.choice,
 Quot.sound]
'Mock2FA.PaperCorrections.AutomorphicSobolev.HalfWeightDifferentialOperators.d1_inverseEtaPaperOrbitFactor' depends on axioms: [propext,
 Classical.choice,
 Quot.sound]
'Mock2FA.PaperCorrections.AutomorphicSobolev.HalfWeightDifferentialOperators.gammaTwoMoebiusCoordinate_eq_fraction' depends on axioms: [propext,
 Classical.choice,
 Quot.sound]
'Mock2FA.PaperCorrections.AutomorphicSobolev.HalfWeightDifferentialOperators.gammaTwoMoebiusChart_hasStrictDerivAt' depends on axioms: [propext,
 Classical.choice,
 Quot.sound]
'Mock2FA.PaperCorrections.AutomorphicSobolev.HalfWeightDifferentialOperators.d1_comp_gammaTwo_smul' depends on axioms: [propext,
 Classical.choice,
 Quot.sound]
'Mock2FA.PaperCorrections.AutomorphicSobolev.HalfWeightDifferentialOperators.wirtingerZ_comp_gammaTwo_smul' depends on axioms: [propext,
 Classical.choice,
 Quot.sound]
'Mock2FA.PaperCorrections.AutomorphicSobolev.HalfWeightDifferentialOperators.wirtingerBar_comp_gammaTwo_smul' depends on axioms: [propext,
 Classical.choice,
 Quot.sound]
'Mock2FA.PaperCorrections.AutomorphicSobolev.HalfWeightDifferentialOperators.raiseRaw_covariance_of_inverseEtaPaperOrbitCovariant' depends on axioms: [propext,
 Classical.choice,
 Quot.sound]
'Mock2FA.PaperCorrections.AutomorphicSobolev.HalfWeightDifferentialOperators.lowerRaw_covariance_of_inverseEtaPaperOrbitCovariant' depends on axioms: [propext,
 Classical.choice,
 Quot.sound]
'Mock2FA.PaperCorrections.AutomorphicSobolev.HalfWeightDifferentialOperators.FixedPhaseDifferentialWord.eval_covariant' depends on axioms: [propext,
 Classical.choice,
 Quot.sound]
'Mock2FA.PaperCorrections.AutomorphicSobolev.HalfWeightDifferentialOperators.mem_inverseEtaFixedPhaseStableCoreSubmodule_iff' depends on axioms: [propext,
 Classical.choice,
 Quot.sound]
'Mock2FA.PaperCorrections.AutomorphicSobolev.SmoothCompactCoreGeometry.HasQuotientCompactSupport.mul_right' depends on axioms: [propext,
 Classical.choice,
 Quot.sound]
'Mock2FA.PaperCorrections.AutomorphicSobolev.HalfWeightDifferentialOperators.invariantCutoffTimesOrbitSectionRaw_mem' depends on axioms: [propext,
 Classical.choice,
 Quot.sound]
'Mock2FA.PaperCorrections.AutomorphicSobolev.HalfWeightDifferentialOperators.invariantCutoffTimesOrbitSection_ne_zero' depends on axioms: [propext,
 Classical.choice,
 Quot.sound]
'Mock2FA.PaperCorrections.AutomorphicSobolev.ExplicitDiscriminantPotential.inverseEtaPaperOrbitZeroSeedSection_apply_ne_zero' depends on axioms: [propext,
 Classical.choice,
 Quot.sound]
'Mock2FA.PaperCorrections.AutomorphicSobolev.ExplicitDiscriminantPotential.compactInverseEtaFixedPhaseCoreZero_ne_zero' depends on axioms: [propext,
 Classical.choice,
 Quot.sound]
'Mock2FA.PaperCorrections.AutomorphicSobolev.HalfWeightCompactCoordinateGreen.compact_green_identity' depends on axioms: [propext,
 Classical.choice,
 Quot.sound]
'Mock2FA.PaperCorrections.AutomorphicSobolev.HalfWeightCompactCoordinateGreen.compact_lowering_green_identity' depends on axioms: [propext,
 Classical.choice,
 Quot.sound]
'Mock2FA.PaperCorrections.AutomorphicSobolev.HalfWeightCompactCoordinateGreen.compact_green_half_average_eq_zero' depends on axioms: [propext,
 Classical.choice,
 Quot.sound]
'Mock2FA.PaperCorrections.AutomorphicSobolev.HalfWeightCompactCoordinateGreen.coordinate_averaged_factorization' depends on axioms: [propext,
 Classical.choice,
 Quot.sound]
'Mock2FA.PaperCorrections.AutomorphicSobolev.GammaTwoQuotientGreenBoundary.gammaTwoClosedCarrierCompactPreimage' depends on axioms: [propext,
 Classical.choice,
 Quot.sound]
'Mock2FA.PaperCorrections.AutomorphicSobolev.GammaTwoQuotientGreenBoundary.gammaTwoQuotientCompactFluxTailTightness' depends on axioms: [propext,
 Classical.choice,
 Quot.sound]
'Mock2FA.PaperCorrections.AutomorphicSobolev.DefinitionOneSobolev.FixedPhaseGraphCompletion.denseRange_coreMap' depends on axioms: [propext,
 Classical.choice,
 Quot.sound]
'Mock2FA.PaperCorrections.AutomorphicSobolev.DefinitionOneSobolev.FixedPhaseGraphCompletion.paperPageFour_norm_sq' depends on axioms: [propext,
 Classical.choice,
 Quot.sound]
'Mock2FA.PaperCorrections.AutomorphicSobolev.DefinitionOneSobolev.FixedPhaseGraphCompletion.pageFourHOneEquivPageTwelveGraph' depends on axioms: [propext,
 Classical.choice,
 Quot.sound]
'Mock2FA.PaperCorrections.AutomorphicSobolev.FixedPhaseDensity.fixedPhaseCoreEquivSmoothCompactWeightCore' depends on axioms: [propext,
 Classical.choice,
 Quot.sound]
'Mock2FA.PaperCorrections.AutomorphicSobolev.FixedPhaseDensity.denseRange_l2Coordinate' depends on axioms: [propext,
 Classical.choice,
 Quot.sound]
'Mock2FA.PaperCorrections.AutomorphicSobolev.FixedPhaseDensity.denseRange_fullSmoothCoreL2Map' depends on axioms: [propext,
 Classical.choice,
 Quot.sound]
'Mock2FA.PaperCorrections.AutomorphicSobolev.FixedPhaseDensity.denseRange_fullSmoothCoreGraphMap' depends on axioms: [propext,
 Classical.choice,
 Quot.sound]
'Mock2FA.PaperCorrections.AutomorphicSobolev.FixedPhaseDensity.quotientCuspPartitionPiece_hasSum_one' depends on axioms: [propext,
 Classical.choice,
 Quot.sound]
'Mock2FA.PaperCorrections.AutomorphicSobolev.FixedPhaseDensity.exists_cutoff_eq_one_on_quotientTSupport' depends on axioms: [propext,
 Classical.choice,
 Quot.sound]
'Mock2FA.PaperCorrections.AutomorphicSobolev.FixedPhaseDensity.exists_exactCutoff_fixedPhase_lift' depends on axioms: [propext,
 Classical.choice,
 Quot.sound]
'Mock2FA.PaperCorrections.AutomorphicSobolev.FixedPhaseDensity.coreMap_cuspCutoffOperator_tendsto' depends on axioms: [propext,
 Classical.choice,
 Quot.sound]
'Mock2FA.PaperCorrections.AutomorphicSobolev.FixedPhaseDensity.dense_iUnion_range_coreMap_cuspCutoffOperator' depends on axioms: [propext,
 Classical.choice,
 Quot.sound]
'Mock2FA.PaperCorrections.AutomorphicSobolev.FixedPhaseDensity.exists_raiseCuspCutoffCommutator_eventually_eq_zero' depends on axioms: [propext,
 Classical.choice,
 Quot.sound]
'Mock2FA.PaperCorrections.AutomorphicSobolev.FixedPhaseDensity.potentialShellCoreZero_linearIndependent' depends on axioms: [propext,
 Classical.choice,
 Quot.sound]
'Mock2FA.PaperCorrections.AutomorphicSobolev.FixedPhaseDensity.inverseEtaFixedPhaseCoreZero_not_finiteDimensional' depends on axioms: [propext,
 Classical.choice,
 Quot.sound]
'Mock2FA.PaperCorrections.AutomorphicSobolev.FixedPhaseClosedOperators.physicalRaise_dense_domain' depends on axioms: [propext,
 Classical.choice,
 Quot.sound]
'Mock2FA.PaperCorrections.AutomorphicSobolev.FixedPhaseClosedOperators.physicalGreenIdentityAt_iff_isFormalAdjoint_negativeLower' depends on axioms: [propext,
 Classical.choice,
 Quot.sound]
'Mock2FA.PaperCorrections.AutomorphicSobolev.FixedPhaseClosedOperators.physicalRaise_isClosable' depends on axioms: [propext,
 Classical.choice,
 Quot.sound]
'Mock2FA.PaperCorrections.AutomorphicSobolev.FixedPhaseClosedOperators.physicalLowerFromSucc_isClosable' depends on axioms: [propext,
 Classical.choice,
 Quot.sound]
'Mock2FA.PaperCorrections.AutomorphicSobolev.FixedPhaseClosedOperators.closedRaise_isClosed' depends on axioms: [propext,
 Classical.choice,
 Quot.sound]
'Mock2FA.PaperCorrections.AutomorphicSobolev.FixedPhaseClosedOperators.closedRaise_le_negativeLower_adjoint' depends on axioms: [propext,
 Classical.choice,
 Quot.sound]
'Mock2FA.PaperCorrections.AutomorphicSobolev.FixedPhaseClosedOperators.physicalJointFromSucc_isClosable_of_components' depends on axioms: [propext,
 Classical.choice,
 Quot.sound]
'Mock2FA.PaperCorrections.AutomorphicSobolev.FixedPhaseClosedOperators.closedJointFromSucc_isClosed' depends on axioms: [propext,
 Classical.choice,
 Quot.sound]
'Mock2FA.PaperCorrections.AutomorphicSobolev.FixedPhaseClosedOperators.all_physical_operators_closable_of_pairedPolygon' depends on axioms: [propext,
 Classical.choice,
 Quot.sound]
'Mock2FA.PaperCorrections.AutomorphicSobolev.CompactSeparableKernelPotential.GeometricKernelSupport.explicitQuotientKernel_at_I_ne_zero' depends on axioms: [propext,
 Classical.choice,
 Quot.sound]
'Mock2FA.PaperCorrections.AutomorphicSobolev.CompactSeparableKernelPotential.GeometricKernelSupport.explicitQuotientKernel_hasCompactSupport' depends on axioms: [propext,
 Classical.choice,
 Quot.sound]
'Mock2FA.PaperCorrections.AutomorphicSobolev.CompactSeparableKernelPotential.GeometricKernelSupport.explicitQuotientKernel_eq_zero_outside_truncationProduct' depends on axioms: [propext,
 Classical.choice,
 Quot.sound]
PrimalitySheafVerification/Mock2_FunctionalAnalysis.lean:26518:29: warning: try 'simp' instead of 'simpa'

Note: This linter can be disabled with `set_option linter.unnecessarySimpa false`
PrimalitySheafVerification/Mock2_FunctionalAnalysis.lean:26520:4: warning: try 'simp' instead of 'simpa'

Note: This linter can be disabled with `set_option linter.unnecessarySimpa false`
PrimalitySheafVerification/Mock2_FunctionalAnalysis.lean:26534:2: warning: `push_neg` has been deprecated. Prefer using `push Not` instead.
If you'd rather continue using `push_neg` in your project, you can implement it as follows:
```
open Lean.Parser.Tactic in
macro "push_neg" cfg:optConfig loc:(location)? : tactic =>
  `(tactic| push $cfg:optConfig Not $[$loc]?)
```
PrimalitySheafVerification/Mock2_FunctionalAnalysis.lean:26631:2: warning: `push_neg` has been deprecated. Prefer using `push Not` instead.
If you'd rather continue using `push_neg` in your project, you can implement it as follows:
```
open Lean.Parser.Tactic in
macro "push_neg" cfg:optConfig loc:(location)? : tactic =>
  `(tactic| push $cfg:optConfig Not $[$loc]?)
```
PrimalitySheafVerification/Mock2_FunctionalAnalysis.lean:26702:4: warning: 'change star (inverseEtaPaperOrbitDenom γ z ^ 2) = star (inverseEtaPaperOrbitDenom γ z) ^ 2' tactic does nothing

Note: This linter can be disabled with `set_option linter.unusedTactic false`
PrimalitySheafVerification/Mock2_FunctionalAnalysis.lean:26814:6: warning: 'ring' tactic does nothing

Note: This linter can be disabled with `set_option linter.unusedTactic false`
PrimalitySheafVerification/Mock2_FunctionalAnalysis.lean:26814:6: warning: this tactic is never executed

Note: This linter can be disabled with `set_option linter.unreachableTactic false`
PrimalitySheafVerification/Mock2_FunctionalAnalysis.lean:26877:18: warning: 'omega' tactic does nothing

Note: This linter can be disabled with `set_option linter.unusedTactic false`
PrimalitySheafVerification/Mock2_FunctionalAnalysis.lean:26877:18: warning: this tactic is never executed

Note: This linter can be disabled with `set_option linter.unreachableTactic false`
PrimalitySheafVerification/Mock2_FunctionalAnalysis.lean:27142:0: warning: Definition `Mock2FA.PaperCorrections.AutomorphicSobolev.ExplicitDiscriminantPotential.inverseEtaFixedPhaseCoreNontrivial` of class type is semireducible. Most type class instances should be instance-reducible, so consider marking this
definition with `@[instance_reducible]`. If it is intentionally semireducible, this warning can be disabled with `set_option warn.classDefReducibility false`.
PrimalitySheafVerification/Mock2_FunctionalAnalysis.lean:27142:0: warning: Definition `inverseEtaFixedPhaseCoreNontrivial` is a proposition; use `theorem` instead of `def`

Note: This linter can be disabled with `set_option linter.defProp false`
'Mock2FA.PaperCorrections.AutomorphicSobolev.ExplicitDiscriminantPotential.exists_fderiv_upstairsCoreCutoff_ne_zero' depends on axioms: [propext,
 Classical.choice,
 Quot.sound]
'Mock2FA.PaperCorrections.AutomorphicSobolev.ExplicitDiscriminantPotential.fixedPhasePositiveWeightGenerator_covariance' depends on axioms: [propext,
 Classical.choice,
 Quot.sound]
'Mock2FA.PaperCorrections.AutomorphicSobolev.ExplicitDiscriminantPotential.fixedPhaseNegativeWeightGenerator_covariance' depends on axioms: [propext,
 Classical.choice,
 Quot.sound]
'Mock2FA.PaperCorrections.AutomorphicSobolev.ExplicitDiscriminantPotential.fixedPhaseIntegralWeightFactor_covariance' depends on axioms: [propext,
 Classical.choice,
 Quot.sound]
'Mock2FA.PaperCorrections.AutomorphicSobolev.ExplicitDiscriminantPotential.inverseEtaPaperOrbitAllIndexSeedSection_at_point_ne_zero' depends on axioms: [propext,
 Classical.choice,
 Quot.sound]
'Mock2FA.PaperCorrections.AutomorphicSobolev.ExplicitDiscriminantPotential.compactInverseEtaFixedPhaseCoreAllIndex_ne_zero' depends on axioms: [propext,
 Classical.choice,
 Quot.sound]
'Mock2FA.PaperCorrections.AutomorphicSobolev.ExplicitDiscriminantPotential.exists_ne_zero_inverseEtaFixedPhaseCore' depends on axioms: [propext,
 Classical.choice,
 Quot.sound]
'Mock2FA.PaperCorrections.AutomorphicSobolev.FixedPhaseClosedOperators.PhysicalLocalL2.orbitEuclidean_eq_zero_of_ambient_test_pairings' depends on axioms: [propext,
 Classical.choice,
 Quot.sound]
'Mock2FA.PaperCorrections.AutomorphicSobolev.FixedPhaseClosedOperators.physicalRaise_isClosable' depends on axioms: [propext,
 Classical.choice,
 Quot.sound]
'Mock2FA.PaperCorrections.AutomorphicSobolev.FixedPhaseClosedOperators.physicalLowerFromSucc_isClosable' depends on axioms: [propext,
 Classical.choice,
 Quot.sound]
'Mock2FA.PaperCorrections.AutomorphicSobolev.FixedPhaseClosedOperators.physicalJointFromSucc_isClosable' depends on axioms: [propext,
 Classical.choice,
 Quot.sound]
'Mock2FA.PaperCorrections.AutomorphicSobolev.FixedPhaseClosedOperators.closedRaise_isClosed' depends on axioms: [propext,
 Classical.choice,
 Quot.sound]
'Mock2FA.PaperCorrections.AutomorphicSobolev.FixedPhaseClosedOperators.closedLowerFromSucc_isClosed' depends on axioms: [propext,
 Classical.choice,
 Quot.sound]
'Mock2FA.PaperCorrections.AutomorphicSobolev.FixedPhaseClosedOperators.closedJointFromSucc_isClosed' depends on axioms: [propext,
 Classical.choice,
 Quot.sound]
'Mock2FA.PaperCorrections.AutomorphicSobolev.FixedPhaseClosedOperators.all_physical_operators_closable' depends on axioms: [propext,
 Classical.choice,
 Quot.sound]
'Mock2FA.PaperCorrections.AutomorphicSobolev.FixedPhaseClosedOperators.physicalRaise_adjoint_adjoint_eq_closedRaise' depends on axioms: [propext,
 Classical.choice,
 Quot.sound]
'Mock2FA.PaperCorrections.AutomorphicSobolev.FixedPhaseClosedOperators.physicalLowerFromSucc_adjoint_adjoint_eq_closedLowerFromSucc' depends on axioms: [propext,
 Classical.choice,
 Quot.sound]
'Mock2FA.PaperCorrections.AutomorphicSobolev.FixedPhaseClosedOperators.physicalJointFromSucc_adjoint_adjoint_eq_closedJointFromSucc' depends on axioms: [propext,
 Classical.choice,
 Quot.sound]
'Mock2FA.PaperCorrections.AutomorphicSobolev.FixedPhaseClosedOperators.physicalRaise_le_adjoint_adjoint' depends on axioms: [propext,
 Classical.choice,
 Quot.sound]
'Mock2FA.PaperCorrections.AutomorphicSobolev.FixedPhaseClosedOperators.physicalLowerFromSucc_le_adjoint_adjoint' depends on axioms: [propext,
 Classical.choice,
 Quot.sound]
'Mock2FA.PaperCorrections.AutomorphicSobolev.FixedPhaseClosedOperators.physicalJointFromSucc_le_adjoint_adjoint' depends on axioms: [propext,
 Classical.choice,
 Quot.sound]
'Mock2FA.PaperCorrections.AutomorphicSobolev.FixedPhaseClosedOperators.quotientCoordinates_jointlyClosable_of_jointGraph' depends on axioms: [propext,
 Classical.choice,
 Quot.sound]
'Mock2FA.PaperCorrections.AutomorphicSobolev.FixedPhaseClosedOperators.coordinates_jointlyClosable' depends on axioms: [propext,
 Classical.choice,
 Quot.sound]
'Mock2FA.PaperCorrections.AutomorphicSobolev.FixedPhaseClosedOperators.successorGraphUnwrap_image_range_graphExtension_eq_closedJointGraph' depends on axioms: [propext,
 Classical.choice,
 Quot.sound]
'Mock2FA.PaperCorrections.AutomorphicSobolev.GammaTwoQuotientGreenBoundary.closedCarrier_mem_diff_threeCuspTruncation_of_mem_laterHorocycle' depends on axioms: [propext,
 Classical.choice,
 Quot.sound]
'Mock2FA.PaperCorrections.AutomorphicSobolev.GammaTwoQuotientGreenBoundary.HasZeroThreeCuspTail.eventually_selectedHorocycle_fluxIntegral_eq_zero' depends on axioms: [propext,
 Classical.choice,
 Quot.sound]
'Mock2FA.PaperCorrections.AutomorphicSobolev.DefinitionOneSobolev.FixedPhasePeterssonCoordinates.fixedPhaseGreenFlux_hasZeroThreeCuspTail' depends on axioms: [propext,
 Classical.choice,
 Quot.sound]
'Mock2FA.PaperCorrections.AutomorphicSobolev.DefinitionOneSobolev.FixedPhasePeterssonCoordinates.fixedPhaseGreenFlux_eventually_selectedHorocycle_integral_eq_zero' depends on axioms: [propext,
 Classical.choice,
 Quot.sound]
'Mock2FA.PaperCorrections.AutomorphicSobolev.FixedPhaseClosedOperators.physicalRaisingGreenIdentityOnCore' depends on axioms: [propext,
 Classical.choice,
 Quot.sound]
'Mock2FA.PaperCorrections.AutomorphicSobolev.FixedPhaseClosedOperators.physicalLoweringGreenIdentityOnCore' depends on axioms: [propext,
 Classical.choice,
 Quot.sound]
'Mock2FA.PaperCorrections.AutomorphicSobolev.FixedPhaseClosedOperators.physicalGreenHalfAverageOnCore' depends on axioms: [propext,
 Classical.choice,
 Quot.sound]
'Mock2FA.PaperCorrections.AutomorphicSobolev.FixedPhaseClosedOperators.closure_eq_iff_isEssentialGraphCoreFor' depends on axioms: [propext,
 Classical.choice,
 Quot.sound]
'Mock2FA.PaperCorrections.AutomorphicSobolev.FixedPhaseClosedOperators.eq_domRestrict_of_le' depends on axioms: [propext,
 Classical.choice,
 Quot.sound]
'Mock2FA.PaperCorrections.AutomorphicSobolev.FixedPhaseClosedOperators.strongCrossAdjointAt_iff_essentialCores' depends on axioms: [propext,
 Classical.choice,
 Quot.sound]
'Mock2FA.PaperCorrections.AutomorphicSobolev.FixedPhaseClosedOperators.strongCrossAdjointAt_iff_maximalAdjointsHavePhysicalCores' depends on axioms: [propext,
 Classical.choice,
 Quot.sound]
'Mock2FA.PaperCorrections.AutomorphicSobolev.FixedPhaseClosedOperators.strongCrossAdjointAt_iff_reverseInclusions' depends on axioms: [propext,
 Classical.choice,
 Quot.sound]
PrimalitySheafVerification/Mock2_FunctionalAnalysis.lean:28337:25: warning: This simp argument is unused:
  one_mul

Hint: Omit it from the simp argument list.
  [apply] simp only [mul_smul, one_smul]

Note: This linter can be disabled with `set_option linter.unusedSimpArgs false`
PrimalitySheafVerification/Mock2_FunctionalAnalysis.lean:28517:6: warning: 'change
  (∫ w, upperLift f w ∂((volume.restrict (Set.range UpperHalfPlane.coe)).restrict (UpperHalfPlane.coe '' s))) =
    ∫ w, upperLift f w ∂((volume : Measure ℂ).restrict (UpperHalfPlane.coe '' s))' tactic does nothing

Note: This linter can be disabled with `set_option linter.unusedTactic false`
PrimalitySheafVerification/Mock2_FunctionalAnalysis.lean:28560:13: warning: Variable name `hx` is not explicitly referenced.

Hint: The binding can be removed (if unused) or named `_` (if used implicitly). Alternatively, prefix the name with `_` to silence this warning:
  [apply] _hx

Note: This linter can be disabled with `set_option linter.unusedVariables false`
PrimalitySheafVerification/Mock2_FunctionalAnalysis.lean:28577:51: warning: 'ring' tactic does nothing

Note: This linter can be disabled with `set_option linter.unusedTactic false`
PrimalitySheafVerification/Mock2_FunctionalAnalysis.lean:28577:51: warning: this tactic is never executed

Note: This linter can be disabled with `set_option linter.unreachableTactic false`
PrimalitySheafVerification/Mock2_FunctionalAnalysis.lean:28644:22: warning: `Set.mem_setOf_eq` has been deprecated: Use `Set.mem_ofPred_eq` instead
PrimalitySheafVerification/Mock2_FunctionalAnalysis.lean:28759:31: warning: This simp argument is unused:
  pow_two

Hint: Omit it from the simp argument list.
  [apply] simp only [Complex.normSq_apply, UpperHalfPlane.coe_re, UpperHalfPlane.coe_im] at hnorm

Note: This linter can be disabled with `set_option linter.unusedSimpArgs false`
Try this:
  [apply] ring_nf
  
  The `ring` tactic failed to close the goal. Use `ring_nf` to obtain a normal form.
    
  Note that `ring` works primarily in *commutative* rings. If you have a noncommutative ring, abelian group or module, consider using `noncomm_ring`, `abel` or `module` instead.
PrimalitySheafVerification/Mock2_FunctionalAnalysis.lean:28869:14: warning: This simp argument is unused:
  curvedTileRectangleMap

Hint: Omit it from the simp argument list.
  [apply] simp [curvedTileJacobian, smul_smul, add_comm, mul_comm, mul_left_comm, mul_assoc]

Note: This linter can be disabled with `set_option linter.unusedSimpArgs false`
PrimalitySheafVerification/Mock2_FunctionalAnalysis.lean:28870:27: warning: This simp argument is unused:
  mul_comm

Hint: Omit it from the simp argument list.
  [apply] simp [curvedTileRectangleMap, curvedTileJacobian, smul_smul, add_comm, mul_left_comm, mul_assoc]

Note: This linter can be disabled with `set_option linter.unusedSimpArgs false`
PrimalitySheafVerification/Mock2_FunctionalAnalysis.lean:28870:37: warning: This simp argument is unused:
  mul_left_comm

Hint: Omit it from the simp argument list.
  [apply] simp [curvedTileRectangleMap, curvedTileJacobian, smul_smul, add_comm, mul_comm, mul_assoc]

Note: This linter can be disabled with `set_option linter.unusedSimpArgs false`
PrimalitySheafVerification/Mock2_FunctionalAnalysis.lean:28870:52: warning: This simp argument is unused:
  mul_assoc

Hint: Omit it from the simp argument list.
  [apply] simp [curvedTileRectangleMap, curvedTileJacobian, smul_smul, add_comm, mul_comm, mul_left_comm]

Note: This linter can be disabled with `set_option linter.unusedSimpArgs false`
PrimalitySheafVerification/Mock2_FunctionalAnalysis.lean:28871:13: warning: Used `tac1 <;> tac2` where `(tac1; tac2)` would suffice

Note: This linter can be disabled with `set_option linter.unnecessarySeqFocus false`
PrimalitySheafVerification/Mock2_FunctionalAnalysis.lean:28909:4: warning: 'simp [curvedTileRectangleMap, curvedTileJacobian, Function.comp_apply, sub_eq_add_neg]' tactic does nothing

Note: This linter can be disabled with `set_option linter.unusedTactic false`
PrimalitySheafVerification/Mock2_FunctionalAnalysis.lean:28909:4: warning: this tactic is never executed

Note: This linter can be disabled with `set_option linter.unreachableTactic false`
PrimalitySheafVerification/Mock2_FunctionalAnalysis.lean:28930:10: warning: This simp argument is unused:
  curvedTileJacobian

Hint: Omit it from the simp argument list.
  [apply] simp [sub_eq_add_neg]

Note: This linter can be disabled with `set_option linter.unusedSimpArgs false`
PrimalitySheafVerification/Mock2_FunctionalAnalysis.lean:28929:49: warning: Used `tac1 <;> tac2` where `(tac1; tac2)` would suffice

Note: This linter can be disabled with `set_option linter.unnecessarySeqFocus false`
PrimalitySheafVerification/Mock2_FunctionalAnalysis.lean:29264:4: warning: 'simp [curvedTilePiolaX, Complex.real_smul, Function.comp_apply, sub_eq_add_neg]' tactic does nothing

Note: This linter can be disabled with `set_option linter.unusedTactic false`
PrimalitySheafVerification/Mock2_FunctionalAnalysis.lean:29266:4: warning: 'ring' tactic does nothing

Note: This linter can be disabled with `set_option linter.unusedTactic false`
PrimalitySheafVerification/Mock2_FunctionalAnalysis.lean:29264:4: warning: this tactic is never executed

Note: This linter can be disabled with `set_option linter.unreachableTactic false`
PrimalitySheafVerification/Mock2_FunctionalAnalysis.lean:29266:4: warning: this tactic is never executed

Note: This linter can be disabled with `set_option linter.unreachableTactic false`
PrimalitySheafVerification/Mock2_FunctionalAnalysis.lean:29296:10: warning: This simp argument is unused:
  curvedTilePiolaY

Hint: Omit it from the simp argument list.
  [apply] simp [Function.comp_apply, Complex.real_smul, sub_eq_add_neg]

Note: This linter can be disabled with `set_option linter.unusedSimpArgs false`
PrimalitySheafVerification/Mock2_FunctionalAnalysis.lean:29297:6: warning: This simp argument is unused:
  Complex.real_smul

Hint: Omit it from the simp argument list.
  [apply] simp [curvedTilePiolaY, Function.comp_apply, sub_eq_add_neg]

Note: This linter can be disabled with `set_option linter.unusedSimpArgs false`
PrimalitySheafVerification/Mock2_FunctionalAnalysis.lean:29295:21: warning: Used `tac1 <;> tac2` where `(tac1; tac2)` would suffice

Note: This linter can be disabled with `set_option linter.unnecessarySeqFocus false`
PrimalitySheafVerification/Mock2_FunctionalAnalysis.lean:29297:41: warning: Used `tac1 <;> tac2` where `(tac1; tac2)` would suffice

Note: This linter can be disabled with `set_option linter.unnecessarySeqFocus false`
PrimalitySheafVerification/Mock2_FunctionalAnalysis.lean:29316:4: warning: 'simp [curvedTilePiolaX, curvedTileJacobian, Function.comp_apply, sub_eq_add_neg]' tactic does nothing

Note: This linter can be disabled with `set_option linter.unusedTactic false`
PrimalitySheafVerification/Mock2_FunctionalAnalysis.lean:29316:4: warning: this tactic is never executed

Note: This linter can be disabled with `set_option linter.unreachableTactic false`
PrimalitySheafVerification/Mock2_FunctionalAnalysis.lean:29344:4: warning: 'simp [curvedTilePiolaY, Function.comp_apply, Complex.real_smul, sub_eq_add_neg]' tactic does nothing

Note: This linter can be disabled with `set_option linter.unusedTactic false`
PrimalitySheafVerification/Mock2_FunctionalAnalysis.lean:29344:4: warning: this tactic is never executed

Note: This linter can be disabled with `set_option linter.unreachableTactic false`
PrimalitySheafVerification/Mock2_FunctionalAnalysis.lean:29386:10: warning: 'simp [Function.comp_apply]' tactic does nothing

Note: This linter can be disabled with `set_option linter.unusedTactic false`
PrimalitySheafVerification/Mock2_FunctionalAnalysis.lean:29397:10: warning: 'simp [Function.comp_apply]' tactic does nothing

Note: This linter can be disabled with `set_option linter.unusedTactic false`
PrimalitySheafVerification/Mock2_FunctionalAnalysis.lean:29386:10: warning: this tactic is never executed

Note: This linter can be disabled with `set_option linter.unreachableTactic false`
PrimalitySheafVerification/Mock2_FunctionalAnalysis.lean:29397:10: warning: this tactic is never executed

Note: This linter can be disabled with `set_option linter.unreachableTactic false`
PrimalitySheafVerification/Mock2_FunctionalAnalysis.lean:29522:6: warning: try 'simp' instead of 'simpa'

Note: This linter can be disabled with `set_option linter.unnecessarySimpa false`
Try this:
  [apply] ring_nf
  
  The `ring` tactic failed to close the goal. Use `ring_nf` to obtain a normal form.
    
  Note that `ring` works primarily in *commutative* rings. If you have a noncommutative ring, abelian group or module, consider using `noncomm_ring`, `abel` or `module` instead.
'Mock2FA.PaperCorrections.AutomorphicSobolev.GammaTwoCurvilinearTileStokes.setIntegral_heightSq_mul_hyperbolic_eq_complexImage' depends on axioms: [propext,
 Classical.choice,
 Quot.sound]
'Mock2FA.PaperCorrections.AutomorphicSobolev.GammaTwoCurvilinearTileStokes.integral_modularCurvedTileTruncation_eq_rectangle' depends on axioms: [propext,
 Classical.choice,
 Quot.sound]
'Mock2FA.PaperCorrections.AutomorphicSobolev.GammaTwoCurvilinearTileStokes.integrableOn_heightSq_modularClosedTile_iff_rectangle' depends on axioms: [propext,
 Classical.choice,
 Quot.sound]
'Mock2FA.PaperCorrections.AutomorphicSobolev.GammaTwoCurvilinearTileStokes.integral_rectangle_piola_divergence_eq_boundary' depends on axioms: [propext,
 Classical.choice,
 Quot.sound]
'Mock2FA.PaperCorrections.AutomorphicSobolev.GammaTwoCurvilinearTileStokes.curvedTilePiolaBoundaryIntegral_eq_baseModular' depends on axioms: [propext,
 Classical.choice,
 Quot.sound]
'Mock2FA.PaperCorrections.AutomorphicSobolev.GammaTwoCurvilinearTileStokes.setIntegral_heightSq_divergence_modularClosedTile_eq_boundary' depends on axioms: [propext,
 Classical.choice,
 Quot.sound]
PrimalitySheafVerification/Mock2_FunctionalAnalysis.lean:30036:53: warning: This simp argument is unused:
  hdet

Hint: Omit it from the simp argument list.
  [apply] simp [UpperHalfPlane.smulFDeriv, UpperHalfPlane.σ, selectedCosetDerivative, selectedCosetDenom,
    selectedCosetGL_det, smul_eq_mul]

Note: This linter can be disabled with `set_option linter.unusedSimpArgs false`
PrimalitySheafVerification/Mock2_FunctionalAnalysis.lean:30056:2: warning: Try this: 
  letI̵

The goal is a proposition, so `let` is preferred over `letI`.
The difference between `let` and `letI` is that `letI` inlines the value.
But this is not relevant for proofs because of proof irrelevance.

Note: This linter can be disabled with `set_option linter.style.haveILetI false`
PrimalitySheafVerification/Mock2_FunctionalAnalysis.lean:30074:2: warning: Try this: 
  letI̵

The goal is a proposition, so `let` is preferred over `letI`.
The difference between `let` and `letI` is that `letI` inlines the value.
But this is not relevant for proofs because of proof irrelevance.

Note: This linter can be disabled with `set_option linter.style.haveILetI false`
PrimalitySheafVerification/Mock2_FunctionalAnalysis.lean:30089:41: warning: This simp argument is unused:
  Function.comp_def

Hint: Omit it from the simp argument list.
  [apply] simp [upperLift, selectedCosetDenom, UpperHalfPlane.ofComplex_apply_of_im_pos hw]

Note: This linter can be disabled with `set_option linter.unusedSimpArgs false`
PrimalitySheafVerification/Mock2_FunctionalAnalysis.lean:30133:12: warning: This simp argument is unused:
  Function.comp_apply

Hint: Omit it from the simp argument list.
  [apply] simp [mul_comm, mul_left_comm, mul_assoc]

Note: This linter can be disabled with `set_option linter.unusedSimpArgs false`
PrimalitySheafVerification/Mock2_FunctionalAnalysis.lean:30133:43: warning: This simp argument is unused:
  mul_left_comm

Hint: Omit it from the simp argument list.
  [apply] simp [Function.comp_apply, mul_comm, mul_assoc]

Note: This linter can be disabled with `set_option linter.unusedSimpArgs false`
PrimalitySheafVerification/Mock2_FunctionalAnalysis.lean:30141:6: warning: This simp argument is unused:
  Function.comp_def

Hint: Omit it from the simp argument list.
  [apply] simp [upperLift, selectedCosetDerivative, selectedCosetDenom, UpperHalfPlane.ofComplex_apply_of_im_pos hw,
    zpow_neg, one_div]

Note: This linter can be disabled with `set_option linter.unusedSimpArgs false`
PrimalitySheafVerification/Mock2_FunctionalAnalysis.lean:30132:65: warning: Used `tac1 <;> tac2` where `(tac1; tac2)` would suffice

Note: This linter can be disabled with `set_option linter.unnecessarySeqFocus false`
PrimalitySheafVerification/Mock2_FunctionalAnalysis.lean:30386:37: warning: This simp argument is unused:
  sub_zero

Hint: Omit it from the simp argument list.
  [apply] simp only [Complex.mul_re, Complex.mul_im, Complex.I_re, Complex.I_im, mul_zero, mul_one, zero_mul, add_zero]

Note: This linter can be disabled with `set_option linter.unusedSimpArgs false`
PrimalitySheafVerification/Mock2_FunctionalAnalysis.lean:30386:47: warning: This simp argument is unused:
  zero_mul

Hint: Omit it from the simp argument list.
  [apply] simp only [Complex.mul_re, Complex.mul_im, Complex.I_re, Complex.I_im, mul_zero, mul_one, sub_zero, add_zero]

Note: This linter can be disabled with `set_option linter.unusedSimpArgs false`
Try this:
  [apply] ring_nf
  
  The `ring` tactic failed to close the goal. Use `ring_nf` to obtain a normal form.
    
  Note that `ring` works primarily in *commutative* rings. If you have a noncommutative ring, abelian group or module, consider using `noncomm_ring`, `abel` or `module` instead.
PrimalitySheafVerification/Mock2_FunctionalAnalysis.lean:30472:6: warning: 'ring' tactic does nothing

Note: This linter can be disabled with `set_option linter.unusedTactic false`
PrimalitySheafVerification/Mock2_FunctionalAnalysis.lean:30472:6: warning: this tactic is never executed

Note: This linter can be disabled with `set_option linter.unreachableTactic false`
PrimalitySheafVerification/Mock2_FunctionalAnalysis.lean:30563:2: warning: try 'simp' instead of 'simpa'

Note: This linter can be disabled with `set_option linter.unnecessarySimpa false`
'Mock2FA.PaperCorrections.AutomorphicSobolev.GammaTwoMoebiusPiola.selectedCoset_smulFDeriv_apply' depends on axioms: [propext,
 Classical.choice,
 Quot.sound]
'Mock2FA.PaperCorrections.AutomorphicSobolev.GammaTwoMoebiusPiola.selectedCosetAmbientMap_hasStrictFDerivAt' depends on axioms: [propext,
 Classical.choice,
 Quot.sound]
'Mock2FA.PaperCorrections.AutomorphicSobolev.GammaTwoMoebiusPiola.selectedCosetPiola_fluxOneFormValue' depends on axioms: [propext,
 Classical.choice,
 Quot.sound]
'Mock2FA.PaperCorrections.AutomorphicSobolev.GammaTwoMoebiusPiola.selectedCosetPiolaX_realSmooth' depends on axioms: [propext,
 Classical.choice,
 Quot.sound]
'Mock2FA.PaperCorrections.AutomorphicSobolev.GammaTwoMoebiusPiola.selectedCosetPiolaY_realSmooth' depends on axioms: [propext,
 Classical.choice,
 Quot.sound]
'Mock2FA.PaperCorrections.AutomorphicSobolev.GammaTwoMoebiusPiola.divergence_selectedCosetPiola' depends on axioms: [propext,
 Classical.choice,
 Quot.sound]
'Mock2FA.PaperCorrections.AutomorphicSobolev.GammaTwoMoebiusPiola.integral_complexImage_selectedCoset_smul_eq_jacobian' depends on axioms: [propext,
 Classical.choice,
 Quot.sound]
'Mock2FA.PaperCorrections.AutomorphicSobolev.GammaTwoMoebiusPiola.integral_divergence_selectedHalfOpenTile_eq_piola' depends on axioms: [propext,
 Classical.choice,
 Quot.sound]
'Mock2FA.PaperCorrections.AutomorphicSobolev.GammaTwoMoebiusPiola.integral_heightSq_divergence_selectedHalfOpenTile_eq_basePiola' depends on axioms: [propext,
 Classical.choice,
 Quot.sound]
PrimalitySheafVerification/Mock2_FunctionalAnalysis.lean:31162:4: warning: try 'simp' instead of 'simpa'

Note: This linter can be disabled with `set_option linter.unnecessarySimpa false`
'Mock2FA.PaperCorrections.AutomorphicSobolev.GammaTwoOrientedBoundaryIntegral.fluxOneFormCLM_apply' depends on axioms: [propext,
 Classical.choice,
 Quot.sound]
'Mock2FA.PaperCorrections.AutomorphicSobolev.GammaTwoOrientedBoundaryIntegral.upperFluxCurveIntegral_symm' depends on axioms: [propext,
 Classical.choice,
 Quot.sound]
'Mock2FA.PaperCorrections.AutomorphicSobolev.GammaTwoOrientedBoundaryIntegral.upperFluxCurveIntegral_trans' depends on axioms: [propext,
 Classical.choice,
 Quot.sound]
'Mock2FA.PaperCorrections.AutomorphicSobolev.GammaTwoOrientedBoundaryIntegral.orientedFluxParameterIntegral_gammaTwo' depends on axioms: [propext,
 Classical.choice,
 Quot.sound]
'Mock2FA.PaperCorrections.AutomorphicSobolev.GammaTwoOrientedBoundaryIntegral.orientedFluxSetIntegral_diff_finite' depends on axioms: [propext,
 Classical.choice,
 Quot.sound]
'Mock2FA.PaperCorrections.AutomorphicSobolev.GammaTwoOrientedBoundaryIntegral.modularCircularArc_velocityDenominator_ne_zero' depends on axioms: [propext,
 Classical.choice,
 Quot.sound]
'Mock2FA.PaperCorrections.AutomorphicSobolev.GammaTwoOrientedBoundaryIntegral.modularCircularArc_flux_formula' depends on axioms: [propext,
 Classical.choice,
 Quot.sound]
'Mock2FA.PaperCorrections.AutomorphicSobolev.GammaTwoOrientedBoundaryIntegral.baseHorocycle_fluxIntegral_formula' depends on axioms: [propext,
 Classical.choice,
 Quot.sound]
'Mock2FA.PaperCorrections.AutomorphicSobolev.GammaTwoOrientedBoundaryIntegral.invariantFlux_actualPairedEdge_integral_cancel' depends on axioms: [propext,
 Classical.choice,
 Quot.sound]
'Mock2FA.PaperCorrections.AutomorphicSobolev.GammaTwoOrientedBoundaryIntegral.ComplexBoundaryChain.append_reverse_fluxIntegral_eq_zero' depends on axioms: [propext,
 Classical.choice,
 Quot.sound]
'Mock2FA.PaperCorrections.AutomorphicSobolev.GammaTwoOrientedBoundaryIntegral.rectangle_flux_stokes' depends on axioms: [propext,
 Classical.choice,
 Quot.sound]
'Mock2FA.PaperCorrections.AutomorphicSobolev.FixedPhaseEssentialCoreAudit.isEssentialGraphCoreFor_iff_hasSequentialGraphCore' depends on axioms: [propext,
 Classical.choice,
 Quot.sound]
'Mock2FA.PaperCorrections.AutomorphicSobolev.FixedPhaseEssentialCoreAudit.raisingEssentialAdjointCoreAt_iff_sequentialApproximation' depends on axioms: [propext,
 Classical.choice,
 Quot.sound]
'Mock2FA.PaperCorrections.AutomorphicSobolev.FixedPhaseEssentialCoreAudit.loweringEssentialAdjointCoreAt_iff_sequentialApproximation' depends on axioms: [propext,
 Classical.choice,
 Quot.sound]
'Mock2FA.PaperCorrections.AutomorphicSobolev.FixedPhaseEssentialCoreAudit.strongCrossAdjointAt_iff_sequentialApproximations' depends on axioms: [propext,
 Classical.choice,
 Quot.sound]
PrimalitySheafVerification/Mock2_FunctionalAnalysis.lean:31666:57: warning: This simp argument is unused:
  zero_mul

Hint: Omit it from the simp argument list.
  [apply] simp only [Complex.add_re, Complex.add_im, Complex.ofReal_re, Complex.ofReal_im, Complex.mul_re,
    Complex.mul_im, Complex.I_re, Complex.I_im, mul_zero, mul_one, sub_zero, add_zero, zero_add]

Note: This linter can be disabled with `set_option linter.unusedSimpArgs false`
PrimalitySheafVerification/Mock2_FunctionalAnalysis.lean:31696:2: warning: try 'simp' instead of 'simpa'

Note: This linter can be disabled with `set_option linter.unnecessarySimpa false`
PrimalitySheafVerification/Mock2_FunctionalAnalysis.lean:31725:2: error: Type mismatch: After simplification, term
  hcomp
 has type
  @HasDerivAt ℝ DenselyNormedField.toNontriviallyNormedField ℂ Complex.instNormedAddCommGroup.toAddCommGroup
    instInnerProductSpaceRealComplex.toModule PseudoMetricSpace.toUniformSpace.toTopologicalSpace ⋯
    (fun x => selectedCosetAmbientMap e.1 (modularTileEdgeAmbientParam e.2 x))
    ((UpperHalfPlane.smulFDeriv (selectedCosetGL e.1) ↑(modularTileEdgeParam e.2 t)) (modularTileEdgeVelocity e.2 t)) ↑t
but is expected to have type
  @HasDerivAt ℝ DenselyNormedField.toNontriviallyNormedField ℂ Complex.instNormedAddCommGroup.toAddCommGroup
    instInnerProductSpaceRealComplex.toModule PseudoMetricSpace.toUniformSpace.toTopologicalSpace ⋯
    (actualEdgeAmbientParam e)
    ((UpperHalfPlane.smulFDeriv (selectedCosetGL e.1) ↑(modularTileEdgeParam e.2 t)) (modularTileEdgeVelocity e.2 t)) ↑t
PrimalitySheafVerification/Mock2_FunctionalAnalysis.lean:32006:6: warning: try 'simp' instead of 'simpa'

Note: This linter can be disabled with `set_option linter.unnecessarySimpa false`
PrimalitySheafVerification/Mock2_FunctionalAnalysis.lean:32035:8: error: Application type mismatch: The argument
  GammaTwoActualPolygonEdge.paired
has type
  GammaTwoActualPolygonEdge → GammaTwoActualPolygonEdge
but is expected to have type
  GammaTwoActualPolygonEdge
in the application
  nativeActualEdgeFluxIntegral T X Y GammaTwoActualPolygonEdge.paired
PrimalitySheafVerification/Mock2_FunctionalAnalysis.lean:32041:8: error: Application type mismatch: The argument
  GammaTwoActualPolygonEdge.paired
has type
  GammaTwoActualPolygonEdge → GammaTwoActualPolygonEdge
but is expected to have type
  GammaTwoActualPolygonEdge
in the application
  nativeActualEdgeFluxIntegrand X Y GammaTwoActualPolygonEdge.paired
PrimalitySheafVerification/Mock2_FunctionalAnalysis.lean:32079:8: error: Application type mismatch: The argument
  GammaTwoActualPolygonEdge.paired
has type
  GammaTwoActualPolygonEdge → GammaTwoActualPolygonEdge
but is expected to have type
  GammaTwoActualPolygonEdge
in the application
  nativeActualEdgeFluxIntegral T X Y GammaTwoActualPolygonEdge.paired
PrimalitySheafVerification/Mock2_FunctionalAnalysis.lean:32084:6: error: Application type mismatch: The argument
  GammaTwoActualPolygonEdge.paired
has type
  GammaTwoActualPolygonEdge → GammaTwoActualPolygonEdge
but is expected to have type
  GammaTwoActualPolygonEdge
in the application
  nativeActualEdgeFluxIntegrand X Y GammaTwoActualPolygonEdge.paired
PrimalitySheafVerification/Mock2_FunctionalAnalysis.lean:32104:8: error: Application type mismatch: The argument
  GammaTwoActualPolygonEdge.paired
has type
  GammaTwoActualPolygonEdge → GammaTwoActualPolygonEdge
but is expected to have type
  GammaTwoActualPolygonEdge
in the application
  nativeActualEdgeFluxIntegral T X Y GammaTwoActualPolygonEdge.paired
PrimalitySheafVerification/Mock2_FunctionalAnalysis.lean:32109:6: error: Application type mismatch: The argument
  GammaTwoActualPolygonEdge.paired
has type
  GammaTwoActualPolygonEdge → GammaTwoActualPolygonEdge
but is expected to have type
  GammaTwoActualPolygonEdge
in the application
  nativeActualEdgeFluxIntegrand X Y GammaTwoActualPolygonEdge.paired
PrimalitySheafVerification/Mock2_FunctionalAnalysis.lean:32125:8: warning: declaration uses `sorry`
PrimalitySheafVerification/Mock2_FunctionalAnalysis.lean:32126:38: warning: Variable name `hInv` is not explicitly referenced.

Hint: The binding can be removed (if unused) or named `_` (if used implicitly). Alternatively, prefix the name with `_` to silence this warning:
  [apply] _hInv

Note: This linter can be disabled with `set_option linter.unusedVariables false`
PrimalitySheafVerification/Mock2_FunctionalAnalysis.lean:32127:16: warning: Variable name `hT` is not explicitly referenced.

Hint: The binding can be removed (if unused) or named `_` (if used implicitly). Alternatively, prefix the name with `_` to silence this warning:
  [apply] _hT

Note: This linter can be disabled with `set_option linter.unusedVariables false`
PrimalitySheafVerification/Mock2_FunctionalAnalysis.lean:32380:50: error: unsolved goals
T : ℝ
hT : 0 ≤ T
X Y : ℍ → ℂ
q : GammaTwoRightCoset
⊢ -(1 * ∫ (s : ℝ) in 0..T, realProdLift (selectedCosetPiolaX q X Y) (-(1 / 2), modularVertexHeight + s)) =
    -∫ (s : ℝ) in 0..T, realProdLift (selectedCosetPiolaX q X Y) (-(1 / 2), modularVertexHeight + s)
'Mock2FA.PaperCorrections.AutomorphicSobolev.GammaTwoNativeEdgeCancellation.modularCircularArcAmbient_hasDerivAt' depends on axioms: [propext,
 Classical.choice,
 Quot.sound]
'Mock2FA.PaperCorrections.AutomorphicSobolev.GammaTwoNativeEdgeCancellation.modularTileEdgeAmbientParam_hasDerivAt' depends on axioms: [propext,
 Classical.choice,
 Quot.sound]
'Mock2FA.PaperCorrections.AutomorphicSobolev.GammaTwoNativeEdgeCancellation.actualEdgeAmbientParam_hasDerivAt' depends on axioms: [propext,
 sorryAx,
 Classical.choice,
 Quot.sound]
'Mock2FA.PaperCorrections.AutomorphicSobolev.GammaTwoNativeEdgeCancellation.parameterSign_mul_nativePairedTangent_eq_transport' depends on axioms: [propext,
 sorryAx,
 Classical.choice,
 Quot.sound]
'Mock2FA.PaperCorrections.AutomorphicSobolev.GammaTwoNativeEdgeCancellation.invariantFlux_nativePaired_parameterSign' depends on axioms: [propext,
 sorryAx,
 Classical.choice,
 Quot.sound]
'Mock2FA.PaperCorrections.AutomorphicSobolev.GammaTwoNativeEdgeCancellation.nativeActualEdgeFluxIntegral_paired' depends on axioms: [propext,
 sorryAx,
 Classical.choice,
 Quot.sound]
'Mock2FA.PaperCorrections.AutomorphicSobolev.GammaTwoNativeEdgeCancellation.nativeOrientedActualEdgeContribution_paired_eq_neg' depends on axioms: [propext,
 sorryAx,
 Classical.choice,
 Quot.sound]
'Mock2FA.PaperCorrections.AutomorphicSobolev.GammaTwoNativeEdgeCancellation.sum_nativeOrientedActualEdgeContribution_eq_zero' depends on axioms: [propext,
 sorryAx,
 Classical.choice,
 Quot.sound]
'Mock2FA.PaperCorrections.AutomorphicSobolev.GammaTwoNativeEdgeCancellation.sum_baseModularTruncationBoundaryFlux_selectedPiola_eq_top_add_native' depends on axioms: [propext,
 sorryAx,
 Classical.choice,
 Quot.sound]
'Mock2FA.PaperCorrections.AutomorphicSobolev.GammaTwoNativeEdgeCancellation.sum_baseModularTruncationBoundaryFlux_selectedPiola_eq_native_of_top_zero' depends on axioms: [propext,
 sorryAx,
 Classical.choice,
 Quot.sound]
'Mock2FA.PaperCorrections.AutomorphicSobolev.GammaTwoNativeEdgeCancellation.sum_baseModularTruncationBoundaryFlux_selectedPiola_eq_zero' depends on axioms: [propext,
 sorryAx,
 Classical.choice,
 Quot.sound]
PrimalitySheafVerification/Mock2_FunctionalAnalysis.lean:32590:5: error(lean.synthInstanceFailed): failed to synthesize instance of type class
  MeasurableConstSMul SL(2, ℤ) ℍ

Hint: Type class instance resolution failures can be inspected with the `set_option trace.Meta.synthInstance true` command.
PrimalitySheafVerification/Mock2_FunctionalAnalysis.lean:32747:12: warning: `MeasureTheory.setIntegral_eq_of_subset_of_forall_diff_eq_zero` has been deprecated: Use `MeasureTheory.setIntegral_eq_of_subset_of_forall_sdiff_eq_zero` instead
PrimalitySheafVerification/Mock2_FunctionalAnalysis.lean:32754:42: error: Type mismatch
  le_of_not_gt ?m.135
has type
  ?m.133 ≤ ?m.134
but is expected to have type
  z ∈ {w | w.im ≤ H}
PrimalitySheafVerification/Mock2_FunctionalAnalysis.lean:32922:12: warning: This simp argument is unused:
  orientedFluxParameterIntegral

Hint: Omit it from the simp argument list.
  [apply] simp [fluxOneFormValue, hPiola.1, hPiola.2]

Note: This linter can be disabled with `set_option linter.unusedSimpArgs false`
PrimalitySheafVerification/Mock2_FunctionalAnalysis.lean:32954:12: warning: This simp argument is unused:
  orientedFluxParameterIntegral

Hint: Omit it from the simp argument list.
  [apply] simp [fluxOneFormValue, hFields.1, hFields.2]

Note: This linter can be disabled with `set_option linter.unusedSimpArgs false`
'Mock2FA.PaperCorrections.AutomorphicSobolev.GammaTwoGlobalStokesBridge.modularHalfOpenTile_ae_eq_fdo' depends on axioms: [propext,
 Classical.choice,
 Quot.sound]
'Mock2FA.PaperCorrections.AutomorphicSobolev.GammaTwoGlobalStokesBridge.selectedHalfOpenTile_ae_eq_openTile' depends on axioms: [propext,
 sorryAx,
 Classical.choice,
 Quot.sound]
'Mock2FA.PaperCorrections.AutomorphicSobolev.GammaTwoGlobalStokesBridge.HasZeroThreeCuspTail.exists_commonBaseHeight_zero' depends on axioms: [propext,
 Classical.choice,
 Quot.sound]
'Mock2FA.PaperCorrections.AutomorphicSobolev.GammaTwoGlobalStokesBridge.selectedCosetPiola_divergence_eq_zero_on_modularOpenHighTail' depends on axioms: [propext,
 Classical.choice,
 Quot.sound]
'Mock2FA.PaperCorrections.AutomorphicSobolev.GammaTwoGlobalStokesBridge.integral_selectedPiola_full_eq_closedTruncation' depends on axioms: [propext,
 sorryAx,
 Classical.choice,
 Quot.sound]
'Mock2FA.PaperCorrections.AutomorphicSobolev.GammaTwoGlobalStokesBridge.selectedActualTopHorocycle_fluxIntegral_eq_zero' depends on axioms: [propext,
 Classical.choice,
 Quot.sound]
'Mock2FA.PaperCorrections.AutomorphicSobolev.GammaTwoGlobalStokesBridge.HasZeroThreeCuspTail.exists_commonPiolaTruncation_and_top_zero' depends on axioms: [propext,
 sorryAx,
 Classical.choice,
 Quot.sound]
PrimalitySheafVerification/Mock2_FunctionalAnalysis.lean:33063:4: error(lean.synthInstanceFailed): failed to synthesize instance of type class
  MeasurableConstSMul SL(2, ℤ) ℍ

Hint: Type class instance resolution failures can be inspected with the `set_option trace.Meta.synthInstance true` command.
'Mock2FA.PaperCorrections.AutomorphicSobolev.GammaTwoGlobalStokesCompositionSupport.integrableOn_heightSq_divergence_selectedHalfOpenTile_iff_basePiola' depends on axioms: [propext,
 sorryAx,
 Classical.choice,
 Quot.sound]
'Mock2FA.PaperCorrections.AutomorphicSobolev.GammaTwoGlobalStokesCompositionSupport.integrableOn_selectedPiola_closedTruncation_of_chosenCarrier' depends on axioms: [propext,
 sorryAx,
 Classical.choice,
 Quot.sound]
'Mock2FA.PaperCorrections.AutomorphicSobolev.GammaTwoGlobalStokesCompositionSupport.integral_chosenCarrier_eq_sum_PiolaBoundary_of_commonHeight' depends on axioms: [propext,
 sorryAx,
 Classical.choice,
 Quot.sound]
'Mock2FA.PaperCorrections.AutomorphicSobolev.gammaTwoPairedPolygonFluxStokes' depends on axioms: [propext,
 sorryAx,
 Classical.choice,
 Quot.sound]
'Mock2FA.PaperCorrections.AutomorphicSobolev.gammaTwoCompactFluxStokes' depends on axioms: [propext,
 sorryAx,
 Classical.choice,
 Quot.sound]
'Mock2FA.PaperCorrections.AutomorphicSobolev.FixedPhaseClosedOperators.greenBoundaryDefect_eq_zero_unconditional' depends on axioms: [propext,
 sorryAx,
 Classical.choice,
 Quot.sound]
'Mock2FA.PaperCorrections.AutomorphicSobolev.FixedPhaseClosedOperators.physicalGreenIdentity_unconditional' depends on axioms: [propext,
 sorryAx,
 Classical.choice,
 Quot.sound]
'Mock2FA.PaperCorrections.AutomorphicSobolev.FixedPhaseClosedOperators.physicalRaisingGreenIdentityOnCore_unconditional' depends on axioms: [propext,
 sorryAx,
 Classical.choice,
 Quot.sound]
'Mock2FA.PaperCorrections.AutomorphicSobolev.FixedPhaseClosedOperators.physicalGreenHalfAverageOnCore_unconditional' depends on axioms: [propext,
 sorryAx,
 Classical.choice,
 Quot.sound]
'Mock2FA.PaperCorrections.AutomorphicSobolev.FixedPhaseClosedOperators.physicalRaise_isFormalAdjoint_negativeLower_unconditional' depends on axioms: [propext,
 sorryAx,
 Classical.choice,
 Quot.sound]
'Mock2FA.PaperCorrections.AutomorphicSobolev.FixedPhaseClosedOperators.graphSobolevGreenDefect_eq_zero_unconditional' depends on axioms: [propext,
 sorryAx,
 Classical.choice,
 Quot.sound]
'Mock2FA.PaperCorrections.AutomorphicSobolev.FixedPhaseClosedOperators.graphSobolev_raising_lowering_identity_unconditional' depends on axioms: [propext,
 sorryAx,
 Classical.choice,
 Quot.sound]
PrimalitySheafVerification/Mock2_FunctionalAnalysis.lean:33552:4: error: Type mismatch
  Continuous.subtype_mk hcomplex ?m.80
has type
  Continuous fun x => ⟨↑x + ↑(gammaTwoCuspLevel Y) * Complex.I, ⋯⟩
but is expected to have type
  Continuous fun t => { coe := ↑t + ↑(gammaTwoCuspLevel Y) * Complex.I, coe_im_pos := ⋯ }
PrimalitySheafVerification/Mock2_FunctionalAnalysis.lean:33558:6: error: Tactic `apply` failed: could not unify the conclusion of `@Subtype.ext`
  ?a1 = ?a2
with the goal
  { coe := ↑t + ↑(gammaTwoCuspLevel Y) * Complex.I, coe_im_pos := ⋯ } =
    { coe := { re := t, im := gammaTwoCuspLevel Y }, coe_im_pos := ⋯ }

Note: The full type of `@Subtype.ext` is
  ∀ {α : Sort ?u.53} {p : α → Prop} {a1 a2 : { x // p x }}, ↑a1 = ↑a2 → a1 = a2

q : GammaTwoRightCoset
Y : ℝ
hcomplex : Continuous fun t => ↑t + ↑(gammaTwoCuspLevel Y) * Complex.I
hbase' : Continuous fun t => { coe := ↑t + ↑(gammaTwoCuspLevel Y) * Complex.I, coe_im_pos := ⋯ }
t : ℝ
⊢ { coe := ↑t + ↑(gammaTwoCuspLevel Y) * Complex.I, coe_im_pos := ⋯ } =
    { coe := { re := t, im := gammaTwoCuspLevel Y }, coe_im_pos := ⋯ }
Try this:
  [apply] ring_nf
  
  The `ring` tactic failed to close the goal. Use `ring_nf` to obtain a normal form.
    
  Note that `ring` works primarily in *commutative* rings. If you have a noncommutative ring, abelian group or module, consider using `noncomm_ring`, `abel` or `module` instead.
PrimalitySheafVerification/Mock2_FunctionalAnalysis.lean:33624:57: error: unsolved goals
n : ℤ
q : GammaTwoRightCoset
Y : ℝ
u v : InverseEtaFixedPhaseCore n
t : ℝ
⊢ ↑(selectedCuspTraceWeight n q Y t) * ↑↑u.toSmoothQuotientCompactFunction (gammaTwoSelectedHorocycleParam q Y t) +
      ↑(selectedCuspTraceWeight n q Y t) * ↑↑v.toSmoothQuotientCompactFunction (gammaTwoSelectedHorocycleParam q Y t) =
    (selectedCuspRestrictionRepresentative n q Y u + selectedCuspRestrictionRepresentative n q Y v) t
PrimalitySheafVerification/Mock2_FunctionalAnalysis.lean:33675:2: error: Type mismatch: After simplification, term
  ContinuousOn.integrableOn_Icc (Continuous.continuousOn (Continuous.pow (Continuous.norm hf) 2))
 has type
  @IntegrableOn ℝ ℝ Real.measurableSpace PseudoMetricSpace.toUniformSpace.toTopologicalSpace
    SeminormedAddGroup.toContinuousENorm ((fun x => ‖f x‖) ^ 2) (Icc (-(1 / 2)) (1 / 2)) volume
but is expected to have type
  @IntegrableOn ℝ ℝ Real.measureSpace.toMeasurableSpace PseudoMetricSpace.toUniformSpace.toTopologicalSpace
    SeminormedAddGroup.toContinuousENorm (fun x => ‖f x‖ ^ 2) (Icc (-(1 / 2)) (1 / 2)) volume
PrimalitySheafVerification/Mock2_FunctionalAnalysis.lean:33703:2: error: Type mismatch: After simplification, term
  MemLp.coeFn_toLp (selectedCuspRestrictionRepresentative_memLp n q Y u)
 has type
  @EventuallyEq ℝ ℂ (ae selectedHorocycleParameterMeasure)
    (↑↑(MemLp.toLp (selectedCuspRestrictionRepresentative n q Y u) ⋯)) (selectedCuspRestrictionRepresentative n q Y u)
but is expected to have type
  @EventuallyEq ℝ ℂ (ae selectedHorocycleParameterMeasure)
    (↑↑({ toFun := fun u => MemLp.toLp (selectedCuspRestrictionRepresentative n q Y u) ⋯, map_add' := ⋯,
            map_smul' := ⋯ }
          u))
    (selectedCuspRestrictionRepresentative n q Y u)
PrimalitySheafVerification/Mock2_FunctionalAnalysis.lean:33794:9: error: Function expected at
  fixedPhaseCore_hasZeroThreeCuspTail n u
but this term has type
  HasZeroThreeCuspTail (↑↑u.toSmoothQuotientCompactFunction) 0

Note: Expected a function because this term is being applied to the argument
  .eventually_zero_on_horocycleBoundary
PrimalitySheafVerification/Mock2_FunctionalAnalysis.lean:33796:4: error: Tactic `rcases` failed: `x✝ : ?m.18` is not an inductive datatype
PrimalitySheafVerification/Mock2_FunctionalAnalysis.lean:33817:9: error: Function expected at
  fixedPhaseCore_hasZeroThreeCuspTail n u
but this term has type
  HasZeroThreeCuspTail (↑↑u.toSmoothQuotientCompactFunction) 0

Note: Expected a function because this term is being applied to the argument
  .eventually_zero_on_horocycleBoundary
PrimalitySheafVerification/Mock2_FunctionalAnalysis.lean:33819:4: error: Tactic `rcases` failed: `x✝ : ?m.47` is not an inductive datatype
PrimalitySheafVerification/Mock2_FunctionalAnalysis.lean:33840:2: error: Type mismatch: After simplification, term
  Eq.trans htrace hrep
 has type
  ↑↑((selectedCuspCoreTrace n q Z) u) t = 0
but is expected to have type
  ↑↑((selectedCuspCoreTrace n q Z) u) t = ↑0 t
PrimalitySheafVerification/Mock2_FunctionalAnalysis.lean:33891:2: error: Type mismatch: After simplification, term
  HasDerivAt.deriv hprod
 has type
  deriv (id * fun x => ‖f x‖ ^ 2) y = ‖f y‖ ^ 2 + id y * (2 * ⟪f y, deriv f y⟫_ℝ)
but is expected to have type
  deriv (fun r => r * ‖f r‖ ^ 2) y = ‖f y‖ ^ 2 + 2 * y * ⟪f y, deriv f y⟫_ℝ
PrimalitySheafVerification/Mock2_FunctionalAnalysis.lean:33907:6: error(lean.unknownIdentifier): Unknown identifier `abs_add`
PrimalitySheafVerification/Mock2_FunctionalAnalysis.lean:33915:23: error: unsolved goals
f : ℝ → ℂ
hf : Differentiable ℝ f
y : ℝ
hy : 0 ≤ y
hinner : |⟪f y, deriv f y⟫_ℝ| ≤ ‖f y‖ * ‖deriv f y‖
⊢ 0 ≤ ?m.431
PrimalitySheafVerification/Mock2_FunctionalAnalysis.lean:33932:4: error: Type mismatch: After simplification, term
  IsCompact.mul (HasCompactSupport.norm hcompact) (HasCompactSupport.norm hcompact)
 has type
  IsCompact ((tsupport fun x => ‖f x‖) * tsupport fun x => ‖f x‖)
but is expected to have type
  HasCompactSupport fun y => ‖f y‖ * ‖f y‖
PrimalitySheafVerification/Mock2_FunctionalAnalysis.lean:33935:4: error: Type mismatch: After simplification, term
  IsCompact.mul (HasCompactSupport.norm (HasCompactSupport.deriv hcompact))
    (HasCompactSupport.norm (HasCompactSupport.deriv hcompact))
 has type
  IsCompact ((tsupport fun x => ‖deriv f x‖) * tsupport fun x => ‖deriv f x‖)
but is expected to have type
  HasCompactSupport fun y => ‖deriv f y‖ * ‖deriv f y‖
PrimalitySheafVerification/Mock2_FunctionalAnalysis.lean:33938:4: error: Type mismatch: After simplification, term
  HasCompactSupport.mul_left hnormSq
 has type
  @HasCompactSupport ℝ ℝ PseudoMetricSpace.toUniformSpace.toTopologicalSpace instMulZeroClassOfSemiring.toZero
    ((fun y => y) * fun y => ‖f y‖ ^ 2)
but is expected to have type
  @HasCompactSupport ℝ ℝ PseudoMetricSpace.toUniformSpace.toTopologicalSpace Real.instZero fun y => y * ‖f y‖ ^ 2
PrimalitySheafVerification/Mock2_FunctionalAnalysis.lean:33942:4: error: Type mismatch: After simplification, term
  HasCompactSupport.mul_left hnormSq
 has type
  @HasCompactSupport ℝ ℝ PseudoMetricSpace.toUniformSpace.toTopologicalSpace instMulZeroClassOfSemiring.toZero
    ((fun _y => 2) * fun y => ‖f y‖ ^ 2)
but is expected to have type
  @HasCompactSupport ℝ ℝ PseudoMetricSpace.toUniformSpace.toTopologicalSpace Real.instZero fun y => 2 * ‖f y‖ ^ 2
PrimalitySheafVerification/Mock2_FunctionalAnalysis.lean:33946:4: error: Type mismatch: After simplification, term
  HasCompactSupport.mul_left hderivNormSq
 has type
  @HasCompactSupport ℝ ℝ PseudoMetricSpace.toUniformSpace.toTopologicalSpace instMulZeroClassOfSemiring.toZero
    ((fun y => y ^ 2) * fun y => ‖deriv f y‖ ^ 2)
but is expected to have type
  @HasCompactSupport ℝ ℝ PseudoMetricSpace.toUniformSpace.toTopologicalSpace Real.instZero fun y =>
    y ^ 2 * ‖deriv f y‖ ^ 2
PrimalitySheafVerification/Mock2_FunctionalAnalysis.lean:33979:50: error: Application type mismatch: The argument
  hy
has type
  y ∈ Ioi H
but is expected to have type
  0 < y
in the application
  le_of_lt hy
PrimalitySheafVerification/Mock2_FunctionalAnalysis.lean:33984:41: error: Application type mismatch: The argument
  sq_nonneg ?m.1026
has type
  @OfNat.ofNat ?m.1020 0 (@Zero.toOfNat0 ?m.1020 instMulZeroClassOfSemiring.toZero) ≤ ?m.1026 ^ 2
but is expected to have type
  @OfNat.ofNat ?m.1015 0 (@Zero.toOfNat0 ?m.1015 SubtractionMonoid.toSubNegZeroMonoid.toNegZeroClass.toZero) ≤ ?m.1018
in the application
  abs_of_nonneg (sq_nonneg ?m.1026)
PrimalitySheafVerification/Mock2_FunctionalAnalysis.lean:33982:36: error: unsolved goals
f : ℝ → ℂ
hf : ContDiff ℝ 1 f
hcompact : HasCompactSupport f
H : ℝ
hH : 1 ≤ H
weighted : ℝ → ℝ := fun y => y * ‖f y‖ ^ 2
energy : ℝ → ℝ := fun y => 2 * ‖f y‖ ^ 2 + y ^ 2 * ‖deriv f y‖ ^ 2
hnormSq : HasCompactSupport fun y => ‖f y‖ ^ 2
hderivNormSq : HasCompactSupport fun y => ‖deriv f y‖ ^ 2
hweightedCompact : HasCompactSupport weighted
hfirstCompact : HasCompactSupport fun y => 2 * ‖f y‖ ^ 2
hsecondCompact : HasCompactSupport fun y => y ^ 2 * ‖deriv f y‖ ^ 2
henergyCompact : HasCompactSupport energy
hweightedSmooth : ContDiff ℝ 1 weighted
henergyContinuous : Continuous energy
hderivWeightedIntegrable : Integrable (fun y => ‖deriv weighted y‖) volume
henergyIntegrable : Integrable energy volume
hFTC : ‖weighted H‖ ≤ ∫ (y : ℝ) in Ioi H, ‖deriv weighted y‖
hmono : ∫ (y : ℝ) in Ioi H, ‖deriv weighted y‖ ≤ ∫ (y : ℝ) in Ioi H, energy y
hH0 : 0 ≤ H
⊢ H * ‖f H‖ ^ 2 = H * |‖f H‖ ^ 2|
PrimalitySheafVerification/Mock2_FunctionalAnalysis.lean:34048:4: error: Type mismatch
  norm_deriv_normSq_le_energy
    (ContDiff.differentiable hf
      (Mathlib.Meta.NormNum.isNat_eq_false (Mathlib.Meta.NormNum.isNat_ofNat ℕ∞ω Nat.cast_one)
        (Mathlib.Meta.NormNum.isNat_ofNat ℕ∞ω Nat.cast_zero) (Eq.refl false)))
    r
has type
  ‖deriv (fun s => ‖f s‖ ^ 2) r‖ ≤ ‖f r‖ ^ 2 + ‖deriv f r‖ ^ 2
but is expected to have type
  ‖‖deriv g r‖‖ ≤ ‖‖f r‖ ^ 2 + ‖deriv f r‖ ^ 2‖
PrimalitySheafVerification/Mock2_FunctionalAnalysis.lean:34066:52: error: Application type mismatch: The argument
  sq_nonneg ?m.659
has type
  @OfNat.ofNat ?m.653 0 (@Zero.toOfNat0 ?m.653 instMulZeroClassOfSemiring.toZero) ≤ ?m.659 ^ 2
but is expected to have type
  @OfNat.ofNat ?m.648 0 (@Zero.toOfNat0 ?m.648 SubtractionMonoid.toSubNegZeroMonoid.toNegZeroClass.toZero) ≤ ?m.651
in the application
  abs_of_nonneg (sq_nonneg ?m.659)
PrimalitySheafVerification/Mock2_FunctionalAnalysis.lean:34065:27: error: unsolved goals
f : ℝ → ℂ
hf : ContDiff ℝ 1 f
r₀ : ℝ
hzero : Tendsto f atTop (𝓝 0)
henergy : IntegrableOn (fun r => ‖f r‖ ^ 2 + ‖deriv f r‖ ^ 2) (Ioi r₀) volume
g : ℝ → ℝ := fun r => ‖f r‖ ^ 2
hgSmooth : ContDiff ℝ 1 g
hgDerivMeasurable : AEStronglyMeasurable (fun r => ‖deriv g r‖) (volume.restrict (Ioi r₀))
hgDerivIntegrable : IntegrableOn (fun r => ‖deriv g r‖) (Ioi r₀) volume
hgDerivIntegrable' : IntegrableOn (deriv g) (Ioi r₀) volume
hgzero : Tendsto g atTop (𝓝 0)
hFTC : ∫ (r : ℝ) in Ioi r₀, deriv g r = -g r₀
⊢ ‖f r₀‖ ^ 2 = |‖f r₀‖ ^ 2|
PrimalitySheafVerification/Mock2_FunctionalAnalysis.lean:34164:8: error: Type mismatch
  add_le_add_right (norm_add_le ?m.285 ?m.286) ?m.287
has type
  ?m.287 + ‖?m.285 + ?m.286‖ ≤ ?m.287 + (‖?m.285‖ + ‖?m.286‖)
but is expected to have type
  ‖raiseRaw a f z + lowerRaw a f z / heightC z ^ 2‖ + ‖-(physicalExponent a / heightC z * f z)‖ ≤
    ‖raiseRaw a f z‖ + ‖lowerRaw a f z / heightC z ^ 2‖ + ‖-(physicalExponent a / heightC z * f z)‖
Try this:
  [apply] ring_nf
  
  The `ring` tactic failed to close the goal. Use `ring_nf` to obtain a normal form.
    
  Note that `ring` works primarily in *commutative* rings. If you have a noncommutative ring, abelian group or module, consider using `noncomm_ring`, `abel` or `module` instead.
PrimalitySheafVerification/Mock2_FunctionalAnalysis.lean:34225:44: error: unsolved goals
n : ℤ
u : InverseEtaFixedPhaseCore n
z : ℍ
hScale : ↑(z.im ^ euclideanGaugeExponent n) = heightC z * ↑(z.im ^ euclideanGaugeExponent (n - 1))
hExponent : euclideanGaugeExponent n = euclideanGaugeExponent (n - 1) + 1
hz : heightC z ≠ 0
⊢ -(↑(z.im ^ euclideanGaugeExponent (-1 + n)) * heightC z ^ 2 * Complex.I *
          dx (↑↑u.toSmoothQuotientCompactFunction) z) +
      ↑(z.im ^ euclideanGaugeExponent (-1 + n)) * heightC z ^ 2 * dy (↑↑u.toSmoothQuotientCompactFunction) z =
    -(↑(z.im ^ euclideanGaugeExponent (-1 + n)) * heightC z ^ 2 * Complex.I *
              dx (↑↑u.toSmoothQuotientCompactFunction) z) +
          ↑(z.im ^ euclideanGaugeExponent (-1 + n)) * heightC z ^ 2 * dy (↑↑u.toSmoothQuotientCompactFunction) z +
        ↑(1 + euclideanGaugeExponent (-1 + n)) * ↑(z.im ^ (1 + euclideanGaugeExponent (-1 + n))) *
          ↑↑u.toSmoothQuotientCompactFunction z -
      ↑(1 + euclideanGaugeExponent (-1 + n)) * fixedPhaseEuclideanGauge n u z
Try this:
  [apply] ring_nf
  
  The `ring` tactic failed to close the goal. Use `ring_nf` to obtain a normal form.
    
  Note that `ring` works primarily in *commutative* rings. If you have a noncommutative ring, abelian group or module, consider using `noncomm_ring`, `abel` or `module` instead.
PrimalitySheafVerification/Mock2_FunctionalAnalysis.lean:34261:67: error: unsolved goals
n : ℤ
f : ℍ → ℂ
z : ℍ
⊢ heightC z * dx f z = -(heightC z * dx f z * Complex.I ^ 2)
PrimalitySheafVerification/Mock2_FunctionalAnalysis.lean:34306:48: error: unsolved goals
n : ℤ
f : ℍ → ℂ
z : ℍ
R : ℂ := euclideanRaiseGauge n f z
L : ℂ := euclideanLowerFromSuccGauge (n - 1) f z
c : ℂ := ↑(2 * (euclideanGaugeExponent n + 1))
⊢ ‖2 * (euclideanGaugeExponent n + 1)‖ = |2 * (euclideanGaugeExponent n + 1)|
PrimalitySheafVerification/Mock2_FunctionalAnalysis.lean:34310:52: error(lean.unknownIdentifier): Unknown identifier `norm_ofNat`
PrimalitySheafVerification/Mock2_FunctionalAnalysis.lean:34301:51: error: unsolved goals
n : ℤ
f : ℍ → ℂ
z : ℍ
R : ℂ := euclideanRaiseGauge n f z
L : ℂ := euclideanLowerFromSuccGauge (n - 1) f z
c : ℂ := ↑(2 * (euclideanGaugeExponent n + 1))
hc : ‖c‖ = euclideanHorizontalDrift n
⊢ 1 / ‖2‖ * ‖R - L - c * f z‖ ≤ (‖R‖ + ‖L‖ + euclideanHorizontalDrift n * ‖f z‖) / 2
PrimalitySheafVerification/Mock2_FunctionalAnalysis.lean:34346:53: error: Application type mismatch: The argument
  z
has type
  ℂ
but is expected to have type
  ℍ
in the application
  heightC_ne_zero z
PrimalitySheafVerification/Mock2_FunctionalAnalysis.lean:34347:2: error: Type mismatch: After simplification, term
  ContDiffOn.mul hnum hdenInv
 has type
  ContDiffOn ℝ ∞
    (fun x => upperLift (fun z => heightC (selectedCosetAction q z)) x * upperLift (fun z => (heightC z)⁻¹) x)
    UpperHalfPlane.upperHalfPlaneSet
but is expected to have type
  RealSmooth (selectedCosetConformalScaleC q)
PrimalitySheafVerification/Mock2_FunctionalAnalysis.lean:34360:6: error: Tactic `rewrite` failed: Did not find an occurrence of the pattern
  (Matrix.SpecialLinearGroup.toGL ((Matrix.SpecialLinearGroup.map (Int.castRingHom ℝ)) (gammaTwoCosetRep q)) • z).im
in the target expression
  ↑(gammaTwoCosetRep q • z).im / ↑z.im =
    ↑(1 /
        Complex.normSq
          (UpperHalfPlane.denom
            (Matrix.SpecialLinearGroup.toGL ((Matrix.SpecialLinearGroup.map (Int.castRingHom ℝ)) (gammaTwoCosetRep q)))
            ↑z))

q : GammaTwoRightCoset
z : ℍ
him :
  (Matrix.SpecialLinearGroup.toGL ((Matrix.SpecialLinearGroup.map (Int.castRingHom ℝ)) (gammaTwoCosetRep q)) • z).im =
    |↑(Matrix.GeneralLinearGroup.det
              (Matrix.SpecialLinearGroup.toGL
                ((Matrix.SpecialLinearGroup.map (Int.castRingHom ℝ)) (gammaTwoCosetRep q))))| *
        z.im /
      Complex.normSq
        (UpperHalfPlane.denom
          (Matrix.SpecialLinearGroup.toGL ((Matrix.SpecialLinearGroup.map (Int.castRingHom ℝ)) (gammaTwoCosetRep q)))
          ↑z)
⊢ ↑(gammaTwoCosetRep q • z).im / ↑z.im =
    ↑(1 /
        Complex.normSq
          (UpperHalfPlane.denom
            (Matrix.SpecialLinearGroup.toGL ((Matrix.SpecialLinearGroup.map (Int.castRingHom ℝ)) (gammaTwoCosetRep q)))
            ↑z))
PrimalitySheafVerification/Mock2_FunctionalAnalysis.lean:34372:53: error: Application type mismatch: The argument
  w
has type
  ℂ
but is expected to have type
  ℍ
in the application
  heightC_ne_zero w
PrimalitySheafVerification/Mock2_FunctionalAnalysis.lean:34402:53: error: Application type mismatch: The argument
  w
has type
  ℂ
but is expected to have type
  ℍ
in the application
  heightC_ne_zero w
PrimalitySheafVerification/Mock2_FunctionalAnalysis.lean:34404:4: error: Type mismatch: After simplification, term
  dy_comp_selectedCosetAction q realSmooth_heightC z
 has type
  dy (fun w => heightC (selectedCosetAction q w)) z = 0 + selectedCosetA q z
but is expected to have type
  dy (fun w => heightC (selectedCosetAction q w)) z = selectedCosetA q z
PrimalitySheafVerification/Mock2_FunctionalAnalysis.lean:34407:53: error: unsolved goals
q : GammaTwoRightCoset
z : ℍ
N : ℍ → ℂ := fun w => heightC (selectedCosetAction q w)
Dinv : ℍ → ℂ := fun w => (heightC w)⁻¹
hN : RealSmooth N
hDinv : RealSmooth Dinv
hdyN : dy N z = selectedCosetA q z
⊢ -↑Complex.I.im = -1
Try this:
  [apply] ring_nf
  
  The `ring` tactic failed to close the goal. Use `ring_nf` to obtain a normal form.
    
  Note that `ring` works primarily in *commutative* rings. If you have a noncommutative ring, abelian group or module, consider using `noncomm_ring`, `abel` or `module` instead.
PrimalitySheafVerification/Mock2_FunctionalAnalysis.lean:34397:56: error: unsolved goals
q : GammaTwoRightCoset
z : ℍ
N : ℍ → ℂ := fun w => heightC (selectedCosetAction q w)
Dinv : ℍ → ℂ := fun w => (heightC w)⁻¹
hN : RealSmooth N
hDinv : RealSmooth Dinv
hdyN : dy N z = selectedCosetA q z
hdyDinv : dy Dinv z = -(1 / heightC z ^ 2)
hfun : selectedCosetConformalScaleC q = N * Dinv
hz : heightC z ≠ 0
⊢ selectedCosetA q z * heightC z - heightC (selectedCosetAction q z) =
    selectedCosetA q z * heightC z -
      heightC z * ((fun w => heightC (selectedCosetAction q w)) * fun w => (heightC w)⁻¹) z
PrimalitySheafVerification/Mock2_FunctionalAnalysis.lean:34450:25: error: Tactic `rewrite` failed: Did not find an occurrence of the pattern
  |1 / Complex.normSq (selectedCosetDenom q z)|
in the target expression
  ‖1 /
        Complex.normSq
          (UpperHalfPlane.denom
            (Matrix.SpecialLinearGroup.toGL ((Matrix.SpecialLinearGroup.map (Int.castRingHom ℝ)) (gammaTwoCosetRep q)))
            ↑z)‖ =
    ‖1 /
        UpperHalfPlane.denom
            (Matrix.SpecialLinearGroup.toGL ((Matrix.SpecialLinearGroup.map (Int.castRingHom ℝ)) (gammaTwoCosetRep q)))
            ↑z ^
          2‖

q : GammaTwoRightCoset
z : ℍ
hden : selectedCosetDenom q z ≠ 0
hnorm : 0 < ‖selectedCosetDenom q z‖
⊢ ‖1 /
        Complex.normSq
          (UpperHalfPlane.denom
            (Matrix.SpecialLinearGroup.toGL ((Matrix.SpecialLinearGroup.map (Int.castRingHom ℝ)) (gammaTwoCosetRep q)))
            ↑z)‖ =
    ‖1 /
        UpperHalfPlane.denom
            (Matrix.SpecialLinearGroup.toGL ((Matrix.SpecialLinearGroup.map (Int.castRingHom ℝ)) (gammaTwoCosetRep q)))
            ↑z ^
          2‖
PrimalitySheafVerification/Mock2_FunctionalAnalysis.lean:34459:65: error: unsolved goals
q : GammaTwoRightCoset
z : ℍ
⊢ ‖(selectedCosetDerivative q z).re‖ = |(selectedCosetDerivative q z).re|
PrimalitySheafVerification/Mock2_FunctionalAnalysis.lean:34469:65: error: unsolved goals
q : GammaTwoRightCoset
z : ℍ
⊢ ‖(selectedCosetDerivative q z).im‖ = |(selectedCosetDerivative q z).im|
PrimalitySheafVerification/Mock2_FunctionalAnalysis.lean:34494:6: error: Type mismatch
  add_le_add_right (norm_selectedCosetA_le_scale q z) ?m.74
has type
  ?m.74 + ‖selectedCosetA q z‖ ≤ ?m.74 + ‖selectedCosetConformalScaleC q z‖
but is expected to have type
  ‖selectedCosetA q z‖ + ‖selectedCosetConformalScaleC q z‖ ≤
    ‖selectedCosetConformalScaleC q z‖ + ‖selectedCosetConformalScaleC q z‖
PrimalitySheafVerification/Mock2_FunctionalAnalysis.lean:34519:6: error: Tactic `rewrite` failed: Did not find an occurrence of the pattern
  dx (selectedCosetConformalScaleC q * fun z => f (selectedCosetAction q z)) ?z
in the target expression
  dx (selectedCosetUnitaryPullback q f) z =
    dx (selectedCosetConformalScaleC q) z * f (selectedCosetAction q z) +
      selectedCosetConformalScaleC q z *
        (selectedCosetA q z * dx f (selectedCosetAction q z) + selectedCosetB q z * dy f (selectedCosetAction q z))

q : GammaTwoRightCoset
f : ℍ → ℂ
hf : RealSmooth f
z : ℍ
⊢ dx (selectedCosetUnitaryPullback q f) z =
    dx (selectedCosetConformalScaleC q) z * f (selectedCosetAction q z) +
      selectedCosetConformalScaleC q z *
        (selectedCosetA q z * dx f (selectedCosetAction q z) + selectedCosetB q z * dy f (selectedCosetAction q z))
PrimalitySheafVerification/Mock2_FunctionalAnalysis.lean:34533:6: error: Tactic `rewrite` failed: Did not find an occurrence of the pattern
  dy (selectedCosetConformalScaleC q * fun z => f (selectedCosetAction q z)) ?z
in the target expression
  dy (selectedCosetUnitaryPullback q f) z =
    dy (selectedCosetConformalScaleC q) z * f (selectedCosetAction q z) +
      selectedCosetConformalScaleC q z *
        (-selectedCosetB q z * dx f (selectedCosetAction q z) + selectedCosetA q z * dy f (selectedCosetAction q z))

q : GammaTwoRightCoset
f : ℍ → ℂ
hf : RealSmooth f
z : ℍ
⊢ dy (selectedCosetUnitaryPullback q f) z =
    dy (selectedCosetConformalScaleC q) z * f (selectedCosetAction q z) +
      selectedCosetConformalScaleC q z *
        (-selectedCosetB q z * dx f (selectedCosetAction q z) + selectedCosetA q z * dy f (selectedCosetAction q z))
PrimalitySheafVerification/Mock2_FunctionalAnalysis.lean:34551:4: error: Tactic `rewrite` failed: Did not find an occurrence of the pattern
  heightC ?z * dy (selectedCosetConformalScaleC ?q) ?z
in the target expression
  heightC z *
      (dy (selectedCosetConformalScaleC q) z * f (selectedCosetAction q z) +
        selectedCosetConformalScaleC q z *
          (-selectedCosetB q z * dx f (selectedCosetAction q z) +
            selectedCosetA q z * dy f (selectedCosetAction q z))) =
    (selectedCosetA q z - selectedCosetConformalScaleC q z) * f (selectedCosetAction q z) -
        selectedCosetB q z * (heightC (selectedCosetAction q z) * dx f (selectedCosetAction q z)) +
      selectedCosetA q z * (heightC (selectedCosetAction q z) * dy f (selectedCosetAction q z))

q : GammaTwoRightCoset
f : ℍ → ℂ
hf : RealSmooth f
z : ℍ
⊢ heightC z *
      (dy (selectedCosetConformalScaleC q) z * f (selectedCosetAction q z) +
        selectedCosetConformalScaleC q z *
          (-selectedCosetB q z * dx f (selectedCosetAction q z) +
            selectedCosetA q z * dy f (selectedCosetAction q z))) =
    (selectedCosetA q z - selectedCosetConformalScaleC q z) * f (selectedCosetAction q z) -
        selectedCosetB q z * (heightC (selectedCosetAction q z) * dx f (selectedCosetAction q z)) +
      selectedCosetA q z * (heightC (selectedCosetAction q z) * dy f (selectedCosetAction q z))
PrimalitySheafVerification/Mock2_FunctionalAnalysis.lean:34588:23: error: Type mismatch
  add_le_add_right hA ?m.146
has type
  ?m.146 + ‖A‖ ≤ ?m.146 + ‖S‖
but is expected to have type
  ‖A‖ + ‖S‖ ≤ ‖S‖ + ‖S‖
PrimalitySheafVerification/Mock2_FunctionalAnalysis.lean:34598:10: error: Type mismatch
  add_le_add_right (norm_sub_le ?m.472 ?m.473) ?m.474
has type
  ?m.474 + ‖?m.472 - ?m.473‖ ≤ ?m.474 + (‖?m.472‖ + ‖?m.473‖)
but is expected to have type
  ‖(A - S) * F - B * Fx‖ + ‖A * Fy‖ ≤ ‖(A - S) * F‖ + ‖B * Fx‖ + ‖A * Fy‖
PrimalitySheafVerification/Mock2_FunctionalAnalysis.lean:34599:51: error: unsolved goals
q : GammaTwoRightCoset
f : ℍ → ℂ
hf : RealSmooth f
z : ℍ
A : ℂ := selectedCosetA q z
B : ℂ := selectedCosetB q z
S : ℂ := selectedCosetConformalScaleC q z
F : ℂ := f (selectedCosetAction q z)
Fx : ℂ := heightC (selectedCosetAction q z) * dx f (selectedCosetAction q z)
Fy : ℂ := heightC (selectedCosetAction q z) * dy f (selectedCosetAction q z)
hA : ‖A‖ ≤ ‖S‖
hB : ‖B‖ ≤ ‖S‖
hAS : ‖A - S‖ ≤ 2 * ‖S‖
⊢ ‖A - S‖ * ‖F‖ + ‖B‖ * (‖heightC (selectedCosetAction q z)‖ * ‖dx f (selectedCosetAction q z)‖) + ‖A * Fy‖ =
    ‖A - S‖ * ‖F‖ + ‖B‖ * (‖heightC (selectedCosetAction q z)‖ * ‖dx f (selectedCosetAction q z)‖) + ‖A‖ * ‖Fy‖
PrimalitySheafVerification/Mock2_FunctionalAnalysis.lean:34651:2: error: failed to prove positivity/nonnegativity/nonzeroness
PrimalitySheafVerification/Mock2_FunctionalAnalysis.lean:34710:29: error: Tactic `rewrite` failed: Did not find an occurrence of the pattern
  |z.im ^ ?m.214|
in the target expression
  (‖z.im ^ euclideanGaugeExponent n‖ * ‖↑↑u.toSmoothQuotientCompactFunction z‖) ^ 2 =
    (z.im ^ euclideanGaugeExponent n) ^ 2 * ‖↑↑u.toSmoothQuotientCompactFunction z‖ ^ 2

n : ℤ
q : GammaTwoRightCoset
Y : ℝ
u : InverseEtaFixedPhaseCore n
t : ℝ
H : ℝ := gammaTwoCuspLevel Y
z : ℍ := gammaTwoSelectedHorocycleParam q Y t
s : ℝ := selectedCuspPullbackScale q Y t
hH : 0 < H
hz : 0 < z.im
hs : 0 < s
⊢ (‖z.im ^ euclideanGaugeExponent n‖ * ‖↑↑u.toSmoothQuotientCompactFunction z‖) ^ 2 =
    (z.im ^ euclideanGaugeExponent n) ^ 2 * ‖↑↑u.toSmoothQuotientCompactFunction z‖ ^ 2
PrimalitySheafVerification/Mock2_FunctionalAnalysis.lean:34724:35: error: Tactic `rewrite` failed: Did not find an occurrence of the pattern
  |s|
in the target expression
  H * (‖s‖ * ‖fixedPhaseEuclideanGauge n u z‖) ^ 2 =
    weightFiberScale (-paperOrbitExponent n) z / H * ‖↑↑u.toSmoothQuotientCompactFunction z‖ ^ 2

n : ℤ
q : GammaTwoRightCoset
Y : ℝ
u : InverseEtaFixedPhaseCore n
t : ℝ
H : ℝ := gammaTwoCuspLevel Y
z : ℍ := gammaTwoSelectedHorocycleParam q Y t
s : ℝ := selectedCuspPullbackScale q Y t
hH : 0 < H
hz : 0 < z.im
hs : 0 < s
hGauge :
  ‖fixedPhaseEuclideanGauge n u z‖ ^ 2 =
    ↑(hyperbolicDensity z) * weightFiberScale (-paperOrbitExponent n) z * ‖↑↑u.toSmoothQuotientCompactFunction z‖ ^ 2
hDensity : ↑(hyperbolicDensity z) = (1 / z.im) ^ 2
hsFormula : s = z.im / H
⊢ H * (‖s‖ * ‖fixedPhaseEuclideanGauge n u z‖) ^ 2 =
    weightFiberScale (-paperOrbitExponent n) z / H * ‖↑↑u.toSmoothQuotientCompactFunction z‖ ^ 2
PrimalitySheafVerification/Mock2_FunctionalAnalysis.lean:34741:6: error: Tactic `rewrite` failed: Did not find an occurrence of the pattern
  |selectedCuspTraceWeight n q Y t|
in the target expression
  ‖selectedCuspTraceWeight n q Y t‖ ^ 2 = selectedCuspTraceWeightSq n q Y t

n : ℤ
q : GammaTwoRightCoset
Y : ℝ
u : InverseEtaFixedPhaseCore n
t : ℝ
⊢ ‖selectedCuspTraceWeight n q Y t‖ ^ 2 = selectedCuspTraceWeightSq n q Y t
PrimalitySheafVerification/Mock2_FunctionalAnalysis.lean:34760:8: error: typeclass instance problem is stuck
  InnerProductSpace ?m.45 ↥SelectedHorocycleL2

Note: Lean will not try to resolve this typeclass instance problem because the first and third type arguments to `InnerProductSpace` are metavariables. These arguments must be fully determined before Lean will try to resolve the typeclass.

Hint: Adding type annotations and supplying implicit arguments to functions can give Lean more information for typeclass resolution. For example, if you have a variable `x` that you intend to be a `Nat`, but Lean reports it as having an unresolved type like `?m`, replacing `x` with `(x : Nat)` can get typeclass resolution un-stuck.
PrimalitySheafVerification/Mock2_FunctionalAnalysis.lean:34824:4: error: `fun_prop` was unable to prove `ContDiff ℝ ∞ fun r => { re := t, im := Real.exp r }`

Issues:
  No theorems found for `Complex.mk` in order to prove `ContDiff ℝ ∞ fun r1 => { re := t, im := r1 }`
  No theorems found for `Complex.mk` in order to prove `ContDiff ℝ ∞ fun r => { re := t, im := Real.exp r }`
PrimalitySheafVerification/Mock2_FunctionalAnalysis.lean:34828:19: error(lean.unknownIdentifier): Unknown constant `Complex.mk_im`
PrimalitySheafVerification/Mock2_FunctionalAnalysis.lean:34828:4: error: Type mismatch: After simplification, term
  Real.exp_pos r
 has type
  0 < Real.exp r
but is expected to have type
  { re := t, im := Real.exp r } ∈ UpperHalfPlane.upperHalfPlaneSet
PrimalitySheafVerification/Mock2_FunctionalAnalysis.lean:34848:4: error: Type mismatch: After simplification, term
  HasDerivAt.add hRe hIm
 has type
  HasDerivAt ((fun x => ↑t) + fun y => Complex.I * ↑(Real.exp y)) (0 + Complex.I * ↑(Real.exp r)) r
but is expected to have type
  HasDerivAt (fun s => ↑t + Complex.I * ↑(Real.exp s)) (Complex.I * ↑(Real.exp r)) r
PrimalitySheafVerification/Mock2_FunctionalAnalysis.lean:34859:2: error: 'change' tactic failed, pattern
  d1 f z (Complex.I * ↑(Real.exp r)) = heightC z * dy f z
is not definitionally equal to target
  (fderiv ℝ (upperLift f) ↑z ∘SL ContinuousLinearMap.toSpanSingleton ℝ (Complex.I * ↑(Real.exp r))) 1 =
    heightC (logHeightBasePoint t r) * dy f (logHeightBasePoint t r)
PrimalitySheafVerification/Mock2_FunctionalAnalysis.lean:34879:4: error: `fun_prop` was unable to prove `ContDiff ℝ 1 fun r => ↑(Real.exp (r / 2))`

Issues:
  No theorems found for `Complex.ofReal` in order to prove `ContDiff ℝ 1 fun r0 => ↑r0`
  No theorems found for `Complex.ofReal` in order to prove `ContDiff ℝ 1 fun r => ↑(Real.exp (r / 2))`
Try this:
  [apply] ring_nf
  
  The `ring` tactic failed to close the goal. Use `ring_nf` to obtain a normal form.
    
  Note that `ring` works primarily in *commutative* rings. If you have a noncommutative ring, abelian group or module, consider using `noncomm_ring`, `abel` or `module` instead.
Try this:
  [apply] ring_nf
  
  The `ring` tactic failed to close the goal. Use `ring_nf` to obtain a normal form.
    
  Note that `ring` works primarily in *commutative* rings. If you have a noncommutative ring, abelian group or module, consider using `noncomm_ring`, `abel` or `module` instead.
PrimalitySheafVerification/Mock2_FunctionalAnalysis.lean:34902:54: error: unsolved goals
case e'_8
n : ℤ
q : GammaTwoRightCoset
u : InverseEtaFixedPhaseCore n
t r : ℝ
h : ℍ → ℂ := selectedCosetUnitaryPullback q (fixedPhaseEuclideanGauge n u)
hh : RealSmooth h
⊢ (fun s => ↑(Real.exp (s * (1 / 2)))) = fun y => ↑((Real.exp ∘ fun x => id x * (1 / 2)) y)
PrimalitySheafVerification/Mock2_FunctionalAnalysis.lean:34916:6: error: Tactic `rewrite` failed: Did not find an occurrence of the pattern
  deriv ((fun s => ↑(Real.exp (s / 2))) * fun s => h (logHeightBasePoint t s)) r
in the target expression
  deriv (fun s => ↑(Real.exp (s / 2)) * h (logHeightBasePoint t s)) r =
    ↑(Real.exp (r / 2)) *
      (1 / 2 * selectedCosetUnitaryPullback q (fixedPhaseEuclideanGauge n u) (logHeightBasePoint t r) +
        heightC (logHeightBasePoint t r) *
          dy (selectedCosetUnitaryPullback q (fixedPhaseEuclideanGauge n u)) (logHeightBasePoint t r))

n : ℤ
q : GammaTwoRightCoset
u : InverseEtaFixedPhaseCore n
t r : ℝ
h : ℍ → ℂ := selectedCosetUnitaryPullback q (fixedPhaseEuclideanGauge n u)
hh : RealSmooth h
hExp : HasDerivAt (fun s => ↑(Real.exp (s / 2))) (↑(1 / 2 * Real.exp (r / 2))) r
hSlice :
  HasDerivAt (fun s => h (logHeightBasePoint t s)) (heightC (logHeightBasePoint t r) * dy h (logHeightBasePoint t r)) r
hProduct :
  HasDerivAt ((fun s => ↑(Real.exp (s / 2))) * fun s => h (logHeightBasePoint t s))
    (↑(1 / 2 * Real.exp (r / 2)) * h (logHeightBasePoint t r) +
      ↑(Real.exp (r / 2)) * (heightC (logHeightBasePoint t r) * dy h (logHeightBasePoint t r)))
    r
⊢ deriv (fun s => ↑(Real.exp (s / 2)) * h (logHeightBasePoint t s)) r =
    ↑(Real.exp (r / 2)) *
      (1 / 2 * selectedCosetUnitaryPullback q (fixedPhaseEuclideanGauge n u) (logHeightBasePoint t r) +
        heightC (logHeightBasePoint t r) *
          dy (selectedCosetUnitaryPullback q (fixedPhaseEuclideanGauge n u)) (logHeightBasePoint t r))
PrimalitySheafVerification/Mock2_FunctionalAnalysis.lean:34967:4: error: Tactic `rewrite` failed: Did not find an occurrence of the pattern
  |Real.exp (r / 2)|
in the target expression
  ‖Real.exp (r / 2)‖ *
      ‖1 / 2 * selectedCosetUnitaryPullback q (fixedPhaseEuclideanGauge n u) (logHeightBasePoint t r) +
          heightC (logHeightBasePoint t r) *
            dy (selectedCosetUnitaryPullback q (fixedPhaseEuclideanGauge n u)) (logHeightBasePoint t r)‖ ≤
    Real.exp (r / 2) * ‖selectedCosetConformalScaleC q (logHeightBasePoint t r)‖ *
      (logHeightTraceDrift n * ‖fixedPhaseEuclideanGauge n u (selectedCosetAction q (logHeightBasePoint t r))‖ +
          ‖euclideanRaiseGauge n (fixedPhaseEuclideanGauge n u) (selectedCosetAction q (logHeightBasePoint t r))‖ +
        ‖euclideanLowerFromSuccGauge (n - 1) (fixedPhaseEuclideanGauge n u)
            (selectedCosetAction q (logHeightBasePoint t r))‖)

n : ℤ
q : GammaTwoRightCoset
u : InverseEtaFixedPhaseCore n
t r : ℝ
z : ℍ := logHeightBasePoint t r
f : ℍ → ℂ := fixedPhaseEuclideanGauge n u
S : ℝ := ‖selectedCosetConformalScaleC q z‖
F : ℝ := ‖f (selectedCosetAction q z)‖
R : ℝ := ‖euclideanRaiseGauge n f (selectedCosetAction q z)‖
L : ℝ := ‖euclideanLowerFromSuccGauge (n - 1) f (selectedCosetAction q z)‖
hPullNorm : ‖selectedCosetUnitaryPullback q f z‖ = S * F
hdy :
  ‖heightC z * dy (selectedCosetUnitaryPullback q (fixedPhaseEuclideanGauge n u)) z‖ ≤
    ‖selectedCosetConformalScaleC q z‖ *
      ((3 + euclideanHorizontalDrift n / 2) * ‖fixedPhaseEuclideanGauge n u (selectedCosetAction q z)‖ +
          ‖euclideanRaiseGauge n (fixedPhaseEuclideanGauge n u) (selectedCosetAction q z)‖ +
        ‖euclideanLowerFromSuccGauge (n - 1) (fixedPhaseEuclideanGauge n u) (selectedCosetAction q z)‖)
hOuter :
  ‖1 / 2 * selectedCosetUnitaryPullback q f z + heightC z * dy (selectedCosetUnitaryPullback q f) z‖ ≤
    S * (logHeightTraceDrift n * F + R + L)
⊢ ‖Real.exp (r / 2)‖ *
      ‖1 / 2 * selectedCosetUnitaryPullback q (fixedPhaseEuclideanGauge n u) (logHeightBasePoint t r) +
          heightC (logHeightBasePoint t r) *
            dy (selectedCosetUnitaryPullback q (fixedPhaseEuclideanGauge n u)) (logHeightBasePoint t r)‖ ≤
    Real.exp (r / 2) * ‖selectedCosetConformalScaleC q (logHeightBasePoint t r)‖ *
      (logHeightTraceDrift n * ‖fixedPhaseEuclideanGauge n u (selectedCosetAction q (logHeightBasePoint t r))‖ +
          ‖euclideanRaiseGauge n (fixedPhaseEuclideanGauge n u) (selectedCosetAction q (logHeightBasePoint t r))‖ +
        ‖euclideanLowerFromSuccGauge (n - 1) (fixedPhaseEuclideanGauge n u)
            (selectedCosetAction q (logHeightBasePoint t r))‖)
PrimalitySheafVerification/Mock2_FunctionalAnalysis.lean:34983:4: error: Tactic `apply` failed: could not unify the conclusion of `@Subtype.ext`
  ?a1 = ?a2
with the goal
  logHeightBasePoint t (Real.log H) = { coe := { re := t, im := H }, coe_im_pos := hH }

Note: The full type of `@Subtype.ext` is
  ∀ {α : Sort ?u.18} {p : α → Prop} {a1 a2 : { x // p x }}, ↑a1 = ↑a2 → a1 = a2

n : ℤ
q : GammaTwoRightCoset
Y : ℝ
u : InverseEtaFixedPhaseCore n
t : ℝ
H : ℝ := gammaTwoCuspLevel Y
hH : 0 < H
⊢ logHeightBasePoint t (Real.log H) = { coe := { re := t, im := H }, coe_im_pos := hH }
PrimalitySheafVerification/Mock2_FunctionalAnalysis.lean:34977:52: error: unsolved goals
n : ℤ
q : GammaTwoRightCoset
Y : ℝ
u : InverseEtaFixedPhaseCore n
t : ℝ
H : ℝ := gammaTwoCuspLevel Y
hH : 0 < H
hbase : logHeightBasePoint t (Real.log H) = { coe := { re := t, im := H }, coe_im_pos := hH }
htarget : selectedCosetAction q (logHeightBasePoint t (Real.log H)) = gammaTwoSelectedHorocycleParam q Y t
⊢ ↑(gammaTwoSelectedHorocycleParam q Y t).im / ↑(Real.exp (Real.log (gammaTwoCuspLevel Y))) *
      fixedPhaseEuclideanGauge n u (gammaTwoSelectedHorocycleParam q Y t) =
    ↑(gammaTwoSelectedHorocycleParam q Y t).im / ↑(gammaTwoCuspLevel Y) *
      fixedPhaseEuclideanGauge n u (gammaTwoSelectedHorocycleParam q Y t)
PrimalitySheafVerification/Mock2_FunctionalAnalysis.lean:34993:45: warning: This simp argument is unused:
  Real.exp_log hH

Hint: Omit it from the simp argument list.
  [apply] simp only [heightC, logHeightBasePoint_im, Complex.ofReal_div]

Note: This linter can be disabled with `set_option linter.unusedSimpArgs false`
Try this:
  [apply] ring_nf
  
  The `ring` tactic failed to close the goal. Use `ring_nf` to obtain a normal form.
    
  Note that `ring` works primarily in *commutative* rings. If you have a noncommutative ring, abelian group or module, consider using `noncomm_ring`, `abel` or `module` instead.
PrimalitySheafVerification/Mock2_FunctionalAnalysis.lean:35014:4: error: Tactic `rewrite` failed: Did not find an occurrence of the pattern
  |Real.exp ?m.158|
in the target expression
  (‖Real.exp (Real.log (gammaTwoCuspLevel Y) / 2)‖ * ‖selectedCuspPulledEuclideanGauge n q Y u t‖) ^ 2 =
    gammaTwoCuspLevel Y * ‖selectedCuspPulledEuclideanGauge n q Y u t‖ ^ 2

n : ℤ
q : GammaTwoRightCoset
Y : ℝ
u : InverseEtaFixedPhaseCore n
t : ℝ
H : ℝ := gammaTwoCuspLevel Y
hH : 0 < H
hExp : Real.exp (Real.log H / 2) ^ 2 = H
⊢ (‖Real.exp (Real.log (gammaTwoCuspLevel Y) / 2)‖ * ‖selectedCuspPulledEuclideanGauge n q Y u t‖) ^ 2 =
    gammaTwoCuspLevel Y * ‖selectedCuspPulledEuclideanGauge n q Y u t‖ ^ 2
PrimalitySheafVerification/Mock2_FunctionalAnalysis.lean:35051:8: error: Tactic `rewrite` failed: motive is not type correct:
  fun _a =>
    gammaTwoCosetRep q • { coe := { re := t, im := _a }, coe_im_pos := ⋯ } =
      gammaTwoCosetRep q • { coe := { re := t, im := Real.exp r }, coe_im_pos := ⋯ }
Error: Application type mismatch: The argument
  gammaTwoSelectedHorocycleParam._proof_1 (Real.exp r) t
has type
  0 < { re := t, im := gammaTwoCuspLevel (Real.exp r) }.im
but is expected to have type
  0 < { re := t, im := _a }.im
in the application
  { coe := { re := t, im := _a }, coe_im_pos := ⋯ }

Explanation: The rewrite tactic rewrites an expression 'e' using an equality 'a = b' by the following process. First, it looks for all 'a' in 'e'. Second, it tries to abstract these occurrences of 'a' to create a function 'm := fun _a => ...', called the *motive*, with the property that 'm a' is definitionally equal to 'e'. Third, we observe that 'congrArg' implies that 'm a = m b', which can be used with lemmas such as 'Eq.mpr' to change the goal. However, if 'e' depends on specific properties of 'a', then the motive 'm' might not typecheck.

Possible solutions: use rewrite's 'occs' configuration option to limit which occurrences are rewritten, or use 'simp' or 'conv' mode, which have strategies for certain kinds of dependencies (these tactics can handle proofs and 'Decidable' instances whose types depend on the rewritten term, and 'simp' can apply user-defined '@[congr]' theorems as well).

n : ℤ
q : GammaTwoRightCoset
u : InverseEtaFixedPhaseCore n
t : ℝ
ht : t ∈ Icc (-(1 / 2)) (1 / 2)
Y₀ : ℝ
hY₀ : 1 < Y₀
hZero :
  ∀ (Z : ℝ),
    Y₀ < Z →
      ∀ (q : GammaTwoRightCoset),
        ∀ t ∈ Icc (-(1 / 2)) (1 / 2), ↑↑u.toSmoothQuotientCompactFunction (gammaTwoSelectedHorocycleParam q Z t) = 0
hExpEventually : ∀ᶠ (r : ℝ) in atTop, Y₀ < Real.exp r
r : ℝ
hr : Y₀ < Real.exp r
hExpOne : 1 ≤ Real.exp r
hlevel : gammaTwoCuspLevel (Real.exp r) = Real.exp r
⊢ gammaTwoCosetRep q • { coe := { re := t, im := gammaTwoCuspLevel (Real.exp r) }, coe_im_pos := ⋯ } =
    gammaTwoCosetRep q • { coe := { re := t, im := Real.exp r }, coe_im_pos := ⋯ }
PrimalitySheafVerification/Mock2_FunctionalAnalysis.lean:35036:64: error: unsolved goals
n : ℤ
q : GammaTwoRightCoset
u : InverseEtaFixedPhaseCore n
t : ℝ
ht : t ∈ Icc (-(1 / 2)) (1 / 2)
Y₀ : ℝ
hY₀ : 1 < Y₀
hZero :
  ∀ (Z : ℝ),
    Y₀ < Z →
      ∀ (q : GammaTwoRightCoset),
        ∀ t ∈ Icc (-(1 / 2)) (1 / 2), ↑↑u.toSmoothQuotientCompactFunction (gammaTwoSelectedHorocycleParam q Z t) = 0
hExpEventually : ∀ᶠ (r : ℝ) in atTop, Y₀ < Real.exp r
r : ℝ
hr : Y₀ < Real.exp r
hExpOne : 1 ≤ Real.exp r
hlevel : gammaTwoCuspLevel (Real.exp r) = Real.exp r
hpoint : gammaTwoSelectedHorocycleParam q (Real.exp r) t = selectedCosetAction q (logHeightBasePoint t r)
hu0 : ↑↑u.toSmoothQuotientCompactFunction (selectedCosetAction q (logHeightBasePoint t r)) = 0
⊢ 0 = 0 r
PrimalitySheafVerification/Mock2_FunctionalAnalysis.lean:35114:2: error: Tactic `apply` failed: could not unify the conclusion of `@Subtype.ext`
  ?a1 = ?a2
with the goal
  selectedHeightBasePoint t y = { coe := { re := t, im := y }, coe_im_pos := hy }

Note: The full type of `@Subtype.ext` is
  ∀ {α : Sort ?u.10} {p : α → Prop} {a1 a2 : { x // p x }}, ↑a1 = ↑a2 → a1 = a2

t y : ℝ
hy : 0 < y
⊢ selectedHeightBasePoint t y = { coe := { re := t, im := y }, coe_im_pos := hy }
PrimalitySheafVerification/Mock2_FunctionalAnalysis.lean:35121:2: error: Tactic `apply` failed: could not unify the conclusion of `@Subtype.ext`
  ?a1 = ?a2
with the goal
  selectedHeightBasePoint t (Real.exp r) = logHeightBasePoint t r

Note: The full type of `@Subtype.ext` is
  ∀ {α : Sort ?u.5} {p : α → Prop} {a1 a2 : { x // p x }}, ↑a1 = ↑a2 → a1 = a2

t r : ℝ
⊢ selectedHeightBasePoint t (Real.exp r) = logHeightBasePoint t r
PrimalitySheafVerification/Mock2_FunctionalAnalysis.lean:35173:37: error: Tactic `rewrite` failed: Did not find an occurrence of the pattern
  |Real.exp ?m.225|
in the target expression
  (‖Real.exp (r / 2)‖ * ‖selectedCosetUnitaryPullback q (fixedPhaseEuclideanGauge n u) (logHeightBasePoint t r)‖) ^ 2 =
    Real.exp r * S ^ 2 * F ^ 2

n : ℤ
q : GammaTwoRightCoset
u : InverseEtaFixedPhaseCore n
t r : ℝ
z : ℍ := logHeightBasePoint t r
f : ℍ → ℂ := fixedPhaseEuclideanGauge n u
w : ℍ := selectedCosetAction q z
e : ℝ := Real.exp (r / 2)
S : ℝ := ‖selectedCosetConformalScaleC q z‖
F : ℝ := ‖f w‖
R : ℝ := ‖euclideanRaiseGauge n f w‖
L : ℝ := ‖euclideanLowerFromSuccGauge (n - 1) f w‖
A : ℝ := logHeightTraceDrift n
he : 0 ≤ e
hS : 0 ≤ S
hF : 0 ≤ F
hR : 0 ≤ R
hL : 0 ≤ L
hA : 0 ≤ A
hExp : e ^ 2 = Real.exp r
hPullNorm : ‖selectedCosetUnitaryPullback q f z‖ = S * F
⊢ (‖Real.exp (r / 2)‖ * ‖selectedCosetUnitaryPullback q (fixedPhaseEuclideanGauge n u) (logHeightBasePoint t r)‖) ^ 2 =
    Real.exp r * S ^ 2 * F ^ 2
PrimalitySheafVerification/Mock2_FunctionalAnalysis.lean:35198:8: error: No goals to be solved
PrimalitySheafVerification/Mock2_FunctionalAnalysis.lean:35229:10: error(lean.unknownIdentifier): Unknown identifier `continuous_subtype_mk`
PrimalitySheafVerification/Mock2_FunctionalAnalysis.lean:35230:4: error: No goals to be solved
PrimalitySheafVerification/Mock2_FunctionalAnalysis.lean:35255:4: error: `fun_prop` was unable to prove `Continuous fun p =>
  ↑(Real.exp (p.2 / 2)) *
    (1 / 2 * h (logHeightBasePoint p.1 p.2) + heightC (logHeightBasePoint p.1 p.2) * dy h (logHeightBasePoint p.1 p.2))`

Issues:
  No theorems found for `Mock2FA.PaperCorrections.AutomorphicSobolev.FixedPhaseHorocycleTrace.selectedCosetUnitaryPullback` in order to prove `Continuous fun x0 => selectedCosetUnitaryPullback q (fixedPhaseEuclideanGauge n u) x0`
PrimalitySheafVerification/Mock2_FunctionalAnalysis.lean:35281:8: error: Tactic `rewrite` failed: motive is not type correct:
  fun _a =>
    gammaTwoCosetRep q • { coe := { re := t, im := _a }, coe_im_pos := ⋯ } =
      gammaTwoCosetRep q • { coe := { re := t, im := Real.exp r }, coe_im_pos := ⋯ }
Error: Application type mismatch: The argument
  gammaTwoSelectedHorocycleParam._proof_1 (Real.exp r) t
has type
  0 < { re := t, im := gammaTwoCuspLevel (Real.exp r) }.im
but is expected to have type
  0 < { re := t, im := _a }.im
in the application
  { coe := { re := t, im := _a }, coe_im_pos := ⋯ }

Explanation: The rewrite tactic rewrites an expression 'e' using an equality 'a = b' by the following process. First, it looks for all 'a' in 'e'. Second, it tries to abstract these occurrences of 'a' to create a function 'm := fun _a => ...', called the *motive*, with the property that 'm a' is definitionally equal to 'e'. Third, we observe that 'congrArg' implies that 'm a = m b', which can be used with lemmas such as 'Eq.mpr' to change the goal. However, if 'e' depends on specific properties of 'a', then the motive 'm' might not typecheck.

Possible solutions: use rewrite's 'occs' configuration option to limit which occurrences are rewritten, or use 'simp' or 'conv' mode, which have strategies for certain kinds of dependencies (these tactics can handle proofs and 'Decidable' instances whose types depend on the rewritten term, and 'simp' can apply user-defined '@[congr]' theorems as well).

n : ℤ
q : GammaTwoRightCoset
u : InverseEtaFixedPhaseCore n
Y₀ : ℝ
hY₀ : 1 < Y₀
hZero :
  ∀ (Z : ℝ),
    Y₀ < Z →
      ∀ (q : GammaTwoRightCoset),
        ∀ t ∈ Icc (-(1 / 2)) (1 / 2), ↑↑u.toSmoothQuotientCompactFunction (gammaTwoSelectedHorocycleParam q Z t) = 0
hY₀pos : 0 < Y₀
t : ℝ
ht : t ∈ Icc (-(1 / 2)) (1 / 2)
r : ℝ
hr : Real.log Y₀ < r
hExp : Y₀ < Real.exp r
hExpOne : 1 ≤ Real.exp r
hlevel : gammaTwoCuspLevel (Real.exp r) = Real.exp r
⊢ gammaTwoCosetRep q • { coe := { re := t, im := gammaTwoCuspLevel (Real.exp r) }, coe_im_pos := ⋯ } =
    gammaTwoCosetRep q • { coe := { re := t, im := Real.exp r }, coe_im_pos := ⋯ }
PrimalitySheafVerification/Mock2_FunctionalAnalysis.lean:35401:2: error: 'change' tactic failed, pattern
  ∫ (p : ℝ × ℝ), selectedLogHeightEnergyDensity n q u p ∂μ.prod ν =
    ∫ (t : ℝ), ∫ (r : ℝ), selectedLogHeightEnergyDensity n q u (t, r) ∂ν ∂μ
is not definitionally equal to target
  ∫ (p : ℝ × ℝ) in Icc (-(1 / 2)) (1 / 2) ×ˢ Ioi r₀, selectedLogHeightEnergyDensity n q u p ∂volume.prod volume =
    ∫ (t : ℝ) in Icc (-(1 / 2)) (1 / 2), ∫ (r : ℝ) in Ioi r₀, selectedLogHeightEnergyDensity n q u (t, r)
PrimalitySheafVerification/Mock2_FunctionalAnalysis.lean:35425:6: error: `fun_prop` was unable to prove `Continuous fun t =>
  ‖↑(Real.exp (Real.log (gammaTwoCuspLevel Y) / 2)) *
        selectedCosetUnitaryPullback q (fixedPhaseEuclideanGauge n u)
          (logHeightBasePoint t (Real.log (gammaTwoCuspLevel Y)))‖ ^
    2`

Issues:
  No theorems found for `Mock2FA.PaperCorrections.AutomorphicSobolev.FixedPhaseHorocycleTrace.selectedCosetUnitaryPullback` in order to prove `Continuous fun x2 => selectedCosetUnitaryPullback q (fixedPhaseEuclideanGauge n u) x2`
  No theorems found for `Mock2FA.PaperCorrections.AutomorphicSobolev.FixedPhaseHorocycleTrace.selectedCosetUnitaryPullback` in order to prove `Continuous fun x =>
  selectedCosetUnitaryPullback q (fixedPhaseEuclideanGauge n u) (logHeightBasePoint x (Real.log (gammaTwoCuspLevel Y)))`
PrimalitySheafVerification/Mock2_FunctionalAnalysis.lean:35458:2: error: failed to prove positivity/nonnegativity/nonzeroness
PrimalitySheafVerification/Mock2_FunctionalAnalysis.lean:35485:6: error: Tactic `rewrite` failed: Did not find an occurrence of the pattern
  euclideanRaiseGauge n (fixedPhaseEuclideanGauge n u) ?z
in the target expression
  (have z := selectedHeightBasePoint (t, y).1 (t, y).2;
    have w := selectedCosetAction q z;
    have f := fixedPhaseEuclideanGauge n u;
    ‖selectedCosetConformalScaleC q z‖ ^ 2 *
      (logHeightTraceBaseCoeff n * ‖f w‖ ^ 2 + 3 * ‖euclideanRaiseGauge n f w‖ ^ 2 +
        3 * ‖euclideanLowerFromSuccGauge (n - 1) f w‖ ^ 2)) =
    ‖selectedCosetConformalScaleC q (selectedHeightBasePoint t y)‖ ^ 2 *
      (logHeightTraceBaseCoeff n *
            ‖fixedPhaseEuclideanGauge n u (selectedCosetAction q (selectedHeightBasePoint t y))‖ ^ 2 +
          3 *
            ‖fixedPhaseEuclideanGauge (n + 1) ((InverseEtaFixedPhaseCore.raise n) u)
                  (selectedCosetAction q (selectedHeightBasePoint t y))‖ ^
              2 +
        3 *
          ‖fixedPhaseEuclideanGauge (n - 1) ((InverseEtaFixedPhaseCore.lower n) u)
                (selectedCosetAction q (selectedHeightBasePoint t y))‖ ^
            2)

n : ℤ
q : GammaTwoRightCoset
u : InverseEtaFixedPhaseCore n
t y : ℝ
⊢ (have z := selectedHeightBasePoint (t, y).1 (t, y).2;
    have w := selectedCosetAction q z;
    have f := fixedPhaseEuclideanGauge n u;
    ‖selectedCosetConformalScaleC q z‖ ^ 2 *
      (logHeightTraceBaseCoeff n * ‖f w‖ ^ 2 + 3 * ‖euclideanRaiseGauge n f w‖ ^ 2 +
        3 * ‖euclideanLowerFromSuccGauge (n - 1) f w‖ ^ 2)) =
    ‖selectedCosetConformalScaleC q (selectedHeightBasePoint t y)‖ ^ 2 *
      (logHeightTraceBaseCoeff n *
            ‖fixedPhaseEuclideanGauge n u (selectedCosetAction q (selectedHeightBasePoint t y))‖ ^ 2 +
          3 *
            ‖fixedPhaseEuclideanGauge (n + 1) ((InverseEtaFixedPhaseCore.raise n) u)
                  (selectedCosetAction q (selectedHeightBasePoint t y))‖ ^
              2 +
        3 *
          ‖fixedPhaseEuclideanGauge (n - 1) ((InverseEtaFixedPhaseCore.lower n) u)
                (selectedCosetAction q (selectedHeightBasePoint t y))‖ ^
            2)
PrimalitySheafVerification/Mock2_FunctionalAnalysis.lean:35495:8: error: typeclass instance problem is stuck
  InnerProductSpace ?m.45 ↥(OrbitEuclideanL2 m)

Note: Lean will not try to resolve this typeclass instance problem because the first and third type arguments to `InnerProductSpace` are metavariables. These arguments must be fully determined before Lean will try to resolve the typeclass.

Hint: Adding type annotations and supplying implicit arguments to functions can give Lean more information for typeclass resolution. For example, if you have a variable `x` that you intend to be a `Nat`, but Lean reports it as having an unresolved type like `?m`, replacing `x` with `(x : Nat)` can get typeclass resolution un-stuck.
PrimalitySheafVerification/Mock2_FunctionalAnalysis.lean:35560:6: error: Tactic `rewrite` failed: Did not find an occurrence of the pattern
  ∫ (a : ℍ),
    ((fun x => ?m.113 * ‖fixedPhaseEuclideanGauge n u x‖ ^ 2) + fun x =>
          ?m.129 * ‖fixedPhaseEuclideanGauge (n + 1) ((InverseEtaFixedPhaseCore.raise n) u) x‖ ^ 2)
        a +
      ?m.136 *
        ‖fixedPhaseEuclideanGauge (n - 1) ((InverseEtaFixedPhaseCore.lower n) u) a‖ ^ 2 ∂chosenEuclideanCarrierMeasure
in the target expression
  ∫ (z : ℍ),
      logHeightTraceBaseCoeff n * ‖fixedPhaseEuclideanGauge n u z‖ ^ 2 +
          3 * ‖fixedPhaseEuclideanGauge (n + 1) ((InverseEtaFixedPhaseCore.raise n) u) z‖ ^ 2 +
        3 *
          ‖fixedPhaseEuclideanGauge (n - 1) ((InverseEtaFixedPhaseCore.lower n) u) z‖ ^
            2 ∂chosenEuclideanCarrierMeasure =
    logHeightTraceBaseCoeff n * ‖(l2Coordinate n) u‖ ^ 2 + 3 * ‖(raisedCoordinate n) u‖ ^ 2 +
      3 * ‖(loweredCoordinate n) u‖ ^ 2

n : ℤ
u : InverseEtaFixedPhaseCore n
hBase : Integrable (fun z => ‖fixedPhaseEuclideanGauge n u z‖ ^ 2) chosenEuclideanCarrierMeasure
hRaise :
  Integrable (fun z => ‖fixedPhaseEuclideanGauge (n + 1) ((InverseEtaFixedPhaseCore.raise n) u) z‖ ^ 2)
    chosenEuclideanCarrierMeasure
hLower :
  Integrable (fun z => ‖fixedPhaseEuclideanGauge (n - 1) ((InverseEtaFixedPhaseCore.lower n) u) z‖ ^ 2)
    chosenEuclideanCarrierMeasure
⊢ ∫ (z : ℍ),
      logHeightTraceBaseCoeff n * ‖fixedPhaseEuclideanGauge n u z‖ ^ 2 +
          3 * ‖fixedPhaseEuclideanGauge (n + 1) ((InverseEtaFixedPhaseCore.raise n) u) z‖ ^ 2 +
        3 *
          ‖fixedPhaseEuclideanGauge (n - 1) ((InverseEtaFixedPhaseCore.lower n) u) z‖ ^
            2 ∂chosenEuclideanCarrierMeasure =
    logHeightTraceBaseCoeff n * ‖(l2Coordinate n) u‖ ^ 2 + 3 * ‖(raisedCoordinate n) u‖ ^ 2 +
      3 * ‖(loweredCoordinate n) u‖ ^ 2
PrimalitySheafVerification/Mock2_FunctionalAnalysis.lean:35575:8: error: `fun_prop` was unable to prove `ContinuousOn (Complex.mk t) (Ioi 0)`

Issues:
  No theorems found for `Complex.mk` in order to prove `ContinuousOn (fun im => { re := t, im := im }) (Ioi 0)`
PrimalitySheafVerification/Mock2_FunctionalAnalysis.lean:35577:2: error: 'change' tactic failed, pattern
  0 < { re := t, im := y }.im
is not definitionally equal to target
  { re := t, im := y } ∈ UpperHalfPlane.ofComplex.source
PrimalitySheafVerification/Mock2_FunctionalAnalysis.lean:35653:8: error: Tactic `rewrite` failed: motive is not type correct:
  fun _a =>
    gammaTwoCosetRep q • { coe := { re := t, im := y }, coe_im_pos := hyPos } =
      gammaTwoCosetRep q • { coe := { re := t, im := _a }, coe_im_pos := ⋯ }
Error: Application type mismatch: The argument
  gammaTwoSelectedHorocycleParam._proof_1 y t
has type
  0 < { re := t, im := gammaTwoCuspLevel y }.im
but is expected to have type
  0 < { re := t, im := _a }.im
in the application
  { coe := { re := t, im := _a }, coe_im_pos := ⋯ }

Explanation: The rewrite tactic rewrites an expression 'e' using an equality 'a = b' by the following process. First, it looks for all 'a' in 'e'. Second, it tries to abstract these occurrences of 'a' to create a function 'm := fun _a => ...', called the *motive*, with the property that 'm a' is definitionally equal to 'e'. Third, we observe that 'congrArg' implies that 'm a = m b', which can be used with lemmas such as 'Eq.mpr' to change the goal. However, if 'e' depends on specific properties of 'a', then the motive 'm' might not typecheck.

Possible solutions: use rewrite's 'occs' configuration option to limit which occurrences are rewritten, or use 'simp' or 'conv' mode, which have strategies for certain kinds of dependencies (these tactics can handle proofs and 'Decidable' instances whose types depend on the rewritten term, and 'simp' can apply user-defined '@[congr]' theorems as well).

n : ℤ
q : GammaTwoRightCoset
u : InverseEtaFixedPhaseCore n
B₀ : ℝ
hB₀ : 1 < B₀
hZeroBase :
  ∀ (Z : ℝ),
    B₀ < Z →
      ∀ (q : GammaTwoRightCoset),
        ∀ t ∈ Icc (-(1 / 2)) (1 / 2), ↑↑u.toSmoothQuotientCompactFunction (gammaTwoSelectedHorocycleParam q Z t) = 0
B₁ : ℝ
hB₁ : 1 < B₁
hZeroRaise :
  ∀ (Z : ℝ),
    B₁ < Z →
      ∀ (q : GammaTwoRightCoset),
        ∀ t ∈ Icc (-(1 / 2)) (1 / 2),
          ↑↑((InverseEtaFixedPhaseCore.raise n) u).toSmoothQuotientCompactFunction
              (gammaTwoSelectedHorocycleParam q Z t) =
            0
B₂ : ℝ
hB₂ : 1 < B₂
hZeroLower :
  ∀ (Z : ℝ),
    B₂ < Z →
      ∀ (q : GammaTwoRightCoset),
        ∀ t ∈ Icc (-(1 / 2)) (1 / 2),
          ↑↑((InverseEtaFixedPhaseCore.lower n) u).toSmoothQuotientCompactFunction
              (gammaTwoSelectedHorocycleParam q Z t) =
            0
B : ℝ := max B₀ (max B₁ B₂)
hB : 1 < B
t : ℝ
ht : t ∈ Icc (-(1 / 2)) (1 / 2)
y : ℝ
hy : B < y
hB₀y : B₀ < y
hB₁y : B₁ < y
hB₂y : B₂ < y
hyOne : 1 ≤ y
hyPos : 0 < y
hlevel : gammaTwoCuspLevel y = y
⊢ gammaTwoCosetRep q • { coe := { re := t, im := y }, coe_im_pos := hyPos } =
    gammaTwoCosetRep q • { coe := { re := t, im := gammaTwoCuspLevel y }, coe_im_pos := ⋯ }
PrimalitySheafVerification/Mock2_FunctionalAnalysis.lean:35732:32: error: unsolved goals
n : ℤ
q : GammaTwoRightCoset
u : InverseEtaFixedPhaseCore n
t H : ℝ
ht : t ∈ Icc (-(1 / 2)) (1 / 2)
hH : 0 < H
g : ℝ → ℝ := fun y => selectedHeightGraphDensity n q u (t, y)
hg : ContinuousOn g (Ioi 0)
hcont : ContinuousOn (fun r => g (Real.exp r) * Real.exp r) (Ici (Real.log H))
B : ℝ
_hB : 1 < B
hZero : ∀ t ∈ Icc (-(1 / 2)) (1 / 2), ∀ (y : ℝ), B < y → selectedHeightGraphDensity n q u (t, y) = 0
hExpEventually : ∀ᶠ (r : ℝ) in atTop, B < Real.exp r
r : ℝ
hr : B < Real.exp r
⊢ 0 = 0 r
PrimalitySheafVerification/Mock2_FunctionalAnalysis.lean:35830:8: error: `fun_prop` was unable to prove `ContinuousOn (fun p => { re := p.1, im := p.2 }) (univ ×ˢ Ioi 0)`

Issues:
  No theorems found for `Complex.mk` in order to prove `ContinuousOn (fun p => { re := p.1, im := p.2 }) (univ ×ˢ Ioi 0)`
PrimalitySheafVerification/Mock2_FunctionalAnalysis.lean:35832:2: error: 'change' tactic failed, pattern
  0 < { re := p.1, im := p.2 }.im
is not definitionally equal to target
  (fun p => { re := p.1, im := p.2 }) p ∈ UpperHalfPlane.ofComplex.source
PrimalitySheafVerification/Mock2_FunctionalAnalysis.lean:35957:2: error: 'change' tactic failed, pattern
  ∫ (p : ℝ × ℝ), selectedHeightGraphDensity n q u p ∂μ.prod ν =
    ∫ (t : ℝ), ∫ (y : ℝ), selectedHeightGraphDensity n q u (t, y) ∂ν ∂μ
is not definitionally equal to target
  ∫ (p : ℝ × ℝ) in Icc (-(1 / 2)) (1 / 2) ×ˢ Ioi H, selectedHeightGraphDensity n q u p ∂volume.prod volume =
    ∫ (t : ℝ) in Icc (-(1 / 2)) (1 / 2), ∫ (y : ℝ) in Ioi H, selectedHeightGraphDensity n q u (t, y)
PrimalitySheafVerification/Mock2_FunctionalAnalysis.lean:36025:4: error: Type mismatch: After simplification, term
  hp
 has type
  p ∈ Icc (-(1 / 2)) (1 / 2) ×ˢ Ioi H
but is expected to have type
  { coe := { re := p.1, im := p.2 }, coe_im_pos := ⋯ }.re ∈ Icc (-(1 / 2)) (1 / 2) ∧
    H < { coe := { re := p.1, im := p.2 }, coe_im_pos := ⋯ }.im
PrimalitySheafVerification/Mock2_FunctionalAnalysis.lean:36026:2: error: unsolved goals
case h₂.a
H : ℝ
hH : 0 < H
z : ℍ
hz : z.re ∈ Icc (-(1 / 2)) (1 / 2) ∧ H < z.im
⊢ z.re = (↑z).re

case h₂.a
H : ℝ
hH : 0 < H
z : ℍ
hz : z.re ∈ Icc (-(1 / 2)) (1 / 2) ∧ H < z.im
⊢ z.im = (↑z).im
PrimalitySheafVerification/Mock2_FunctionalAnalysis.lean:36044:4: error: linarith failed to find a contradiction
case left
H : ℝ
hH : 1 ≤ H
z : ℍ
hz : z.re ∈ Icc (-(1 / 2)) (1 / 2) ∧ H < z.im
hy : 1 < z.im
a✝ : (↑z).re * (↑z).re + (↑z).im * (↑z).im < 1
⊢ False
failed
PrimalitySheafVerification/Mock2_FunctionalAnalysis.lean:36111:2: error: Type mismatch: After simplification, term
  fixedPhaseEuclideanGraphDensity_integrable n u
 has type
  Integrable (fixedPhaseEuclideanGraphDensity n u) chosenEuclideanCarrierMeasure
but is expected to have type
  Integrable (ambientFixedPhaseEuclideanGraphDensity n u ∘ UpperHalfPlane.coe) chosenEuclideanCarrierMeasure
PrimalitySheafVerification/Mock2_FunctionalAnalysis.lean:36184:8: error: Tactic `rewrite` failed: Did not find an occurrence of the pattern
  selectedCosetAmbientMap ?q ↑?z
in the target expression
  G ↑z =
    (fun x =>
        |(UpperHalfPlane.smulFDeriv (selectedCosetGL q) x).det| •
          ambientFixedPhaseEuclideanGraphDensity n u (selectedCosetAmbientMap q x))
      ↑z

n : ℤ
q : GammaTwoRightCoset
u : InverseEtaFixedPhaseCore n
H : ℝ
hH : 0 < H
A : Set (ℝ × ℝ) := Icc (-(1 / 2)) (1 / 2) ×ˢ Ioi H
B : Set ℍ := selectedBaseCuspStrip H
e : ℝ × ℝ ≃ᵐ ℂ := Complex.measurableEquivRealProd.symm
G : ℂ → ℝ := fun w => selectedHeightGraphDensity n q u (w.re, w.im)
hCoordinate : ∫ (p : ℝ × ℝ) in A, selectedHeightGraphDensity n q u p ∂volume.prod volume = ∫ (w : ℂ) in ⇑e '' A, G w
hAmbientImage : ⇑e '' A = UpperHalfPlane.coe '' B
z : ℍ
_hz : z ∈ selectedBaseCuspStrip H
⊢ G ↑z =
    (fun x =>
        |(UpperHalfPlane.smulFDeriv (selectedCosetGL q) x).det| •
          ambientFixedPhaseEuclideanGraphDensity n u (selectedCosetAmbientMap q x))
      ↑z
PrimalitySheafVerification/Mock2_FunctionalAnalysis.lean:36313:6: error(lean.synthInstanceFailed): failed to synthesize instance of type class
  AddCommGroup (InverseEtaFixedPhaseCore n)

Hint: Type class instance resolution failures can be inspected with the `set_option trace.Meta.synthInstance true` command.
PrimalitySheafVerification/Mock2_FunctionalAnalysis.lean:36416:8: error(lean.synthInstanceFailed): failed to synthesize instance of type class
  AddCommGroup (InverseEtaFixedPhaseCore n)

Hint: Type class instance resolution failures can be inspected with the `set_option trace.Meta.synthInstance true` command.
PrimalitySheafVerification/Mock2_FunctionalAnalysis.lean:36432:8: error(lean.synthInstanceFailed): failed to synthesize instance of type class
  AddCommGroup (InverseEtaFixedPhaseCore n)

Hint: Type class instance resolution failures can be inspected with the `set_option trace.Meta.synthInstance true` command.
PrimalitySheafVerification/Mock2_FunctionalAnalysis.lean:36449:45: error: Application type mismatch: The argument
  coreMap n
has type
  @LinearMap ℂ ℂ Complex.instSemiring Complex.instSemiring (RingHom.id ℂ) (InverseEtaFixedPhaseCore n)
    (GraphSobolevCompletion n) (inverseEtaFixedPhaseStableCoreSubmodule n).addCommMonoid
    UniformSpace.Completion.instAddCommGroup.toAddCommMonoid (fixedPhaseGraphCoreModule n)
    UniformSpace.Completion.instModule
but is expected to have type
  @LinearMap ℂ ℂ DivisionRing.toDivisionSemiring.toSemiring DivisionRing.toDivisionSemiring.toSemiring (RingHom.id ℂ)
    ?m.18 (GraphSobolevCompletion n) AddCommGroup.toAddCommMonoid
    NormedAddCommGroup.toSeminormedAddCommGroup.toAddCommMonoid ?m.27 UniformSpace.Completion.instModule
in the application
  LinearMap.extendOfNorm ?m.33 (coreMap n)
PrimalitySheafVerification/Mock2_FunctionalAnalysis.lean:36458:35: error: (deterministic) timeout at `whnf`, maximum number of heartbeats (200000) has been reached

Note: Use `set_option maxHeartbeats <num>` to set the limit.

Hint: Additional diagnostic information may be available using the `set_option diagnostics true` command.
PrimalitySheafVerification/Mock2_FunctionalAnalysis.lean:36468:5: error: (deterministic) timeout at `whnf`, maximum number of heartbeats (200000) has been reached

Note: Use `set_option maxHeartbeats <num>` to set the limit.

Hint: Additional diagnostic information may be available using the `set_option diagnostics true` command.
PrimalitySheafVerification/Mock2_FunctionalAnalysis.lean:36475:5: error: (deterministic) timeout at `whnf`, maximum number of heartbeats (200000) has been reached

Note: Use `set_option maxHeartbeats <num>` to set the limit.

Hint: Additional diagnostic information may be available using the `set_option diagnostics true` command.
PrimalitySheafVerification/Mock2_FunctionalAnalysis.lean:36532:8: error: No goals to be solved
PrimalitySheafVerification/Mock2_FunctionalAnalysis.lean:36673:4: error: Application type mismatch: The argument
  Tendsto.mul_const ‖x‖ (completedSelectedCuspTraceFamily_opNorm_tendsto_zero n q C hC hEstimate hCZero)
has type
  Tendsto (fun x_1 => ‖completedSelectedCuspTraceFamily n q C hC hEstimate x_1‖ * ‖x‖) atTop (𝓝 (0 * ‖x‖))
but is expected to have type
  Tendsto (fun Y => ‖completedSelectedCuspTraceFamily n q C hC hEstimate Y‖ * ‖x‖) atTop (𝓝 0)
in the application
  squeeze_zero (fun Y => norm_nonneg ((completedSelectedCuspTraceFamily n q C hC hEstimate Y) x))
    (fun Y => ContinuousLinearMap.le_opNorm (completedSelectedCuspTraceFamily n q C hC hEstimate Y) x)
    (Tendsto.mul_const ‖x‖ (completedSelectedCuspTraceFamily_opNorm_tendsto_zero n q C hC hEstimate hCZero))
PrimalitySheafVerification/Mock2_FunctionalAnalysis.lean:36734:14: error: typeclass instance problem is stuck
  InnerProductSpace ?m.61 F

Note: Lean will not try to resolve this typeclass instance problem because the first and third type arguments to `InnerProductSpace` are metavariables. These arguments must be fully determined before Lean will try to resolve the typeclass.

Hint: Adding type annotations and supplying implicit arguments to functions can give Lean more information for typeclass resolution. For example, if you have a variable `x` that you intend to be a `Nat`, but Lean reports it as having an unresolved type like `?m`, replacing `x` with `(x : Nat)` can get typeclass resolution un-stuck.
'Mock2FA.PaperCorrections.AutomorphicSobolev.FixedPhaseHorocycleTrace.gammaTwoSelectedHorocycleParam_continuous' depends on axioms: [propext,
 sorryAx,
 Classical.choice,
 Quot.sound]
'Mock2FA.PaperCorrections.AutomorphicSobolev.FixedPhaseHorocycleTrace.selectedCuspRestrictionRepresentative_memLp' depends on axioms: [propext,
 sorryAx,
 Classical.choice,
 Quot.sound]
'Mock2FA.PaperCorrections.AutomorphicSobolev.FixedPhaseHorocycleTrace.selectedCuspCoreTrace' depends on axioms: [propext,
 sorryAx,
 Classical.choice,
 Quot.sound]
'Mock2FA.PaperCorrections.AutomorphicSobolev.FixedPhaseHorocycleTrace.fixedPhaseCore_eventually_selectedCuspCoreTrace_eq_zero' depends on axioms: [propext,
 sorryAx,
 Classical.choice,
 Quot.sound]
'Mock2FA.PaperCorrections.AutomorphicSobolev.FixedPhaseHorocycleTrace.compactSupport_norm_le_integral_Ioi_deriv' depends on axioms: [propext,
 Classical.choice,
 Quot.sound]
'Mock2FA.PaperCorrections.AutomorphicSobolev.FixedPhaseHorocycleTrace.dy_eq_half_raiseRaw_add_lowerRaw_div_sub_base' depends on axioms: [propext,
 Classical.choice,
 Quot.sound]
'Mock2FA.PaperCorrections.AutomorphicSobolev.FixedPhaseHorocycleTrace.height_mul_dy_eq_half_euclideanRaise_add_lower_sub' depends on axioms: [propext,
 Classical.choice,
 Quot.sound]
'Mock2FA.PaperCorrections.AutomorphicSobolev.FixedPhaseHorocycleTrace.integral_exp_mul_selectedHeightGraphDensity_Ioi_log' depends on axioms: [propext,
 sorryAx,
 Classical.choice,
 Quot.sound]
'Mock2FA.PaperCorrections.AutomorphicSobolev.FixedPhaseHorocycleTrace.integral_selectedHeightGraphDensity_strip_eq_selectedImage' depends on axioms: [propext,
 sorryAx,
 Classical.choice,
 Quot.sound]
'Mock2FA.PaperCorrections.AutomorphicSobolev.FixedPhaseHorocycleTrace.norm_selectedCuspCoreTrace_sq_le_coreMap' depends on axioms: [propext,
 sorryAx,
 Classical.choice,
 Quot.sound]
'Mock2FA.PaperCorrections.AutomorphicSobolev.FixedPhaseHorocycleTrace.uniformSelectedCuspCoreGraphTraceEstimate' depends on axioms: [propext,
 sorryAx,
 Classical.choice,
 Quot.sound]
'Mock2FA.PaperCorrections.AutomorphicSobolev.FixedPhaseHorocycleTrace.unconditionalCompletedSelectedCuspTrace_tendsto_zero' depends on axioms: [propext,
 sorryAx,
 Classical.choice,
 Quot.sound]
'Mock2FA.PaperCorrections.AutomorphicSobolev.FixedPhaseHorocycleTrace.completedSelectedCuspTrace_core' depends on axioms: [propext,
 sorryAx,
 Classical.choice,
 Quot.sound]
'Mock2FA.PaperCorrections.AutomorphicSobolev.FixedPhaseHorocycleTrace.completedSelectedCuspTraceUniformFamily_tendsto_zero' depends on axioms: [propext,
 sorryAx,
 Classical.choice,
 Quot.sound]
'Mock2FA.PaperCorrections.AutomorphicSobolev.FixedPhaseHorocycleTrace.completedSelectedCuspTraceFamily_tendsto_zero' depends on axioms: [propext,
 sorryAx,
 Classical.choice,
 Quot.sound]
'Mock2FA.PaperCorrections.AutomorphicSobolev.FixedPhaseHorocycleTrace.hasCofinalTraceVanishingSubsequence_of_fullLimit' depends on axioms: [propext,
 Classical.choice,
 Quot.sound]
Try this:
  [apply] ring_nf
  
  The `ring` tactic failed to close the goal. Use `ring_nf` to obtain a normal form.
    
  Note that `ring` works primarily in *commutative* rings. If you have a noncommutative ring, abelian group or module, consider using `noncomm_ring`, `abel` or `module` instead.
PrimalitySheafVerification/Mock2_FunctionalAnalysis.lean:37035:133: error: unsolved goals
n : ℤ
u : HalfWeightDifferentialOperators.InverseEtaFixedPhaseCore (n + 1)
v : PhysicalLocalL2.AmbientTestCore
hEq :
  EqOn (SmoothCompactCoreGeometry.upperLift (PhysicalLocalL2.fixedPhaseEuclideanGauge (n + 1) u)) (⇑v)
    PhysicalLocalL2.ambientGammaTwoOpenCarrier
z : ℍ
hz : ↑z ∈ PhysicalLocalL2.ambientGammaTwoOpenCarrier
hx :
  HalfWeightDifferentialOperators.dx (PhysicalLocalL2.fixedPhaseEuclideanGauge (n + 1) u) z =
    (HalfWeightCompactCoordinateGreen.dx v) ↑z
hy :
  HalfWeightDifferentialOperators.dy (PhysicalLocalL2.fixedPhaseEuclideanGauge (n + 1) u) z =
    (HalfWeightCompactCoordinateGreen.dy v) ↑z
hv : PhysicalLocalL2.fixedPhaseEuclideanGauge (n + 1) u z = v ↑z
⊢ Complex.I * ↑z.im * (HalfWeightCompactCoordinateGreen.dx v) ↑z - ↑z.im * (HalfWeightCompactCoordinateGreen.dy v) ↑z +
      ↑(1 + PhysicalLocalL2.euclideanGaugeExponent n) * v ↑z =
    Complex.I * (HalfWeightCompactCoordinateGreen.dx v) ↑z * ↑(↑z).im -
        (HalfWeightCompactCoordinateGreen.dy v) ↑z * ↑(↑z).im +
      ↑(1 + PhysicalLocalL2.euclideanGaugeExponent n) * v ↑z
Try this:
  [apply] ring_nf
  
  The `ring` tactic failed to close the goal. Use `ring_nf` to obtain a normal form.
    
  Note that `ring` works primarily in *commutative* rings. If you have a noncommutative ring, abelian group or module, consider using `noncomm_ring`, `abel` or `module` instead.
PrimalitySheafVerification/Mock2_FunctionalAnalysis.lean:37063:141: error: unsolved goals
n : ℤ
u : HalfWeightDifferentialOperators.InverseEtaFixedPhaseCore n
v : PhysicalLocalL2.AmbientTestCore
hEq :
  EqOn (SmoothCompactCoreGeometry.upperLift (PhysicalLocalL2.fixedPhaseEuclideanGauge n u)) (⇑v)
    PhysicalLocalL2.ambientGammaTwoOpenCarrier
z : ℍ
hz : ↑z ∈ PhysicalLocalL2.ambientGammaTwoOpenCarrier
hx :
  HalfWeightDifferentialOperators.dx (PhysicalLocalL2.fixedPhaseEuclideanGauge n u) z =
    (HalfWeightCompactCoordinateGreen.dx v) ↑z
hy :
  HalfWeightDifferentialOperators.dy (PhysicalLocalL2.fixedPhaseEuclideanGauge n u) z =
    (HalfWeightCompactCoordinateGreen.dy v) ↑z
hv : PhysicalLocalL2.fixedPhaseEuclideanGauge n u z = v ↑z
⊢ -(Complex.I * ↑z.im * (HalfWeightCompactCoordinateGreen.dx v) ↑z) -
        ↑z.im * (HalfWeightCompactCoordinateGreen.dy v) ↑z -
      ↑(2 + PhysicalLocalL2.euclideanGaugeExponent n) * v ↑z =
    -(Complex.I * (HalfWeightCompactCoordinateGreen.dx v) ↑z * ↑(↑z).im) -
        (HalfWeightCompactCoordinateGreen.dy v) ↑z * ↑(↑z).im -
      ↑(2 + PhysicalLocalL2.euclideanGaugeExponent n) * v ↑z
PrimalitySheafVerification/Mock2_FunctionalAnalysis.lean:37069:4: warning: This simp argument is unused:
  add_apply

Hint: Omit it from the simp argument list.
  [apply] simp only [Mock2FA.PaperCorrections.AutomorphicSobolev.FixedPhaseClosedOperators.PhysicalLocalL2.euclideanRaiseGauge,
    Mock2FA.PaperCorrections.AutomorphicSobolev.FixedPhaseClosedOperators.PhysicalLocalL2.euclideanLowerFromSuccTestAdjoint,
    sub_apply, smul_apply, HalfWeightCompactCoordinateGreen.rpowMul_apply, HalfWeightCompactCoordinateGreen.rpowScale,
    Real.rpow_one, HalfWeightDifferentialOperators.heightC, smul_eq_mul]

Note: This linter can be disabled with `set_option linter.unusedSimpArgs false`
PrimalitySheafVerification/Mock2_FunctionalAnalysis.lean:37127:13: error: Tactic `rewrite` failed: Did not find an occurrence of the pattern
  ↑↑((PhysicalLocalL2.orbitPeterssonEuclideanEmbedding n)
          ((l2Coordinate n) ((HalfWeightDifferentialOperators.InverseEtaFixedPhaseCore.lowerFromSucc n) u)))
    z
in the target expression
  (-↑↑((PhysicalLocalL2.orbitPeterssonEuclideanEmbedding n)
              ((l2Coordinate n) ((HalfWeightDifferentialOperators.InverseEtaFixedPhaseCore.lowerFromSucc n) u))))
      z =
    ↑↑(PhysicalLocalL2.ambientTestCoreToCarrierL2 n (PhysicalLocalL2.euclideanRaiseTestAdjoint n v)) z

n : ℤ
u : HalfWeightDifferentialOperators.InverseEtaFixedPhaseCore (n + 1)
v : PhysicalLocalL2.AmbientTestCore
hEq :
  EqOn (SmoothCompactCoreGeometry.upperLift (PhysicalLocalL2.fixedPhaseEuclideanGauge (n + 1) u)) (⇑v)
    PhysicalLocalL2.ambientGammaTwoOpenCarrier
z : ℍ
hzNeg :
  ↑↑(-(PhysicalLocalL2.orbitPeterssonEuclideanEmbedding n)
              ((l2Coordinate n) ((HalfWeightDifferentialOperators.InverseEtaFixedPhaseCore.lowerFromSucc n) u)))
      z =
    (-↑↑((PhysicalLocalL2.orbitPeterssonEuclideanEmbedding n)
              ((l2Coordinate n) ((HalfWeightDifferentialOperators.InverseEtaFixedPhaseCore.lowerFromSucc n) u))))
      z
hzPhysical :
  ↑↑((PhysicalLocalL2.orbitPeterssonEuclideanEmbedding n)
            ((l2Coordinate n) ((HalfWeightDifferentialOperators.InverseEtaFixedPhaseCore.lowerFromSucc n) u)))
      z =
    PhysicalLocalL2.fixedPhaseEuclideanGauge n
      ((HalfWeightDifferentialOperators.InverseEtaFixedPhaseCore.lowerFromSucc n) u) z
hzTest :
  ↑↑(PhysicalLocalL2.ambientTestCoreToCarrierL2 n (PhysicalLocalL2.euclideanRaiseTestAdjoint n v)) z =
    (PhysicalLocalL2.euclideanRaiseTestAdjoint n v) ↑z
hzOpen : z ∈ GammaTwoQuotientGeometry.gammaTwoOpenCarrier
⊢ (-↑↑((PhysicalLocalL2.orbitPeterssonEuclideanEmbedding n)
              ((l2Coordinate n) ((HalfWeightDifferentialOperators.InverseEtaFixedPhaseCore.lowerFromSucc n) u))))
      z =
    ↑↑(PhysicalLocalL2.ambientTestCoreToCarrierL2 n (PhysicalLocalL2.euclideanRaiseTestAdjoint n v)) z
PrimalitySheafVerification/Mock2_FunctionalAnalysis.lean:37159:13: error: Tactic `rewrite` failed: Did not find an occurrence of the pattern
  ↑↑((PhysicalLocalL2.orbitPeterssonEuclideanEmbedding (n + 1))
          ((l2Coordinate (n + 1)) ((HalfWeightDifferentialOperators.InverseEtaFixedPhaseCore.raise n) u)))
    z
in the target expression
  (-↑↑((PhysicalLocalL2.orbitPeterssonEuclideanEmbedding (n + 1))
              ((l2Coordinate (n + 1)) ((HalfWeightDifferentialOperators.InverseEtaFixedPhaseCore.raise n) u))))
      z =
    ↑↑(PhysicalLocalL2.ambientTestCoreToCarrierL2 (n + 1) (PhysicalLocalL2.euclideanLowerFromSuccTestAdjoint n v)) z

n : ℤ
u : HalfWeightDifferentialOperators.InverseEtaFixedPhaseCore n
v : PhysicalLocalL2.AmbientTestCore
hEq :
  EqOn (SmoothCompactCoreGeometry.upperLift (PhysicalLocalL2.fixedPhaseEuclideanGauge n u)) (⇑v)
    PhysicalLocalL2.ambientGammaTwoOpenCarrier
z : ℍ
hzNeg :
  ↑↑(-(PhysicalLocalL2.orbitPeterssonEuclideanEmbedding (n + 1))
              ((l2Coordinate (n + 1)) ((HalfWeightDifferentialOperators.InverseEtaFixedPhaseCore.raise n) u)))
      z =
    (-↑↑((PhysicalLocalL2.orbitPeterssonEuclideanEmbedding (n + 1))
              ((l2Coordinate (n + 1)) ((HalfWeightDifferentialOperators.InverseEtaFixedPhaseCore.raise n) u))))
      z
hzPhysical :
  ↑↑((PhysicalLocalL2.orbitPeterssonEuclideanEmbedding (n + 1))
            ((l2Coordinate (n + 1)) ((HalfWeightDifferentialOperators.InverseEtaFixedPhaseCore.raise n) u)))
      z =
    PhysicalLocalL2.fixedPhaseEuclideanGauge (n + 1)
      ((HalfWeightDifferentialOperators.InverseEtaFixedPhaseCore.raise n) u) z
hzTest :
  ↑↑(PhysicalLocalL2.ambientTestCoreToCarrierL2 (n + 1) (PhysicalLocalL2.euclideanLowerFromSuccTestAdjoint n v)) z =
    (PhysicalLocalL2.euclideanLowerFromSuccTestAdjoint n v) ↑z
hzOpen : z ∈ GammaTwoQuotientGeometry.gammaTwoOpenCarrier
⊢ (-↑↑((PhysicalLocalL2.orbitPeterssonEuclideanEmbedding (n + 1))
              ((l2Coordinate (n + 1)) ((HalfWeightDifferentialOperators.InverseEtaFixedPhaseCore.raise n) u))))
      z =
    ↑↑(PhysicalLocalL2.ambientTestCoreToCarrierL2 (n + 1) (PhysicalLocalL2.euclideanLowerFromSuccTestAdjoint n v)) z
PrimalitySheafVerification/Mock2_FunctionalAnalysis.lean:37202:4: error: Type mismatch: After simplification, term
  hFormal
 has type
  ⟪p.2, (l2Coordinate (n + 1)) u⟫_ℂ = ⟪p.1, ↑(-physicalLowerFromSucc n) ((l2CoreRangeEquiv (n + 1)) u)⟫_ℂ
but is expected to have type
  ⟪p.2, (l2Coordinate (n + 1)) u⟫_ℂ = ⟪p.1, -(lowerFromSuccCoordinate n) u⟫_ℂ
PrimalitySheafVerification/Mock2_FunctionalAnalysis.lean:37250:4: error: Type mismatch: After simplification, term
  hFormal
 has type
  ⟪p.2, (l2Coordinate n) u⟫_ℂ = ⟪p.1, ↑(-physicalRaise n) ((l2CoreRangeEquiv n) u)⟫_ℂ
but is expected to have type
  ⟪p.2, (l2Coordinate n) u⟫_ℂ = ⟪p.1, -(raisedCoordinate n) u⟫_ℂ
'Mock2FA.PaperCorrections.AutomorphicSobolev.FixedPhaseEssentialCoreRoute.hasSequentialGraphCore_of_localization_of_regularization' depends on axioms: [propext,
 Classical.choice,
 Quot.sound]
'Mock2FA.PaperCorrections.AutomorphicSobolev.FixedPhaseEssentialCoreRoute.physicalRaise_graph_isEuclideanRaisingWeakGraphAt' depends on axioms: [propext,
 Classical.choice,
 Quot.sound]
'Mock2FA.PaperCorrections.AutomorphicSobolev.FixedPhaseEssentialCoreRoute.physicalLowerFromSucc_graph_isEuclideanLoweringWeakGraphAt' depends on axioms: [propext,
 Classical.choice,
 Quot.sound]
'Mock2FA.PaperCorrections.AutomorphicSobolev.FixedPhaseEssentialCoreRoute.dx_periodizedGauge_eq_ambientTest' depends on axioms: [propext,
 Classical.choice,
 Quot.sound]
'Mock2FA.PaperCorrections.AutomorphicSobolev.FixedPhaseEssentialCoreRoute.dy_periodizedGauge_eq_ambientTest' depends on axioms: [propext,
 Classical.choice,
 Quot.sound]
'Mock2FA.PaperCorrections.AutomorphicSobolev.FixedPhaseEssentialCoreRoute.embedded_neg_lowerFromSuccCoordinate_eq_raiseTestAdjoint' depends on axioms: [propext,
 sorryAx,
 Classical.choice,
 Quot.sound]
'Mock2FA.PaperCorrections.AutomorphicSobolev.FixedPhaseEssentialCoreRoute.embedded_neg_raisedCoordinate_eq_lowerFromSuccTestAdjoint' depends on axioms: [propext,
 sorryAx,
 Classical.choice,
 Quot.sound]
'Mock2FA.PaperCorrections.AutomorphicSobolev.FixedPhaseEssentialCoreRoute.raisingMaximalAdjointWeakMaassIdentificationAt_of_periodization' depends on axioms: [propext,
 sorryAx,
 Classical.choice,
 Quot.sound]
'Mock2FA.PaperCorrections.AutomorphicSobolev.FixedPhaseEssentialCoreRoute.loweringMaximalAdjointWeakMaassIdentificationAt_of_periodization' depends on axioms: [propext,
 sorryAx,
 Classical.choice,
 Quot.sound]
'Mock2FA.PaperCorrections.AutomorphicSobolev.FixedPhaseEssentialCoreRoute.raisingMaximalAdjointSequentialApproximationAt_of_analyticRoute' depends on axioms: [propext,
 Classical.choice,
 Quot.sound]
'Mock2FA.PaperCorrections.AutomorphicSobolev.FixedPhaseEssentialCoreRoute.loweringMaximalAdjointSequentialApproximationAt_of_analyticRoute' depends on axioms: [propext,
 Classical.choice,
 Quot.sound]
'Mock2FA.PaperCorrections.AutomorphicSobolev.FixedPhaseEssentialCoreRoute.strongCrossAdjointAt_of_weakMaass_cutoff_Friedrichs' depends on axioms: [propext,
 sorryAx,
 Classical.choice,
 Quot.sound]
'Mock2FA.PaperCorrections.AutomorphicSobolev.FixedPhaseEssentialCoreRoute.strongCrossAdjointAt_of_periodization_cutoff_Friedrichs' depends on axioms: [propext,
 sorryAx,
 Classical.choice,
 Quot.sound]
PrimalitySheafVerification/Mock2_FunctionalAnalysis.lean:37569:4: error: Type mismatch: After simplification, term
  h
 has type
  @Eq ℍ (gamma • gammaTwoKernelTestPoint) gammaTwoKernelTestPoint
but is expected to have type
  @Eq ℍ (↑gamma • gammaTwoKernelTestPoint) gammaTwoKernelTestPoint
PrimalitySheafVerification/Mock2_FunctionalAnalysis.lean:37604:4: error: Tactic `rewrite` failed: Did not find an occurrence of the pattern
  inverseEtaPaperOrbitDenom gammaTwoCentralNegOne ?z
in the target expression
  1 *
      UpperHalfPlane.denom
          (Matrix.SpecialLinearGroup.toGL ((Matrix.SpecialLinearGroup.map (Int.castRingHom ℝ)) ↑gammaTwoCentralNegOne))
          ↑z ^
        (2 * m) =
    1

m : ℤ
z : ℍ
heven : (-1) ^ (2 * m) = 1
⊢ 1 *
      UpperHalfPlane.denom
          (Matrix.SpecialLinearGroup.toGL ((Matrix.SpecialLinearGroup.map (Int.castRingHom ℝ)) ↑gammaTwoCentralNegOne))
          ↑z ^
        (2 * m) =
    1
PrimalitySheafVerification/Mock2_FunctionalAnalysis.lean:37680:46: warning: This simp argument is unused:
  Function.comp_def

Hint: Omit it from the simp argument list.
  [apply] simp [upperLift, gammaTwoPeriodizationSeed, UpperHalfPlane.ofComplex_apply_of_im_pos hw]

Note: This linter can be disabled with `set_option linter.unusedSimpArgs false`
PrimalitySheafVerification/Mock2_FunctionalAnalysis.lean:37699:4: error: Type mismatch: After simplification, term
  gammaTwoMoebiusCoordinate_realSmooth gamma
 has type
  @ContDiffOn ℝ DenselyNormedField.toNontriviallyNormedField ℂ Complex.instNormedAddCommGroup
    instInnerProductSpaceRealComplex.toNormedSpace ℂ Complex.instNormedAddCommGroup
    instInnerProductSpaceRealComplex.toNormedSpace ∞
    (fun x => gammaTwoMoebiusCoordinate gamma (↑UpperHalfPlane.ofComplex x)) UpperHalfPlane.upperHalfPlaneSet
but is expected to have type
  @ContDiffOn ℝ DenselyNormedField.toNontriviallyNormedField ℂ Complex.instNormedAddCommGroup
    instInnerProductSpaceRealComplex.toNormedSpace ℂ Complex.instNormedAddCommGroup
    instInnerProductSpaceRealComplex.toNormedSpace ∞ (gammaTwoMoebiusChart gamma) UpperHalfPlane.upperHalfPlaneSet
PrimalitySheafVerification/Mock2_FunctionalAnalysis.lean:37721:53: error(lean.invalidField): Invalid field `comp_gammaTwo_smul`: The environment does not contain `Function.comp_gammaTwo_smul`, so it is not possible to project the field `comp_gammaTwo_smul` from an expression
  inverseEtaPaperOrbitFactor_realSmooth m gamma
of type
  ∀ x ∈ UpperHalfPlane.upperHalfPlaneSet,
    ContDiffWithinAt ℝ ∞ (upperLift (inverseEtaPaperOrbitFactor m gamma)) UpperHalfPlane.upperHalfPlaneSet x
PrimalitySheafVerification/Mock2_FunctionalAnalysis.lean:37730:53: error: unsolved goals
m : ℤ
v : AmbientTestCore
gamma : ↥GammaTwo
z : ℍ
hz : z ∈ support (gammaTwoPeriodizationTerm m v gamma)
hzero : gammaTwoPeriodizationSeed m v (↑gamma⁻¹ • z) = 0
⊢ ((ModularForm.eta
            ↑((Matrix.SpecialLinearGroup.toGL ((Matrix.SpecialLinearGroup.map (Int.castRingHom ℝ)) ↑gamma))⁻¹ • z) =
          0 ∨
        ModularForm.eta ↑z = 0) ∨
      inverseEtaPaperOrbitDenom gamma
            ((Matrix.SpecialLinearGroup.toGL ((Matrix.SpecialLinearGroup.map (Int.castRingHom ℝ)) ↑gamma))⁻¹ • z) ^
          (2 * m) =
        0) ∨
    ((Matrix.SpecialLinearGroup.toGL ((Matrix.SpecialLinearGroup.map (Int.castRingHom ℝ)) ↑gamma))⁻¹ • z).im ^
          (-euclideanGaugeExponent m) =
        0 ∨
      v ↑((Matrix.SpecialLinearGroup.toGL ((Matrix.SpecialLinearGroup.map (Int.castRingHom ℝ)) ↑gamma))⁻¹ • z) = 0
PrimalitySheafVerification/Mock2_FunctionalAnalysis.lean:37739:26: error: Application type mismatch: The argument
  hseed
has type
  gammaTwoPeriodizationSeed m v (↑gamma⁻¹ • z) ≠ 0
of sort `Prop` but is expected to have type
  ?m.80 → ?m.81
of sort `Type (max ?u.64 ?u.65)` in the application
  subset_tsupport hseed
PrimalitySheafVerification/Mock2_FunctionalAnalysis.lean:37740:2: error: unsolved goals
case refine_2
m : ℤ
v : AmbientTestCore
gamma : ↥GammaTwo
z : ℍ
hz : z ∈ support (gammaTwoPeriodizationTerm m v gamma)
hseed : gammaTwoPeriodizationSeed m v (↑gamma⁻¹ • z) ≠ 0
⊢ gamma • (Matrix.SpecialLinearGroup.toGL ((Matrix.SpecialLinearGroup.map (Int.castRingHom ℝ)) ↑gamma))⁻¹ • z = z
PrimalitySheafVerification/Mock2_FunctionalAnalysis.lean:37733:37: warning: This simp argument is unused:
  hzero

Hint: Omit it from the simp argument list.
  [apply] simp [gammaTwoPeriodizationTerm]

Note: This linter can be disabled with `set_option linter.unusedSimpArgs false`
PrimalitySheafVerification/Mock2_FunctionalAnalysis.lean:37776:8: error: Tactic `rewrite` failed: Did not find an occurrence of the pattern
  ?m.166 ∈ htfinite.toFinset
in the target expression
  i ∈ ↑I

iota : Type u_1
f : iota → ℍ → ℂ
hlocal : LocallyFinite fun i => support (f i)
hsmooth : ∀ (i : iota), RealSmooth (f i)
w : ℂ
hw : w ∈ UpperHalfPlane.upperHalfPlaneSet
z : ℍ := { coe := w, coe_im_pos := hw }
t : Set ℍ
htnhds : t ∈ 𝓝 z
htfinite : {i | ((fun i => support (f i)) i ∩ t).Nonempty}.Finite
U : Set ℍ
hUt : U ⊆ t
hUopen : IsOpen U
hzU : z ∈ U
I : Finset iota := htfinite.toFinset
hAmbientNhds : UpperHalfPlane.coe '' U ∈ 𝓝 ↑z
x : ℍ
hxU : x ∈ U
i : iota
hi : i ∈ support fun i => f i x
⊢ i ∈ ↑I
PrimalitySheafVerification/Mock2_FunctionalAnalysis.lean:37803:2: error: Type mismatch: After simplification, term
  RealSmooth.const_complex_smul (1 / 2) hsum
 has type
  RealSmooth (2⁻¹ • fun z => ∑ᶠ (gamma : ↥GammaTwo), gammaTwoPeriodizationTerm m v gamma z)
but is expected to have type
  RealSmooth (gammaTwoPoincarePeriodization m v)
PrimalitySheafVerification/Mock2_FunctionalAnalysis.lean:37826:4: error: Type mismatch: After simplification, term
  factor_mul (inverseEtaPaperOrbitMultiplier GammaTwo m) delta gamma (↑gamma⁻¹ • z)
 has type
  (inverseEtaPaperOrbitMultiplier GammaTwo m).factor (delta * gamma) (↑gamma⁻¹ • z) =
    (inverseEtaPaperOrbitMultiplier GammaTwo m).factor delta (↑gamma • ↑gamma⁻¹ • z) *
      (inverseEtaPaperOrbitMultiplier GammaTwo m).factor gamma (↑gamma⁻¹ • z)
but is expected to have type
  (inverseEtaPaperOrbitMultiplier GammaTwo m).factor (delta * gamma) (↑gamma⁻¹ • z) =
    (inverseEtaPaperOrbitMultiplier GammaTwo m).factor delta z *
      (inverseEtaPaperOrbitMultiplier GammaTwo m).factor gamma (↑gamma⁻¹ • z)
Try this:
  [apply] ring_nf
  
  The `ring` tactic failed to close the goal. Use `ring_nf` to obtain a normal form.
    
  Note that `ring` works primarily in *commutative* rings. If you have a noncommutative ring, abelian group or module, consider using `noncomm_ring`, `abel` or `module` instead.
PrimalitySheafVerification/Mock2_FunctionalAnalysis.lean:37840:47: error: unsolved goals
m : ℤ
v : AmbientTestCore
delta : ↥GammaTwo
z : ℍ
hreindex :
  ∑ᶠ (gamma : ↥GammaTwo), gammaTwoPeriodizationTerm m v gamma (↑delta • z) =
    ∑ᶠ (gamma : ↥GammaTwo), gammaTwoPeriodizationTerm m v (delta * gamma) (↑delta • z)
⊢ ((inverseEtaPaperOrbitMultiplier GammaTwo m).factor delta z *
        ∑ᶠ (gamma : ↥GammaTwo), gammaTwoPeriodizationTerm m v gamma z) *
      (1 / 2) =
    (inverseEtaPaperOrbitMultiplier GammaTwo m).factor delta z * gammaTwoPoincarePeriodization m v z
PrimalitySheafVerification/Mock2_FunctionalAnalysis.lean:37877:59: error: Application type mismatch: The argument
  hterm
has type
  ¬gammaTwoPeriodizationTerm m v gamma z = 0
of sort `Prop` but is expected to have type
  ↥GammaTwo
of sort `Type` in the application
  support_gammaTwoPeriodizationTerm_subset m v hterm
PrimalitySheafVerification/Mock2_FunctionalAnalysis.lean:37897:4: error: Type mismatch
  gammaTwoQuotientMk_gamma_smul gamma x
has type
  gammaTwoQuotientMk (gamma • x) = gammaTwoQuotientMk x
but is expected to have type
  gammaTwoQuotientMk x = gammaTwoQuotientMk ((fun x => gamma • x) x)
PrimalitySheafVerification/Mock2_FunctionalAnalysis.lean:37935:41: error: unsolved goals
m : ℤ
v : AmbientTestCore
z : ℍ
⊢ ModularForm.eta ↑z / ModularForm.eta ↑z * (-1) ^ (2 * m) * (↑(z.im ^ (-euclideanGaugeExponent m)) * v ↑z) =
    ↑(z.im ^ (-euclideanGaugeExponent m)) * v ↑z
PrimalitySheafVerification/Mock2_FunctionalAnalysis.lean:37951:53: error: unsolved goals
m : ℤ
v : AmbientTestCore
hv : tsupport ⇑v ⊆ ambientGammaTwoOpenCarrier
z : ℍ
hz : z ∈ gammaTwoOpenCarrier
gamma : ↥GammaTwo
hgamma : gamma ∈ support fun gamma => gammaTwoPeriodizationTerm m v gamma z
hzero : gammaTwoPeriodizationSeed m v (↑gamma⁻¹ • z) = 0
⊢ ((ModularForm.eta
            ↑((Matrix.SpecialLinearGroup.toGL ((Matrix.SpecialLinearGroup.map (Int.castRingHom ℝ)) ↑gamma))⁻¹ • z) =
          0 ∨
        ModularForm.eta ↑z = 0) ∨
      inverseEtaPaperOrbitDenom gamma
            ((Matrix.SpecialLinearGroup.toGL ((Matrix.SpecialLinearGroup.map (Int.castRingHom ℝ)) ↑gamma))⁻¹ • z) ^
          (2 * m) =
        0) ∨
    ((Matrix.SpecialLinearGroup.toGL ((Matrix.SpecialLinearGroup.map (Int.castRingHom ℝ)) ↑gamma))⁻¹ • z).im ^
          (-euclideanGaugeExponent m) =
        0 ∨
      v ↑((Matrix.SpecialLinearGroup.toGL ((Matrix.SpecialLinearGroup.map (Int.castRingHom ℝ)) ↑gamma))⁻¹ • z) = 0
PrimalitySheafVerification/Mock2_FunctionalAnalysis.lean:37961:26: error: Application type mismatch: The argument
  hseed
has type
  gammaTwoPeriodizationSeed m v (↑gamma⁻¹ • z) ≠ 0
of sort `Prop` but is expected to have type
  ?m.91 → ?m.92
of sort `Type (max ?u.79 ?u.80)` in the application
  subset_tsupport hseed
PrimalitySheafVerification/Mock2_FunctionalAnalysis.lean:37966:52: error: unsolved goals
m : ℤ
v : AmbientTestCore
hv : tsupport ⇑v ⊆ ambientGammaTwoOpenCarrier
z : ℍ
hz : z ∈ gammaTwoOpenCarrier
gamma : ↥GammaTwo
hgamma : gamma ∈ support fun gamma => gammaTwoPeriodizationTerm m v gamma z
hseed : gammaTwoPeriodizationSeed m v (↑gamma⁻¹ • z) ≠ 0
hxK : ↑gamma⁻¹ • z ∈ gammaTwoPeriodizationSeedSupport m v
hxOpen : ↑gamma⁻¹ • z ∈ gammaTwoOpenCarrier
a : GammaTwoEffective := gammaTwoEffectiveElement gamma
⊢ gamma • (Matrix.SpecialLinearGroup.toGL ((Matrix.SpecialLinearGroup.map (Int.castRingHom ℝ)) ↑gamma))⁻¹ • z = z
PrimalitySheafVerification/Mock2_FunctionalAnalysis.lean:37977:2: error: Type mismatch: After simplification, term
  hkernel
 has type
  gamma = 1 ∨ gamma = gammaTwoCentralNegOne
but is expected to have type
  gamma ∈ ↑{1, gammaTwoCentralNegOne}
PrimalitySheafVerification/Mock2_FunctionalAnalysis.lean:37954:37: warning: This simp argument is unused:
  hzero

Hint: Omit it from the simp argument list.
  [apply] simp [gammaTwoPeriodizationTerm]

Note: This linter can be disabled with `set_option linter.unusedSimpArgs false`
PrimalitySheafVerification/Mock2_FunctionalAnalysis.lean:37991:8: warning: This simp argument is unused:
  gammaTwoCentralNegOne_ne_one

Hint: Omit it from the simp argument list.
  [apply] simp

Note: This linter can be disabled with `set_option linter.unusedSimpArgs false`
'Mock2FA.PaperCorrections.AutomorphicSobolev.FixedPhaseEssentialCoreRoute.gammaTwoPoincarePeriodization_covariance' depends on axioms: [propext,
 sorryAx,
 Classical.choice,
 Quot.sound]
'Mock2FA.PaperCorrections.AutomorphicSobolev.FixedPhaseEssentialCoreRoute.gammaTwoPoincarePeriodization_quotientCompact' depends on axioms: [propext,
 sorryAx,
 Classical.choice,
 Quot.sound]
'Mock2FA.PaperCorrections.AutomorphicSobolev.FixedPhaseEssentialCoreRoute.ambientTestPhysicalGaugePeriodizationAt_unconditional' depends on axioms: [propext,
 sorryAx,
 Classical.choice,
 Quot.sound]
'Mock2FA.PaperCorrections.AutomorphicSobolev.FixedPhaseEssentialCoreRoute.raisingMaximalAdjointWeakMaassIdentificationAt_unconditional' depends on axioms: [propext,
 sorryAx,
 Classical.choice,
 Quot.sound]
'Mock2FA.PaperCorrections.AutomorphicSobolev.FixedPhaseEssentialCoreRoute.loweringMaximalAdjointWeakMaassIdentificationAt_unconditional' depends on axioms: [propext,
 sorryAx,
 Classical.choice,
 Quot.sound]
PrimalitySheafVerification/Mock2_FunctionalAnalysis.lean:38105:8: error(lean.unknownIdentifier): Unknown identifier `quotientTSupport`
PrimalitySheafVerification/Mock2_FunctionalAnalysis.lean:38109:11: error(lean.unknownIdentifier): Unknown identifier `SmoothQuotientCompactFunction`
PrimalitySheafVerification/Mock2_FunctionalAnalysis.lean:38117:13: error(lean.unknownIdentifier): Unknown identifier `SmoothQuotientCompactFunction`
PrimalitySheafVerification/Mock2_FunctionalAnalysis.lean:38120:10: error(lean.unknownIdentifier): Unknown identifier `quotientTSupport`
PrimalitySheafVerification/Mock2_FunctionalAnalysis.lean:38122:23: error: Invalid `⟨...⟩` notation: The expected type of this term could not be determined
PrimalitySheafVerification/Mock2_FunctionalAnalysis.lean:38168:10: error: Tactic `rewrite` failed: Did not find an occurrence of the pattern
  ‖Real.smoothTransition ?m.108‖
in the target expression
  ‖upstairsCuspCutoffReal N z‖ ≤ 1

N : ℕ
n : ℤ
u : HalfWeightDifferentialOperators.InverseEtaFixedPhaseCore n
z : ℍ
hzCut :
  ↑↑((PhysicalLocalL2.orbitPeterssonEuclideanEmbedding n) ((l2Coordinate n) ((cuspCutoffOperator N n) u))) z =
    PhysicalLocalL2.fixedPhaseEuclideanGauge n ((cuspCutoffOperator N n) u) z
hzBase :
  ↑↑((PhysicalLocalL2.orbitPeterssonEuclideanEmbedding n) ((l2Coordinate n) u)) z =
    PhysicalLocalL2.fixedPhaseEuclideanGauge n u z
⊢ ‖upstairsCuspCutoffReal N z‖ ≤ 1
PrimalitySheafVerification/Mock2_FunctionalAnalysis.lean:38155:33: error: (deterministic) timeout at `whnf`, maximum number of heartbeats (200000) has been reached

Note: Use `set_option maxHeartbeats <num>` to set the limit.

Hint: Additional diagnostic information may be available using the `set_option diagnostics true` command.
PrimalitySheafVerification/Mock2_FunctionalAnalysis.lean:38192:48: error: Application type mismatch: The argument
  l2Coordinate n
has type
  @LinearMap ℂ ℂ Complex.instSemiring Complex.instSemiring (RingHom.id ℂ)
    (HalfWeightDifferentialOperators.InverseEtaFixedPhaseCore n) (OrbitPeterssonHilbert n)
    (HalfWeightDifferentialOperators.inverseEtaFixedPhaseStableCoreSubmodule n).addCommMonoid
    UniformSpace.Completion.instAddCommGroup.toAddCommMonoid
    (HalfWeightDifferentialOperators.inverseEtaFixedPhaseStableCoreSubmodule n).module
    UniformSpace.Completion.instModule
but is expected to have type
  @LinearMap ℂ ℂ DivisionRing.toDivisionSemiring.toSemiring DivisionRing.toDivisionSemiring.toSemiring (RingHom.id ℂ)
    ?m.14 (OrbitPeterssonHilbert n) AddCommGroup.toAddCommMonoid
    NormedAddCommGroup.toSeminormedAddCommGroup.toAddCommMonoid ?m.23 UniformSpace.Completion.instModule
in the application
  LinearMap.extendOfNorm ?m.29 (l2Coordinate n)
PrimalitySheafVerification/Mock2_FunctionalAnalysis.lean:38199:35: error: (deterministic) timeout at `whnf`, maximum number of heartbeats (200000) has been reached

Note: Use `set_option maxHeartbeats <num>` to set the limit.

Hint: Additional diagnostic information may be available using the `set_option diagnostics true` command.
PrimalitySheafVerification/Mock2_FunctionalAnalysis.lean:38209:7: error: (deterministic) timeout at `whnf`, maximum number of heartbeats (200000) has been reached

Note: Use `set_option maxHeartbeats <num>` to set the limit.

Hint: Additional diagnostic information may be available using the `set_option diagnostics true` command.
PrimalitySheafVerification/Mock2_FunctionalAnalysis.lean:38217:5: error: (deterministic) timeout at `whnf`, maximum number of heartbeats (200000) has been reached

Note: Use `set_option maxHeartbeats <num>` to set the limit.

Hint: Additional diagnostic information may be available using the `set_option diagnostics true` command.
PrimalitySheafVerification/Mock2_FunctionalAnalysis.lean:38262:19: error(lean.unknownIdentifier): Unknown identifier `SmoothQuotientCompactFunction`
PrimalitySheafVerification/Mock2_FunctionalAnalysis.lean:38264:19: error(lean.unknownIdentifier): Unknown identifier `SmoothQuotientCompactFunction`
PrimalitySheafVerification/Mock2_FunctionalAnalysis.lean:38267:17: error(lean.unknownIdentifier): Unknown identifier `SmoothQuotientCompactFunction`
PrimalitySheafVerification/Mock2_FunctionalAnalysis.lean:38270:21: error(lean.unknownIdentifier): Unknown identifier `SmoothQuotientCompactFunction`
PrimalitySheafVerification/Mock2_FunctionalAnalysis.lean:38297:6: error: Tactic `rewrite` failed: Did not find an occurrence of the pattern
  (peterssonCuspCutoff ?N ?n) ((l2Coordinate ?n) ?u)
in the target expression
  ⟪↑(peterssonCuspCutoff N n) ((l2Coordinate n) u), (l2Coordinate n) v⟫_ℂ =
    ⟪(l2Coordinate n) u, ↑(peterssonCuspCutoff N n) ((l2Coordinate n) v)⟫_ℂ

N : ℕ
n : ℤ
x y : OrbitPeterssonHilbert n
u v : HalfWeightDifferentialOperators.InverseEtaFixedPhaseCore n
⊢ ⟪↑(peterssonCuspCutoff N n) ((l2Coordinate n) u), (l2Coordinate n) v⟫_ℂ =
    ⟪(l2Coordinate n) u, ↑(peterssonCuspCutoff N n) ((l2Coordinate n) v)⟫_ℂ
PrimalitySheafVerification/Mock2_FunctionalAnalysis.lean:38314:66: error: Type mismatch
  ε / 2
has type
  ℝ
of sort `Type` but is expected to have type
  0 < ?m.26
of sort `Prop`
PrimalitySheafVerification/Mock2_FunctionalAnalysis.lean:38374:4: error: Function expected at
  RealSmooth
but this term has type
  ?m.1

Note: Expected a function because this term is being applied to the argument
  (raiseCuspEuclideanCommutatorCoefficient N)

Hint: The identifier `RealSmooth` is unknown, and Lean's `autoImplicit` option causes an unknown identifier to be treated as an implicitly bound variable with an unknown type. However, the unknown type cannot be a function, and a function is what Lean expects here. This is often the result of a typo or a missing `import` or `open` statement.
PrimalitySheafVerification/Mock2_FunctionalAnalysis.lean:38379:4: error: Function expected at
  RealSmooth
but this term has type
  ?m.1

Note: Expected a function because this term is being applied to the argument
  (lowerCuspEuclideanCommutatorCoefficient N)

Hint: The identifier `RealSmooth` is unknown, and Lean's `autoImplicit` option causes an unknown identifier to be treated as an implicitly bound variable with an unknown type. However, the unknown type cannot be a function, and a function is what Lean expects here. This is often the result of a typo or a missing `import` or `open` statement.
PrimalitySheafVerification/Mock2_FunctionalAnalysis.lean:38380:32: error: Application type mismatch: The argument
  heightC_ne_zero
has type
  ∀ (z : ℍ), heightC z ≠ 0
but is expected to have type
  ∀ x ∈ UpperHalfPlane.upperHalfPlaneSet, SmoothCompactCoreGeometry.upperLift heightC x ≠ 0
in the application
  ContDiffOn.inv realSmooth_heightC heightC_ne_zero
PrimalitySheafVerification/Mock2_FunctionalAnalysis.lean:38384:4: error: Function expected at
  HasQuotientCompactSupport
but this term has type
  ?m.1

Note: Expected a function because this term is being applied to the argument
  (raiseCuspEuclideanCommutatorCoefficient N)

Hint: The identifier `HasQuotientCompactSupport` is unknown, and Lean's `autoImplicit` option causes an unknown identifier to be treated as an implicitly bound variable with an unknown type. However, the unknown type cannot be a function, and a function is what Lean expects here. This is often the result of a typo or a missing `import` or `open` statement.
PrimalitySheafVerification/Mock2_FunctionalAnalysis.lean:38387:44: error(lean.invalidField): Invalid field `raiseRaw`: The environment does not contain `Function.raiseRaw`, so it is not possible to project the field `raiseRaw` from an expression
  upstairsCuspCutoff_quotientCompact N
of type
  ?m.12 ≤ 𝓟 (SmoothCompactCoreGeometry.quotientTSupport (upstairsCuspCutoff N)) →
    ∃ x ∈ SmoothCompactCoreGeometry.quotientTSupport (upstairsCuspCutoff N), ClusterPt x ?m.12
PrimalitySheafVerification/Mock2_FunctionalAnalysis.lean:38390:4: error: Function expected at
  HasQuotientCompactSupport
but this term has type
  ?m.1

Note: Expected a function because this term is being applied to the argument
  (lowerCuspEuclideanCommutatorCoefficient N)

Hint: The identifier `HasQuotientCompactSupport` is unknown, and Lean's `autoImplicit` option causes an unknown identifier to be treated as an implicitly bound variable with an unknown type. However, the unknown type cannot be a function, and a function is what Lean expects here. This is often the result of a typo or a missing `import` or `open` statement.
PrimalitySheafVerification/Mock2_FunctionalAnalysis.lean:38393:44: error(lean.invalidField): Invalid field `lowerRaw`: The environment does not contain `Function.lowerRaw`, so it is not possible to project the field `lowerRaw` from an expression
  upstairsCuspCutoff_quotientCompact N
of type
  ?m.12 ≤ 𝓟 (SmoothCompactCoreGeometry.quotientTSupport (upstairsCuspCutoff N)) →
    ∃ x ∈ SmoothCompactCoreGeometry.quotientTSupport (upstairsCuspCutoff N), ClusterPt x ?m.12
PrimalitySheafVerification/Mock2_FunctionalAnalysis.lean:38402:16: error: Function expected at
  HasQuotientCompactSupport
but this term has type
  ?m.1

Note: Expected a function because this term is being applied to the argument
  f

Hint: The identifier `HasQuotientCompactSupport` is unknown, and Lean's `autoImplicit` option causes an unknown identifier to be treated as an implicitly bound variable with an unknown type. However, the unknown type cannot be a function, and a function is what Lean expects here. This is often the result of a typo or a missing `import` or `open` statement.
PrimalitySheafVerification/Mock2_FunctionalAnalysis.lean:38407:29: error(lean.unknownIdentifier): Unknown identifier `quotientTSupport`
PrimalitySheafVerification/Mock2_FunctionalAnalysis.lean:38410:7: error(lean.unknownIdentifier): Unknown identifier `quotientTSupport`
PrimalitySheafVerification/Mock2_FunctionalAnalysis.lean:38419:39: error: Invalid `⟨...⟩` notation: The expected type of this term could not be determined
PrimalitySheafVerification/Mock2_FunctionalAnalysis.lean:38423:52: error: Invalid `⟨...⟩` notation: The expected type of this term could not be determined
PrimalitySheafVerification/Mock2_FunctionalAnalysis.lean:38420:2: error: unsolved goals
case neg
x✝ : Sort u_1
HasQuotientCompactSupport : x✝
f : ℍ → ℂ
hf : Continuous f
hCompact : sorry
K : Set ℍ := gammaTwoClosedTileCarrier ∩ gammaTwoQuotientMk ⁻¹' sorry
hK : IsCompact K
hNonempty : ¬K.Nonempty
z : ℍ
hzCarrier : z ∈ gammaTwoClosedTileCarrier
hz : f z = 0
⊢ 0 ≤ 0
PrimalitySheafVerification/Mock2_FunctionalAnalysis.lean:38432:7: error: don't know how to synthesize implicit argument `HasQuotientCompactSupport`
  @raiseCuspEuclideanCommutatorCoefficient_quotientCompact (?m.13 N) (?m.14 N) N
context:
N : ℕ
⊢ ?m.13 N
PrimalitySheafVerification/Mock2_FunctionalAnalysis.lean:38432:7: error: don't know how to synthesize implicit argument
  @raiseCuspEuclideanCommutatorCoefficient_quotientCompact (?m.13 N) (?m.14 N) N
context:
N : ℕ
⊢ Sort ?u.9
PrimalitySheafVerification/Mock2_FunctionalAnalysis.lean:38434:8: warning: declaration uses `sorry`
PrimalitySheafVerification/Mock2_FunctionalAnalysis.lean:38441:8: warning: declaration uses `sorry`
PrimalitySheafVerification/Mock2_FunctionalAnalysis.lean:38456:7: error: don't know how to synthesize implicit argument `HasQuotientCompactSupport`
  @lowerCuspEuclideanCommutatorCoefficient_quotientCompact (?m.13 N) (?m.14 N) N
context:
N : ℕ
⊢ ?m.13 N
PrimalitySheafVerification/Mock2_FunctionalAnalysis.lean:38456:7: error: don't know how to synthesize implicit argument
  @lowerCuspEuclideanCommutatorCoefficient_quotientCompact (?m.13 N) (?m.14 N) N
context:
N : ℕ
⊢ Sort ?u.9
PrimalitySheafVerification/Mock2_FunctionalAnalysis.lean:38458:8: warning: declaration uses `sorry`
PrimalitySheafVerification/Mock2_FunctionalAnalysis.lean:38465:8: warning: declaration uses `sorry`
PrimalitySheafVerification/Mock2_FunctionalAnalysis.lean:38480:6: error(lean.unknownIdentifier): Unknown identifier `Mock2FA.PaperCorrections.AutomorphicSobolev.FixedPhaseClosedOperators.PhysicalLocalL2.euclideanGaugeExponent_pred`
PrimalitySheafVerification/Mock2_FunctionalAnalysis.lean:38479:141: error: unsolved goals
n : ℤ
z : ℍ
⊢ ↑(z.im ^ PhysicalLocalL2.euclideanGaugeExponent (n - 1)) =
    (heightC z)⁻¹ * ↑(z.im ^ PhysicalLocalL2.euclideanGaugeExponent n)
PrimalitySheafVerification/Mock2_FunctionalAnalysis.lean:38542:20: error: Tactic `rewrite` failed: Did not find an occurrence of the pattern
  ↑↑((PhysicalLocalL2.orbitPeterssonEuclideanEmbedding n) ((l2Coordinate n) u)) z
in the target expression
  ‖PhysicalLocalL2.fixedPhaseEuclideanGauge m v z‖ ≤
    ‖↑↑(↑C • (PhysicalLocalL2.orbitPeterssonEuclideanEmbedding n) ((l2Coordinate n) u)) z‖

m n : ℤ
v : InverseEtaFixedPhaseCore m
u : InverseEtaFixedPhaseCore n
c : ℍ → ℂ
C : ℝ
hC : 0 ≤ C
hGauge :
  ∀ (z : ℍ), PhysicalLocalL2.fixedPhaseEuclideanGauge m v z = c z * PhysicalLocalL2.fixedPhaseEuclideanGauge n u z
hBound : ∀ z ∈ gammaTwoClosedTileCarrier, ‖c z‖ ≤ C
z : ℍ
hzTarget :
  ↑↑((PhysicalLocalL2.orbitPeterssonEuclideanEmbedding m) ((l2Coordinate m) v)) z =
    PhysicalLocalL2.fixedPhaseEuclideanGauge m v z
hzSource :
  ↑↑((PhysicalLocalL2.orbitPeterssonEuclideanEmbedding n) ((l2Coordinate n) u)) z =
    PhysicalLocalL2.fixedPhaseEuclideanGauge n u z
hzOpen : z ∈ gammaTwoOpenCarrier
⊢ ‖PhysicalLocalL2.fixedPhaseEuclideanGauge m v z‖ ≤
    ‖↑↑(↑C • (PhysicalLocalL2.orbitPeterssonEuclideanEmbedding n) ((l2Coordinate n) u)) z‖
PrimalitySheafVerification/Mock2_FunctionalAnalysis.lean:38551:40: error: Tactic `rewrite` failed: Did not find an occurrence of the pattern
  |C|
in the target expression
  ‖C‖ * ‖(PhysicalLocalL2.orbitPeterssonEuclideanEmbedding n) ((l2Coordinate n) u)‖ =
    C * ‖(PhysicalLocalL2.orbitPeterssonEuclideanEmbedding n) ((l2Coordinate n) u)‖

m n : ℤ
v : InverseEtaFixedPhaseCore m
u : InverseEtaFixedPhaseCore n
c : ℍ → ℂ
C : ℝ
hC : 0 ≤ C
hGauge :
  ∀ (z : ℍ), PhysicalLocalL2.fixedPhaseEuclideanGauge m v z = c z * PhysicalLocalL2.fixedPhaseEuclideanGauge n u z
hBound : ∀ z ∈ gammaTwoClosedTileCarrier, ‖c z‖ ≤ C
⊢ ‖C‖ * ‖(PhysicalLocalL2.orbitPeterssonEuclideanEmbedding n) ((l2Coordinate n) u)‖ =
    C * ‖(PhysicalLocalL2.orbitPeterssonEuclideanEmbedding n) ((l2Coordinate n) u)‖
PrimalitySheafVerification/Mock2_FunctionalAnalysis.lean:38601:4: error: Application type mismatch: The argument
  l2Coordinate n
has type
  @LinearMap ℂ ℂ Complex.instSemiring Complex.instSemiring (RingHom.id ℂ) (InverseEtaFixedPhaseCore n)
    (OrbitPeterssonHilbert n) (inverseEtaFixedPhaseStableCoreSubmodule n).addCommMonoid
    UniformSpace.Completion.instAddCommGroup.toAddCommMonoid (inverseEtaFixedPhaseStableCoreSubmodule n).module
    UniformSpace.Completion.instModule
but is expected to have type
  @LinearMap ℂ ℂ DivisionRing.toDivisionSemiring.toSemiring DivisionRing.toDivisionSemiring.toSemiring (RingHom.id ℂ)
    ?m.20 (OrbitPeterssonHilbert n) AddCommGroup.toAddCommMonoid
    NormedAddCommGroup.toSeminormedAddCommGroup.toAddCommMonoid ?m.29 UniformSpace.Completion.instModule
in the application
  LinearMap.extendOfNorm ?m.35 (l2Coordinate n)
PrimalitySheafVerification/Mock2_FunctionalAnalysis.lean:38608:35: error: (deterministic) timeout at `whnf`, maximum number of heartbeats (200000) has been reached

Note: Use `set_option maxHeartbeats <num>` to set the limit.

Hint: Additional diagnostic information may be available using the `set_option diagnostics true` command.
PrimalitySheafVerification/Mock2_FunctionalAnalysis.lean:38618:4: error: Application type mismatch: The argument
  l2Coordinate n
has type
  @LinearMap ℂ ℂ Complex.instSemiring Complex.instSemiring (RingHom.id ℂ) (InverseEtaFixedPhaseCore n)
    (OrbitPeterssonHilbert n) (inverseEtaFixedPhaseStableCoreSubmodule n).addCommMonoid
    UniformSpace.Completion.instAddCommGroup.toAddCommMonoid (inverseEtaFixedPhaseStableCoreSubmodule n).module
    UniformSpace.Completion.instModule
but is expected to have type
  @LinearMap ℂ ℂ DivisionRing.toDivisionSemiring.toSemiring DivisionRing.toDivisionSemiring.toSemiring (RingHom.id ℂ)
    ?m.20 (OrbitPeterssonHilbert n) AddCommGroup.toAddCommMonoid
    NormedAddCommGroup.toSeminormedAddCommGroup.toAddCommMonoid ?m.29 UniformSpace.Completion.instModule
in the application
  LinearMap.extendOfNorm ?m.35 (l2Coordinate n)
PrimalitySheafVerification/Mock2_FunctionalAnalysis.lean:38625:35: error: (deterministic) timeout at `whnf`, maximum number of heartbeats (200000) has been reached

Note: Use `set_option maxHeartbeats <num>` to set the limit.

Hint: Additional diagnostic information may be available using the `set_option diagnostics true` command.
PrimalitySheafVerification/Mock2_FunctionalAnalysis.lean:38637:2: error(lean.synthInstanceFailed): failed to synthesize instance of type class
  HSub (InverseEtaFixedPhaseCore (n + 1) →ₗ[ℂ] InverseEtaFixedPhaseCore n)
    (InverseEtaFixedPhaseCore (n + 1) →ₗ[ℂ] InverseEtaFixedPhaseCore n) ?m.62

Hint: Type class instance resolution failures can be inspected with the `set_option trace.Meta.synthInstance true` command.
PrimalitySheafVerification/Mock2_FunctionalAnalysis.lean:38649:2: error: 'change' tactic failed, pattern
  lowerRaw (paperOrbitExponent (n + 1)) (upstairsCuspCutoff N * ↑↑u.toSmoothQuotientCompactFunction) z -
      upstairsCuspCutoff N z * lowerRaw (paperOrbitExponent (n + 1)) (↑↑u.toSmoothQuotientCompactFunction) z =
    ?m.79
is not definitionally equal to target
  ↑↑((lowerFromSuccCuspCutoffCommutator N n) u).toSmoothQuotientCompactFunction z =
    (-Complex.I * heightC z ^ 2 * dx (upstairsCuspCutoff N) z + heightC z ^ 2 * dy (upstairsCuspCutoff N) z) *
      ↑↑u.toSmoothQuotientCompactFunction z
PrimalitySheafVerification/Mock2_FunctionalAnalysis.lean:38703:4: error: Application type mismatch: The argument
  l2Coordinate (n + 1)
has type
  @LinearMap ℂ ℂ Complex.instSemiring Complex.instSemiring (RingHom.id ℂ) (InverseEtaFixedPhaseCore (n + 1))
    (OrbitPeterssonHilbert (n + 1)) (inverseEtaFixedPhaseStableCoreSubmodule (n + 1)).addCommMonoid
    UniformSpace.Completion.instAddCommGroup.toAddCommMonoid (inverseEtaFixedPhaseStableCoreSubmodule (n + 1)).module
    UniformSpace.Completion.instModule
but is expected to have type
  @LinearMap ℂ ℂ DivisionRing.toDivisionSemiring.toSemiring DivisionRing.toDivisionSemiring.toSemiring (RingHom.id ℂ)
    ?m.20 (OrbitPeterssonHilbert (n + 1)) AddCommGroup.toAddCommMonoid
    NormedAddCommGroup.toSeminormedAddCommGroup.toAddCommMonoid ?m.29 UniformSpace.Completion.instModule
in the application
  LinearMap.extendOfNorm ?m.35 (l2Coordinate (n + 1))
PrimalitySheafVerification/Mock2_FunctionalAnalysis.lean:38711:35: error: (deterministic) timeout at `whnf`, maximum number of heartbeats (200000) has been reached

Note: Use `set_option maxHeartbeats <num>` to set the limit.

Hint: Additional diagnostic information may be available using the `set_option diagnostics true` command.
PrimalitySheafVerification/Mock2_FunctionalAnalysis.lean:38750:4: error(lean.synthInstanceFailed): failed to synthesize instance of type class
  HSub (InverseEtaFixedPhaseCore n) (InverseEtaFixedPhaseCore n) ?m.84

Hint: Type class instance resolution failures can be inspected with the `set_option trace.Meta.synthInstance true` command.
PrimalitySheafVerification/Mock2_FunctionalAnalysis.lean:38787:9: error(lean.synthInstanceFailed): failed to synthesize instance of type class
  HSub (InverseEtaFixedPhaseCore (n + 1)) (InverseEtaFixedPhaseCore (n + 1)) ?m.115

Hint: Type class instance resolution failures can be inspected with the `set_option trace.Meta.synthInstance true` command.
PrimalitySheafVerification/Mock2_FunctionalAnalysis.lean:38826:9: error(lean.synthInstanceFailed): failed to synthesize instance of type class
  HSub (InverseEtaFixedPhaseCore n) (InverseEtaFixedPhaseCore n) ?m.103

Hint: Type class instance resolution failures can be inspected with the `set_option trace.Meta.synthInstance true` command.
PrimalitySheafVerification/Mock2_FunctionalAnalysis.lean:38900:10: error: Tactic `rewrite` failed: Did not find an occurrence of the pattern
  ↑(-?f) ?x
in the target expression
  (peterssonCuspCutoff N (n + 1)) (↑(-physicalRaise n) x) = (peterssonCuspCutoff N (n + 1)) (-(raisedCoordinate n) u)

N : ℕ
n : ℤ
x : ↥(l2Coordinate n).range
u : InverseEtaFixedPhaseCore n := (l2CoreRangeEquiv n).symm x
xCut : ↥(l2Coordinate n).range := ⟨(peterssonCuspCutoff N n) ↑x, ⋯⟩
hx : (l2Coordinate n) u = ↑x
hxCut : xCut = (l2CoreRangeEquiv n) ((cuspCutoffOperator N n) u)
⊢ (peterssonCuspCutoff N (n + 1)) (↑(-physicalRaise n) x) = (peterssonCuspCutoff N (n + 1)) (-(raisedCoordinate n) u)

Note: The target expression is not type-correct under the `implicit` transparency level, which may have triggered the failure. This is usually caused by unfolding of semireducible definitions in prior tactic steps. Use `set_option linter.tacticCheckInstances true` to investigate the source of the issue.
Full error:
  Application type mismatch: The argument
    x
  has type
    ↥(l2Coordinate n).range
  but is expected to have type
    ↥(-physicalRaise n).domain
  in the application
    ↑(-physicalRaise n) x
PrimalitySheafVerification/Mock2_FunctionalAnalysis.lean:38907:17: error: Tactic `rewrite` failed: Did not find an occurrence of the pattern
  ↑(-?f) ?x
in the target expression
  -(raisedCoordinate n) ((cuspCutoffOperator N n) u) + (raisePeterssonCuspCommutator N n) ((l2Coordinate n) u) =
    ↑(-physicalRaise n) ((l2CoreRangeEquiv n) ((cuspCutoffOperator N n) u)) + (raisePeterssonCuspCommutator N n) ↑x

N : ℕ
n : ℤ
x : ↥(l2Coordinate n).range
u : InverseEtaFixedPhaseCore n := (l2CoreRangeEquiv n).symm x
xCut : ↥(l2Coordinate n).range := ⟨(peterssonCuspCutoff N n) ↑x, ⋯⟩
hx : (l2Coordinate n) u = ↑x
hxCut : xCut = (l2CoreRangeEquiv n) ((cuspCutoffOperator N n) u)
⊢ -(raisedCoordinate n) ((cuspCutoffOperator N n) u) + (raisePeterssonCuspCommutator N n) ((l2Coordinate n) u) =
    ↑(-physicalRaise n) ((l2CoreRangeEquiv n) ((cuspCutoffOperator N n) u)) + (raisePeterssonCuspCommutator N n) ↑x

Note: The target expression is not type-correct under the `implicit` transparency level, which may have triggered the failure. This is usually caused by unfolding of semireducible definitions in prior tactic steps. Use `set_option linter.tacticCheckInstances true` to investigate the source of the issue.
Full error:
  Application type mismatch: The argument
    (l2CoreRangeEquiv n) ((cuspCutoffOperator N n) u)
  has type
    ↥(l2Coordinate n).range
  but is expected to have type
    ↥(-physicalRaise n).domain
  in the application
    ↑(-physicalRaise n) ((l2CoreRangeEquiv n) ((cuspCutoffOperator N n) u))
PrimalitySheafVerification/Mock2_FunctionalAnalysis.lean:38960:10: error: Tactic `rewrite` failed: Did not find an occurrence of the pattern
  ↑(-?f) ?x
in the target expression
  (peterssonCuspCutoff N n) (↑(-physicalLowerFromSucc n) x) = (peterssonCuspCutoff N n) (-(lowerFromSuccCoordinate n) u)

N : ℕ
n : ℤ
x : ↥(l2Coordinate (n + 1)).range
u : InverseEtaFixedPhaseCore (n + 1) := (l2CoreRangeEquiv (n + 1)).symm x
xCut : ↥(l2Coordinate (n + 1)).range := ⟨(peterssonCuspCutoff N (n + 1)) ↑x, ⋯⟩
hx : (l2Coordinate (n + 1)) u = ↑x
hxCut : xCut = (l2CoreRangeEquiv (n + 1)) ((cuspCutoffOperator N (n + 1)) u)
⊢ (peterssonCuspCutoff N n) (↑(-physicalLowerFromSucc n) x) = (peterssonCuspCutoff N n) (-(lowerFromSuccCoordinate n) u)

Note: The target expression is not type-correct under the `implicit` transparency level, which may have triggered the failure. This is usually caused by unfolding of semireducible definitions in prior tactic steps. Use `set_option linter.tacticCheckInstances true` to investigate the source of the issue.
Full error:
  Application type mismatch: The argument
    x
  has type
    ↥(l2Coordinate (n + 1)).range
  but is expected to have type
    ↥(-physicalLowerFromSucc n).domain
  in the application
    ↑(-physicalLowerFromSucc n) x
PrimalitySheafVerification/Mock2_FunctionalAnalysis.lean:38969:17: error: Tactic `rewrite` failed: Did not find an occurrence of the pattern
  ↑(-?f) ?x
in the target expression
  -(lowerFromSuccCoordinate n) ((cuspCutoffOperator N (n + 1)) u) +
      (lowerFromSuccPeterssonCuspCommutator N n) ((l2Coordinate (n + 1)) u) =
    ↑(-physicalLowerFromSucc n) ((l2CoreRangeEquiv (n + 1)) ((cuspCutoffOperator N (n + 1)) u)) +
      (lowerFromSuccPeterssonCuspCommutator N n) ↑x

N : ℕ
n : ℤ
x : ↥(l2Coordinate (n + 1)).range
u : InverseEtaFixedPhaseCore (n + 1) := (l2CoreRangeEquiv (n + 1)).symm x
xCut : ↥(l2Coordinate (n + 1)).range := ⟨(peterssonCuspCutoff N (n + 1)) ↑x, ⋯⟩
hx : (l2Coordinate (n + 1)) u = ↑x
hxCut : xCut = (l2CoreRangeEquiv (n + 1)) ((cuspCutoffOperator N (n + 1)) u)
⊢ -(lowerFromSuccCoordinate n) ((cuspCutoffOperator N (n + 1)) u) +
      (lowerFromSuccPeterssonCuspCommutator N n) ((l2Coordinate (n + 1)) u) =
    ↑(-physicalLowerFromSucc n) ((l2CoreRangeEquiv (n + 1)) ((cuspCutoffOperator N (n + 1)) u)) +
      (lowerFromSuccPeterssonCuspCommutator N n) ↑x

Note: The target expression is not type-correct under the `implicit` transparency level, which may have triggered the failure. This is usually caused by unfolding of semireducible definitions in prior tactic steps. Use `set_option linter.tacticCheckInstances true` to investigate the source of the issue.
Full error:
  Application type mismatch: The argument
    (l2CoreRangeEquiv (n + 1)) ((cuspCutoffOperator N (n + 1)) u)
  has type
    ↥(l2Coordinate (n + 1)).range
  but is expected to have type
    ↥(-physicalLowerFromSucc n).domain
  in the application
    ↑(-physicalLowerFromSucc n) ((l2CoreRangeEquiv (n + 1)) ((cuspCutoffOperator N (n + 1)) u))
PrimalitySheafVerification/Mock2_FunctionalAnalysis.lean:39002:4: error: Type mismatch: After simplification, term
  l2Coordinate_hasCompactCarrierSupport n ((l2CoreRangeEquiv n).symm x)
 has type
  HasCompactCarrierSupport n ((l2Coordinate n) ((l2CoreRangeEquiv n).symm x))
but is expected to have type
  HasCompactCarrierSupport n ↑x
PrimalitySheafVerification/Mock2_FunctionalAnalysis.lean:39005:19: error: Tactic `rewrite` failed: Did not find an occurrence of the pattern
  ↑(physicalRaise ?n) ?x
in the target expression
  HasCompactCarrierSupport (n + 1) (↑(physicalRaise n) x)

case right
n : ℤ
p : OrbitPeterssonHilbert n × OrbitPeterssonHilbert (n + 1)
hp : p ∈ (physicalRaise n).graph
x : ↥(physicalRaise n).domain
hxBase : ↑x = p.1
hxValue : ↑(physicalRaise n) x = p.2
⊢ HasCompactCarrierSupport (n + 1) (↑(physicalRaise n) x)
PrimalitySheafVerification/Mock2_FunctionalAnalysis.lean:39022:4: error: Type mismatch: After simplification, term
  l2Coordinate_hasCompactCarrierSupport (n + 1) ((l2CoreRangeEquiv (n + 1)).symm x)
 has type
  HasCompactCarrierSupport (n + 1) ((l2Coordinate (n + 1)) ((l2CoreRangeEquiv (n + 1)).symm x))
but is expected to have type
  HasCompactCarrierSupport (n + 1) ↑x
PrimalitySheafVerification/Mock2_FunctionalAnalysis.lean:39025:19: error: Tactic `rewrite` failed: Did not find an occurrence of the pattern
  ↑(physicalLowerFromSucc ?n) ?x
in the target expression
  HasCompactCarrierSupport n (↑(physicalLowerFromSucc n) x)

case right
n : ℤ
p : OrbitPeterssonHilbert (n + 1) × OrbitPeterssonHilbert n
hp : p ∈ (physicalLowerFromSucc n).graph
x : ↥(physicalLowerFromSucc n).domain
hxBase : ↑x = p.1
hxValue : ↑(physicalLowerFromSucc n) x = p.2
⊢ HasCompactCarrierSupport n (↑(physicalLowerFromSucc n) x)
PrimalitySheafVerification/Mock2_FunctionalAnalysis.lean:39202:4: warning: `Set.mem_setOf_eq` has been deprecated: Use `Set.mem_ofPred_eq` instead
PrimalitySheafVerification/Mock2_FunctionalAnalysis.lean:39214:4: warning: `Set.mem_setOf_eq` has been deprecated: Use `Set.mem_ofPred_eq` instead
PrimalitySheafVerification/Mock2_FunctionalAnalysis.lean:39270:8: error: Tactic `rewrite` failed: Did not find an occurrence of the pattern
  HasSequentialGraphLocalization ?A ?K
in the target expression
  RaisingInvariantCutoffGraphControlAt n

case left
n : ℤ
hCore : RaisingMaximalAdjointSequentialApproximationAt n
⊢ RaisingInvariantCutoffGraphControlAt n
PrimalitySheafVerification/Mock2_FunctionalAnalysis.lean:39279:8: error: Tactic `rewrite` failed: Did not find an occurrence of the pattern
  HasSequentialGraphRegularization ?S ?K
in the target expression
  RaisingCompactFriedrichsPeriodizationAt n

case right
n : ℤ
hCore : RaisingMaximalAdjointSequentialApproximationAt n
⊢ RaisingCompactFriedrichsPeriodizationAt n
PrimalitySheafVerification/Mock2_FunctionalAnalysis.lean:39292:8: error: Tactic `rewrite` failed: Did not find an occurrence of the pattern
  HasSequentialGraphLocalization ?A ?K
in the target expression
  LoweringInvariantCutoffGraphControlAt n

case left
n : ℤ
hCore : LoweringMaximalAdjointSequentialApproximationAt n
⊢ LoweringInvariantCutoffGraphControlAt n
PrimalitySheafVerification/Mock2_FunctionalAnalysis.lean:39301:8: error: Tactic `rewrite` failed: Did not find an occurrence of the pattern
  HasSequentialGraphRegularization ?S ?K
in the target expression
  LoweringCompactFriedrichsPeriodizationAt n

case right
n : ℤ
hCore : LoweringMaximalAdjointSequentialApproximationAt n
⊢ LoweringCompactFriedrichsPeriodizationAt n
'Mock2FA.PaperCorrections.AutomorphicSobolev.FixedPhaseAdjointCutoffCore.l2Coordinate_hasCompactCarrierSupport' depends on axioms: [propext,
 sorryAx,
 Classical.choice,
 Quot.sound]
'Mock2FA.PaperCorrections.AutomorphicSobolev.FixedPhaseAdjointCutoffCore.peterssonCuspCutoff_tendsto_id' depends on axioms: [propext,
 sorryAx,
 Classical.choice,
 Quot.sound]
'Mock2FA.PaperCorrections.AutomorphicSobolev.FixedPhaseAdjointCutoffCore.exists_closedCarrier_norm_bound_of_quotientCompact' depends on axioms: [propext,
 sorryAx,
 Classical.choice,
 Quot.sound]
'Mock2FA.PaperCorrections.AutomorphicSobolev.FixedPhaseAdjointCutoffCore.raisePeterssonCuspCommutator_l2Coordinate' depends on axioms: [propext,
 sorryAx,
 Classical.choice,
 Quot.sound]
'Mock2FA.PaperCorrections.AutomorphicSobolev.FixedPhaseAdjointCutoffCore.lowerFromSuccPeterssonCuspCommutator_l2Coordinate' depends on axioms: [propext,
 sorryAx,
 Classical.choice,
 Quot.sound]
'Mock2FA.PaperCorrections.AutomorphicSobolev.FixedPhaseAdjointCutoffCore.negativeRaisedCoordinate_peterssonCuspCutoff' depends on axioms: [propext,
 sorryAx,
 Classical.choice,
 Quot.sound]
'Mock2FA.PaperCorrections.AutomorphicSobolev.FixedPhaseAdjointCutoffCore.negativeLowerFromSuccCoordinate_peterssonCuspCutoff' depends on axioms: [propext,
 sorryAx,
 Classical.choice,
 Quot.sound]
'Mock2FA.PaperCorrections.AutomorphicSobolev.FixedPhaseAdjointCutoffCore.negativePhysicalRaise_adjointCutoff_commutator' depends on axioms: [propext,
 sorryAx,
 Classical.choice,
 Quot.sound]
'Mock2FA.PaperCorrections.AutomorphicSobolev.FixedPhaseAdjointCutoffCore.negativePhysicalLowerFromSucc_adjointCutoff_commutator' depends on axioms: [propext,
 sorryAx,
 Classical.choice,
 Quot.sound]
'Mock2FA.PaperCorrections.AutomorphicSobolev.FixedPhaseAdjointCutoffCore.physicalRaise_graph_subset_compactWeakMaximalGraph' depends on axioms: [propext,
 sorryAx,
 Classical.choice,
 Quot.sound]
'Mock2FA.PaperCorrections.AutomorphicSobolev.FixedPhaseAdjointCutoffCore.physicalLowerFromSucc_graph_subset_compactWeakMaximalGraph' depends on axioms: [propext,
 sorryAx,
 Classical.choice,
 Quot.sound]
'Mock2FA.PaperCorrections.AutomorphicSobolev.FixedPhaseAdjointCutoffCore.adjoint_graph_mem_of_bounded_cutoff_commutator' depends on axioms: [propext,
 Classical.choice,
 Quot.sound]
'Mock2FA.PaperCorrections.AutomorphicSobolev.FixedPhaseAdjointCutoffCore.AdjointCutoffExhaustion.hasSequentialGraphLocalization' depends on axioms: [propext,
 Classical.choice,
 Quot.sound]
'Mock2FA.PaperCorrections.AutomorphicSobolev.FixedPhaseAdjointCutoffCore.raisingInvariantCutoffGraphControlAt_of_adjointCutoffExhaustion' depends on axioms: [propext,
 Classical.choice,
 Quot.sound]
'Mock2FA.PaperCorrections.AutomorphicSobolev.FixedPhaseAdjointCutoffCore.loweringInvariantCutoffGraphControlAt_of_adjointCutoffExhaustion' depends on axioms: [propext,
 Classical.choice,
 Quot.sound]
'Mock2FA.PaperCorrections.AutomorphicSobolev.FixedPhaseAdjointCutoffCore.hasSequentialGraphRegularization_iff_subset_closure_graph' depends on axioms: [propext,
 Classical.choice,
 Quot.sound]
'Mock2FA.PaperCorrections.AutomorphicSobolev.FixedPhaseAdjointCutoffCore.hasSequentialGraphLocalization_iff_graph_subset_closure' depends on axioms: [propext,
 Classical.choice,
 Quot.sound]
'Mock2FA.PaperCorrections.AutomorphicSobolev.FixedPhaseGoodCuspCutoffBridge.inner_raisePeterssonCuspCommutator_eq_lowerFromSucc' depends on axioms: [propext,
 sorryAx,
 Classical.choice,
 Quot.sound]
'Mock2FA.PaperCorrections.AutomorphicSobolev.FixedPhaseGoodCuspCutoffBridge.raisePeterssonCuspCommutator_eq_adjoint_lowerFromSucc' depends on axioms: [propext,
 sorryAx,
 Classical.choice,
 Quot.sound]
'Mock2FA.PaperCorrections.AutomorphicSobolev.FixedPhaseGoodCuspCutoffBridge.norm_raisePeterssonCuspCommutator_eq_lowerFromSucc' depends on axioms: [propext,
 sorryAx,
 Classical.choice,
 Quot.sound]
'Mock2FA.PaperCorrections.AutomorphicSobolev.FixedPhaseGoodCuspCutoffBridge.adjoint_raisePeterssonCuspCommutator_eventuallyEq_zero_on_l2Coordinate' depends on axioms: [propext,
 sorryAx,
 Classical.choice,
 Quot.sound]
'Mock2FA.PaperCorrections.AutomorphicSobolev.FixedPhaseGoodCuspCutoffBridge.adjoint_lowerFromSuccPeterssonCuspCommutator_eventuallyEq_zero_on_l2Coordinate' depends on axioms: [propext,
 sorryAx,
 Classical.choice,
 Quot.sound]
PrimalitySheafVerification/Mock2_FunctionalAnalysis.lean:39613:47: error: unsolved goals
g : SL(2, ℤ)
z w : ℍ
gReal : SL(2, ℝ) := (Matrix.SpecialLinearGroup.map (Int.castRingHom ℝ)) g
x : ℍ
⊢ ↑(Matrix.SpecialLinearGroup.toGL ((Matrix.SpecialLinearGroup.map (Int.castRingHom ℝ)) g) • x) =
    (↑(↑g 0 0) * ↑x + ↑(↑g 0 1)) / (↑(↑g 1 0) * ↑x + ↑(↑g 1 1))
PrimalitySheafVerification/Mock2_FunctionalAnalysis.lean:39685:42: error(lean.synthInstanceFailed): failed to synthesize instance of type class
  ContinuousConstSMul SL(2, ℤ) ℍ

Hint: Type class instance resolution failures can be inspected with the `set_option trace.Meta.synthInstance true` command.
PrimalitySheafVerification/Mock2_FunctionalAnalysis.lean:39687:4: error: Type mismatch: After simplification, term
  hz
 has type
  1 < (modularHeightMaximizer z • z).im
but is expected to have type
  z ∈ {w | 1 < (modularHeightMaximizer z • w).im}
'Mock2FA.PaperCorrections.AutomorphicSobolev.FixedPhaseGoodCuspCutoffBridge.modularMaxHeight_SL_invariant' depends on axioms: [propext,
 Classical.choice,
 Quot.sound]
'Mock2FA.PaperCorrections.AutomorphicSobolev.FixedPhaseGoodCuspCutoffBridge.modularLogMaxHeight_lipschitz' depends on axioms: [propext,
 sorryAx,
 Classical.choice,
 Quot.sound]
'Mock2FA.PaperCorrections.AutomorphicSobolev.FixedPhaseGoodCuspCutoffBridge.modularMaxHeight_eventuallyEq_maximizer_im_of_one_lt' depends on axioms: [propext,
 sorryAx,
 Classical.choice,
 Quot.sound]
'Mock2FA.PaperCorrections.AutomorphicSobolev.FixedPhaseGoodCuspCutoffBridge.modularLogMaxHeight_eventuallyEq_chart_of_pos' depends on axioms: [propext,
 sorryAx,
 Classical.choice,
 Quot.sound]
PrimalitySheafVerification/Mock2_FunctionalAnalysis.lean:39813:2: error: `dsimp` made no progress
PrimalitySheafVerification/Mock2_FunctionalAnalysis.lean:39821:2: error: `dsimp` made no progress
PrimalitySheafVerification/Mock2_FunctionalAnalysis.lean:39868:4: error: Type mismatch: After simplification, term
  hq
 has type
  Quotient.mk'' z ∈ support (intrinsicQuotientCuspCutoffReal N)
but is expected to have type
  intrinsicCuspCutoffReal N z ≠ 0
PrimalitySheafVerification/Mock2_FunctionalAnalysis.lean:39892:26: error: Application type mismatch: The argument
  r
has type
  GammaTwoCusp
but is expected to have type
  GammaTwoRightCoset
in the application
  gammaTwoCosetRep r
PrimalitySheafVerification/Mock2_FunctionalAnalysis.lean:39926:4: error: Type mismatch: After simplification, term
  hz
 has type
  @Ne ℝ (intrinsicQuotientCuspCutoffReal N (Quotient.mk'' z)) 0
but is expected to have type
  @Ne ℝ (intrinsicCuspCutoffReal N z) 0
PrimalitySheafVerification/Mock2_FunctionalAnalysis.lean:39932:51: error: Failed to rewrite using equation theorems for `tsupport`
'Mock2FA.PaperCorrections.AutomorphicSobolev.FixedPhaseGoodCuspCutoffBridge.intrinsicCuspCutoff_SL_invariant' depends on axioms: [propext,
 Classical.choice,
 Quot.sound]
'Mock2FA.PaperCorrections.AutomorphicSobolev.FixedPhaseGoodCuspCutoffBridge.intrinsicQuotientCuspCutoffReal_support_subset_truncation' depends on axioms: [propext,
 sorryAx,
 Classical.choice,
 Quot.sound]
'Mock2FA.PaperCorrections.AutomorphicSobolev.FixedPhaseGoodCuspCutoffBridge.intrinsicCuspCutoff_quotientCompact' depends on axioms: [propext,
 sorryAx,
 Classical.choice,
 Quot.sound]
PrimalitySheafVerification/Mock2_FunctionalAnalysis.lean:39986:40: error: unsolved goals
g : SL(2, ℤ)
⊢ 0 < ((↑g).map fun x => ↑x).det
PrimalitySheafVerification/Mock2_FunctionalAnalysis.lean:39994:2: error: Type mismatch: After simplification, term
  UpperHalfPlane.hasStrictDerivAt_smul (integralMoebius_det_pos g) z
 has type
  @HasStrictDerivAt ℂ DenselyNormedField.toNontriviallyNormedField ℂ Complex.addCommGroup Semiring.toModule
    PseudoMetricSpace.toUniformSpace.toTopologicalSpace ⋯
    (fun z =>
      ↑(Matrix.SpecialLinearGroup.toGL ((Matrix.SpecialLinearGroup.map (Int.castRingHom ℝ)) g) •
          ↑UpperHalfPlane.ofComplex z))
    (↑(↑(Matrix.SpecialLinearGroup.toGL ((Matrix.SpecialLinearGroup.map (Int.castRingHom ℝ)) g))).det /
      UpperHalfPlane.denom (Matrix.SpecialLinearGroup.toGL ((Matrix.SpecialLinearGroup.map (Int.castRingHom ℝ)) g)) ↑z ^
        2)
    ↑z
but is expected to have type
  @HasStrictDerivAt ℂ DenselyNormedField.toNontriviallyNormedField ℂ Complex.addCommGroup Semiring.toModule
    PseudoMetricSpace.toUniformSpace.toTopologicalSpace ⋯ (integralMoebiusChart g)
    (↑(↑(Matrix.SpecialLinearGroup.toGL ((Matrix.SpecialLinearGroup.map (Int.castRingHom ℝ)) g))).det /
      UpperHalfPlane.denom (Matrix.SpecialLinearGroup.toGL ((Matrix.SpecialLinearGroup.map (Int.castRingHom ℝ)) g)) ↑z ^
        2)
    ↑z
PrimalitySheafVerification/Mock2_FunctionalAnalysis.lean:40003:2: warning: Try this: 
  letI̵

The goal is a proposition, so `let` is preferred over `letI`.
The difference between `let` and `letI` is that `letI` inlines the value.
But this is not relevant for proofs because of proof irrelevance.

Note: This linter can be disabled with `set_option linter.style.haveILetI false`
PrimalitySheafVerification/Mock2_FunctionalAnalysis.lean:40039:8: error(lean.synthInstanceFailed): failed to synthesize instance of type class
  GetElem (?m.14 → Filter ?m.14) (Set ℂ) ?m.11 ?m.12

Hint: Type class instance resolution failures can be inspected with the `set_option trace.Meta.synthInstance true` command.
PrimalitySheafVerification/Mock2_FunctionalAnalysis.lean:40039:8: error: failed to prove index is valid, possible solutions:
  - Use `have`-expressions to prove the index is valid
  - Use `a[i]!` notation instead, runtime check is performed, and 'Panic' error message is produced if index is not valid
  - Use `a[i]?` notation instead, result is an `Option` type
  - Use `a[i]'h` notation instead, where `h` is a proof that index is valid
z : ℍ
hz : 0 < modularLogMaxHeight z
⊢ ?m.12 𝓝 UpperHalfPlane.upperHalfPlaneSet
PrimalitySheafVerification/Mock2_FunctionalAnalysis.lean:40042:7: error(lean.synthInstanceFailed): failed to synthesize instance of type class
  GetElem (?m.31 → Filter ?m.31) (Set ℂ) ?m.28 ?m.29

Hint: Type class instance resolution failures can be inspected with the `set_option trace.Meta.synthInstance true` command.
PrimalitySheafVerification/Mock2_FunctionalAnalysis.lean:40042:7: error: failed to prove index is valid, possible solutions:
  - Use `have`-expressions to prove the index is valid
  - Use `a[i]!` notation instead, runtime check is performed, and 'Panic' error message is produced if index is not valid
  - Use `a[i]?` notation instead, result is an `Option` type
  - Use `a[i]'h` notation instead, where `h` is a proof that index is valid
z : ℍ
hz : 0 < modularLogMaxHeight z
⊢ ?m.29 𝓝 UpperHalfPlane.upperHalfPlaneSet
PrimalitySheafVerification/Mock2_FunctionalAnalysis.lean:40045:23: error: Application type mismatch: The argument
  UpperHalfPlane.im_pos z
has type
  0 < z.im
but is expected to have type
  ↑z ∈ UpperHalfPlane.ofComplex.source
in the application
  OpenPartialHomeomorph.continuousOn UpperHalfPlane.ofComplex (↑z) (UpperHalfPlane.im_pos z)
PrimalitySheafVerification/Mock2_FunctionalAnalysis.lean:40049:2: error: Type mismatch: After simplification, term
  hw
 has type
  w ∈ ↑UpperHalfPlane.ofComplex ⁻¹' {x | modularLogMaxHeight x = Real.log (modularHeightMaximizer z • x).im}
but is expected to have type
  modularLogMaxHeight (↑UpperHalfPlane.ofComplex w) =
    Real.log
      (↑(Matrix.SpecialLinearGroup.toGL
              ((Matrix.SpecialLinearGroup.map (Int.castRingHom ℝ)) (modularHeightMaximizer z)) •
            ↑UpperHalfPlane.ofComplex w)).im
PrimalitySheafVerification/Mock2_FunctionalAnalysis.lean:40077:6: error: Type mismatch: After simplification, term
  ContDiffAt.comp_contDiffWithinAt (↑z) (ContDiff.contDiffAt (ContinuousLinearMap.contDiff Complex.ofRealCLM)) hReal
 has type
  @ContDiffWithinAt ℝ DenselyNormedField.toNontriviallyNormedField ℂ Complex.instNormedAddCommGroup
    instInnerProductSpaceRealComplex.toNormedSpace ℂ Complex.instNormedAddCommGroup
    instInnerProductSpaceRealComplex.toNormedSpace ∞
    (⇑Complex.ofRealCLM ∘ fun v => (↑N + 2 - integralLogHeightChart g v).smoothTransition)
    UpperHalfPlane.upperHalfPlaneSet ↑z
but is expected to have type
  @ContDiffWithinAt ℝ DenselyNormedField.toNontriviallyNormedField ℂ Complex.instNormedAddCommGroup
    instInnerProductSpaceRealComplex.toNormedSpace ℂ Complex.instNormedAddCommGroup
    instInnerProductSpaceRealComplex.toNormedSpace ∞ (fun v => ↑(↑N + 2 - integralLogHeightChart g v).smoothTransition)
    UpperHalfPlane.upperHalfPlaneSet ↑z
PrimalitySheafVerification/Mock2_FunctionalAnalysis.lean:40081:8: error(lean.synthInstanceFailed): failed to synthesize instance of type class
  GetElem (?m.193 → Filter ?m.193) (Set ℂ) ?m.190 ?m.191

Hint: Type class instance resolution failures can be inspected with the `set_option trace.Meta.synthInstance true` command.
PrimalitySheafVerification/Mock2_FunctionalAnalysis.lean:40081:8: error: failed to prove index is valid, possible solutions:
  - Use `have`-expressions to prove the index is valid
  - Use `a[i]!` notation instead, runtime check is performed, and 'Panic' error message is produced if index is not valid
  - Use `a[i]?` notation instead, result is an `Option` type
  - Use `a[i]'h` notation instead, where `h` is a proof that index is valid
N : ℕ
w : ℂ
hw : w ∈ UpperHalfPlane.upperHalfPlaneSet
z : ℍ := { coe := w, coe_im_pos := hw }
hz : 0 < modularLogMaxHeight z
g : SL(2, ℤ) := modularHeightMaximizer z
chartCutoff : ℂ → ℂ := fun v => ↑(↑N + 2 - integralLogHeightChart g v).smoothTransition
hChart : ContDiffWithinAt ℝ ∞ chartCutoff UpperHalfPlane.upperHalfPlaneSet ↑z
⊢ ?m.191 𝓝 UpperHalfPlane.upperHalfPlaneSet
PrimalitySheafVerification/Mock2_FunctionalAnalysis.lean:40089:97: warning: `Set.mem_setOf_eq` has been deprecated: Use `Set.mem_ofPred_eq` instead
PrimalitySheafVerification/Mock2_FunctionalAnalysis.lean:40089:85: error: Type mismatch: After simplification, term
  LE.le.trans_lt hzle zero_lt_one
 has type
  modularLogMaxHeight z < 1
but is expected to have type
  ?m.269 < modularLogMaxHeight ?m.272
PrimalitySheafVerification/Mock2_FunctionalAnalysis.lean:40091:9: error(lean.synthInstanceFailed): failed to synthesize instance of type class
  GetElem (?m.303 → Filter ?m.303) (Set ℂ) ?m.300 ?m.301

Hint: Type class instance resolution failures can be inspected with the `set_option trace.Meta.synthInstance true` command.
PrimalitySheafVerification/Mock2_FunctionalAnalysis.lean:40091:9: error: failed to prove index is valid, possible solutions:
  - Use `have`-expressions to prove the index is valid
  - Use `a[i]!` notation instead, runtime check is performed, and 'Panic' error message is produced if index is not valid
  - Use `a[i]?` notation instead, result is an `Option` type
  - Use `a[i]'h` notation instead, where `h` is a proof that index is valid
N : ℕ
w : ℂ
hw : w ∈ UpperHalfPlane.upperHalfPlaneSet
z : ℍ := { coe := w, coe_im_pos := hw }
hz : ¬0 < modularLogMaxHeight z
hzle : modularLogMaxHeight z ≤ 0
hRhoNhds : {q | modularLogMaxHeight q < 1} ∈ 𝓝 z
⊢ ?m.301 𝓝 UpperHalfPlane.upperHalfPlaneSet
PrimalitySheafVerification/Mock2_FunctionalAnalysis.lean:40094:25: error: Application type mismatch: The argument
  UpperHalfPlane.im_pos z
has type
  0 < z.im
but is expected to have type
  ↑z ∈ UpperHalfPlane.ofComplex.source
in the application
  OpenPartialHomeomorph.continuousOn UpperHalfPlane.ofComplex (↑z) (UpperHalfPlane.im_pos z)
PrimalitySheafVerification/Mock2_FunctionalAnalysis.lean:40097:8: error(lean.synthInstanceFailed): failed to synthesize instance of type class
  GetElem (?m.334 → Filter ?m.334) (Set ℂ) ?m.331 ?m.332

Hint: Type class instance resolution failures can be inspected with the `set_option trace.Meta.synthInstance true` command.
PrimalitySheafVerification/Mock2_FunctionalAnalysis.lean:40097:8: error: failed to prove index is valid, possible solutions:
  - Use `have`-expressions to prove the index is valid
  - Use `a[i]!` notation instead, runtime check is performed, and 'Panic' error message is produced if index is not valid
  - Use `a[i]?` notation instead, result is an `Option` type
  - Use `a[i]'h` notation instead, where `h` is a proof that index is valid
N : ℕ
w : ℂ
hw : w ∈ UpperHalfPlane.upperHalfPlaneSet
z : ℍ := { coe := w, coe_im_pos := hw }
hz : ¬0 < modularLogMaxHeight z
hzle : modularLogMaxHeight z ≤ 0
hRhoNhds : {q | modularLogMaxHeight q < 1} ∈ 𝓝 z
hMap : Tendsto ↑UpperHalfPlane.ofComplex sorry (𝓝 z)
hPulled : {q | modularLogMaxHeight q < 1} ∈ map ↑UpperHalfPlane.ofComplex sorry
⊢ ?m.332 𝓝 UpperHalfPlane.upperHalfPlaneSet
PrimalitySheafVerification/Mock2_FunctionalAnalysis.lean:40104:44: error: not a positivity goal
PrimalitySheafVerification/Mock2_FunctionalAnalysis.lean:40113:10: error(lean.synthInstanceFailed): failed to synthesize instance of type class
  LE Type

Hint: Type class instance resolution failures can be inspected with the `set_option trace.Meta.synthInstance true` command.
PrimalitySheafVerification/Mock2_FunctionalAnalysis.lean:40113:12: error(lean.synthInstanceFailed): failed to synthesize instance of type class
  OfNat Type 0
numerals are polymorphic in Lean, but the numeral `0` cannot be used in a context where the expected type is
  Type
due to the absence of the instance above

Hint: Type class instance resolution failures can be inspected with the `set_option trace.Meta.synthInstance true` command.
PrimalitySheafVerification/Mock2_FunctionalAnalysis.lean:40116:16: error: Application type mismatch: The argument
  convex_Icc
has type
  ∀ (r s : ?m.34), Convex ?m.33 (Icc r s)
but is expected to have type
  Convex ℝ ?m.29
in the application
  ContDiffOn.exists_lipschitzOnWith (ContDiff.contDiffOn Real.smoothTransition.contDiff) ?m.32 convex_Icc
PrimalitySheafVerification/Mock2_FunctionalAnalysis.lean:40116:7: error: unsolved goals
⊢ ¬?m.11 = 0
PrimalitySheafVerification/Mock2_FunctionalAnalysis.lean:40126:42: error(lean.invalidField): Invalid field `dist_le`: The environment does not contain `Function.dist_le`, so it is not possible to project the field `dist_le` from an expression
  LipschitzWith.projIcc zero_le_one
of type
  ∀ (x y : ℝ), edist (projIcc 0 1 ⋯ x) (projIcc 0 1 ⋯ y) ≤ ↑1 * edist x y
PrimalitySheafVerification/Mock2_FunctionalAnalysis.lean:40132:47: error(lean.invalidField): Invalid field `dist_le`: The environment does not contain `Function.dist_le`, so it is not possible to project the field `dist_le` from an expression
  hK
of type
  ?m.172 ∈ Icc ?m.46 ?m.47 →
    ∀ ⦃y : ℝ⦄, y ∈ Icc ?m.46 ?m.47 → edist (Real.smoothTransition ?m.172) y.smoothTransition ≤ ↑K * edist ?m.172 y
PrimalitySheafVerification/Mock2_FunctionalAnalysis.lean:40113:56: error: unsolved goals
case calc.step
K : NNReal
hK : LipschitzOnWith K Real.smoothTransition (Icc ?m.46 ?m.47)
x y : ℝ
px : ↑(Icc 0 1) := projIcc 0 1 ⋯ x
py : ↑(Icc 0 1) := projIcc 0 1 ⋯ y
hpx : ↑px ∈ Icc 0 1
hpy : ↑py ∈ Icc 0 1
hProj : dist ↑px ↑py ≤ 1 * dist x y
⊢ ↑K * dist x y ≤ ↑sorry * dist x y
PrimalitySheafVerification/Mock2_FunctionalAnalysis.lean:40138:57: error(lean.synthInstanceFailed): failed to synthesize instance of type class
  LE Type

Hint: Type class instance resolution failures can be inspected with the `set_option trace.Meta.synthInstance true` command.
PrimalitySheafVerification/Mock2_FunctionalAnalysis.lean:40138:59: error(lean.synthInstanceFailed): failed to synthesize instance of type class
  OfNat Type 0
numerals are polymorphic in Lean, but the numeral `0` cannot be used in a context where the expected type is
  Type
due to the absence of the instance above

Hint: Type class instance resolution failures can be inspected with the `set_option trace.Meta.synthInstance true` command.
PrimalitySheafVerification/Mock2_FunctionalAnalysis.lean:40141:8: warning: declaration uses `sorry`
PrimalitySheafVerification/Mock2_FunctionalAnalysis.lean:40158:6: error(lean.unknownIdentifier): Unknown constant `Mock2FA.PaperCorrections.AutomorphicSobolev.FixedPhaseIntrinsicAdjointCutoff.smoothTransition_lipschitz.dist_le`
PrimalitySheafVerification/Mock2_FunctionalAnalysis.lean:40162:6: error: Type mismatch: After simplification, term
  abs_neg (modularLogMaxHeight z - modularLogMaxHeight w)
 has type
  |(-(modularLogMaxHeight z - modularLogMaxHeight w))| = |modularLogMaxHeight z - modularLogMaxHeight w|
but is expected to have type
  |↑N + 2 - modularLogMaxHeight z - (↑N + 2 - modularLogMaxHeight w)| = |modularLogMaxHeight z - modularLogMaxHeight w|
PrimalitySheafVerification/Mock2_FunctionalAnalysis.lean:40149:37: error: unsolved goals
case calc.step
N : ℕ
z w : ℍ
⊢ sorry * dist z w ≤ ↑sorry * dist z w
PrimalitySheafVerification/Mock2_FunctionalAnalysis.lean:40204:52: error: unsolved goals
z : ℍ
w : ℂ
hw : z.im / 2 < w.im
hwpos : 0 < w.im
hsqrtPos : 0 < √(w.im * z.im)
hhalf : z.im / 2 ≤ √(w.im * z.im)
hfactor : 1 ≤ 2 / z.im * √(w.im * z.im)
hDiv : dist w ↑z / √(w.im * z.im) ≤ 2 / z.im * dist w ↑z
⊢ dist ↑{ coe := w, coe_im_pos := hwpos } ↑z / √({ coe := w, coe_im_pos := hwpos }.im * z.im) =
    dist w ↑z / √(w.im * z.im)
PrimalitySheafVerification/Mock2_FunctionalAnalysis.lean:40224:88: warning: `Set.mem_setOf_eq` has been deprecated: Use `Set.mem_ofPred_eq` instead
PrimalitySheafVerification/Mock2_FunctionalAnalysis.lean:40224:76: error: Type mismatch: After simplification, term
  lt_of_not_ge fun a =>
    Mathlib.Tactic.Linarith.lt_irrefl
      (Eq.mp
        (congrArg (fun _a => _a < 0)
          (Mathlib.Tactic.Ring.of_eq
            (Mathlib.Tactic.Ring.Common.add_congr
              (Mathlib.Tactic.Ring.Common.sub_congr
                (Mathlib.Tactic.Ring.Common.mul_congr
                  (Mathlib.Tactic.Ring.cast_pos (Mathlib.Meta.NormNum.isNat_ofNat ℝ (Eq.refl 2)))
                  (Mathlib.Tactic.Ring.Common.atom_pf z.im rfl
                    (Eq.mpr
                      (id
                        (congrArg (fun _a => z.im ^ Nat.rawCast 1 * Nat.rawCast 1 = z.im ^ Nat.rawCast 1 * _a)
                          (Eq.symm rfl)))
                      (Eq.refl (z.im ^ Nat.rawCast 1 * Nat.rawCast 1))))
                  (Mathlib.Tactic.Ring.Common.add_mul
                    (Mathlib.Tactic.Ring.Common.mul_add
                      (Mathlib.Tactic.Ring.Common.mul_pf_right z.im (Nat.rawCast 1)
                        (Mathlib.Meta.NormNum.IsNat.to_raw_eq
                          (Mathlib.Meta.NormNum.isNat_mul (Eq.refl HMul.hMul) (Mathlib.Meta.NormNum.IsNat.of_raw ℝ 2)
                            (Mathlib.Meta.NormNum.IsNat.of_raw ℝ 1) (Eq.refl 2))))
                      (Mathlib.Tactic.Ring.Common.mul_zero (Nat.rawCast 2))
                      (Mathlib.Tactic.Ring.Common.add_pf_add_zero (z.im ^ Nat.rawCast 1 * Nat.rawCast 2 + 0)))
                    (Mathlib.Tactic.Ring.Common.zero_mul (z.im ^ Nat.rawCast 1 * Nat.rawCast 1 + 0))
                    (Mathlib.Tactic.Ring.Common.add_pf_add_zero (z.im ^ Nat.rawCast 1 * Nat.rawCast 2 + 0))))
                (Mathlib.Tactic.Ring.Common.mul_congr
                  (Mathlib.Tactic.Ring.cast_pos (Mathlib.Meta.NormNum.isNat_ofNat ℝ Nat.cast_one))
                  (Mathlib.Tactic.Ring.Common.atom_pf z.im rfl
                    (Eq.mpr
                      (id
                        (congrArg (fun _a => z.im ^ Nat.rawCast 1 * Nat.rawCast 1 = z.im ^ Nat.rawCast 1 * _a)
                          (Eq.symm rfl)))
                      (Eq.refl (z.im ^ Nat.rawCast 1 * Nat.rawCast 1))))
                  (Mathlib.Tactic.Ring.Common.add_mul
                    (Mathlib.Tactic.Ring.Common.mul_add
                      (Mathlib.Tactic.Ring.Common.mul_pf_right z.im (Nat.rawCast 1)
                        (Mathlib.Meta.NormNum.IsNat.to_raw_eq
                          (Mathlib.Meta.NormNum.isNat_mul (Eq.refl HMul.hMul) (Mathlib.Meta.NormNum.IsNat.of_raw ℝ 1)
                            (Mathlib.Meta.NormNum.IsNat.of_raw ℝ 1) (Eq.refl 1))))
                      (Mathlib.Tactic.Ring.Common.mul_zero (Nat.rawCast 1))
                      (Mathlib.Tactic.Ring.Common.add_pf_add_zero (z.im ^ Nat.rawCast 1 * Nat.rawCast 1 + 0)))
                    (Mathlib.Tactic.Ring.Common.zero_mul (z.im ^ Nat.rawCast 1 * Nat.rawCast 1 + 0))
                    (Mathlib.Tactic.Ring.Common.add_pf_add_zero (z.im ^ Nat.rawCast 1 * Nat.rawCast 1 + 0))))
                (Mathlib.Tactic.Ring.Common.sub_pf
                  (Mathlib.Tactic.Ring.Common.neg_add
                    (Mathlib.Tactic.Ring.Common.neg_mul z.im (Nat.rawCast 1)
                      (Mathlib.Meta.NormNum.IsInt.to_raw_eq
                        (Mathlib.Meta.NormNum.isInt_neg (Eq.refl Neg.neg)
                          (Mathlib.Meta.NormNum.IsNat.to_isInt (Mathlib.Meta.NormNum.IsNat.of_raw ℝ 1))
                          (Eq.refl (Int.negOfNat 1)))))
                    Mathlib.Tactic.Ring.Common.neg_zero)
                  (Mathlib.Tactic.Ring.Common.add_pf_add_overlap
                    (Mathlib.Tactic.Ring.Common.add_overlap_pf z.im (Nat.rawCast 1)
                      (Mathlib.Meta.NormNum.IsNat.to_raw_eq
                        (Mathlib.Meta.NormNum.IsInt.to_isNat
                          (Mathlib.Meta.NormNum.isInt_add (Eq.refl HAdd.hAdd)
                            (Mathlib.Meta.NormNum.IsNat.to_isInt (Mathlib.Meta.NormNum.IsNat.of_raw ℝ 2))
                            (Mathlib.Meta.NormNum.IsInt.of_raw ℝ (Int.negOfNat 1)) (Eq.refl (Int.ofNat 1))))))
                    (Mathlib.Tactic.Ring.Common.add_pf_zero_add 0))))
              (Mathlib.Tactic.Ring.Common.sub_congr
                (Mathlib.Tactic.Ring.cast_zero (Mathlib.Meta.NormNum.isNat_ofNat ℝ Nat.cast_zero))
                (Mathlib.Tactic.Ring.Common.atom_pf z.im rfl
                  (Eq.mpr
                    (id
                      (congrArg (fun _a => z.im ^ Nat.rawCast 1 * Nat.rawCast 1 = z.im ^ Nat.rawCast 1 * _a)
                        (Eq.symm rfl)))
                    (Eq.refl (z.im ^ Nat.rawCast 1 * Nat.rawCast 1))))
                (Mathlib.Tactic.Ring.Common.sub_pf
                  (Mathlib.Tactic.Ring.Common.neg_add
                    (Mathlib.Tactic.Ring.Common.neg_mul z.im (Nat.rawCast 1)
                      (Mathlib.Meta.NormNum.IsInt.to_raw_eq
                        (Mathlib.Meta.NormNum.isInt_neg (Eq.refl Neg.neg)
                          (Mathlib.Meta.NormNum.IsNat.to_isInt (Mathlib.Meta.NormNum.IsNat.of_raw ℝ 1))
                          (Eq.refl (Int.negOfNat 1)))))
                    Mathlib.Tactic.Ring.Common.neg_zero)
                  (Mathlib.Tactic.Ring.Common.add_pf_zero_add (z.im ^ Nat.rawCast 1 * (Int.negOfNat 1).rawCast + 0))))
              (Mathlib.Tactic.Ring.Common.add_pf_add_overlap_zero
                (Mathlib.Tactic.Ring.Common.add_overlap_pf_zero z.im (Nat.rawCast 1)
                  (Mathlib.Meta.NormNum.IsInt.to_isNat
                    (Mathlib.Meta.NormNum.isInt_add (Eq.refl HAdd.hAdd)
                      (Mathlib.Meta.NormNum.IsNat.to_isInt (Mathlib.Meta.NormNum.IsNat.of_raw ℝ 1))
                      (Mathlib.Meta.NormNum.IsInt.of_raw ℝ (Int.negOfNat 1)) (Eq.refl (Int.ofNat 0)))))
                (Mathlib.Tactic.Ring.Common.add_pf_zero_add 0)))
            (Mathlib.Tactic.Ring.cast_zero (Mathlib.Meta.NormNum.isNat_ofNat ℝ Nat.cast_zero))))
        (Mathlib.Tactic.Linarith.add_lt_of_le_of_neg
          (Eq.mp
            (congrArg (fun _a => _a ≤ 0)
              (Mathlib.Tactic.CancelDenoms.sub_subst rfl
                (Mathlib.Tactic.CancelDenoms.div_subst rfl
                  (Mathlib.Meta.NormNum.isNat_eq_true
                    (Mathlib.Meta.NormNum.IsNNRat.to_isNat
                      (Mathlib.Meta.NormNum.isNNRat_div
                        (Mathlib.Meta.NormNum.IsNat.to_isNNRat
                          (Mathlib.Meta.NormNum.IsNNRat.to_isNat
                            (Mathlib.Meta.NormNum.isNNRat_mul (Eq.refl HMul.hMul)
                              (Mathlib.Meta.NormNum.IsNat.to_isNNRat (Mathlib.Meta.NormNum.isNat_ofNat ℝ (Eq.refl 2)))
                              (Mathlib.Meta.NormNum.isNNRat_inv_pos
                                (Mathlib.Meta.NormNum.IsNat.to_isNNRat
                                  (Mathlib.Meta.NormNum.isNat_ofNat ℝ (Eq.refl 2))))
                              (Eq.refl (Nat.mul 2 1)) (Eq.refl 2))))))
                    (Mathlib.Meta.NormNum.isNat_ofNat ℝ Nat.cast_one))
                  (Mathlib.Meta.NormNum.isNat_eq_true
                    (Mathlib.Meta.NormNum.isNat_mul (Eq.refl HMul.hMul)
                      (Mathlib.Meta.NormNum.isNat_ofNat ℝ Nat.cast_one) (Mathlib.Meta.NormNum.isNat_ofNat ℝ (Eq.refl 2))
                      (Eq.refl 2))
                    (Mathlib.Meta.NormNum.isNat_ofNat ℝ (Eq.refl 2))))))
            (Mathlib.Tactic.Linarith.mul_nonpos (Mathlib.Tactic.Linarith.sub_nonpos_of_le a)
              (Mathlib.Meta.NormNum.isNat_lt_true (Mathlib.Meta.NormNum.isNat_ofNat ℝ Nat.cast_zero)
                (Mathlib.Meta.NormNum.isNat_ofNat ℝ (Eq.refl 2)) (Eq.refl false))))
          (Mathlib.Tactic.Linarith.sub_neg_of_lt (UpperHalfPlane.im_pos z))))
 has type
  @LT.lt ℝ Real.instLT (z.im / 2) z.im
but is expected to have type
  @LT.lt ℝ instDistribLatticeOfLinearOrder.toSemilatticeInf.toLT (z.im / 2) (↑z).im
PrimalitySheafVerification/Mock2_FunctionalAnalysis.lean:40258:2: error: linarith failed to find a contradiction
N : ℕ
z : ℍ
C : ℝ := 2 * sorry / z.im
hC : 0 ≤ C
hLocal : ∀ᶠ (w : ℂ) in 𝓝 ↑z, ‖upperLift (intrinsicCuspCutoff N) w - upperLift (intrinsicCuspCutoff N) ↑z‖ ≤ C * ‖w - ↑z‖
hDeriv : ‖fderiv ℝ (upperLift (intrinsicCuspCutoff N)) ↑z‖ ≤ 2 * sorry / z.im
hy : 0 < z.im
a✝ : 2 * sorry < z.im * ‖fderiv ℝ (upperLift (intrinsicCuspCutoff N)) ↑z‖
⊢ False
failed
PrimalitySheafVerification/Mock2_FunctionalAnalysis.lean:40260:8: warning: declaration uses `sorry`
PrimalitySheafVerification/Mock2_FunctionalAnalysis.lean:40278:13: error(lean.unknownIdentifier): Unknown identifier `norm_I`
'Mock2FA.PaperCorrections.AutomorphicSobolev.FixedPhaseIntrinsicAdjointCutoff.intrinsicCuspCutoff_realSmooth' depends on axioms: [propext,
 sorryAx,
 Classical.choice,
 Quot.sound]
'Mock2FA.PaperCorrections.AutomorphicSobolev.FixedPhaseIntrinsicAdjointCutoff.exists_smoothTransition_lipschitz' depends on axioms: [propext,
 sorryAx,
 Classical.choice,
 Quot.sound]
'Mock2FA.PaperCorrections.AutomorphicSobolev.FixedPhaseIntrinsicAdjointCutoff.intrinsicCuspCutoff_fderiv_hyperbolic_bound' depends on axioms: [propext,
 sorryAx,
 Classical.choice,
 Quot.sound]
'Mock2FA.PaperCorrections.AutomorphicSobolev.FixedPhaseIntrinsicAdjointCutoff.intrinsicCuspCutoff_dx_hyperbolic_bound' depends on axioms: [propext,
 sorryAx,
 Classical.choice,
 Quot.sound]
'Mock2FA.PaperCorrections.AutomorphicSobolev.FixedPhaseIntrinsicAdjointCutoff.intrinsicCuspCutoff_dy_hyperbolic_bound' depends on axioms: [propext,
 sorryAx,
 Classical.choice,
 Quot.sound]
PrimalitySheafVerification/Mock2_FunctionalAnalysis.lean:40344:4: error: Tactic `rfl` failed: The left-hand side
  ↑↑↑(invariantCutoffTimesOrbitSection n (intrinsicCuspCutoffSmoothQuotient N) ⋯
            ((InverseEtaFixedPhaseCore.toWeightSection n) (u + v)) ⋯)
    z
is not definitionally equal to the right-hand side
  ↑↑↑(invariantCutoffTimesOrbitSection n (intrinsicCuspCutoffSmoothQuotient N) ⋯
              ((InverseEtaFixedPhaseCore.toWeightSection n) u) ⋯ +
            invariantCutoffTimesOrbitSection n (intrinsicCuspCutoffSmoothQuotient N) ⋯
              ((InverseEtaFixedPhaseCore.toWeightSection n) v) ⋯)
    z

N : ℕ
n : ℤ
u v : InverseEtaFixedPhaseCore n
z : ℍ
⊢ ↑↑↑(invariantCutoffTimesOrbitSection n (intrinsicCuspCutoffSmoothQuotient N) ⋯
              ((InverseEtaFixedPhaseCore.toWeightSection n) (u + v)) ⋯)
      z =
    ↑↑↑(invariantCutoffTimesOrbitSection n (intrinsicCuspCutoffSmoothQuotient N) ⋯
                ((InverseEtaFixedPhaseCore.toWeightSection n) u) ⋯ +
              invariantCutoffTimesOrbitSection n (intrinsicCuspCutoffSmoothQuotient N) ⋯
                ((InverseEtaFixedPhaseCore.toWeightSection n) v) ⋯)
      z
PrimalitySheafVerification/Mock2_FunctionalAnalysis.lean:40350:4: error: Tactic `rfl` failed: The left-hand side
  ↑↑↑(invariantCutoffTimesOrbitSection n (intrinsicCuspCutoffSmoothQuotient N) ⋯
            ((InverseEtaFixedPhaseCore.toWeightSection n) (c • u)) ⋯)
    z
is not definitionally equal to the right-hand side
  ↑↑↑((RingHom.id ℂ) c •
            invariantCutoffTimesOrbitSection n (intrinsicCuspCutoffSmoothQuotient N) ⋯
              ((InverseEtaFixedPhaseCore.toWeightSection n) u) ⋯)
    z

N : ℕ
n : ℤ
c : ℂ
u : InverseEtaFixedPhaseCore n
z : ℍ
⊢ ↑↑↑(invariantCutoffTimesOrbitSection n (intrinsicCuspCutoffSmoothQuotient N) ⋯
              ((InverseEtaFixedPhaseCore.toWeightSection n) (c • u)) ⋯)
      z =
    ↑↑↑((RingHom.id ℂ) c •
              invariantCutoffTimesOrbitSection n (intrinsicCuspCutoffSmoothQuotient N) ⋯
                ((InverseEtaFixedPhaseCore.toWeightSection n) u) ⋯)
      z
PrimalitySheafVerification/Mock2_FunctionalAnalysis.lean:40401:6: error: Type mismatch: After simplification, term
  hzSupport
 has type
  gammaTwoQuotientMk z ∈ quotientTSupport ↑↑u.toSmoothQuotientCompactFunction
but is expected to have type
  a • z ∈ gammaTwoQuotientMk ⁻¹' quotientTSupport ↑↑u.toSmoothQuotientCompactFunction
PrimalitySheafVerification/Mock2_FunctionalAnalysis.lean:40475:57: error: Application type mismatch: The argument
  l2Coordinate n
has type
  @LinearMap ℂ ℂ Complex.instSemiring Complex.instSemiring (RingHom.id ℂ) (InverseEtaFixedPhaseCore n)
    (OrbitPeterssonHilbert n) (inverseEtaFixedPhaseStableCoreSubmodule n).addCommMonoid
    UniformSpace.Completion.instAddCommGroup.toAddCommMonoid (inverseEtaFixedPhaseStableCoreSubmodule n).module
    UniformSpace.Completion.instModule
but is expected to have type
  @LinearMap ℂ ℂ DivisionRing.toDivisionSemiring.toSemiring DivisionRing.toDivisionSemiring.toSemiring (RingHom.id ℂ)
    ?m.14 (OrbitPeterssonHilbert n) AddCommGroup.toAddCommMonoid
    NormedAddCommGroup.toSeminormedAddCommGroup.toAddCommMonoid ?m.23 UniformSpace.Completion.instModule
in the application
  LinearMap.extendOfNorm ?m.29 (l2Coordinate n)
PrimalitySheafVerification/Mock2_FunctionalAnalysis.lean:40482:35: error: (deterministic) timeout at `isDefEq`, maximum number of heartbeats (200000) has been reached

Note: Use `set_option maxHeartbeats <num>` to set the limit.

Hint: Additional diagnostic information may be available using the `set_option diagnostics true` command.
PrimalitySheafVerification/Mock2_FunctionalAnalysis.lean:40492:7: error: (deterministic) timeout at `whnf`, maximum number of heartbeats (200000) has been reached

Note: Use `set_option maxHeartbeats <num>` to set the limit.

Hint: Additional diagnostic information may be available using the `set_option diagnostics true` command.
PrimalitySheafVerification/Mock2_FunctionalAnalysis.lean:40503:50: error: Type mismatch
  eps / 2
has type
  ℝ
of sort `Type` but is expected to have type
  0 < ?m.26
of sort `Prop`
PrimalitySheafVerification/Mock2_FunctionalAnalysis.lean:40571:37: error: unsolved goals
N : ℕ
n : ℤ
u v : InverseEtaFixedPhaseCore n
z : ℍ
hCu :
  ↑↑((PhysicalLocalL2.orbitPeterssonEuclideanEmbedding n) ((l2Coordinate n) ((intrinsicCuspCutoffOperator N n) u))) z =
    PhysicalLocalL2.fixedPhaseEuclideanGauge n ((intrinsicCuspCutoffOperator N n) u) z
hV :
  ↑↑((PhysicalLocalL2.orbitPeterssonEuclideanEmbedding n) ((l2Coordinate n) v)) z =
    PhysicalLocalL2.fixedPhaseEuclideanGauge n v z
hU :
  ↑↑((PhysicalLocalL2.orbitPeterssonEuclideanEmbedding n) ((l2Coordinate n) u)) z =
    PhysicalLocalL2.fixedPhaseEuclideanGauge n u z
hCv :
  ↑↑((PhysicalLocalL2.orbitPeterssonEuclideanEmbedding n) ((l2Coordinate n) ((intrinsicCuspCutoffOperator N n) v))) z =
    PhysicalLocalL2.fixedPhaseEuclideanGauge n ((intrinsicCuspCutoffOperator N n) v) z
⊢ star ↑(intrinsicCuspCutoffReal N z) = ↑(intrinsicCuspCutoffReal N z)
PrimalitySheafVerification/Mock2_FunctionalAnalysis.lean:40573:6: error: `simp` made no progress
PrimalitySheafVerification/Mock2_FunctionalAnalysis.lean:40572:40: warning: This simp argument is unused:
  Complex.conj_ofReal

Hint: Omit it from the simp argument list.
  [apply] simp only [intrinsicCuspCutoff]

Note: This linter can be disabled with `set_option linter.unusedSimpArgs false`
PrimalitySheafVerification/Mock2_FunctionalAnalysis.lean:40594:6: error: Tactic `rewrite` failed: Did not find an occurrence of the pattern
  (intrinsicPeterssonCuspCutoff ?N ?n) ((l2Coordinate ?n) ?u)
in the target expression
  ⟪↑(intrinsicPeterssonCuspCutoff N n) ((l2Coordinate n) u), (l2Coordinate n) v⟫_ℂ =
    ⟪(l2Coordinate n) u, ↑(intrinsicPeterssonCuspCutoff N n) ((l2Coordinate n) v)⟫_ℂ

N : ℕ
n : ℤ
x y : OrbitPeterssonHilbert n
u v : InverseEtaFixedPhaseCore n
⊢ ⟪↑(intrinsicPeterssonCuspCutoff N n) ((l2Coordinate n) u), (l2Coordinate n) v⟫_ℂ =
    ⟪(l2Coordinate n) u, ↑(intrinsicPeterssonCuspCutoff N n) ((l2Coordinate n) v)⟫_ℂ
PrimalitySheafVerification/Mock2_FunctionalAnalysis.lean:40621:26: error: Application type mismatch: The argument
  heightC_ne_zero
has type
  ∀ (z : ℍ), heightC z ≠ 0
but is expected to have type
  ∀ x ∈ UpperHalfPlane.upperHalfPlaneSet, upperLift heightC x ≠ 0
in the application
  ContDiffOn.inv realSmooth_heightC heightC_ne_zero
PrimalitySheafVerification/Mock2_FunctionalAnalysis.lean:40627:45: error(lean.invalidField): Invalid field `raiseRaw`: The environment does not contain `Function.raiseRaw`, so it is not possible to project the field `raiseRaw` from an expression
  intrinsicCuspCutoff_quotientCompact N
of type
  ?m.9 ≤ 𝓟 (quotientTSupport (intrinsicCuspCutoff N)) → ∃ x ∈ quotientTSupport (intrinsicCuspCutoff N), ClusterPt x ?m.9
PrimalitySheafVerification/Mock2_FunctionalAnalysis.lean:40632:45: error(lean.invalidField): Invalid field `lowerRaw`: The environment does not contain `Function.lowerRaw`, so it is not possible to project the field `lowerRaw` from an expression
  intrinsicCuspCutoff_quotientCompact N
of type
  ?m.9 ≤ 𝓟 (quotientTSupport (intrinsicCuspCutoff N)) → ∃ x ∈ quotientTSupport (intrinsicCuspCutoff N), ClusterPt x ?m.9
PrimalitySheafVerification/Mock2_FunctionalAnalysis.lean:40635:18: warning: declaration uses `sorry`
PrimalitySheafVerification/Mock2_FunctionalAnalysis.lean:40638:8: warning: declaration uses `sorry`
PrimalitySheafVerification/Mock2_FunctionalAnalysis.lean:40667:27: error(lean.unknownIdentifier): Unknown identifier `norm_I`
Try this:
  [apply] ring_nf
  
  The `ring` tactic failed to close the goal. Use `ring_nf` to obtain a normal form.
    
  Note that `ring` works primarily in *commutative* rings. If you have a noncommutative ring, abelian group or module, consider using `noncomm_ring`, `abel` or `module` instead.
PrimalitySheafVerification/Mock2_FunctionalAnalysis.lean:40666:49: error: unsolved goals
N : ℕ
z : ℍ
hFormula :
  intrinsicRaiseCommutatorCoefficient N z =
    heightC z * (Complex.I * dx (intrinsicCuspCutoff N) z + dy (intrinsicCuspCutoff N) z)
hHeight : ‖heightC z‖ = z.im
⊢ z.im * ‖Complex.I‖ * ‖dx (intrinsicCuspCutoff N) z‖ + z.im * ‖dy (intrinsicCuspCutoff N) z‖ =
    z.im * ‖dx (intrinsicCuspCutoff N) z‖ + z.im * ‖dy (intrinsicCuspCutoff N) z‖
PrimalitySheafVerification/Mock2_FunctionalAnalysis.lean:40667:35: warning: This simp argument is unused:
  one_mul

Hint: Omit it from the simp argument list.
  [apply] simp only [norm_mul, norm_I]

Note: This linter can be disabled with `set_option linter.unusedSimpArgs false`
PrimalitySheafVerification/Mock2_FunctionalAnalysis.lean:40687:4: error: No goals to be solved
PrimalitySheafVerification/Mock2_FunctionalAnalysis.lean:40701:37: error(lean.unknownIdentifier): Unknown identifier `norm_I`
Try this:
  [apply] ring_nf
  
  The `ring` tactic failed to close the goal. Use `ring_nf` to obtain a normal form.
    
  Note that `ring` works primarily in *commutative* rings. If you have a noncommutative ring, abelian group or module, consider using `noncomm_ring`, `abel` or `module` instead.
PrimalitySheafVerification/Mock2_FunctionalAnalysis.lean:40700:49: error: unsolved goals
N : ℕ
z : ℍ
hFormula :
  intrinsicLowerCommutatorCoefficient N z =
    heightC z * (-Complex.I * dx (intrinsicCuspCutoff N) z + dy (intrinsicCuspCutoff N) z)
hHeight : ‖heightC z‖ = z.im
⊢ z.im * ‖Complex.I‖ * ‖dx (intrinsicCuspCutoff N) z‖ + z.im * ‖dy (intrinsicCuspCutoff N) z‖ =
    z.im * ‖dx (intrinsicCuspCutoff N) z‖ + z.im * ‖dy (intrinsicCuspCutoff N) z‖
PrimalitySheafVerification/Mock2_FunctionalAnalysis.lean:40701:45: warning: This simp argument is unused:
  one_mul

Hint: Omit it from the simp argument list.
  [apply] simp only [norm_mul, norm_neg, norm_I]

Note: This linter can be disabled with `set_option linter.unusedSimpArgs false`
'Mock2FA.PaperCorrections.AutomorphicSobolev.FixedPhaseIntrinsicAdjointCutoff.exists_intrinsicCuspCutoffOperator_eventually_eq' depends on axioms: [propext,
 sorryAx,
 Classical.choice,
 Quot.sound]
'Mock2FA.PaperCorrections.AutomorphicSobolev.FixedPhaseIntrinsicAdjointCutoff.intrinsicPeterssonCuspCutoff_tendsto_id' depends on axioms: [propext,
 sorryAx,
 Classical.choice,
 Quot.sound]
'Mock2FA.PaperCorrections.AutomorphicSobolev.FixedPhaseIntrinsicAdjointCutoff.adjoint_intrinsicPeterssonCuspCutoff' depends on axioms: [propext,
 sorryAx,
 Classical.choice,
 Quot.sound]
'Mock2FA.PaperCorrections.AutomorphicSobolev.FixedPhaseIntrinsicAdjointCutoff.norm_intrinsicRaiseCommutatorCoefficient_le' depends on axioms: [propext,
 sorryAx,
 Classical.choice,
 Quot.sound]
'Mock2FA.PaperCorrections.AutomorphicSobolev.FixedPhaseIntrinsicAdjointCutoff.norm_intrinsicLowerCommutatorCoefficient_le' depends on axioms: [propext,
 sorryAx,
 Classical.choice,
 Quot.sound]
PrimalitySheafVerification/Mock2_FunctionalAnalysis.lean:40745:2: error(lean.synthInstanceFailed): failed to synthesize instance of type class
  HSub (InverseEtaFixedPhaseCore n →ₗ[ℂ] InverseEtaFixedPhaseCore (n + 1))
    (InverseEtaFixedPhaseCore n →ₗ[ℂ] InverseEtaFixedPhaseCore (n + 1)) ?m.62

Hint: Type class instance resolution failures can be inspected with the `set_option trace.Meta.synthInstance true` command.
PrimalitySheafVerification/Mock2_FunctionalAnalysis.lean:40754:2: error(lean.synthInstanceFailed): failed to synthesize instance of type class
  HSub (InverseEtaFixedPhaseCore (n + 1) →ₗ[ℂ] InverseEtaFixedPhaseCore n)
    (InverseEtaFixedPhaseCore (n + 1) →ₗ[ℂ] InverseEtaFixedPhaseCore n) ?m.62

Hint: Type class instance resolution failures can be inspected with the `set_option trace.Meta.synthInstance true` command.
PrimalitySheafVerification/Mock2_FunctionalAnalysis.lean:40764:23: error: Function expected at
  intrinsicCuspCutoff
but this term has type
  ?m.1

Note: Expected a function because this term is being applied to the argument
  N

Hint: The identifier `intrinsicCuspCutoff` is unknown, and Lean's `autoImplicit` option causes an unknown identifier to be treated as an implicitly bound variable with an unknown type. However, the unknown type cannot be a function, and a function is what Lean expects here. This is often the result of a typo or a missing `import` or `open` statement.
PrimalitySheafVerification/Mock2_FunctionalAnalysis.lean:40765:12: error: Function expected at
  intrinsicCuspCutoff
but this term has type
  ?m.1

Note: Expected a function because this term is being applied to the argument
  N

Hint: The identifier `intrinsicCuspCutoff` is unknown, and Lean's `autoImplicit` option causes an unknown identifier to be treated as an implicitly bound variable with an unknown type. However, the unknown type cannot be a function, and a function is what Lean expects here. This is often the result of a typo or a missing `import` or `open` statement.
PrimalitySheafVerification/Mock2_FunctionalAnalysis.lean:40769:9: error: Function expected at
  intrinsicCuspCutoff
but this term has type
  x✝

Note: Expected a function because this term is being applied to the argument
  N
PrimalitySheafVerification/Mock2_FunctionalAnalysis.lean:40771:6: error: Function expected at
  intrinsicCuspCutoff
but this term has type
  x✝

Note: Expected a function because this term is being applied to the argument
  N
PrimalitySheafVerification/Mock2_FunctionalAnalysis.lean:40784:14: error: Function expected at
  intrinsicCuspCutoff
but this term has type
  ?m.1

Note: Expected a function because this term is being applied to the argument
  N

Hint: The identifier `intrinsicCuspCutoff` is unknown, and Lean's `autoImplicit` option causes an unknown identifier to be treated as an implicitly bound variable with an unknown type. However, the unknown type cannot be a function, and a function is what Lean expects here. This is often the result of a typo or a missing `import` or `open` statement.
PrimalitySheafVerification/Mock2_FunctionalAnalysis.lean:40785:28: error: Function expected at
  intrinsicCuspCutoff
but this term has type
  ?m.1

Note: Expected a function because this term is being applied to the argument
  N

Hint: The identifier `intrinsicCuspCutoff` is unknown, and Lean's `autoImplicit` option causes an unknown identifier to be treated as an implicitly bound variable with an unknown type. However, the unknown type cannot be a function, and a function is what Lean expects here. This is often the result of a typo or a missing `import` or `open` statement.
PrimalitySheafVerification/Mock2_FunctionalAnalysis.lean:40789:9: error: Function expected at
  intrinsicCuspCutoff
but this term has type
  x✝

Note: Expected a function because this term is being applied to the argument
  N
PrimalitySheafVerification/Mock2_FunctionalAnalysis.lean:40791:6: error: Function expected at
  intrinsicCuspCutoff
but this term has type
  x✝

Note: Expected a function because this term is being applied to the argument
  N
Try this:
  [apply] ring_nf
  
  The `ring` tactic failed to close the goal. Use `ring_nf` to obtain a normal form.
    
  Note that `ring` works primarily in *commutative* rings. If you have a noncommutative ring, abelian group or module, consider using `noncomm_ring`, `abel` or `module` instead.
PrimalitySheafVerification/Mock2_FunctionalAnalysis.lean:40803:128: error: unsolved goals
N : ℕ
n : ℤ
u : InverseEtaFixedPhaseCore n
z : ℍ
⊢ heightC z * ↑(z.im ^ PhysicalLocalL2.euclideanGaugeExponent n) * Complex.I * dx sorry z *
        ↑↑u.toSmoothQuotientCompactFunction z +
      heightC z * ↑(z.im ^ PhysicalLocalL2.euclideanGaugeExponent n) * dy sorry z *
        ↑↑u.toSmoothQuotientCompactFunction z =
    heightC z * ↑(z.im ^ PhysicalLocalL2.euclideanGaugeExponent n) * Complex.I * ↑↑u.toSmoothQuotientCompactFunction z *
        dx (FixedPhaseGoodCuspCutoffBridge.intrinsicCuspCutoff N) z +
      heightC z * ↑(z.im ^ PhysicalLocalL2.euclideanGaugeExponent n) * ↑↑u.toSmoothQuotientCompactFunction z *
        dy (FixedPhaseGoodCuspCutoffBridge.intrinsicCuspCutoff N) z

N : ℕ
n : ℤ
u : InverseEtaFixedPhaseCore n
z : ℍ
⊢ Sort ?u.16

N : ℕ
n : ℤ
u : InverseEtaFixedPhaseCore n
z : ℍ
⊢ ?m.18
Try this:
  [apply] ring_nf
  
  The `ring` tactic failed to close the goal. Use `ring_nf` to obtain a normal form.
    
  Note that `ring` works primarily in *commutative* rings. If you have a noncommutative ring, abelian group or module, consider using `noncomm_ring`, `abel` or `module` instead.
PrimalitySheafVerification/Mock2_FunctionalAnalysis.lean:40818:134: error: unsolved goals
N : ℕ
n : ℤ
u : InverseEtaFixedPhaseCore (n + 1)
z : ℍ
⊢ -(heightC z ^ 2 * (heightC z)⁻¹ * ↑(z.im ^ PhysicalLocalL2.euclideanGaugeExponent (1 + n)) * Complex.I * dx sorry z *
          ↑↑u.toSmoothQuotientCompactFunction z) +
      heightC z ^ 2 * (heightC z)⁻¹ * ↑(z.im ^ PhysicalLocalL2.euclideanGaugeExponent (1 + n)) * dy sorry z *
        ↑↑u.toSmoothQuotientCompactFunction z =
    -(heightC z ^ 2 * (heightC z)⁻¹ * ↑(z.im ^ PhysicalLocalL2.euclideanGaugeExponent (1 + n)) * Complex.I *
            ↑↑u.toSmoothQuotientCompactFunction z *
          dx (FixedPhaseGoodCuspCutoffBridge.intrinsicCuspCutoff N) z) +
      heightC z ^ 2 * (heightC z)⁻¹ * ↑(z.im ^ PhysicalLocalL2.euclideanGaugeExponent (1 + n)) *
          ↑↑u.toSmoothQuotientCompactFunction z *
        dy (FixedPhaseGoodCuspCutoffBridge.intrinsicCuspCutoff N) z

N : ℕ
n : ℤ
u : InverseEtaFixedPhaseCore (n + 1)
z : ℍ
⊢ Sort ?u.21

N : ℕ
n : ℤ
u : InverseEtaFixedPhaseCore (n + 1)
z : ℍ
⊢ ?m.24
PrimalitySheafVerification/Mock2_FunctionalAnalysis.lean:40870:4: error: Application type mismatch: The argument
  l2Coordinate n
has type
  @LinearMap ℂ ℂ Complex.instSemiring Complex.instSemiring (RingHom.id ℂ) (InverseEtaFixedPhaseCore n)
    (OrbitPeterssonHilbert n) (inverseEtaFixedPhaseStableCoreSubmodule n).addCommMonoid
    UniformSpace.Completion.instAddCommGroup.toAddCommMonoid (inverseEtaFixedPhaseStableCoreSubmodule n).module
    UniformSpace.Completion.instModule
but is expected to have type
  @LinearMap ℂ ℂ DivisionRing.toDivisionSemiring.toSemiring DivisionRing.toDivisionSemiring.toSemiring (RingHom.id ℂ)
    ?m.20 (OrbitPeterssonHilbert n) AddCommGroup.toAddCommMonoid
    NormedAddCommGroup.toSeminormedAddCommGroup.toAddCommMonoid ?m.29 UniformSpace.Completion.instModule
in the application
  LinearMap.extendOfNorm ?m.35 (l2Coordinate n)
PrimalitySheafVerification/Mock2_FunctionalAnalysis.lean:40878:35: error: (deterministic) timeout at `whnf`, maximum number of heartbeats (200000) has been reached

Note: Use `set_option maxHeartbeats <num>` to set the limit.

Hint: Additional diagnostic information may be available using the `set_option diagnostics true` command.
PrimalitySheafVerification/Mock2_FunctionalAnalysis.lean:40887:4: error: Application type mismatch: The argument
  l2Coordinate (n + 1)
has type
  @LinearMap ℂ ℂ Complex.instSemiring Complex.instSemiring (RingHom.id ℂ) (InverseEtaFixedPhaseCore (n + 1))
    (OrbitPeterssonHilbert (n + 1)) (inverseEtaFixedPhaseStableCoreSubmodule (n + 1)).addCommMonoid
    UniformSpace.Completion.instAddCommGroup.toAddCommMonoid (inverseEtaFixedPhaseStableCoreSubmodule (n + 1)).module
    UniformSpace.Completion.instModule
but is expected to have type
  @LinearMap ℂ ℂ DivisionRing.toDivisionSemiring.toSemiring DivisionRing.toDivisionSemiring.toSemiring (RingHom.id ℂ)
    ?m.20 (OrbitPeterssonHilbert (n + 1)) AddCommGroup.toAddCommMonoid
    NormedAddCommGroup.toSeminormedAddCommGroup.toAddCommMonoid ?m.29 UniformSpace.Completion.instModule
in the application
  LinearMap.extendOfNorm ?m.35 (l2Coordinate (n + 1))
PrimalitySheafVerification/Mock2_FunctionalAnalysis.lean:40897:35: error: (deterministic) timeout at `whnf`, maximum number of heartbeats (200000) has been reached

Note: Use `set_option maxHeartbeats <num>` to set the limit.

Hint: Additional diagnostic information may be available using the `set_option diagnostics true` command.
PrimalitySheafVerification/Mock2_FunctionalAnalysis.lean:40906:5: error: (deterministic) timeout at `whnf`, maximum number of heartbeats (200000) has been reached

Note: Use `set_option maxHeartbeats <num>` to set the limit.

Hint: Additional diagnostic information may be available using the `set_option diagnostics true` command.
PrimalitySheafVerification/Mock2_FunctionalAnalysis.lean:40914:5: error: (deterministic) timeout at `isDefEq`, maximum number of heartbeats (200000) has been reached

Note: Use `set_option maxHeartbeats <num>` to set the limit.

Hint: Additional diagnostic information may be available using the `set_option diagnostics true` command.
PrimalitySheafVerification/Mock2_FunctionalAnalysis.lean:40929:9: error(lean.synthInstanceFailed): failed to synthesize instance of type class
  HSub (InverseEtaFixedPhaseCore (n + 1)) (InverseEtaFixedPhaseCore (n + 1)) ?m.92

Hint: Type class instance resolution failures can be inspected with the `set_option trace.Meta.synthInstance true` command.
PrimalitySheafVerification/Mock2_FunctionalAnalysis.lean:40947:9: error(lean.synthInstanceFailed): failed to synthesize instance of type class
  HSub (InverseEtaFixedPhaseCore n) (InverseEtaFixedPhaseCore n) ?m.98

Hint: Type class instance resolution failures can be inspected with the `set_option trace.Meta.synthInstance true` command.
PrimalitySheafVerification/Mock2_FunctionalAnalysis.lean:40989:44: error: Application type mismatch: The argument
  eta
has type
  ℝ
of sort `Type` but is expected to have type
  0 < ?m.118
of sort `Prop` in the application
  DenseRange.exists_dist_lt hDense x eta
PrimalitySheafVerification/Mock2_FunctionalAnalysis.lean:41004:10: error: Tactic `rewrite` failed: Did not find an occurrence of the pattern
  ?m.262 / (B + 1) < ?m.261
in the target expression
  B * (eps / (B + 1)) < eps

E : Type u_1
F : Type u_2
D : Type u_3
inst✝⁴ : NormedAddCommGroup E
inst✝³ : NormedSpace ℂ E
inst✝² : NormedAddCommGroup F
inst✝¹ : NormedSpace ℂ F
inst✝ : TopologicalSpace D
A : ℕ → E →L[ℂ] F
B : ℝ
hB : 0 ≤ B
core : D → E
hDense : DenseRange core
hBound : ∀ (N : ℕ) (x : E), ‖(A N) x‖ ≤ B * ‖x‖
hCore : ∀ (u : D), (fun N => (A N) (core u)) =ᶠ[atTop] fun x => 0
x : E
eps : ℝ
heps : eps > 0
eta : ℝ := eps / (B + 1)
hB1 : 0 < B + 1
heta : 0 < eta
u : D
hu : dist x (core u) < eta
N : ℕ
hN : ∀ (b : ℕ), N ≤ b → (fun N => (A N) (core u)) b = (fun x => 0) b
M : ℕ
hM : M ≥ N
hCoreZero : (A M) (core u) = 0
hDist : ‖x - core u‖ < eta
hRewrite : (A M) x = (A M) (x - core u)
⊢ B * (eps / (B + 1)) < eps
'Mock2FA.PaperCorrections.AutomorphicSobolev.FixedPhaseIntrinsicAdjointCutoff.norm_intrinsicRaisePeterssonCommutatorCoreMap_le' depends on axioms: [propext,
 sorryAx,
 Classical.choice,
 Quot.sound]
'Mock2FA.PaperCorrections.AutomorphicSobolev.FixedPhaseIntrinsicAdjointCutoff.norm_intrinsicLowerFromSuccPeterssonCommutatorCoreMap_le' depends on axioms: [propext,
 sorryAx,
 Classical.choice,
 Quot.sound]
'Mock2FA.PaperCorrections.AutomorphicSobolev.FixedPhaseIntrinsicAdjointCutoff.tendsto_zero_of_uniform_bound_of_eventuallyEq_on_denseRange' depends on axioms: [propext,
 sorryAx,
 Classical.choice,
 Quot.sound]
'Mock2FA.PaperCorrections.AutomorphicSobolev.FixedPhaseIntrinsicAdjointCutoff.intrinsicRaisePeterssonCommutator_tendsto_zero' depends on axioms: [propext,
 sorryAx,
 Classical.choice,
 Quot.sound]
'Mock2FA.PaperCorrections.AutomorphicSobolev.FixedPhaseIntrinsicAdjointCutoff.intrinsicLowerFromSuccPeterssonCommutator_tendsto_zero' depends on axioms: [propext,
 sorryAx,
 Classical.choice,
 Quot.sound]
PrimalitySheafVerification/Mock2_FunctionalAnalysis.lean:41066:28: error: Tactic `rewrite` failed: Did not find an occurrence of the pattern
  (intrinsicPeterssonCuspCutoff ?N ?n) ((l2Coordinate ?n) ?u)
in the target expression
  (l2Coordinate (n + 1)) ((intrinsicRaiseCuspCutoffCommutator N n) u) =
    (l2Coordinate (n + 1))
        ((HalfWeightDifferentialOperators.InverseEtaFixedPhaseCore.raise n) ((intrinsicCuspCutoffOperator N n) u)) -
      (intrinsicPeterssonCuspCutoff N (n + 1)) ((raisedCoordinate n) u)

N : ℕ
n : ℤ
u : HalfWeightDifferentialOperators.InverseEtaFixedPhaseCore n
⊢ (l2Coordinate (n + 1)) ((intrinsicRaiseCuspCutoffCommutator N n) u) =
    (l2Coordinate (n + 1))
        ((HalfWeightDifferentialOperators.InverseEtaFixedPhaseCore.raise n) ((intrinsicCuspCutoffOperator N n) u)) -
      (intrinsicPeterssonCuspCutoff N (n + 1)) ((raisedCoordinate n) u)
PrimalitySheafVerification/Mock2_FunctionalAnalysis.lean:41082:4: error: Tactic `rewrite` failed: Did not find an occurrence of the pattern
  (intrinsicPeterssonCuspCutoff ?N ?n) ((l2Coordinate ?n) ?u)
in the target expression
  (l2Coordinate n) ((intrinsicLowerFromSuccCuspCutoffCommutator N n) v) =
    (l2Coordinate n)
        ((HalfWeightDifferentialOperators.InverseEtaFixedPhaseCore.lowerFromSucc n)
          ((intrinsicCuspCutoffOperator N (n + 1)) v)) -
      (intrinsicPeterssonCuspCutoff N n) ((lowerFromSuccCoordinate n) v)

N : ℕ
n : ℤ
v : HalfWeightDifferentialOperators.InverseEtaFixedPhaseCore (n + 1)
⊢ (l2Coordinate n) ((intrinsicLowerFromSuccCuspCutoffCommutator N n) v) =
    (l2Coordinate n)
        ((HalfWeightDifferentialOperators.InverseEtaFixedPhaseCore.lowerFromSucc n)
          ((intrinsicCuspCutoffOperator N (n + 1)) v)) -
      (intrinsicPeterssonCuspCutoff N n) ((lowerFromSuccCoordinate n) v)
PrimalitySheafVerification/Mock2_FunctionalAnalysis.lean:41277:14: error: Tactic `rewrite` failed: Did not find an occurrence of the pattern
  ↑(-?f) ?x
in the target expression
  (intrinsicPeterssonCuspCutoff N (n + 1)) (↑(-physicalRaise n) x) =
    (intrinsicPeterssonCuspCutoff N (n + 1)) (-(raisedCoordinate n) u)

N : ℕ
n : ℤ
x : ↥(l2Coordinate n).range
u : HalfWeightDifferentialOperators.InverseEtaFixedPhaseCore n := (l2CoreRangeEquiv n).symm x
xCut : ↥(l2Coordinate n).range := ⟨(intrinsicPeterssonCuspCutoff N n) ↑x, ⋯⟩
hx : (l2Coordinate n) u = ↑x
hxCut : xCut = (l2CoreRangeEquiv n) ((intrinsicCuspCutoffOperator N n) u)
⊢ (intrinsicPeterssonCuspCutoff N (n + 1)) (↑(-physicalRaise n) x) =
    (intrinsicPeterssonCuspCutoff N (n + 1)) (-(raisedCoordinate n) u)

Note: The target expression is not type-correct under the `implicit` transparency level, which may have triggered the failure. This is usually caused by unfolding of semireducible definitions in prior tactic steps. Use `set_option linter.tacticCheckInstances true` to investigate the source of the issue.
Full error:
  Application type mismatch: The argument
    x
  has type
    ↥(l2Coordinate n).range
  but is expected to have type
    ↥(-physicalRaise n).domain
  in the application
    ↑(-physicalRaise n) x
PrimalitySheafVerification/Mock2_FunctionalAnalysis.lean:41284:17: error: Tactic `rewrite` failed: Did not find an occurrence of the pattern
  ↑(-?f) ?x
in the target expression
  -(raisedCoordinate n) ((intrinsicCuspCutoffOperator N n) u) +
      (intrinsicRaisePeterssonCommutator N n) ((l2Coordinate n) u) =
    ↑(-physicalRaise n) ((l2CoreRangeEquiv n) ((intrinsicCuspCutoffOperator N n) u)) +
      (intrinsicRaisePeterssonCommutator N n) ↑x

N : ℕ
n : ℤ
x : ↥(l2Coordinate n).range
u : HalfWeightDifferentialOperators.InverseEtaFixedPhaseCore n := (l2CoreRangeEquiv n).symm x
xCut : ↥(l2Coordinate n).range := ⟨(intrinsicPeterssonCuspCutoff N n) ↑x, ⋯⟩
hx : (l2Coordinate n) u = ↑x
hxCut : xCut = (l2CoreRangeEquiv n) ((intrinsicCuspCutoffOperator N n) u)
⊢ -(raisedCoordinate n) ((intrinsicCuspCutoffOperator N n) u) +
      (intrinsicRaisePeterssonCommutator N n) ((l2Coordinate n) u) =
    ↑(-physicalRaise n) ((l2CoreRangeEquiv n) ((intrinsicCuspCutoffOperator N n) u)) +
      (intrinsicRaisePeterssonCommutator N n) ↑x

Note: The target expression is not type-correct under the `implicit` transparency level, which may have triggered the failure. This is usually caused by unfolding of semireducible definitions in prior tactic steps. Use `set_option linter.tacticCheckInstances true` to investigate the source of the issue.
Full error:
  Application type mismatch: The argument
    (l2CoreRangeEquiv n) ((intrinsicCuspCutoffOperator N n) u)
  has type
    ↥(l2Coordinate n).range
  but is expected to have type
    ↥(-physicalRaise n).domain
  in the application
    ↑(-physicalRaise n) ((l2CoreRangeEquiv n) ((intrinsicCuspCutoffOperator N n) u))
PrimalitySheafVerification/Mock2_FunctionalAnalysis.lean:41328:14: error: Tactic `rewrite` failed: Did not find an occurrence of the pattern
  ↑(-?f) ?x
in the target expression
  (intrinsicPeterssonCuspCutoff N n) (↑(-physicalLowerFromSucc n) x) =
    (intrinsicPeterssonCuspCutoff N n) (-(lowerFromSuccCoordinate n) u)

N : ℕ
n : ℤ
x : ↥(l2Coordinate (n + 1)).range
u : HalfWeightDifferentialOperators.InverseEtaFixedPhaseCore (n + 1) := (l2CoreRangeEquiv (n + 1)).symm x
xCut : ↥(l2Coordinate (n + 1)).range := ⟨(intrinsicPeterssonCuspCutoff N (n + 1)) ↑x, ⋯⟩
hx : (l2Coordinate (n + 1)) u = ↑x
hxCut : xCut = (l2CoreRangeEquiv (n + 1)) ((intrinsicCuspCutoffOperator N (n + 1)) u)
⊢ (intrinsicPeterssonCuspCutoff N n) (↑(-physicalLowerFromSucc n) x) =
    (intrinsicPeterssonCuspCutoff N n) (-(lowerFromSuccCoordinate n) u)

Note: The target expression is not type-correct under the `implicit` transparency level, which may have triggered the failure. This is usually caused by unfolding of semireducible definitions in prior tactic steps. Use `set_option linter.tacticCheckInstances true` to investigate the source of the issue.
Full error:
  Application type mismatch: The argument
    x
  has type
    ↥(l2Coordinate (n + 1)).range
  but is expected to have type
    ↥(-physicalLowerFromSucc n).domain
  in the application
    ↑(-physicalLowerFromSucc n) x
PrimalitySheafVerification/Mock2_FunctionalAnalysis.lean:41337:17: error: Tactic `rewrite` failed: Did not find an occurrence of the pattern
  ↑(-?f) ?x
in the target expression
  -(lowerFromSuccCoordinate n) ((intrinsicCuspCutoffOperator N (n + 1)) u) +
      (intrinsicLowerFromSuccPeterssonCommutator N n) ((l2Coordinate (n + 1)) u) =
    ↑(-physicalLowerFromSucc n) ((l2CoreRangeEquiv (n + 1)) ((intrinsicCuspCutoffOperator N (n + 1)) u)) +
      (intrinsicLowerFromSuccPeterssonCommutator N n) ↑x

N : ℕ
n : ℤ
x : ↥(l2Coordinate (n + 1)).range
u : HalfWeightDifferentialOperators.InverseEtaFixedPhaseCore (n + 1) := (l2CoreRangeEquiv (n + 1)).symm x
xCut : ↥(l2Coordinate (n + 1)).range := ⟨(intrinsicPeterssonCuspCutoff N (n + 1)) ↑x, ⋯⟩
hx : (l2Coordinate (n + 1)) u = ↑x
hxCut : xCut = (l2CoreRangeEquiv (n + 1)) ((intrinsicCuspCutoffOperator N (n + 1)) u)
⊢ -(lowerFromSuccCoordinate n) ((intrinsicCuspCutoffOperator N (n + 1)) u) +
      (intrinsicLowerFromSuccPeterssonCommutator N n) ((l2Coordinate (n + 1)) u) =
    ↑(-physicalLowerFromSucc n) ((l2CoreRangeEquiv (n + 1)) ((intrinsicCuspCutoffOperator N (n + 1)) u)) +
      (intrinsicLowerFromSuccPeterssonCommutator N n) ↑x

Note: The target expression is not type-correct under the `implicit` transparency level, which may have triggered the failure. This is usually caused by unfolding of semireducible definitions in prior tactic steps. Use `set_option linter.tacticCheckInstances true` to investigate the source of the issue.
Full error:
  Application type mismatch: The argument
    (l2CoreRangeEquiv (n + 1)) ((intrinsicCuspCutoffOperator N (n + 1)) u)
  has type
    ↥(l2Coordinate (n + 1)).range
  but is expected to have type
    ↥(-physicalLowerFromSucc n).domain
  in the application
    ↑(-physicalLowerFromSucc n) ((l2CoreRangeEquiv (n + 1)) ((intrinsicCuspCutoffOperator N (n + 1)) u))
'Mock2FA.PaperCorrections.AutomorphicSobolev.FixedPhaseIntrinsicAdjointCutoff.intrinsicRaisePeterssonCommutator_eq_adjoint_lowerFromSucc' depends on axioms: [propext,
 sorryAx,
 Classical.choice,
 Quot.sound]
'Mock2FA.PaperCorrections.AutomorphicSobolev.FixedPhaseIntrinsicAdjointCutoff.negativePhysicalRaise_intrinsicCutoff_commutator' depends on axioms: [propext,
 sorryAx,
 Classical.choice,
 Quot.sound]
'Mock2FA.PaperCorrections.AutomorphicSobolev.FixedPhaseIntrinsicAdjointCutoff.negativePhysicalLowerFromSucc_intrinsicCutoff_commutator' depends on axioms: [propext,
 sorryAx,
 Classical.choice,
 Quot.sound]
PrimalitySheafVerification/Mock2_FunctionalAnalysis.lean:41410:120: error(lean.invalidField): Invalid field `restrict`: The environment does not contain `Eq.restrict`, so it is not possible to project the field `restrict` from an expression
  PhysicalLocalL2.ae_mem_open_chosenEuclidean
of type
  PhysicalLocalL2.chosenEuclideanCarrierMeasure {x | (fun z => z ∈ gammaTwoOpenCarrier) x}ᶜ = 0
PrimalitySheafVerification/Mock2_FunctionalAnalysis.lean:41396:34: error: unsolved goals
m n : ℤ
Acore :
  HalfWeightDifferentialOperators.InverseEtaFixedPhaseCore n →ₗ[ℂ]
    HalfWeightDifferentialOperators.InverseEtaFixedPhaseCore m
A : OrbitPeterssonHilbert n →L[ℂ] OrbitPeterssonHilbert m
c : ℍ → ℂ
hc : HasQuotientCompactSupport c
hCore :
  ∀ (u : HalfWeightDifferentialOperators.InverseEtaFixedPhaseCore n),
    A ((l2Coordinate n) u) = (l2Coordinate m) (Acore u)
hGauge :
  ∀ (u : HalfWeightDifferentialOperators.InverseEtaFixedPhaseCore n) (z : ℍ),
    PhysicalLocalL2.fixedPhaseEuclideanGauge m (Acore u) z = c z * PhysicalLocalL2.fixedPhaseEuclideanGauge n u z
x : OrbitPeterssonHilbert n
K : Set ℍ := gammaTwoClosedTileCarrier ∩ gammaTwoQuotientMk ⁻¹' quotientTSupport c
hK : IsCompact K
R : OrbitPeterssonHilbert n →L[ℂ] ↥(Lp ℂ 2 (PhysicalLocalL2.chosenEuclideanCarrierMeasure.restrict Kᶜ)) :=
  LpToLpRestrictCLM ℍ ℂ ℂ PhysicalLocalL2.chosenEuclideanCarrierMeasure 2 Kᶜ ∘SL
    PhysicalLocalL2.orbitPeterssonEuclideanEmbedding m ∘SL A
u : HalfWeightDifferentialOperators.InverseEtaFixedPhaseCore n
z : ℍ
hzRestr :
  ↑↑((LpToLpRestrictCLM ℍ ℂ ℂ PhysicalLocalL2.chosenEuclideanCarrierMeasure 2 Kᶜ)
            ((PhysicalLocalL2.orbitPeterssonEuclideanEmbedding m) ((l2Coordinate m) (Acore u))))
      z =
    ↑↑((PhysicalLocalL2.orbitPeterssonEuclideanEmbedding m) ((l2Coordinate m) (Acore u))) z
hzGauge :
  ↑↑((PhysicalLocalL2.orbitPeterssonEuclideanEmbedding m) ((l2Coordinate m) (Acore u))) z =
    PhysicalLocalL2.fixedPhaseEuclideanGauge m (Acore u) z
hzOpen : z ∈ gammaTwoOpenCarrier
hzCompl : z ∈ Kᶜ
hcZero : c z = 0
⊢ 0 = ↑↑0 z
PrimalitySheafVerification/Mock2_FunctionalAnalysis.lean:41432:4: error: Type mismatch
  Lp.coeFn_zero
has type
  ∀ (E : Type ?u.173) {m : MeasurableSpace ?m.349} (p : ℝ≥0∞) (μ : Measure ?m.349) [inst : NormedAddCommGroup E],
    ↑↑0 =ᵐ[μ] 0
but is expected to have type
  ↑↑0 =ᵐ[PhysicalLocalL2.chosenEuclideanCarrierMeasure.restrict Kᶜ] 0
PrimalitySheafVerification/Mock2_FunctionalAnalysis.lean:41419:33: warning: This simp argument is unused:
  Pi.zero_apply

Hint: Omit it from the simp argument list.
  [apply] simp only [hcZero, zero_mul]

Note: This linter can be disabled with `set_option linter.unusedSimpArgs false`
PrimalitySheafVerification/Mock2_FunctionalAnalysis.lean:41454:6: error: Tactic `rewrite` failed: Did not find an occurrence of the pattern
  ↑↑((PhysicalLocalL2.orbitPeterssonEuclideanEmbedding n) x + (PhysicalLocalL2.orbitPeterssonEuclideanEmbedding n) y) z
in the target expression
  ↑↑((PhysicalLocalL2.orbitPeterssonEuclideanEmbedding n) (x + y)) z = 0

n : ℤ
x y : OrbitPeterssonHilbert n
K : Set ℍ
hK : IsCompact K
hx :
  ∀ᵐ (z : ℍ) ∂PhysicalLocalL2.chosenEuclideanCarrierMeasure,
    z ∉ K → ↑↑((PhysicalLocalL2.orbitPeterssonEuclideanEmbedding n) x) z = 0
L : Set ℍ
hL : IsCompact L
hy :
  ∀ᵐ (z : ℍ) ∂PhysicalLocalL2.chosenEuclideanCarrierMeasure,
    z ∉ L → ↑↑((PhysicalLocalL2.orbitPeterssonEuclideanEmbedding n) y) z = 0
z : ℍ
hAdd :
  ↑↑((PhysicalLocalL2.orbitPeterssonEuclideanEmbedding n) x + (PhysicalLocalL2.orbitPeterssonEuclideanEmbedding n) y)
      z =
    (↑↑((PhysicalLocalL2.orbitPeterssonEuclideanEmbedding n) x) +
        ↑↑((PhysicalLocalL2.orbitPeterssonEuclideanEmbedding n) y))
      z
hxz : z ∉ K → ↑↑((PhysicalLocalL2.orbitPeterssonEuclideanEmbedding n) x) z = 0
hyz : z ∉ L → ↑↑((PhysicalLocalL2.orbitPeterssonEuclideanEmbedding n) y) z = 0
hz : z ∉ K ∪ L
⊢ ↑↑((PhysicalLocalL2.orbitPeterssonEuclideanEmbedding n) (x + y)) z = 0
PrimalitySheafVerification/Mock2_FunctionalAnalysis.lean:41463:5: error(lean.unknownIdentifier): Unknown identifier `intrinsicCuspCutoff`
PrimalitySheafVerification/Mock2_FunctionalAnalysis.lean:41464:5: error(lean.unknownIdentifier): Unknown identifier `intrinsicCuspCutoff_quotientCompact`
Try this:
  [apply] ring_nf
  
  The `ring` tactic failed to close the goal. Use `ring_nf` to obtain a normal form.
    
  Note that `ring` works primarily in *commutative* rings. If you have a noncommutative ring, abelian group or module, consider using `noncomm_ring`, `abel` or `module` instead.
PrimalitySheafVerification/Mock2_FunctionalAnalysis.lean:41466:15: error: unsolved goals
N : ℕ
n : ℤ
x : OrbitPeterssonHilbert n
u : HalfWeightDifferentialOperators.InverseEtaFixedPhaseCore n
z : ℍ
⊢ ↑(z.im ^ PhysicalLocalL2.euclideanGaugeExponent n) * FixedPhaseGoodCuspCutoffBridge.intrinsicCuspCutoff N z *
      ↑↑u.toSmoothQuotientCompactFunction z =
    ↑(z.im ^ PhysicalLocalL2.euclideanGaugeExponent n) * ↑↑u.toSmoothQuotientCompactFunction z * sorry z
PrimalitySheafVerification/Mock2_FunctionalAnalysis.lean:41519:49: error(lean.invalidField): Invalid field `add`: The environment does not contain `Exists.add`, so it is not possible to project the field `add` from an expression
  intrinsicPeterssonCuspCutoff_hasCompactCarrierSupport j (n + 1) (↑(-physicalLowerFromSucc n)† y)
of type
  ∃ K,
    IsCompact K ∧
      ∀ᵐ (z : ℍ) ∂PhysicalLocalL2.chosenEuclideanCarrierMeasure,
        z ∉ K →
          ↑↑((PhysicalLocalL2.orbitPeterssonEuclideanEmbedding (n + 1))
                    ((intrinsicPeterssonCuspCutoff j (n + 1)) (↑(-physicalLowerFromSucc n)† y)))
              z =
            0
PrimalitySheafVerification/Mock2_FunctionalAnalysis.lean:41544:35: error(lean.invalidField): Invalid field `add`: The environment does not contain `Exists.add`, so it is not possible to project the field `add` from an expression
  intrinsicPeterssonCuspCutoff_hasCompactCarrierSupport j n (↑(-physicalRaise n)† y)
of type
  ∃ K,
    IsCompact K ∧
      ∀ᵐ (z : ℍ) ∂PhysicalLocalL2.chosenEuclideanCarrierMeasure,
        z ∉ K →
          ↑↑((PhysicalLocalL2.orbitPeterssonEuclideanEmbedding n)
                    ((intrinsicPeterssonCuspCutoff j n) (↑(-physicalRaise n)† y)))
              z =
            0
'Mock2FA.PaperCorrections.AutomorphicSobolev.FixedPhaseIntrinsicAdjointCutoff.completedGaugeMultiplier_hasCompactCarrierSupport' depends on axioms: [propext,
 sorryAx,
 Classical.choice,
 Quot.sound]
'Mock2FA.PaperCorrections.AutomorphicSobolev.FixedPhaseIntrinsicAdjointCutoff.intrinsicPeterssonCuspCutoff_hasCompactCarrierSupport' depends on axioms: [propext,
 sorryAx,
 Classical.choice,
 Quot.sound]
'Mock2FA.PaperCorrections.AutomorphicSobolev.FixedPhaseIntrinsicAdjointCutoff.intrinsicRaisingAdjointCutoffExhaustion' depends on axioms: [propext,
 sorryAx,
 Classical.choice,
 Quot.sound]
'Mock2FA.PaperCorrections.AutomorphicSobolev.FixedPhaseIntrinsicAdjointCutoff.intrinsicLoweringAdjointCutoffExhaustion' depends on axioms: [propext,
 sorryAx,
 Classical.choice,
 Quot.sound]
'Mock2FA.PaperCorrections.AutomorphicSobolev.FixedPhaseIntrinsicAdjointCutoff.raisingInvariantCutoffGraphControlAt_unconditional' depends on axioms: [propext,
 sorryAx,
 Classical.choice,
 Quot.sound]
'Mock2FA.PaperCorrections.AutomorphicSobolev.FixedPhaseIntrinsicAdjointCutoff.loweringInvariantCutoffGraphControlAt_unconditional' depends on axioms: [propext,
 sorryAx,
 Classical.choice,
 Quot.sound]
Try this:
  [apply] ring_nf
  
  The `ring` tactic failed to close the goal. Use `ring_nf` to obtain a normal form.
    
  Note that `ring` works primarily in *commutative* rings. If you have a noncommutative ring, abelian group or module, consider using `noncomm_ring`, `abel` or `module` instead.
PrimalitySheafVerification/Mock2_FunctionalAnalysis.lean:41690:66: error: unsolved goals
n : ℤ
v : PhysicalLocalL2.AmbientTestCore
z : ℍ
⊢ Complex.I * ↑(↑z).im * (HalfWeightCompactCoordinateGreen.dx v) ↑z +
        ↑(↑z).im * (HalfWeightCompactCoordinateGreen.dy v) ↑z +
      ↑(2 + PhysicalLocalL2.euclideanGaugeExponent n) * v ↑z =
    Complex.I * (HalfWeightCompactCoordinateGreen.dx v) ↑z * ↑z.im +
        (HalfWeightCompactCoordinateGreen.dy v) ↑z * ↑z.im +
      ↑(2 + PhysicalLocalL2.euclideanGaugeExponent n) * v ↑z
Try this:
  [apply] ring_nf
  
  The `ring` tactic failed to close the goal. Use `ring_nf` to obtain a normal form.
    
  Note that `ring` works primarily in *commutative* rings. If you have a noncommutative ring, abelian group or module, consider using `noncomm_ring`, `abel` or `module` instead.
PrimalitySheafVerification/Mock2_FunctionalAnalysis.lean:41707:66: error: unsolved goals
n : ℤ
v : PhysicalLocalL2.AmbientTestCore
z : ℍ
⊢ -(Complex.I * ↑(↑z).im * (HalfWeightCompactCoordinateGreen.dx v) ↑z) +
        ↑(↑z).im * (HalfWeightCompactCoordinateGreen.dy v) ↑z -
      ↑(1 + PhysicalLocalL2.euclideanGaugeExponent n) * v ↑z =
    -(Complex.I * (HalfWeightCompactCoordinateGreen.dx v) ↑z * ↑z.im) +
        (HalfWeightCompactCoordinateGreen.dy v) ↑z * ↑z.im -
      ↑(1 + PhysicalLocalL2.euclideanGaugeExponent n) * v ↑z
Try this:
  [apply] ring_nf
  
  The `ring` tactic failed to close the goal. Use `ring_nf` to obtain a normal form.
    
  Note that `ring` works primarily in *commutative* rings. If you have a noncommutative ring, abelian group or module, consider using `noncomm_ring`, `abel` or `module` instead.
PrimalitySheafVerification/Mock2_FunctionalAnalysis.lean:41736:47: error: unsolved goals
n : ℤ
u : HalfWeightDifferentialOperators.InverseEtaFixedPhaseCore n
v : PhysicalLocalL2.AmbientTestCore
hEq :
  EqOn (SmoothCompactCoreGeometry.upperLift (PhysicalLocalL2.fixedPhaseEuclideanGauge n u)) (⇑v)
    PhysicalLocalL2.ambientGammaTwoOpenCarrier
z : ℍ
hz : ↑z ∈ PhysicalLocalL2.ambientGammaTwoOpenCarrier
hx :
  HalfWeightDifferentialOperators.dx (PhysicalLocalL2.fixedPhaseEuclideanGauge n u) z =
    (HalfWeightCompactCoordinateGreen.dx v) ↑z
hy :
  HalfWeightDifferentialOperators.dy (PhysicalLocalL2.fixedPhaseEuclideanGauge n u) z =
    (HalfWeightCompactCoordinateGreen.dy v) ↑z
hv : PhysicalLocalL2.fixedPhaseEuclideanGauge n u z = v ↑z
⊢ Complex.I * ↑z.im * (HalfWeightCompactCoordinateGreen.dx v) ↑z + ↑z.im * (HalfWeightCompactCoordinateGreen.dy v) ↑z +
      ↑(2 + PhysicalLocalL2.euclideanGaugeExponent n) * v ↑z =
    Complex.I * (HalfWeightCompactCoordinateGreen.dx v) ↑z * ↑(↑z).im +
        (HalfWeightCompactCoordinateGreen.dy v) ↑z * ↑(↑z).im +
      ↑(2 + PhysicalLocalL2.euclideanGaugeExponent n) * v ↑z
Try this:
  [apply] ring_nf
  
  The `ring` tactic failed to close the goal. Use `ring_nf` to obtain a normal form.
    
  Note that `ring` works primarily in *commutative* rings. If you have a noncommutative ring, abelian group or module, consider using `noncomm_ring`, `abel` or `module` instead.
PrimalitySheafVerification/Mock2_FunctionalAnalysis.lean:41763:55: error: unsolved goals
n : ℤ
u : HalfWeightDifferentialOperators.InverseEtaFixedPhaseCore (n + 1)
v : PhysicalLocalL2.AmbientTestCore
hEq :
  EqOn (SmoothCompactCoreGeometry.upperLift (PhysicalLocalL2.fixedPhaseEuclideanGauge (n + 1) u)) (⇑v)
    PhysicalLocalL2.ambientGammaTwoOpenCarrier
z : ℍ
hz : ↑z ∈ PhysicalLocalL2.ambientGammaTwoOpenCarrier
hx :
  HalfWeightDifferentialOperators.dx (PhysicalLocalL2.fixedPhaseEuclideanGauge (n + 1) u) z =
    (HalfWeightCompactCoordinateGreen.dx v) ↑z
hy :
  HalfWeightDifferentialOperators.dy (PhysicalLocalL2.fixedPhaseEuclideanGauge (n + 1) u) z =
    (HalfWeightCompactCoordinateGreen.dy v) ↑z
hv : PhysicalLocalL2.fixedPhaseEuclideanGauge (n + 1) u z = v ↑z
⊢ -(Complex.I * ↑z.im * (HalfWeightCompactCoordinateGreen.dx v) ↑z) +
        ↑z.im * (HalfWeightCompactCoordinateGreen.dy v) ↑z -
      ↑(1 + PhysicalLocalL2.euclideanGaugeExponent n) * v ↑z =
    -(Complex.I * (HalfWeightCompactCoordinateGreen.dx v) ↑z * ↑(↑z).im) +
        (HalfWeightCompactCoordinateGreen.dy v) ↑z * ↑(↑z).im -
      ↑(1 + PhysicalLocalL2.euclideanGaugeExponent n) * v ↑z
PrimalitySheafVerification/Mock2_FunctionalAnalysis.lean:41861:2: error: Type mismatch: After simplification, term
  h
 has type
  Tendsto
    (fun e =>
      ‖(PhysicalLocalL2.orbitPeterssonEuclideanEmbedding m) (x e) -
          (PhysicalLocalL2.orbitPeterssonEuclideanEmbedding m) x0‖)
    l (𝓝 0)
but is expected to have type
  Tendsto (fun e => ‖x e - x0‖) l (𝓝 0)
'Mock2FA.PaperCorrections.AutomorphicSobolev.FixedPhaseEssentialCoreRoute.euclideanRaiseForwardTest_apply_upper' depends on axioms: [propext,
 sorryAx,
 Classical.choice,
 Quot.sound]
'Mock2FA.PaperCorrections.AutomorphicSobolev.FixedPhaseEssentialCoreRoute.euclideanLowerFromSuccForwardTest_apply_upper' depends on axioms: [propext,
 sorryAx,
 Classical.choice,
 Quot.sound]
'Mock2FA.PaperCorrections.AutomorphicSobolev.FixedPhaseEssentialCoreRoute.embedded_raisedCoordinate_eq_forwardTest_of_periodizedGauge' depends on axioms: [propext,
 sorryAx,
 Classical.choice,
 Quot.sound]
'Mock2FA.PaperCorrections.AutomorphicSobolev.FixedPhaseEssentialCoreRoute.embedded_lowerFromSuccCoordinate_eq_forwardTest_of_periodizedGauge' depends on axioms: [propext,
 sorryAx,
 Classical.choice,
 Quot.sound]
'Mock2FA.PaperCorrections.AutomorphicSobolev.FixedPhaseEssentialCoreRoute.periodize_ambientRaisingGraphApproximation' depends on axioms: [propext,
 sorryAx,
 Classical.choice,
 Quot.sound]
'Mock2FA.PaperCorrections.AutomorphicSobolev.FixedPhaseEssentialCoreRoute.periodize_ambientLoweringGraphApproximation' depends on axioms: [propext,
 sorryAx,
 Classical.choice,
 Quot.sound]
'Mock2FA.PaperCorrections.AutomorphicSobolev.FixedPhaseEssentialCoreRoute.raisingCompactFriedrichsPeriodizationAt_of_ambientApproximation' depends on axioms: [propext,
 sorryAx,
 Classical.choice,
 Quot.sound]
'Mock2FA.PaperCorrections.AutomorphicSobolev.FixedPhaseEssentialCoreRoute.loweringCompactFriedrichsPeriodizationAt_of_ambientApproximation' depends on axioms: [propext,
 sorryAx,
 Classical.choice,
 Quot.sound]
PrimalitySheafVerification/Mock2_FunctionalAnalysis.lean:42272:2: error: Type mismatch
  LE.le.trans (tsupport_comp_subset ?m.41 ⇑(ρ z)) (hρ z)
has type
  tsupport (?m.38 ∘ ⇑(ρ z)) ⊆ ambientGammaTwoReducedChart z
but is expected to have type
  tsupport ⇑(reducedChartPartitionAmbientTest ρ hρ z) ⊆ ambientGammaTwoReducedChart z
PrimalitySheafVerification/Mock2_FunctionalAnalysis.lean:42272:24: error: Application type mismatch: The argument
  rfl
has type
  ?m.40 = ?m.40
but is expected to have type
  ?m.38 0 = 0
in the application
  tsupport_comp_subset rfl
'Mock2FA.PaperCorrections.AutomorphicSobolev.FixedPhaseReducedChartFriedrichs.gammaTwoReducedChart_inter_translate_imp_smul_eq' depends on axioms: [propext,
 Classical.choice,
 Quot.sound]
'Mock2FA.PaperCorrections.AutomorphicSobolev.FixedPhaseReducedChartFriedrichs.compact_subset_finite_iUnion_gammaTwoReducedChart' depends on axioms: [propext,
 Classical.choice,
 Quot.sound]
'Mock2FA.PaperCorrections.AutomorphicSobolev.FixedPhaseReducedChartFriedrichs.exists_smoothPartitionOfUnity_gammaTwoReducedChart' depends on axioms: [propext,
 Classical.choice,
 Quot.sound]
'Mock2FA.PaperCorrections.AutomorphicSobolev.FixedPhaseReducedChartFriedrichs.reducedChartPartitionAmbientTest' depends on axioms: [propext,
 Classical.choice,
 Quot.sound]
'Mock2FA.PaperCorrections.AutomorphicSobolev.FixedPhaseReducedChartFriedrichs.smoothPartitionOfUnity_sum_eq_one_on_compact' depends on axioms: [propext,
 Classical.choice,
 Quot.sound]
PrimalitySheafVerification/Mock2_FunctionalAnalysis.lean:42330:4: error: `fun_prop` was unable to prove `Continuous fun t => DomAddAct.mk t +ᵥ f`

Issues:
PrimalitySheafVerification/Mock2_FunctionalAnalysis.lean:42331:2: error: Type mismatch: After simplification, term
  Continuous.continuousAt h
 has type
  ContinuousAt (fun t => DomAddAct.mk t +ᵥ f) ?m.313
but is expected to have type
  Tendsto (fun t => DomAddAct.mk t +ᵥ f) (𝓝 0) (𝓝 f)
PrimalitySheafVerification/Mock2_FunctionalAnalysis.lean:42340:4: error: `fun_prop` was unable to prove `Continuous fun t => ‖DomAddAct.mk t +ᵥ f - f‖`

Issues:
PrimalitySheafVerification/Mock2_FunctionalAnalysis.lean:42341:2: warning: try 'simp' instead of 'simpa'

Note: This linter can be disabled with `set_option linter.unnecessarySimpa false`
PrimalitySheafVerification/Mock2_FunctionalAnalysis.lean:42367:56: error: unsolved goals
sigma t : ℂ
f : ℂ → ℂ
w : ℂ
⊢ sigma * (fderiv ℝ (ambientTranslate t f) w) 1 + (fderiv ℝ (ambientTranslate t f) w) Complex.I =
    sigma * (fderiv ℝ f (w - t)) 1 + (fderiv ℝ f (w - t)) Complex.I
PrimalitySheafVerification/Mock2_FunctionalAnalysis.lean:42368:45: warning: This simp argument is unused:
  ambientTranslate

Hint: Omit it from the simp argument list.
  [apply] simp only [ambientConstantMaassDerivative, fderiv_comp_sub]

Note: This linter can be disabled with `set_option linter.unusedSimpArgs false`
PrimalitySheafVerification/Mock2_FunctionalAnalysis.lean:42369:4: warning: This simp argument is unused:
  fderiv_comp_sub

Hint: Omit it from the simp argument list.
  [apply] simp only [ambientConstantMaassDerivative, ambientTranslate]

Note: This linter can be disabled with `set_option linter.unusedSimpArgs false`
PrimalitySheafVerification/Mock2_FunctionalAnalysis.lean:42382:2: error: `simp` made no progress
'Mock2FA.PaperCorrections.AutomorphicSobolev.FixedPhaseAffineFriedrichs.ambientPlaneL2_translation_tendsto' depends on axioms: [propext,
 sorryAx,
 Classical.choice,
 Quot.sound]
'Mock2FA.PaperCorrections.AutomorphicSobolev.FixedPhaseAffineFriedrichs.ambientPlaneL2_norm_translation_sub_tendsto_zero' depends on axioms: [propext,
 sorryAx,
 Classical.choice,
 Quot.sound]
'Mock2FA.PaperCorrections.AutomorphicSobolev.FixedPhaseAffineFriedrichs.ambientAffineMaass_translate_commutator' depends on axioms: [propext,
 sorryAx,
 Classical.choice,
 Quot.sound]
'Mock2FA.PaperCorrections.AutomorphicSobolev.FixedPhaseAffineFriedrichs.euclideanRaiseForwardTest_eq_ambientAffineMaass' depends on axioms: [propext,
 Classical.choice,
 Quot.sound]
'Mock2FA.PaperCorrections.AutomorphicSobolev.FixedPhaseAffineFriedrichs.euclideanLowerFromSuccForwardTest_eq_ambientAffineMaass' depends on axioms: [propext,
 Classical.choice,
 Quot.sound]
PrimalitySheafVerification/Mock2_FunctionalAnalysis.lean:42493:8: error: Tactic `rewrite` failed: Did not find an occurrence of the pattern
  ?r • (?x - ?y)
in the target expression
  K t • (DomAddAct.mk (-t) +ᵥ f - f) = K t • (DomAddAct.mk (-t) +ᵥ f) - K t • f

K : ℂ → ℂ
f : ↥AmbientPlaneL2
hK : Integrable K volume
hMean : ∫ (t : ℂ), K t = 0
hTranslate : Integrable (fun t => K t • (DomAddAct.mk (-t) +ᵥ f)) volume
hError : Integrable (fun t => K t • (DomAddAct.mk (-t) +ᵥ f - f)) volume
hConst : Integrable (fun t => K t • f) volume
t : ℂ
⊢ K t • (DomAddAct.mk (-t) +ᵥ f - f) = K t • (DomAddAct.mk (-t) +ᵥ f) - K t • f
PrimalitySheafVerification/Mock2_FunctionalAnalysis.lean:42520:8: error: Invalid rewrite argument: Expected an equality or iff proof or definition name, but `η` is a value of type
  ℝ
PrimalitySheafVerification/Mock2_FunctionalAnalysis.lean:42526:6: error: `Tendsto (fun t => -t) (𝓝 0) (𝓝 0)` is not a `fun_prop` goal! Consider marking `Filter.Tendsto` with `@[fun_prop]`.
PrimalitySheafVerification/Mock2_FunctionalAnalysis.lean:42551:6: error: Type mismatch
  mul_le_mul_of_nonneg_left (LT.lt.le htSmall) (norm_nonneg ?m.406)
has type
  ‖?m.406‖ * ‖DomAddAct.mk (-t) +ᵥ f - f‖ ≤ ‖?m.406‖ * η
but is expected to have type
  ‖K n t‖ * ‖DomAddAct.mk (-t) +ᵥ f - f‖ ≤ η * ‖K n t‖
PrimalitySheafVerification/Mock2_FunctionalAnalysis.lean:42543:17: warning: This simp argument is unused:
  hη.le

Hint: Omit it from the simp argument list.
  [apply] simp [hKt]

Note: This linter can be disabled with `set_option linter.unusedSimpArgs false`
'Mock2FA.PaperCorrections.AutomorphicSobolev.FixedPhaseAffineFriedrichs.integral_kernel_vadd_eq_integral_kernel_vadd_sub_of_mean_zero' depends on axioms: [propext,
 sorryAx,
 Classical.choice,
 Quot.sound]
'Mock2FA.PaperCorrections.AutomorphicSobolev.FixedPhaseAffineFriedrichs.integral_shrinkingKernel_smul_translation_sub_tendsto_zero' depends on axioms: [propext,
 sorryAx,
 Classical.choice,
 Quot.sound]
PrimalitySheafVerification/Mock2_FunctionalAnalysis.lean:42651:6: error: Failed to rewrite using equation theorems for `friedrichsUnitMollifier`
PrimalitySheafVerification/Mock2_FunctionalAnalysis.lean:42660:8: error: Invalid argument name `mu` for function `ContDiffBump.support_normed_eq`

Hint: Perhaps you meant one of the following parameter names:
  • `E`: m̵u̵E̲
  • `c`: m̵u̵c̲
  • `f`: m̵u̵f̲
  • `μ`: m̵u̵μ̲
PrimalitySheafVerification/Mock2_FunctionalAnalysis.lean:42667:8: error: Invalid argument name `mu` for function `ContDiffBump.tsupport_normed_eq`

Hint: Perhaps you meant one of the following parameter names:
  • `E`: m̵u̵E̲
  • `c`: m̵u̵c̲
  • `f`: m̵u̵f̲
  • `μ`: m̵u̵μ̲
PrimalitySheafVerification/Mock2_FunctionalAnalysis.lean:42704:2: error: Type mismatch: After simplification, term
  ContDiff.const_smul (friedrichsScale j ^ 2) hcomp
 has type
  @ContDiff ℝ DenselyNormedField.toNontriviallyNormedField ℂ Complex.instNormedAddCommGroup
    instInnerProductSpaceRealComplex.toNormedSpace ℝ Real.normedAddCommGroup
    RCLike.toInnerProductSpaceReal.toNormedSpace ∞ fun y =>
    friedrichsScale j ^ 2 * friedrichsUnitMollifierReal (friedrichsScale j • y)
but is expected to have type
  @ContDiff ℝ DenselyNormedField.toNontriviallyNormedField ℂ Complex.instNormedAddCommGroup
    instInnerProductSpaceRealComplex.toNormedSpace ℝ Real.normedAddCommGroup
    RCLike.toInnerProductSpaceReal.toNormedSpace ∞ (friedrichsMollifierReal j)
PrimalitySheafVerification/Mock2_FunctionalAnalysis.lean:42719:2: error: Type mismatch: After simplification, term
  Integrable.const_mul hcomp (friedrichsScale j ^ 2)
 has type
  @Integrable ℝ PseudoMetricSpace.toUniformSpace.toTopologicalSpace SeminormedAddGroup.toContinuousENorm ℂ
    measureSpaceOfInnerProductSpace.toMeasurableSpace
    (fun x => friedrichsScale j ^ 2 * friedrichsUnitMollifierReal (friedrichsScale j • x)) volume
but is expected to have type
  @Integrable ℝ PseudoMetricSpace.toUniformSpace.toTopologicalSpace SeminormedAddGroup.toContinuousENorm ℂ
    measureSpaceOfInnerProductSpace.toMeasurableSpace (friedrichsMollifierReal j) volume
PrimalitySheafVerification/Mock2_FunctionalAnalysis.lean:42735:6: error: Failed to rewrite using equation theorems for `friedrichsMollifierReal`
PrimalitySheafVerification/Mock2_FunctionalAnalysis.lean:42742:6: error: Failed to rewrite using equation theorems for `friedrichsMollifier`
PrimalitySheafVerification/Mock2_FunctionalAnalysis.lean:42752:48: error: unsolved goals
j : ℕ
t : ℂ
⊢ ‖friedrichsMollifierReal j t‖ = friedrichsMollifierReal j t
PrimalitySheafVerification/Mock2_FunctionalAnalysis.lean:42756:8: warning: This simp argument is unused:
  abs_of_nonneg (friedrichsMollifierReal_nonneg j t)

Hint: Omit it from the simp argument list.
  [apply] simp only [friedrichsMollifier, Complex.norm_real]

Note: This linter can be disabled with `set_option linter.unusedSimpArgs false`
PrimalitySheafVerification/Mock2_FunctionalAnalysis.lean:42780:28: error: Application type mismatch: The argument
  hlt
has type
  friedrichsScale j * ‖t‖ < 2
but is expected to have type
  ‖t‖ * friedrichsScale j < 2
in the application
  (lt_div_iff₀ ha).mpr hlt
PrimalitySheafVerification/Mock2_FunctionalAnalysis.lean:42789:2: error: Type mismatch: After simplification, term
  hmul
 has type
  Tendsto (fun x => 2 * (1 / (↑x + 1))) atTop (𝓝 (2 * 0))
but is expected to have type
  Tendsto friedrichsRadius atTop (𝓝 0)
'Mock2FA.PaperCorrections.AutomorphicSobolev.FixedPhaseNormalizedFriedrichs.friedrichsMollifierReal_integral' depends on axioms: [propext,
 sorryAx,
 Classical.choice,
 Quot.sound]
'Mock2FA.PaperCorrections.AutomorphicSobolev.FixedPhaseNormalizedFriedrichs.friedrichsMollifier_l1' depends on axioms: [propext,
 sorryAx,
 Classical.choice,
 Quot.sound]
'Mock2FA.PaperCorrections.AutomorphicSobolev.FixedPhaseNormalizedFriedrichs.friedrichsMollifier_support_bound' depends on axioms: [propext,
 sorryAx,
 Classical.choice,
 Quot.sound]
'Mock2FA.PaperCorrections.AutomorphicSobolev.FixedPhaseNormalizedFriedrichs.friedrichsRadius_tendsto_zero' depends on axioms: [propext,
 sorryAx,
 Classical.choice,
 Quot.sound]
PrimalitySheafVerification/Mock2_FunctionalAnalysis.lean:42833:42: error(lean.unknownIdentifier): Unknown identifier `Opens`
PrimalitySheafVerification/Mock2_FunctionalAnalysis.lean:42833:53: error: overloaded, errors 
  Type mismatch
    ∞
  has type
    ℝ≥0∞
  but is expected to have type
    ℕ∞
  
  Type mismatch
    ∞
  has type
    ℕ∞ω
  but is expected to have type
    ℕ∞
PrimalitySheafVerification/Mock2_FunctionalAnalysis.lean:42837:15: error: Type mismatch
  v
has type
  FullPlaneTest
but is expected to have type
  ℂ → ℂ
PrimalitySheafVerification/Mock2_FunctionalAnalysis.lean:42843:33: error: Application type mismatch: The argument
  v
has type
  FullPlaneTest
but is expected to have type
  𝓓^{?m.10}(?m.5, ?m.6)
in the application
  (TestFunction.lineDerivCLM ℂ xi) v
PrimalitySheafVerification/Mock2_FunctionalAnalysis.lean:42848:4: error: Function expected at
  fullPlaneDirectionalDerivative xi v
but this term has type
  FullPlaneTest

Note: Expected a function because this term is being applied to the argument
  t
PrimalitySheafVerification/Mock2_FunctionalAnalysis.lean:42849:15: error: Type mismatch
  v
has type
  FullPlaneTest
but is expected to have type
  ℂ → ℂ
PrimalitySheafVerification/Mock2_FunctionalAnalysis.lean:42850:6: error: Failed to rewrite using equation theorems for `fullPlaneDirectionalDerivative`
PrimalitySheafVerification/Mock2_FunctionalAnalysis.lean:42850:6: warning: declaration uses `sorry`
PrimalitySheafVerification/Mock2_FunctionalAnalysis.lean:42856:13: error: Type mismatch
  fullPlaneDirectionalDerivative xi v
has type
  FullPlaneTest
but is expected to have type
  ℂ → ℂ
PrimalitySheafVerification/Mock2_FunctionalAnalysis.lean:42857:15: error: Type mismatch
  v
has type
  FullPlaneTest
but is expected to have type
  ℂ → ℂ
PrimalitySheafVerification/Mock2_FunctionalAnalysis.lean:42858:14: error(lean.unknownIdentifier): Unknown identifier `fullPlaneDirectionalDerivative_apply`
PrimalitySheafVerification/Mock2_FunctionalAnalysis.lean:42860:37: error: Type mismatch
  v
has type
  FullPlaneTest
of sort `Type u_1` but is expected to have type
  ℂ → ℂ
of sort `Type`
PrimalitySheafVerification/Mock2_FunctionalAnalysis.lean:42861:17: error: Type mismatch
  v
has type
  FullPlaneTest
of sort `Type u_1` but is expected to have type
  ℂ → ℂ
of sort `Type`
PrimalitySheafVerification/Mock2_FunctionalAnalysis.lean:42867:14: error: Function expected at
  fullPlaneDirectionalDerivative xi v
but this term has type
  FullPlaneTest

Note: Expected a function because this term is being applied to the argument
  t
PrimalitySheafVerification/Mock2_FunctionalAnalysis.lean:42867:5: error(lean.synthInstanceFailed): failed to synthesize instance of type class
  NormedAddCommGroup ℕ

Hint: Type class instance resolution failures can be inspected with the `set_option trace.Meta.synthInstance true` command.
PrimalitySheafVerification/Mock2_FunctionalAnalysis.lean:42870:38: error: Type mismatch
  v
has type
  FullPlaneTest
of sort `Type u_1` but is expected to have type
  ℂ → ℂ
of sort `Type`
PrimalitySheafVerification/Mock2_FunctionalAnalysis.lean:42869:4: error: Invalid argument name `mu` for function `integral_mul_fderiv_eq_neg_fderiv_mul_of_integrable`

Hint: Perhaps you meant one of the following parameter names:
  • `E`: m̵u̵E̲
  • `μ`: m̵u̵μ̲
  • `𝕜`: m̵u̵𝕜̲
  • `hf'g`: m̵u̵h̲f̲'̲g̲
  • `hfg'`: m̵u̵h̲f̲g̲'̲
  • `hfg`: m̵u̵h̲f̲g̲
  • `hf`: m̵u̵h̲f̲
  • `hg`: m̵u̵h̲g̲
PrimalitySheafVerification/Mock2_FunctionalAnalysis.lean:42872:8: warning: try 'simp' instead of 'simpa'

Note: This linter can be disabled with `set_option linter.unnecessarySimpa false`
PrimalitySheafVerification/Mock2_FunctionalAnalysis.lean:42874:29: error(lean.unknownIdentifier): Unknown identifier `fullPlaneDirectionalDerivative_apply`
PrimalitySheafVerification/Mock2_FunctionalAnalysis.lean:42875:6: error(lean.unknownIdentifier): Unknown identifier `fullPlaneTest_integrable`
PrimalitySheafVerification/Mock2_FunctionalAnalysis.lean:42876:35: error(lean.unknownIdentifier): Unknown identifier `fullPlaneTest_integrable`
PrimalitySheafVerification/Mock2_FunctionalAnalysis.lean:42867:60: error: unsolved goals
xi : ℂ
v : FullPlaneTest
⊢ ∫ (t : ℂ), sorry = 0
PrimalitySheafVerification/Mock2_FunctionalAnalysis.lean:42883:18: warning: declaration uses `sorry`
PrimalitySheafVerification/Mock2_FunctionalAnalysis.lean:42887:4: warning: 'exact friedrichsUnitBump.hasCompactSupport_normed.comp_left rfl' tactic does nothing

Note: This linter can be disabled with `set_option linter.unusedTactic false`
PrimalitySheafVerification/Mock2_FunctionalAnalysis.lean:42887:4: warning: this tactic is never executed

Note: This linter can be disabled with `set_option linter.unreachableTactic false`
PrimalitySheafVerification/Mock2_FunctionalAnalysis.lean:42892:4: error: Function expected at
  friedrichsUnitMollifierTest
but this term has type
  FullPlaneTest

Note: Expected a function because this term is being applied to the argument
  t
PrimalitySheafVerification/Mock2_FunctionalAnalysis.lean:42897:18: warning: declaration uses `sorry`
PrimalitySheafVerification/Mock2_FunctionalAnalysis.lean:42900:4: warning: 'have him : ContDiff ℝ ∞ (fun t : ℂ ↦ (t.im : ℂ)) :=
  (Complex.ofRealCLM.comp Complex.imCLM).contDiff' tactic does nothing

Note: This linter can be disabled with `set_option linter.unusedTactic false`
PrimalitySheafVerification/Mock2_FunctionalAnalysis.lean:42902:4: warning: 'exact him.mul friedrichsUnitMollifier_contDiff' tactic does nothing

Note: This linter can be disabled with `set_option linter.unusedTactic false`
PrimalitySheafVerification/Mock2_FunctionalAnalysis.lean:42900:4: warning: this tactic is never executed

Note: This linter can be disabled with `set_option linter.unreachableTactic false`
PrimalitySheafVerification/Mock2_FunctionalAnalysis.lean:42902:4: warning: this tactic is never executed

Note: This linter can be disabled with `set_option linter.unreachableTactic false`
PrimalitySheafVerification/Mock2_FunctionalAnalysis.lean:42909:4: error: Function expected at
  friedrichsUnitHeightMollifierTest
but this term has type
  FullPlaneTest

Note: Expected a function because this term is being applied to the argument
  t
PrimalitySheafVerification/Mock2_FunctionalAnalysis.lean:42916:2: error(lean.synthInstanceFailed): failed to synthesize instance of type class
  HSMul ℂ FullPlaneTest ?m.5

Hint: Type class instance resolution failures can be inspected with the `set_option trace.Meta.synthInstance true` command.
PrimalitySheafVerification/Mock2_FunctionalAnalysis.lean:42924:4: error: Function expected at
  friedrichsUnitAffineCommutatorTest sigma
but this term has type
  FullPlaneTest

Note: Expected a function because this term is being applied to the argument
  t
PrimalitySheafVerification/Mock2_FunctionalAnalysis.lean:42929:4: error(lean.unknownIdentifier): Unknown identifier `fullPlaneDirectionalDerivative_apply`
PrimalitySheafVerification/Mock2_FunctionalAnalysis.lean:42926:66: error: unsolved goals
sigma t : ℂ
⊢ sorry =
    sigma * (fderiv ℝ (fun s => ↑s.im * friedrichsUnitMollifier s) t) 1 +
      (fderiv ℝ (fun s => ↑s.im * friedrichsUnitMollifier s) t) Complex.I
PrimalitySheafVerification/Mock2_FunctionalAnalysis.lean:42927:13: warning: declaration uses `sorry`
PrimalitySheafVerification/Mock2_FunctionalAnalysis.lean:42927:13: warning: This simp argument is unused:
  friedrichsUnitAffineCommutatorTest

Hint: Omit it from the simp argument list.
  [apply] simp only [add_apply, smul_apply, fullPlaneDirectionalDerivative_apply,
    friedrichsUnitHeightMollifierTest_apply, smul_eq_mul, FixedPhaseAffineFriedrichs.ambientConstantMaassDerivative]

Note: This linter can be disabled with `set_option linter.unusedSimpArgs false`
PrimalitySheafVerification/Mock2_FunctionalAnalysis.lean:42928:4: warning: This simp argument is unused:
  add_apply

Hint: Omit it from the simp argument list.
  [apply] simp only [friedrichsUnitAffineCommutatorTest, smul_apply, fullPlaneDirectionalDerivative_apply,
    friedrichsUnitHeightMollifierTest_apply, smul_eq_mul, FixedPhaseAffineFriedrichs.ambientConstantMaassDerivative]

Note: This linter can be disabled with `set_option linter.unusedSimpArgs false`
PrimalitySheafVerification/Mock2_FunctionalAnalysis.lean:42928:15: warning: This simp argument is unused:
  smul_apply

Hint: Omit it from the simp argument list.
  [apply] simp only [friedrichsUnitAffineCommutatorTest, add_apply, fullPlaneDirectionalDerivative_apply,
    friedrichsUnitHeightMollifierTest_apply, smul_eq_mul, FixedPhaseAffineFriedrichs.ambientConstantMaassDerivative]

Note: This linter can be disabled with `set_option linter.unusedSimpArgs false`
PrimalitySheafVerification/Mock2_FunctionalAnalysis.lean:42930:4: warning: This simp argument is unused:
  friedrichsUnitHeightMollifierTest_apply

Hint: Omit it from the simp argument list.
  [apply] simp only [friedrichsUnitAffineCommutatorTest, add_apply, smul_apply, fullPlaneDirectionalDerivative_apply,
    smul_eq_mul, FixedPhaseAffineFriedrichs.ambientConstantMaassDerivative]

Note: This linter can be disabled with `set_option linter.unusedSimpArgs false`
PrimalitySheafVerification/Mock2_FunctionalAnalysis.lean:42930:45: warning: This simp argument is unused:
  smul_eq_mul

Hint: Omit it from the simp argument list.
  [apply] simp only [friedrichsUnitAffineCommutatorTest, add_apply, smul_apply, fullPlaneDirectionalDerivative_apply,
    friedrichsUnitHeightMollifierTest_apply, FixedPhaseAffineFriedrichs.ambientConstantMaassDerivative]

Note: This linter can be disabled with `set_option linter.unusedSimpArgs false`
PrimalitySheafVerification/Mock2_FunctionalAnalysis.lean:42935:14: error: Function expected at
  friedrichsUnitAffineCommutatorTest sigma
but this term has type
  FullPlaneTest

Note: Expected a function because this term is being applied to the argument
  t
PrimalitySheafVerification/Mock2_FunctionalAnalysis.lean:42935:5: error(lean.synthInstanceFailed): failed to synthesize instance of type class
  NormedAddCommGroup ℕ

Hint: Type class instance resolution failures can be inspected with the `set_option trace.Meta.synthInstance true` command.
PrimalitySheafVerification/Mock2_FunctionalAnalysis.lean:42936:6: error: Failed to rewrite using equation theorems for `friedrichsUnitAffineCommutatorTest`
PrimalitySheafVerification/Mock2_FunctionalAnalysis.lean:42936:6: warning: declaration uses `sorry`
PrimalitySheafVerification/Mock2_FunctionalAnalysis.lean:42949:13: error: Type mismatch
  friedrichsUnitHeightMollifierTest
has type
  FullPlaneTest
but is expected to have type
  ℂ → ℂ
PrimalitySheafVerification/Mock2_FunctionalAnalysis.lean:42957:13: error: Type mismatch
  friedrichsUnitAffineCommutatorTest sigma
has type
  FullPlaneTest
but is expected to have type
  ℂ → ℂ
PrimalitySheafVerification/Mock2_FunctionalAnalysis.lean:42960:6: error: Type mismatch
  fullPlaneDirectionalDerivative 1 friedrichsUnitHeightMollifierTest
has type
  FullPlaneTest
but is expected to have type
  ℂ → ℂ
PrimalitySheafVerification/Mock2_FunctionalAnalysis.lean:42963:5: error(lean.unknownIdentifier): Unknown identifier `tsupport_fullPlaneDirectionalDerivative_subset`
PrimalitySheafVerification/Mock2_FunctionalAnalysis.lean:42958:30: error: unsolved goals
sigma : ℂ
⊢ tsupport sorry ⊆ closedBall 0 2
PrimalitySheafVerification/Mock2_FunctionalAnalysis.lean:42986:4: error: Function expected at
  friedrichsUnitAffineCommutatorTest sigma
but this term has type
  FullPlaneTest

Note: Expected a function because this term is being applied to the argument
  (friedrichsScale j • t)
PrimalitySheafVerification/Mock2_FunctionalAnalysis.lean:42994:19: error: Function expected at
  friedrichsUnitAffineCommutatorTest sigma
but this term has type
  FullPlaneTest

Note: Expected a function because this term is being applied to the argument
  (friedrichsScale j • t)
PrimalitySheafVerification/Mock2_FunctionalAnalysis.lean:42996:5: error(lean.unknownIdentifier): Unknown identifier `fullPlaneTest_integrable`
PrimalitySheafVerification/Mock2_FunctionalAnalysis.lean:42992:30: error: unsolved goals
sigma : ℂ
j : ℕ
⊢ Integrable (friedrichsAffineCommutatorKernel sigma j) volume
PrimalitySheafVerification/Mock2_FunctionalAnalysis.lean:43016:4: error: Type mismatch
  friedrichsUnitAffineCommutatorTest sigma
has type
  FullPlaneTest
but is expected to have type
  ℂ → ℂ
PrimalitySheafVerification/Mock2_FunctionalAnalysis.lean:43011:65: error: unsolved goals
sigma : ℂ
j : ℕ
a : ℝ := friedrichsScale j
ha : 0 < a
⊢ ∫ (t : ℂ), friedrichsAffineCommutatorKernel sigma j t = 0
PrimalitySheafVerification/Mock2_FunctionalAnalysis.lean:43022:12: error: Function expected at
  friedrichsUnitAffineCommutatorTest sigma
but this term has type
  FullPlaneTest

Note: Expected a function because this term is being applied to the argument
  t
PrimalitySheafVerification/Mock2_FunctionalAnalysis.lean:43026:2: error: Type mismatch
  integral_nonneg fun x => ?m.20
has type
  0 ≤ ∫ (x : ?m.5), ?m.15 x ∂?m.10
but is expected to have type
  0 ≤ friedrichsAffineCommutatorL1 sigma
PrimalitySheafVerification/Mock2_FunctionalAnalysis.lean:43037:18: error: Function expected at
  friedrichsUnitAffineCommutatorTest sigma
but this term has type
  FullPlaneTest

Note: Expected a function because this term is being applied to the argument
  t
PrimalitySheafVerification/Mock2_FunctionalAnalysis.lean:43032:44: error: unsolved goals
sigma : ℂ
j : ℕ
a : ℝ := friedrichsScale j
ha : 0 < a
⊢ ∫ (t : ℂ), ‖friedrichsAffineCommutatorKernel sigma j t‖ = friedrichsAffineCommutatorL1 sigma
PrimalitySheafVerification/Mock2_FunctionalAnalysis.lean:43059:15: error: Function expected at
  friedrichsUnitAffineCommutatorTest sigma
but this term has type
  FullPlaneTest

Note: Expected a function because this term is being applied to the argument
  (friedrichsScale j • t)
PrimalitySheafVerification/Mock2_FunctionalAnalysis.lean:43060:37: error: unsolved goals
sigma : ℂ
j : ℕ
t : ℂ
ht : friedrichsAffineCommutatorKernel sigma j t ≠ 0
ha : 0 < friedrichsScale j
hzero : sorry = 0
⊢ ↑(friedrichsScale j ^ 2) * sorry = 0
PrimalitySheafVerification/Mock2_FunctionalAnalysis.lean:43065:15: error: Type mismatch
  friedrichsUnitAffineCommutatorTest sigma
has type
  FullPlaneTest
but is expected to have type
  ℂ → ℂ
PrimalitySheafVerification/Mock2_FunctionalAnalysis.lean:43057:32: error: unsolved goals
sigma : ℂ
j : ℕ
t : ℂ
ht : friedrichsAffineCommutatorKernel sigma j t ≠ 0
ha : 0 < friedrichsScale j
hunit : sorry ≠ 0
⊢ ‖t‖ ≤ friedrichsRadius j
PrimalitySheafVerification/Mock2_FunctionalAnalysis.lean:43063:15: warning: declaration uses `sorry`
PrimalitySheafVerification/Mock2_FunctionalAnalysis.lean:43063:49: warning: This simp argument is unused:
  hzero

Hint: Omit it from the simp argument list.
  [apply] simp only [friedrichsAffineCommutatorKernel, mul_zero]

Note: This linter can be disabled with `set_option linter.unusedSimpArgs false`
PrimalitySheafVerification/Mock2_FunctionalAnalysis.lean:43063:56: warning: This simp argument is unused:
  mul_zero

Hint: Omit it from the simp argument list.
  [apply] simp only [friedrichsAffineCommutatorKernel, hzero]

Note: This linter can be disabled with `set_option linter.unusedSimpArgs false`
PrimalitySheafVerification/Mock2_FunctionalAnalysis.lean:43079:14: error(lean.unknownIdentifier): Unknown constant `FixedPhaseNormalizedFriedrichs.integral_friedrichsUnitAffineCommutatorTest_eq_zero`
'Mock2FA.PaperCorrections.AutomorphicSobolev.FixedPhaseNormalizedFriedrichs.integral_friedrichsAffineCommutatorKernel_eq_zero' depends on axioms: [propext,
 sorryAx,
 Classical.choice,
 Quot.sound]
'Mock2FA.PaperCorrections.AutomorphicSobolev.FixedPhaseNormalizedFriedrichs.friedrichsAffineCommutatorKernel_l1' depends on axioms: [propext,
 sorryAx,
 Classical.choice,
 Quot.sound]
'Mock2FA.PaperCorrections.AutomorphicSobolev.FixedPhaseNormalizedFriedrichs.friedrichsAffineCommutatorKernel_support_bound' depends on axioms: [propext,
 sorryAx,
 Classical.choice,
 Quot.sound]
PrimalitySheafVerification/Mock2_FunctionalAnalysis.lean:43115:4: error: `fun_prop` was unable to prove `Continuous fun t => DomAddAct.mk (-t) +ᵥ f`

Issues:
PrimalitySheafVerification/Mock2_FunctionalAnalysis.lean:43130:2: error: Type mismatch: After simplification, term
  Integrable.sub hTranslate hConst
 has type
  Integrable ((fun t => K t • (DomAddAct.mk (-t) +ᵥ f)) - fun t => K t • f) volume
but is expected to have type
  Integrable (fun t => K t • (DomAddAct.mk (-t) +ᵥ f - f)) volume
PrimalitySheafVerification/Mock2_FunctionalAnalysis.lean:43149:8: error: Tactic `rewrite` failed: Did not find an occurrence of the pattern
  ?r • (?x - ?y)
in the target expression
  K t • (DomAddAct.mk (-t) +ᵥ f) = K t • (DomAddAct.mk (-t) +ᵥ f - f) + K t • f

K : ℂ → ℂ
f : ↥AmbientPlaneL2
hK : Integrable K volume
hMean : ∫ (t : ℂ), K t = 1
hTranslate : Integrable (fun t => K t • (DomAddAct.mk (-t) +ᵥ f)) volume
hError : Integrable (fun t => K t • (DomAddAct.mk (-t) +ᵥ f - f)) volume
hConst : Integrable (fun t => K t • f) volume
t : ℂ
⊢ K t • (DomAddAct.mk (-t) +ᵥ f) = K t • (DomAddAct.mk (-t) +ᵥ f - f) + K t • f
'Mock2FA.PaperCorrections.AutomorphicSobolev.FixedPhaseNormalizedFriedrichs.friedrichsMollifierAction_tendsto' depends on axioms: [propext,
 sorryAx,
 Classical.choice,
 Quot.sound]
'Mock2FA.PaperCorrections.AutomorphicSobolev.FixedPhaseNormalizedFriedrichs.friedrichsAffineCommutatorAction_tendsto_zero' depends on axioms: [propext,
 sorryAx,
 Classical.choice,
 Quot.sound]
'Mock2FA.PaperCorrections.AutomorphicSobolev.FixedPhaseNormalizedFriedrichs.friedrichsJointAffineCoordinates_tendsto' depends on axioms: [propext,
 sorryAx,
 Classical.choice,
 Quot.sound]
PrimalitySheafVerification/Mock2_FunctionalAnalysis.lean:43407:51: error(lean.invalidField): Invalid field `continuousAt`: The environment does not contain `Function.continuousAt`, so it is not possible to project the field `continuousAt` from an expression
  WithLp.prod_continuous_toLp 2
of type
  ∀ (α : Type ?u.363) (β : Type ?u.362) [inst : TopologicalSpace α] [inst_1 : TopologicalSpace β],
    Continuous (WithLp.toLp 2)
'Mock2FA.PaperCorrections.AutomorphicSobolev.FixedPhaseJointFriedrichsPeriodization.periodize_ambientJointGraphApproximation' depends on axioms: [propext,
 sorryAx,
 Classical.choice,
 Quot.sound]
'Mock2FA.PaperCorrections.AutomorphicSobolev.FixedPhaseJointFriedrichsPeriodization.hasSequentialJointGraphRegularization_of_ambientApproximation' depends on axioms: [propext,
 sorryAx,
 Classical.choice,
 Quot.sound]
PrimalitySheafVerification/Mock2_FunctionalAnalysis.lean:43494:30: error(lean.unknownIdentifier): Unknown identifier `lsmul`
PrimalitySheafVerification/Mock2_FunctionalAnalysis.lean:43500:81: error(lean.unknownIdentifier): Unknown identifier `lsmul`
PrimalitySheafVerification/Mock2_FunctionalAnalysis.lean:43510:66: error: Application type mismatch: The argument
  hf
has type
  HasCompactSupport ↑↑f
of sort `Prop` but is expected to have type
  ℝ →L[?m.12] ?m.15 →L[?m.12] ?m.16
of sort `Type (max 0 ?u.15 ?u.16)` in the application
  @HasCompactSupport.convolution ?m.12 ℂ ℝ ?m.15 ?m.16 Real.normedAddCommGroup ?m.18 ?m.19 (friedrichsMollifierReal j)
    ?m.21 ?m.22 ?m.23 ?m.24 ?m.25 hf
PrimalitySheafVerification/Mock2_FunctionalAnalysis.lean:43514:18: warning: declaration uses `sorry`
PrimalitySheafVerification/Mock2_FunctionalAnalysis.lean:43515:5: warning: Variable name `j` is not explicitly referenced.

Hint: The binding can be removed (if unused) or named `_` (if used implicitly). Alternatively, prefix the name with `_` to silence this warning:
  [apply] _j

Note: This linter can be disabled with `set_option linter.unusedVariables false`
PrimalitySheafVerification/Mock2_FunctionalAnalysis.lean:43516:5: warning: Variable name `hf` is not explicitly referenced.

Hint: The binding can be removed (if unused) or named `_` (if used implicitly). Alternatively, prefix the name with `_` to silence this warning:
  [apply] _hf

Note: This linter can be disabled with `set_option linter.unusedVariables false`
PrimalitySheafVerification/Mock2_FunctionalAnalysis.lean:43527:4: error: Function expected at
  friedrichsMollifiedFullPlaneTest j f hf
but this term has type
  FullPlaneTest

Note: Expected a function because this term is being applied to the argument
  t
PrimalitySheafVerification/Mock2_FunctionalAnalysis.lean:43536:8: error: Function expected at
  friedrichsUnitHeightMollifierTest
but this term has type
  FullPlaneTest

Note: Expected a function because this term is being applied to the argument
  (friedrichsScale j • t)
PrimalitySheafVerification/Mock2_FunctionalAnalysis.lean:43543:4: warning: This simp argument is unused:
  friedrichsUnitHeightMollifierTest_apply

Hint: Omit it from the simp argument list.
  [apply] simp only [friedrichsMollifier, friedrichsMollifierReal, friedrichsUnitMollifier, Complex.real_smul]

Note: This linter can be disabled with `set_option linter.unusedSimpArgs false`
PrimalitySheafVerification/Mock2_FunctionalAnalysis.lean:43544:4: warning: This simp argument is unused:
  friedrichsUnitMollifier

Hint: Omit it from the simp argument list.
  [apply] simp only [friedrichsMollifier, friedrichsMollifierReal, friedrichsUnitHeightMollifierTest_apply,
    Complex.real_smul]

Note: This linter can be disabled with `set_option linter.unusedSimpArgs false`
PrimalitySheafVerification/Mock2_FunctionalAnalysis.lean:43557:10: error: Type mismatch
  friedrichsUnitHeightMollifierTest
has type
  FullPlaneTest
but is expected to have type
  ℂ → ℂ
PrimalitySheafVerification/Mock2_FunctionalAnalysis.lean:43564:10: error: Function expected at
  friedrichsUnitHeightMollifierTest
but this term has type
  FullPlaneTest

Note: Expected a function because this term is being applied to the argument
  (a • s)
PrimalitySheafVerification/Mock2_FunctionalAnalysis.lean:43569:19: error: Function expected at
  friedrichsUnitHeightMollifierTest
but this term has type
  FullPlaneTest

Note: Expected a function because this term is being applied to the argument
  (a • s)
PrimalitySheafVerification/Mock2_FunctionalAnalysis.lean:43558:40: error: unsolved goals
j : ℕ
t xi : ℂ
a : ℝ := friedrichsScale j
ha : 0 < a
hfun : (fun s => ↑s.im * friedrichsMollifier j s) = fun s => a • sorry
⊢ (fderiv ℝ (fun s => a • sorry) t) xi = ↑(friedrichsScale j ^ 2) * (fderiv ℝ sorry (friedrichsScale j • t)) xi
Try this:
  [apply] ring_nf
  
  The `ring` tactic failed to close the goal. Use `ring_nf` to obtain a normal form.
    
  Note that `ring` works primarily in *commutative* rings. If you have a noncommutative ring, abelian group or module, consider using `noncomm_ring`, `abel` or `module` instead.
PrimalitySheafVerification/Mock2_FunctionalAnalysis.lean:43582:64: error: unsolved goals
sigma : ℂ
j : ℕ
t : ℂ
⊢ ↑(friedrichsScale j ^ 2) * sorry =
    ↑(friedrichsScale j ^ 2) * sigma * (fderiv ℝ sorry (friedrichsScale j • t)) 1 +
      ↑(friedrichsScale j ^ 2) * (fderiv ℝ sorry (friedrichsScale j • t)) Complex.I
PrimalitySheafVerification/Mock2_FunctionalAnalysis.lean:43586:13: warning: declaration uses `sorry`
PrimalitySheafVerification/Mock2_FunctionalAnalysis.lean:43587:4: warning: This simp argument is unused:
  friedrichsUnitAffineCommutatorTest_apply

Hint: Omit it from the simp argument list.
  [apply] simp only [friedrichsAffineCommutatorKernel, ambientConstantMaassDerivative]

Note: This linter can be disabled with `set_option linter.unusedSimpArgs false`
PrimalitySheafVerification/Mock2_FunctionalAnalysis.lean:43588:4: warning: This simp argument is unused:
  ambientConstantMaassDerivative

Hint: Omit it from the simp argument list.
  [apply] simp only [friedrichsAffineCommutatorKernel, friedrichsUnitAffineCommutatorTest_apply]

Note: This linter can be disabled with `set_option linter.unusedSimpArgs false`
'Mock2FA.PaperCorrections.AutomorphicSobolev.FixedPhaseNormalizedFriedrichs.friedrichsMollifiedRepresentative_contDiff' depends on axioms: [propext,
 sorryAx,
 Classical.choice,
 Quot.sound]
'Mock2FA.PaperCorrections.AutomorphicSobolev.FixedPhaseNormalizedFriedrichs.friedrichsAffineCommutatorKernel_eq_directionalDerivative' depends on axioms: [propext,
 sorryAx,
 Classical.choice,
 Quot.sound]
PrimalitySheafVerification/Mock2_FunctionalAnalysis.lean:43622:18: warning: declaration uses `sorry`
PrimalitySheafVerification/Mock2_FunctionalAnalysis.lean:43622:38: warning: Variable name `v` is not explicitly referenced.

Hint: The binding can be removed (if unused) or named `_` (if used implicitly). Alternatively, prefix the name with `_` to silence this warning:
  [apply] _v

Note: This linter can be disabled with `set_option linter.unusedVariables false`
PrimalitySheafVerification/Mock2_FunctionalAnalysis.lean:43625:4: warning: 'have him : ContDiff ℝ ∞ (fun t : ℂ ↦ (t.im : ℂ)) :=
  (Complex.ofRealCLM.comp Complex.imCLM).contDiff' tactic does nothing

Note: This linter can be disabled with `set_option linter.unusedTactic false`
PrimalitySheafVerification/Mock2_FunctionalAnalysis.lean:43627:4: warning: 'exact him.mul v.contDiff' tactic does nothing

Note: This linter can be disabled with `set_option linter.unusedTactic false`
PrimalitySheafVerification/Mock2_FunctionalAnalysis.lean:43625:4: warning: this tactic is never executed

Note: This linter can be disabled with `set_option linter.unreachableTactic false`
PrimalitySheafVerification/Mock2_FunctionalAnalysis.lean:43627:4: warning: this tactic is never executed

Note: This linter can be disabled with `set_option linter.unreachableTactic false`
PrimalitySheafVerification/Mock2_FunctionalAnalysis.lean:43633:4: error: Function expected at
  fullPlaneHeightMul v
but this term has type
  FullPlaneTest

Note: Expected a function because this term is being applied to the argument
  t
PrimalitySheafVerification/Mock2_FunctionalAnalysis.lean:43633:42: error: Function expected at
  v
but this term has type
  FullPlaneTest

Note: Expected a function because this term is being applied to the argument
  t
PrimalitySheafVerification/Mock2_FunctionalAnalysis.lean:43640:2: error(lean.synthInstanceFailed): failed to synthesize instance of type class
  HSMul ℂ FullPlaneTest ?m.13

Hint: Type class instance resolution failures can be inspected with the `set_option trace.Meta.synthInstance true` command.
PrimalitySheafVerification/Mock2_FunctionalAnalysis.lean:43647:4: error: Function expected at
  fullPlaneAffineTranspose sigma c v
but this term has type
  FullPlaneTest

Note: Expected a function because this term is being applied to the argument
  t
PrimalitySheafVerification/Mock2_FunctionalAnalysis.lean:43649:19: error: Type mismatch
  v
has type
  FullPlaneTest
but is expected to have type
  ℂ → ℂ
PrimalitySheafVerification/Mock2_FunctionalAnalysis.lean:43651:19: error: Type mismatch
  v
has type
  FullPlaneTest
but is expected to have type
  ℂ → ℂ
PrimalitySheafVerification/Mock2_FunctionalAnalysis.lean:43652:18: error: Function expected at
  v
but this term has type
  FullPlaneTest

Note: Expected a function because this term is being applied to the argument
  t
PrimalitySheafVerification/Mock2_FunctionalAnalysis.lean:43655:30: error(lean.unknownIdentifier): Unknown identifier `fullPlaneDirectionalDerivative_apply`
PrimalitySheafVerification/Mock2_FunctionalAnalysis.lean:43653:13: warning: declaration uses `sorry`
PrimalitySheafVerification/Mock2_FunctionalAnalysis.lean:43665:14: error: Function expected at
  v
but this term has type
  FullPlaneTest

Note: Expected a function because this term is being applied to the argument
  t
PrimalitySheafVerification/Mock2_FunctionalAnalysis.lean:43666:15: error: Function expected at
  fullPlaneAffineTranspose sigma c v
but this term has type
  FullPlaneTest

Note: Expected a function because this term is being applied to the argument
  t
PrimalitySheafVerification/Mock2_FunctionalAnalysis.lean:43671:28: error: Function expected at
  v
but this term has type
  FullPlaneTest

Note: Expected a function because this term is being applied to the argument
  t
PrimalitySheafVerification/Mock2_FunctionalAnalysis.lean:43678:18: warning: declaration uses `sorry`
PrimalitySheafVerification/Mock2_FunctionalAnalysis.lean:43679:5: warning: Variable name `j` is not explicitly referenced.

Hint: The binding can be removed (if unused) or named `_` (if used implicitly). Alternatively, prefix the name with `_` to silence this warning:
  [apply] _j

Note: This linter can be disabled with `set_option linter.unusedVariables false`
PrimalitySheafVerification/Mock2_FunctionalAnalysis.lean:43679:13: warning: Variable name `w` is not explicitly referenced.

Hint: The binding can be removed (if unused) or named `_` (if used implicitly). Alternatively, prefix the name with `_` to silence this warning:
  [apply] _w

Note: This linter can be disabled with `set_option linter.unusedVariables false`
PrimalitySheafVerification/Mock2_FunctionalAnalysis.lean:43684:4: warning: 'have hreal : HasCompactSupport (fun x : ℂ ↦ friedrichsMollifierReal j (w - x)) :=
  (friedrichsMollifierReal_hasCompactSupport j).comp_homeomorph (Homeomorph.subLeft w)' tactic does nothing

Note: This linter can be disabled with `set_option linter.unusedTactic false`
PrimalitySheafVerification/Mock2_FunctionalAnalysis.lean:43688:4: warning: 'exact hreal.comp_left rfl' tactic does nothing

Note: This linter can be disabled with `set_option linter.unusedTactic false`
PrimalitySheafVerification/Mock2_FunctionalAnalysis.lean:43684:4: warning: this tactic is never executed

Note: This linter can be disabled with `set_option linter.unreachableTactic false`
PrimalitySheafVerification/Mock2_FunctionalAnalysis.lean:43688:4: warning: this tactic is never executed

Note: This linter can be disabled with `set_option linter.unreachableTactic false`
PrimalitySheafVerification/Mock2_FunctionalAnalysis.lean:43694:4: error: Function expected at
  friedrichsTranslatedMollifierTest j w
but this term has type
  FullPlaneTest

Note: Expected a function because this term is being applied to the argument
  x
PrimalitySheafVerification/Mock2_FunctionalAnalysis.lean:43702:8: error: Type mismatch
  friedrichsTranslatedMollifierTest j w
has type
  FullPlaneTest
but is expected to have type
  ℂ → ℂ
PrimalitySheafVerification/Mock2_FunctionalAnalysis.lean:43705:37: error(lean.invalidField): Invalid field `differentiableAt`: The environment does not contain `Exists.differentiableAt`, so it is not possible to project the field `differentiableAt` from an expression
  friedrichsMollifier_contDiff j
of type
  ∃ p, HasFTaylorSeriesUpTo ∞ (friedrichsMollifier j) p
PrimalitySheafVerification/Mock2_FunctionalAnalysis.lean:43708:4: error: Type mismatch: After simplification, term
  HasFDerivAt.sub (hasFDerivAt_const w x) (hasFDerivAt_id x)
 has type
  @HasFDerivAt ℝ DenselyNormedField.toNontriviallyNormedField ℂ Complex.instNormedAddCommGroup.toAddCommGroup
    instInnerProductSpaceRealComplex.toModule PseudoMetricSpace.toUniformSpace.toTopologicalSpace ℂ
    Complex.instNormedAddCommGroup.toAddCommGroup instInnerProductSpaceRealComplex.toModule
    PseudoMetricSpace.toUniformSpace.toTopologicalSpace ((fun x => w) - id) (-ContinuousLinearMap.id ℝ ℂ) x
but is expected to have type
  @HasFDerivAt ℝ DenselyNormedField.toNontriviallyNormedField ℂ Complex.addCommGroup
    instInnerProductSpaceRealComplex.toModule PseudoMetricSpace.toUniformSpace.toTopologicalSpace ℂ Complex.addCommGroup
    instInnerProductSpaceRealComplex.toModule PseudoMetricSpace.toUniformSpace.toTopologicalSpace (fun y => w - y)
    (-ContinuousLinearMap.id ℝ ℂ) x
PrimalitySheafVerification/Mock2_FunctionalAnalysis.lean:43713:36: warning: `ContinuousLinearMap.neg_apply` has been deprecated: Use `neg_apply` instead

Note: The updated constant is in a different namespace. Dot notation may need to be changed (e.g., from `x.neg_apply` to `neg_apply x`).
PrimalitySheafVerification/Mock2_FunctionalAnalysis.lean:43723:8: error: Function expected at
  fullPlaneAffineTranspose sigma c (friedrichsTranslatedMollifierTest j w)
but this term has type
  FullPlaneTest

Note: Expected a function because this term is being applied to the argument
  x
'Mock2FA.PaperCorrections.AutomorphicSobolev.FixedPhaseNormalizedFriedrichs.fderiv_friedrichsTranslatedMollifierTest' depends on axioms: [propext,
 sorryAx,
 Classical.choice,
 Quot.sound]
'Mock2FA.PaperCorrections.AutomorphicSobolev.FixedPhaseNormalizedFriedrichs.IsPlanarAffineWeakGraph.translatedMollifier' depends on axioms: [propext,
 sorryAx,
 Classical.choice,
 Quot.sound]
PrimalitySheafVerification/Mock2_FunctionalAnalysis.lean:43755:41: error(lean.invalidField): Invalid field `differentiableAt`: The environment does not contain `Exists.differentiableAt`, so it is not possible to project the field `differentiableAt` from an expression
  friedrichsMollifierReal_contDiff j
of type
  ∃ p, HasFTaylorSeriesUpTo ∞ (friedrichsMollifierReal j) p
PrimalitySheafVerification/Mock2_FunctionalAnalysis.lean:43753:63: error: unsolved goals
j : ℕ
t xi : ℂ
⊢ (fderiv ℝ (friedrichsMollifier j) t) xi = ↑((fderiv ℝ (friedrichsMollifierReal j) t) xi)
PrimalitySheafVerification/Mock2_FunctionalAnalysis.lean:43770:37: error(lean.invalidField): Invalid field `differentiableAt`: The environment does not contain `Exists.differentiableAt`, so it is not possible to project the field `differentiableAt` from an expression
  friedrichsMollifier_contDiff j
of type
  ∃ p, HasFTaylorSeriesUpTo ∞ (friedrichsMollifier j) p
PrimalitySheafVerification/Mock2_FunctionalAnalysis.lean:43771:6: error: Tactic `rewrite` failed: Did not find an occurrence of the pattern
  fderiv ℝ ((fun s => ↑s.im) * friedrichsMollifier j) t
in the target expression
  (fderiv ℝ (fun s => ↑s.im * friedrichsMollifier j s) t) 1 = ↑t.im * (fderiv ℝ (friedrichsMollifier j) t) 1

j : ℕ
t : ℂ
him : DifferentiableAt ℝ (fun s => ↑s.im) t
hrho : DifferentiableAt ℝ (friedrichsMollifier j) t
⊢ (fderiv ℝ (fun s => ↑s.im * friedrichsMollifier j s) t) 1 = ↑t.im * (fderiv ℝ (friedrichsMollifier j) t) 1
PrimalitySheafVerification/Mock2_FunctionalAnalysis.lean:43789:37: error(lean.invalidField): Invalid field `differentiableAt`: The environment does not contain `Exists.differentiableAt`, so it is not possible to project the field `differentiableAt` from an expression
  friedrichsMollifier_contDiff j
of type
  ∃ p, HasFTaylorSeriesUpTo ∞ (friedrichsMollifier j) p
PrimalitySheafVerification/Mock2_FunctionalAnalysis.lean:43790:6: error: Tactic `rewrite` failed: Did not find an occurrence of the pattern
  fderiv ℝ ((fun s => ↑s.im) * friedrichsMollifier j) t
in the target expression
  (fderiv ℝ (fun s => ↑s.im * friedrichsMollifier j s) t) Complex.I =
    friedrichsMollifier j t + ↑t.im * (fderiv ℝ (friedrichsMollifier j) t) Complex.I

j : ℕ
t : ℂ
him : DifferentiableAt ℝ (fun s => ↑s.im) t
hrho : DifferentiableAt ℝ (friedrichsMollifier j) t
⊢ (fderiv ℝ (fun s => ↑s.im * friedrichsMollifier j s) t) Complex.I =
    friedrichsMollifier j t + ↑t.im * (fderiv ℝ (friedrichsMollifier j) t) Complex.I
'Mock2FA.PaperCorrections.AutomorphicSobolev.FixedPhaseNormalizedFriedrichs.fderiv_friedrichsMollifier' depends on axioms: [propext,
 sorryAx,
 Classical.choice,
 Quot.sound]
'Mock2FA.PaperCorrections.AutomorphicSobolev.FixedPhaseNormalizedFriedrichs.friedrichsAffineCommutatorKernel_expanded' depends on axioms: [propext,
 sorryAx,
 Classical.choice,
 Quot.sound]
PrimalitySheafVerification/Mock2_FunctionalAnalysis.lean:43861:2: error(lean.synthInstanceFailed): failed to synthesize instance of type class
  AddCommGroup (InverseEtaFixedPhaseCore n)

Hint: Type class instance resolution failures can be inspected with the `set_option trace.Meta.synthInstance true` command.
PrimalitySheafVerification/Mock2_FunctionalAnalysis.lean:43867:8: error(lean.synthInstanceFailed): failed to synthesize instance of type class
  AddCommGroup (InverseEtaFixedPhaseCore n)

Hint: Type class instance resolution failures can be inspected with the `set_option trace.Meta.synthInstance true` command.
PrimalitySheafVerification/Mock2_FunctionalAnalysis.lean:43884:4: warning: `ContinuousLinearMap.sub_apply` has been deprecated: Use `sub_apply` instead

Note: The updated constant is in a different namespace. Dot notation may need to be changed (e.g., from `x.sub_apply` to `sub_apply x`).
PrimalitySheafVerification/Mock2_FunctionalAnalysis.lean:43884:35: warning: `ContinuousLinearMap.smul_apply` has been deprecated: Use `smul_apply` instead

Note: The updated constant is in a different namespace. Dot notation may need to be changed (e.g., from `x.smul_apply` to `smul_apply x`).
PrimalitySheafVerification/Mock2_FunctionalAnalysis.lean:43894:6: error(lean.synthInstanceFailed): failed to synthesize instance of type class
  AddCommGroup (InverseEtaFixedPhaseCore n)

Hint: Type class instance resolution failures can be inspected with the `set_option trace.Meta.synthInstance true` command.
PrimalitySheafVerification/Mock2_FunctionalAnalysis.lean:43901:4: error(lean.synthInstanceFailed): failed to synthesize instance of type class
  AddCommGroup (InverseEtaFixedPhaseCore n)

Hint: Type class instance resolution failures can be inspected with the `set_option trace.Meta.synthInstance true` command.
PrimalitySheafVerification/Mock2_FunctionalAnalysis.lean:43903:6: error(lean.synthInstanceFailed): failed to synthesize instance of type class
  AddCommGroup (InverseEtaFixedPhaseCore n)

Hint: Type class instance resolution failures can be inspected with the `set_option trace.Meta.synthInstance true` command.
PrimalitySheafVerification/Mock2_FunctionalAnalysis.lean:43922:2: error(lean.synthInstanceFailed): failed to synthesize instance of type class
  AddCommGroup (InverseEtaFixedPhaseCore n)

Hint: Type class instance resolution failures can be inspected with the `set_option trace.Meta.synthInstance true` command.
PrimalitySheafVerification/Mock2_FunctionalAnalysis.lean:43924:0: error: Not a definitional equality: the left-hand side
  (principalEnergyEquiv n) u
is not definitionally equal to the right-hand side
  (principalEnergyOperator n) u
PrimalitySheafVerification/Mock2_FunctionalAnalysis.lean:43927:2: error: Type mismatch
  rfl
has type
  ?m.5 = ?m.5
but is expected to have type
  (principalEnergyEquiv n) u = (principalEnergyOperator n) u
PrimalitySheafVerification/Mock2_FunctionalAnalysis.lean:43939:4: error: 'change' tactic failed, pattern
  principalEnergyOperator n = weakSchrodingerOperator n t + ↑t • graphPotentialOperator n
is not definitionally equal to target
  ↑(principalEnergyEquiv n) = weakSchrodingerOperator n t + ↑t • graphPotentialOperator n
PrimalitySheafVerification/Mock2_FunctionalAnalysis.lean:43950:33: error: Application type mismatch: The argument
  weakSchrodingerOperator n t
has type
  @ContinuousLinearMap ℂ ℂ Complex.instSemiring Complex.instSemiring (RingHom.id ℂ) (ActualHOne n)
    (UniformSpace.Completion.uniformSpace ↥(coordinates n).GraphRange).toTopologicalSpace
    UniformSpace.Completion.instAddCommGroup.toAddCommMonoid (ActualHMinusOne n) ContinuousLinearMap.topologicalSpace
    ContinuousLinearMap.addCommMonoid UniformSpace.Completion.instModule ContinuousLinearMap.module
but is expected to have type
  @ContinuousLinearMap ℂ ℂ Complex.instSemiring Complex.instSemiring (RingHom.id ℂ) ?m.7
    PseudoMetricSpace.toUniformSpace.toTopologicalSpace NormedAddCommGroup.toAddCommGroup.toAddCommMonoid ?m.8
    PseudoMetricSpace.toUniformSpace.toTopologicalSpace NormedAddCommGroup.toAddCommGroup.toAddCommMonoid
    toNormedSpace.toModule toNormedSpace.toModule
in the application
  NontrivialKernelFredholmData (weakSchrodingerOperator n t)
PrimalitySheafVerification/Mock2_FunctionalAnalysis.lean:43960:3: error(lean.unknownIdentifier): Unknown identifier `fredholmData_of_compactPotential`
PrimalitySheafVerification/Mock2_FunctionalAnalysis.lean:43969:8: error: Application type mismatch: The argument
  weakSchrodingerOperator n t
has type
  @ContinuousLinearMap ℂ ℂ Complex.instSemiring Complex.instSemiring (RingHom.id ℂ) (ActualHOne n)
    (UniformSpace.Completion.uniformSpace ↥(coordinates n).GraphRange).toTopologicalSpace
    UniformSpace.Completion.instAddCommGroup.toAddCommMonoid (ActualHMinusOne n) ContinuousLinearMap.topologicalSpace
    ContinuousLinearMap.addCommMonoid UniformSpace.Completion.instModule ContinuousLinearMap.module
but is expected to have type
  @ContinuousLinearMap ?m.31 ?m.31 Field.toSemifield.toDivisionSemiring.toSemiring
    Field.toSemifield.toDivisionSemiring.toSemiring (RingHom.id ?m.31) ?m.33
    PseudoMetricSpace.toUniformSpace.toTopologicalSpace NormedAddCommGroup.toAddCommGroup.toAddCommMonoid
    (ActualHMinusOne n) PseudoMetricSpace.toUniformSpace.toTopologicalSpace
    ContinuousLinearMap.toNormedAddCommGroup.toAddCommMonoid toNormedSpace.toModule toNormedSpace.toModule
in the application
  ContinuousLinearMap.adjoint (weakSchrodingerOperator n t)
PrimalitySheafVerification/Mock2_FunctionalAnalysis.lean:43982:3: error(lean.unknownIdentifier): Unknown identifier `fredholmData_of_compactPotential`
PrimalitySheafVerification/Mock2_FunctionalAnalysis.lean:43991:3: error(lean.unknownIdentifier): Unknown identifier `fredholmData_of_compactPotential`
PrimalitySheafVerification/Mock2_FunctionalAnalysis.lean:44001:3: error(lean.unknownIdentifier): Unknown identifier `fredholmData_of_compactPotential`
PrimalitySheafVerification/Mock2_FunctionalAnalysis.lean:44014:3: error(lean.unknownIdentifier): Unknown identifier `fredholmData_of_compactPotential`
PrimalitySheafVerification/Mock2_FunctionalAnalysis.lean:44021:3: error(lean.unknownIdentifier): Unknown identifier `fredholmData_of_compactPotential`
PrimalitySheafVerification/Mock2_FunctionalAnalysis.lean:44029:3: error(lean.unknownIdentifier): Unknown identifier `fredholmData_of_compactPotential`
'Mock2FA.PaperCorrections.AutomorphicSobolev.ActualScalarDiscriminantPDE.weakSchrodingerOperator_apply_core' depends on axioms: [propext,
 sorryAx,
 Classical.choice,
 Quot.sound]
'Mock2FA.PaperCorrections.AutomorphicSobolev.ActualScalarDiscriminantPDE.principalEnergy_eq_weakSchrodinger_add_potential' depends on axioms: [propext,
 sorryAx,
 Classical.choice,
 Quot.sound]
PrimalitySheafVerification/Mock2_FunctionalAnalysis.lean:44054:14: error(lean.unknownIdentifier): Unknown constant `ActualScalarDiscriminantPDE.fredholmData_of_compactPotential`
PrimalitySheafVerification/Mock2_FunctionalAnalysis.lean:44055:14: error(lean.unknownIdentifier): Unknown constant `ActualScalarDiscriminantPDE.weakSchrodinger_solvable_iff_adjointKernel_orthogonal`
'Mock2FA.PaperCorrections.AutomorphicSobolev.ActualScalarDiscriminantPDE.canonicalWeakSolution_spec' depends on axioms: [propext,
 sorryAx,
 Classical.choice,
 Quot.sound]
'Mock2FA.PaperCorrections.AutomorphicSobolev.ActualScalarDiscriminantPDE.weakSchrodinger_solves_iff_canonical_add_kernel' depends on axioms: [propext,
 sorryAx,
 Classical.choice,
 Quot.sound]
'Mock2FA.PaperCorrections.AutomorphicSobolev.ActualScalarDiscriminantPDE.canonicalWeakSolution_norm_le' depends on axioms: [propext,
 sorryAx,
 Classical.choice,
 Quot.sound]
'Mock2FA.PaperCorrections.AutomorphicSobolev.ActualScalarDiscriminantPDE.isWeakSolution_iff_forall_test' depends on axioms: [propext,
 sorryAx,
 Classical.choice,
 Quot.sound]
PrimalitySheafVerification/Mock2_FunctionalAnalysis.lean:44194:28: warning: `ContinuousLinearMap.add_apply` has been deprecated: Use `add_apply` instead

Note: The updated constant is in a different namespace. Dot notation may need to be changed (e.g., from `x.add_apply` to `add_apply x`).
PrimalitySheafVerification/Mock2_FunctionalAnalysis.lean:44203:29: warning: `ContinuousLinearMap.add_apply` has been deprecated: Use `add_apply` instead

Note: The updated constant is in a different namespace. Dot notation may need to be changed (e.g., from `x.add_apply` to `add_apply x`).
PrimalitySheafVerification/Mock2_FunctionalAnalysis.lean:44269:8: error: Tactic `rewrite` failed: Did not find an occurrence of the pattern
  (y, z).1
in the target expression
  ⟪↑x, z⟫_ℂ = ⟪↑T x, y⟫_ℂ

case mp
E : Type u_1
F : Type u_2
inst✝⁵ : NormedAddCommGroup E
inst✝⁴ : InnerProductSpace ℂ E
inst✝³ : CompleteSpace E
inst✝² : NormedAddCommGroup F
inst✝¹ : InnerProductSpace ℂ F
inst✝ : CompleteSpace F
T : E →ₗ.[ℂ] F
hDense : Dense ↑T.domain
y : F
z : E
hGraph : (y, z) ∈ T†.graph
x : ↥T.domain
y' : ↥T†.domain
hy' : ↑y' = (y, z).1
hz' : ↑T† y' = (y, z).2
⊢ ⟪↑x, z⟫_ℂ = ⟪↑T x, y⟫_ℂ
PrimalitySheafVerification/Mock2_FunctionalAnalysis.lean:44308:30: error: Tactic `rewrite` failed: Did not find an occurrence of the pattern
  ↑(physicalLowerFromSucc ?n) ?x
in the target expression
  ⟪↑y, (raiseProjection n) x⟫_ℂ = ⟪-↑(physicalLowerFromSucc (n + 1)) y, (baseProjection n) x⟫_ℂ

case mp
n : ℤ
x : WeakCoordinateAmbient n
hWeak : ∀ (v : HalfWeightDifferentialOperators.InverseEtaFixedPhaseCore (n + 1 + 1)), (raisingDefect n v) x = 0
y : ↥(-physicalLowerFromSucc (n + 1)).domain
v : HalfWeightDifferentialOperators.InverseEtaFixedPhaseCore (n + 1 + 1) := (l2CoreRangeEquiv (n + 1 + 1)).symm y
hv :
  ⟪(l2Coordinate (n + 1 + 1)) v, (raiseProjection n) x⟫_ℂ +
      ⟪(lowerFromSuccCoordinate (n + 1)) v, (baseProjection n) x⟫_ℂ =
    0
⊢ ⟪↑y, (raiseProjection n) x⟫_ℂ = ⟪-↑(physicalLowerFromSucc (n + 1)) y, (baseProjection n) x⟫_ℂ
PrimalitySheafVerification/Mock2_FunctionalAnalysis.lean:44322:4: error: ring failed, ring expressions not equal
n : ℤ
x : WeakCoordinateAmbient n
hGraph :
  ∀ (x_1 : ↥(-physicalLowerFromSucc (n + 1)).domain),
    ⟪↑x_1, (raiseProjection n) x⟫_ℂ = ⟪↑(-physicalLowerFromSucc (n + 1)) x_1, (baseProjection n) x⟫_ℂ
v : HalfWeightDifferentialOperators.InverseEtaFixedPhaseCore (n + 1 + 1)
hv :
  ⟪(l2Coordinate (n + 1 + 1)) v, (raiseProjection n) x⟫_ℂ =
    ⟪↑(-physicalLowerFromSucc (n + 1)) ((l2CoreRangeEquiv (n + 1 + 1)) v), (baseProjection n) x⟫_ℂ
⊢ ⟪(lowerFromSuccCoordinate (n + 1)) v, (baseProjection n) x⟫_ℂ +
      ⟪↑(-physicalLowerFromSucc (n + 1)) ((l2CoreRangeEquiv (n + 1 + 1)) v), (baseProjection n) x⟫_ℂ =
    0
PrimalitySheafVerification/Mock2_FunctionalAnalysis.lean:44320:37: warning: This simp argument is unused:
  LinearPMap.neg_apply

Hint: Omit it from the simp argument list.
  [apply] simp only [l2CoreRangeEquiv_coe, physicalLowerFromSucc_on_core, inner_neg_left] at hv

Note: This linter can be disabled with `set_option linter.unusedSimpArgs false`
PrimalitySheafVerification/Mock2_FunctionalAnalysis.lean:44321:6: warning: This simp argument is unused:
  physicalLowerFromSucc_on_core

Hint: Omit it from the simp argument list.
  [apply] simp only [l2CoreRangeEquiv_coe, LinearPMap.neg_apply, inner_neg_left] at hv

Note: This linter can be disabled with `set_option linter.unusedSimpArgs false`
PrimalitySheafVerification/Mock2_FunctionalAnalysis.lean:44321:37: warning: This simp argument is unused:
  inner_neg_left

Hint: Omit it from the simp argument list.
  [apply] simp only [l2CoreRangeEquiv_coe, LinearPMap.neg_apply, physicalLowerFromSucc_on_core] at hv

Note: This linter can be disabled with `set_option linter.unusedSimpArgs false`
PrimalitySheafVerification/Mock2_FunctionalAnalysis.lean:44340:30: error: Tactic `rewrite` failed: Did not find an occurrence of the pattern
  ↑(physicalRaise ?n) ?x
in the target expression
  ⟪↑y, (lowerProjection n) x⟫_ℂ = ⟪-↑(physicalRaise n) y, (baseProjection n) x⟫_ℂ

case mp
n : ℤ
x : WeakCoordinateAmbient n
hWeak : ∀ (v : HalfWeightDifferentialOperators.InverseEtaFixedPhaseCore n), (loweringDefect n v) x = 0
y : ↥(-physicalRaise n).domain
v : HalfWeightDifferentialOperators.InverseEtaFixedPhaseCore n := (l2CoreRangeEquiv n).symm y
hv : ⟪(l2Coordinate n) v, (lowerProjection n) x⟫_ℂ + ⟪(raisedCoordinate n) v, (baseProjection n) x⟫_ℂ = 0
⊢ ⟪↑y, (lowerProjection n) x⟫_ℂ = ⟪-↑(physicalRaise n) y, (baseProjection n) x⟫_ℂ
PrimalitySheafVerification/Mock2_FunctionalAnalysis.lean:44351:4: error: ring failed, ring expressions not equal
n : ℤ
x : WeakCoordinateAmbient n
hGraph :
  ∀ (x_1 : ↥(-physicalRaise n).domain),
    ⟪↑x_1, (lowerProjection n) x⟫_ℂ = ⟪↑(-physicalRaise n) x_1, (baseProjection n) x⟫_ℂ
v : HalfWeightDifferentialOperators.InverseEtaFixedPhaseCore n
hv :
  ⟪(l2Coordinate n) v, (lowerProjection n) x⟫_ℂ = ⟪↑(-physicalRaise n) ((l2CoreRangeEquiv n) v), (baseProjection n) x⟫_ℂ
⊢ ⟪(raisedCoordinate n) v, (baseProjection n) x⟫_ℂ +
      ⟪↑(-physicalRaise n) ((l2CoreRangeEquiv n) v), (baseProjection n) x⟫_ℂ =
    0
PrimalitySheafVerification/Mock2_FunctionalAnalysis.lean:44349:37: warning: This simp argument is unused:
  LinearPMap.neg_apply

Hint: Omit it from the simp argument list.
  [apply] simp only [l2CoreRangeEquiv_coe, physicalRaise_on_core, inner_neg_left] at hv

Note: This linter can be disabled with `set_option linter.unusedSimpArgs false`
PrimalitySheafVerification/Mock2_FunctionalAnalysis.lean:44350:6: warning: This simp argument is unused:
  physicalRaise_on_core

Hint: Omit it from the simp argument list.
  [apply] simp only [l2CoreRangeEquiv_coe, LinearPMap.neg_apply, inner_neg_left] at hv

Note: This linter can be disabled with `set_option linter.unusedSimpArgs false`
PrimalitySheafVerification/Mock2_FunctionalAnalysis.lean:44350:29: warning: This simp argument is unused:
  inner_neg_left

Hint: Omit it from the simp argument list.
  [apply] simp only [l2CoreRangeEquiv_coe, LinearPMap.neg_apply, physicalRaise_on_core] at hv

Note: This linter can be disabled with `set_option linter.unusedSimpArgs false`
PrimalitySheafVerification/Mock2_FunctionalAnalysis.lean:44387:54: error: Application type mismatch: The argument
  v
has type
  Submodule ℂ (WeakCoordinateAmbient n)
but is expected to have type
  HalfWeightDifferentialOperators.InverseEtaFixedPhaseCore (n + 1 + 1)
in the application
  raisingDefect n v
PrimalitySheafVerification/Mock2_FunctionalAnalysis.lean:44394:55: error: Application type mismatch: The argument
  v
has type
  Submodule ℂ (WeakCoordinateAmbient n)
but is expected to have type
  HalfWeightDifferentialOperators.InverseEtaFixedPhaseCore n
in the application
  loweringDefect n v
PrimalitySheafVerification/Mock2_FunctionalAnalysis.lean:44400:6: error: unsolved goals
n : ℤ
x : WeakCoordinateAmbient n
⊢ x ∈ ↑(weakRaisingSubmodule n ⊓ weakLoweringSubmodule n) ↔
    x ∈ ↑(weakRaisingSubmodule n) ∧ x ∈ ↑(weakLoweringSubmodule n)
PrimalitySheafVerification/Mock2_FunctionalAnalysis.lean:44404:38: warning: This simp argument is unused:
  Submodule.mem_inf

Hint: Omit it from the simp argument list.
  [apply] simp only [weightedWeakSubmodule, Set.mem_inter_iff]

Note: This linter can be disabled with `set_option linter.unusedSimpArgs false`
PrimalitySheafVerification/Mock2_FunctionalAnalysis.lean:44425:5: error: type class instance expected
  HilbertSpace ℂ ↥(WeightedWeakSobolev n)
PrimalitySheafVerification/Mock2_FunctionalAnalysis.lean:44495:2: error: unsolved goals
case mp
n : ℤ
x : ↥(WeightedWeakSobolev n)
hx : ‖x‖ = 0
hx0 : x = 0
⊢ True ∧ True ∧ True
PrimalitySheafVerification/Mock2_FunctionalAnalysis.lean:44509:4: error(lean.synthInstanceFailed): failed to synthesize instance of type class
  AddCommGroup (HalfWeightDifferentialOperators.InverseEtaFixedPhaseCore (n + 1))

Hint: Type class instance resolution failures can be inspected with the `set_option trace.Meta.synthInstance true` command.
PrimalitySheafVerification/Mock2_FunctionalAnalysis.lean:44522:4: error: ring failed, ring expressions not equal
n : ℤ
u : HalfWeightDifferentialOperators.InverseEtaFixedPhaseCore (n + 1)
v : HalfWeightDifferentialOperators.InverseEtaFixedPhaseCore (n + 1 + 1)
h :
  ⟪(lowerFromSuccCoordinate (n + 1)) v, (l2Coordinate (n + 1)) u⟫_ℂ =
    -⟪(l2Coordinate (n + 1 + 1)) v, (raisedCoordinate (n + 1)) u⟫_ℂ
⊢ ⟪(l2Coordinate (n + 1 + 1)) v, (WithLp.snd sorry).fst⟫_ℂ + ⟪(lowerFromSuccCoordinate (n + 1)) v, WithLp.fst sorry⟫_ℂ -
        ⟪(l2Coordinate (n + 1 + 1)) v, (raisedCoordinate (n + 1)) u⟫_ℂ -
      ⟪(lowerFromSuccCoordinate (n + 1)) v, (l2Coordinate (n + 1)) u⟫_ℂ =
    0
PrimalitySheafVerification/Mock2_FunctionalAnalysis.lean:44533:4: error: ring failed, ring expressions not equal
n : ℤ
u : HalfWeightDifferentialOperators.InverseEtaFixedPhaseCore (n + 1)
v : HalfWeightDifferentialOperators.InverseEtaFixedPhaseCore n
h : ⟪(raisedCoordinate n) v, (l2Coordinate (n + 1)) u⟫_ℂ = -⟪(l2Coordinate n) v, (lowerFromSuccCoordinate n) u⟫_ℂ
⊢ ⟪(l2Coordinate n) v, (WithLp.snd sorry).snd⟫_ℂ + ⟪(raisedCoordinate n) v, WithLp.fst sorry⟫_ℂ -
        ⟪(l2Coordinate n) v, (lowerFromSuccCoordinate n) u⟫_ℂ -
      ⟪(raisedCoordinate n) v, (l2Coordinate (n + 1)) u⟫_ℂ =
    0
PrimalitySheafVerification/Mock2_FunctionalAnalysis.lean:44516:6: warning: This simp argument is unused:
  DefinitionOneSobolev.QuotientHilbertCoordinates.graph_fst

Hint: Omit it from the simp argument list.
  [apply] simp only [baseProjection_apply, raiseProjection_apply,
    DefinitionOneSobolev.QuotientHilbertCoordinates.graph_snd_fst, FixedPhaseClosedOperators.successorGraphCoordinates]

Note: This linter can be disabled with `set_option linter.unusedSimpArgs false`
PrimalitySheafVerification/Mock2_FunctionalAnalysis.lean:44517:6: warning: This simp argument is unused:
  DefinitionOneSobolev.QuotientHilbertCoordinates.graph_snd_fst

Hint: Omit it from the simp argument list.
  [apply] simp only [baseProjection_apply, raiseProjection_apply,
    DefinitionOneSobolev.QuotientHilbertCoordinates.graph_fst, FixedPhaseClosedOperators.successorGraphCoordinates]

Note: This linter can be disabled with `set_option linter.unusedSimpArgs false`
PrimalitySheafVerification/Mock2_FunctionalAnalysis.lean:44518:6: warning: This simp argument is unused:
  FixedPhaseClosedOperators.successorGraphCoordinates

Hint: Omit it from the simp argument list.
  [apply] simp only [baseProjection_apply, raiseProjection_apply,
    DefinitionOneSobolev.QuotientHilbertCoordinates.graph_fst,
    DefinitionOneSobolev.QuotientHilbertCoordinates.graph_snd_fst]

Note: This linter can be disabled with `set_option linter.unusedSimpArgs false`
PrimalitySheafVerification/Mock2_FunctionalAnalysis.lean:44526:6: warning: This simp argument is unused:
  DefinitionOneSobolev.QuotientHilbertCoordinates.graph_fst

Hint: Omit it from the simp argument list.
  [apply] simp only [baseProjection_apply, lowerProjection_apply,
    DefinitionOneSobolev.QuotientHilbertCoordinates.graph_snd_snd, FixedPhaseClosedOperators.successorGraphCoordinates,
    FixedPhaseClosedOperators.reindexedActualLoweredCoordinate_eq_lowerFromSuccCoordinate]

Note: This linter can be disabled with `set_option linter.unusedSimpArgs false`
PrimalitySheafVerification/Mock2_FunctionalAnalysis.lean:44527:6: warning: This simp argument is unused:
  DefinitionOneSobolev.QuotientHilbertCoordinates.graph_snd_snd

Hint: Omit it from the simp argument list.
  [apply] simp only [baseProjection_apply, lowerProjection_apply,
    DefinitionOneSobolev.QuotientHilbertCoordinates.graph_fst, FixedPhaseClosedOperators.successorGraphCoordinates,
    FixedPhaseClosedOperators.reindexedActualLoweredCoordinate_eq_lowerFromSuccCoordinate]

Note: This linter can be disabled with `set_option linter.unusedSimpArgs false`
PrimalitySheafVerification/Mock2_FunctionalAnalysis.lean:44528:6: warning: This simp argument is unused:
  FixedPhaseClosedOperators.successorGraphCoordinates

Hint: Omit it from the simp argument list.
  [apply] simp only [baseProjection_apply, lowerProjection_apply,
    DefinitionOneSobolev.QuotientHilbertCoordinates.graph_fst,
    DefinitionOneSobolev.QuotientHilbertCoordinates.graph_snd_snd,
    FixedPhaseClosedOperators.reindexedActualLoweredCoordinate_eq_lowerFromSuccCoordinate]

Note: This linter can be disabled with `set_option linter.unusedSimpArgs false`
PrimalitySheafVerification/Mock2_FunctionalAnalysis.lean:44529:6: warning: This simp argument is unused:
  FixedPhaseClosedOperators.reindexedActualLoweredCoordinate_eq_lowerFromSuccCoordinate

Hint: Omit it from the simp argument list.
  [apply] simp only [baseProjection_apply, lowerProjection_apply,
    DefinitionOneSobolev.QuotientHilbertCoordinates.graph_fst,
    DefinitionOneSobolev.QuotientHilbertCoordinates.graph_snd_snd, FixedPhaseClosedOperators.successorGraphCoordinates]

Note: This linter can be disabled with `set_option linter.unusedSimpArgs false`
PrimalitySheafVerification/Mock2_FunctionalAnalysis.lean:44540:2: error(lean.synthInstanceFailed): failed to synthesize instance of type class
  AddCommGroup (HalfWeightDifferentialOperators.InverseEtaFixedPhaseCore (n + 1))

Hint: Type class instance resolution failures can be inspected with the `set_option trace.Meta.synthInstance true` command.
PrimalitySheafVerification/Mock2_FunctionalAnalysis.lean:44556:6: error(lean.synthInstanceFailed): failed to synthesize instance of type class
  AddCommGroup (HalfWeightDifferentialOperators.InverseEtaFixedPhaseCore (n + 1))

Hint: Type class instance resolution failures can be inspected with the `set_option trace.Meta.synthInstance true` command.
PrimalitySheafVerification/Mock2_FunctionalAnalysis.lean:44567:5: error(lean.synthInstanceFailed): failed to synthesize instance of type class
  AddCommGroup (HalfWeightDifferentialOperators.InverseEtaFixedPhaseCore (n + 1))

Hint: Type class instance resolution failures can be inspected with the `set_option trace.Meta.synthInstance true` command.
PrimalitySheafVerification/Mock2_FunctionalAnalysis.lean:44575:2: error(lean.synthInstanceFailed): failed to synthesize instance of type class
  AddCommGroup (HalfWeightDifferentialOperators.InverseEtaFixedPhaseCore (n + 1))

Hint: Type class instance resolution failures can be inspected with the `set_option trace.Meta.synthInstance true` command.
PrimalitySheafVerification/Mock2_FunctionalAnalysis.lean:44581:75: error: Application type mismatch: The argument
  x
has type
  SuccessorGraphCompletion n
but is expected to have type
  QuotientHilbertCoordinates.SobolevCompletion (successorGraphCoordinates n)
in the application
  (QuotientHilbertCoordinates.graphExtension (successorGraphCoordinates n)) x
PrimalitySheafVerification/Mock2_FunctionalAnalysis.lean:44581:4: error(lean.synthInstanceFailed): failed to synthesize instance of type class
  AddCommGroup (HalfWeightDifferentialOperators.InverseEtaFixedPhaseCore (n + 1))

Hint: Type class instance resolution failures can be inspected with the `set_option trace.Meta.synthInstance true` command.
PrimalitySheafVerification/Mock2_FunctionalAnalysis.lean:44586:6: error(lean.synthInstanceFailed): failed to synthesize instance of type class
  AddCommGroup (HalfWeightDifferentialOperators.InverseEtaFixedPhaseCore (n + 1))

Hint: Type class instance resolution failures can be inspected with the `set_option trace.Meta.synthInstance true` command.
PrimalitySheafVerification/Mock2_FunctionalAnalysis.lean:44595:4: error(lean.synthInstanceFailed): failed to synthesize instance of type class
  SeminormedAddCommGroup (SuccessorGraphCompletion n)

Hint: Type class instance resolution failures can be inspected with the `set_option trace.Meta.synthInstance true` command.
PrimalitySheafVerification/Mock2_FunctionalAnalysis.lean:44613:9: error(lean.synthInstanceFailed): failed to synthesize instance of type class
  AddCommGroup (HalfWeightDifferentialOperators.InverseEtaFixedPhaseCore (n + 1))

Hint: Type class instance resolution failures can be inspected with the `set_option trace.Meta.synthInstance true` command.
PrimalitySheafVerification/Mock2_FunctionalAnalysis.lean:44612:4: error(lean.synthInstanceFailed): failed to synthesize instance of type class
  AddCommGroup (HalfWeightDifferentialOperators.InverseEtaFixedPhaseCore (n + 1))

Hint: Type class instance resolution failures can be inspected with the `set_option trace.Meta.synthInstance true` command.
PrimalitySheafVerification/Mock2_FunctionalAnalysis.lean:44614:6: error(lean.synthInstanceFailed): failed to synthesize instance of type class
  AddCommGroup (HalfWeightDifferentialOperators.InverseEtaFixedPhaseCore (n + 1))

Hint: Type class instance resolution failures can be inspected with the `set_option trace.Meta.synthInstance true` command.
PrimalitySheafVerification/Mock2_FunctionalAnalysis.lean:44634:2: warning: 'constructor' tactic does nothing

Note: This linter can be disabled with `set_option linter.unusedTactic false`
PrimalitySheafVerification/Mock2_FunctionalAnalysis.lean:44635:2: warning: '·
  intro hCore
  apply (DefinitionOneSobolev.denseRange_iff_surjective_linearIsometry_of_complete (graphCompletionToWeightedWeak n)).mp
  apply Dense.mono _ hCore
  rintro _ ⟨u, rfl⟩
  exact
    ⟨(FixedPhaseClosedOperators.successorGraphCoordinates n).sectionCoreMap u,
      (graphCompletionToWeightedWeak_sectionCoreMap n u).symm⟩' tactic does nothing

Note: This linter can be disabled with `set_option linter.unusedTactic false`
PrimalitySheafVerification/Mock2_FunctionalAnalysis.lean:44643:2: warning: '·
  intro hSurj
  have hOuter : DenseRange (graphCompletionToWeightedWeak n) := hSurj.denseRange
  have hComp :=
    hOuter.comp (FixedPhaseClosedOperators.successorGraphCoordinates n).denseRange_sectionCoreMap
      (graphCompletionToWeightedWeak n).continuous
  simpa only [Function.comp_apply, graphCompletionToWeightedWeak_sectionCoreMap] using hComp' tactic does nothing

Note: This linter can be disabled with `set_option linter.unusedTactic false`
PrimalitySheafVerification/Mock2_FunctionalAnalysis.lean:44634:2: warning: this tactic is never executed

Note: This linter can be disabled with `set_option linter.unreachableTactic false`
PrimalitySheafVerification/Mock2_FunctionalAnalysis.lean:44635:2: warning: this tactic is never executed

Note: This linter can be disabled with `set_option linter.unreachableTactic false`
PrimalitySheafVerification/Mock2_FunctionalAnalysis.lean:44643:2: warning: this tactic is never executed

Note: This linter can be disabled with `set_option linter.unreachableTactic false`
PrimalitySheafVerification/Mock2_FunctionalAnalysis.lean:44663:4: error(lean.synthInstanceFailed): failed to synthesize instance of type class
  SeminormedAddCommGroup (SuccessorGraphCompletion n)

Hint: Type class instance resolution failures can be inspected with the `set_option trace.Meta.synthInstance true` command.
PrimalitySheafVerification/Mock2_FunctionalAnalysis.lean:44666:6: error(lean.unknownIdentifier): Unknown identifier `jointGraphCoreDensityAt_iff_surjective_comparison`
'Mock2FA.PaperCorrections.AutomorphicSobolev.IndependentWeightedWeakSobolev.weightedWeakSubmodule_isClosed' depends on axioms: [propext,
 sorryAx,
 Classical.choice,
 Quot.sound]
'Mock2FA.PaperCorrections.AutomorphicSobolev.IndependentWeightedWeakSobolev.hilbertSpaceWitness' depends on axioms: [propext,
 sorryAx,
 Classical.choice,
 Quot.sound]
'Mock2FA.PaperCorrections.AutomorphicSobolev.IndependentWeightedWeakSobolev.norm_sq_eq_three_coordinates' depends on axioms: [propext,
 Classical.choice,
 Quot.sound]
'Mock2FA.PaperCorrections.AutomorphicSobolev.IndependentWeightedWeakSobolev.mem_adjoint_graph_iff_swapped_pairing' depends on axioms: [propext,
 sorryAx,
 Classical.choice,
 Quot.sound]
'Mock2FA.PaperCorrections.AutomorphicSobolev.IndependentWeightedWeakSobolev.mem_weightedWeakSubmodule_iff_maximalAdjointGraphs' depends on axioms: [propext,
 sorryAx,
 Classical.choice,
 Quot.sound]
'Mock2FA.PaperCorrections.AutomorphicSobolev.IndependentWeightedWeakSobolev.mem_weightedWeakSubmodule_iff_closedComponentGraphs' depends on axioms: [propext,
 sorryAx,
 Classical.choice,
 Quot.sound]
'Mock2FA.PaperCorrections.AutomorphicSobolev.IndependentWeightedWeakSobolev.successorSmoothGraph_mem_weightedWeakSubmodule' depends on axioms: [propext,
 sorryAx,
 Classical.choice,
 Quot.sound]
'Mock2FA.PaperCorrections.AutomorphicSobolev.IndependentWeightedWeakSobolev.graphCompletionToWeightedWeak' depends on axioms: [sorryAx]
PrimalitySheafVerification/Mock2_FunctionalAnalysis.lean:44680:14: error(lean.unknownIdentifier): Unknown constant `IndependentWeightedWeakSobolev.denseRange_smoothCoreMap_iff_surjective_comparison`
PrimalitySheafVerification/Mock2_FunctionalAnalysis.lean:44754:2: error(lean.unknownIdentifier): Unknown identifier `HasCompactCarrierSupport`
PrimalitySheafVerification/Mock2_FunctionalAnalysis.lean:44755:4: error(lean.unknownIdentifier): Unknown identifier `HasCompactCarrierSupport`
PrimalitySheafVerification/Mock2_FunctionalAnalysis.lean:44756:6: error(lean.unknownIdentifier): Unknown identifier `HasCompactCarrierSupport`
PrimalitySheafVerification/Mock2_FunctionalAnalysis.lean:44765:45: error(lean.invalidField): Invalid field `add`: The environment does not contain `Exists.add`, so it is not possible to project the field `add` from an expression
  intrinsicPeterssonCuspCutoff_hasCompactCarrierSupport j (n + 1 + 1) ((raiseProjection n) x)
of type
  ∃ K,
    IsCompact K ∧
      ∀ᵐ (z : ℍ) ∂PhysicalLocalL2.chosenEuclideanCarrierMeasure,
        z ∉ K →
          ↑↑((PhysicalLocalL2.orbitPeterssonEuclideanEmbedding (n + 1 + 1))
                    ((intrinsicPeterssonCuspCutoff j (n + 1 + 1)) ((raiseProjection n) x)))
              z =
            0
PrimalitySheafVerification/Mock2_FunctionalAnalysis.lean:44769:33: error(lean.invalidField): Invalid field `add`: The environment does not contain `Exists.add`, so it is not possible to project the field `add` from an expression
  intrinsicPeterssonCuspCutoff_hasCompactCarrierSupport j n ((lowerProjection n) x)
of type
  ∃ K,
    IsCompact K ∧
      ∀ᵐ (z : ℍ) ∂PhysicalLocalL2.chosenEuclideanCarrierMeasure,
        z ∉ K →
          ↑↑((PhysicalLocalL2.orbitPeterssonEuclideanEmbedding n)
                    ((intrinsicPeterssonCuspCutoff j n) ((lowerProjection n) x)))
              z =
            0
PrimalitySheafVerification/Mock2_FunctionalAnalysis.lean:44851:2: error: Type mismatch: After simplification, term
  Tendsto.prodMk_nhds hBase (Tendsto.prodMk_nhds hRaise hLower)
 has type
  Tendsto
    (fun c =>
      ((WithLp.toLp 2
            ((intrinsicPeterssonCuspCutoff c (n + 1)) (WithLp.fst x),
              WithLp.toLp 2
                ((intrinsicPeterssonCuspCutoff c (n + 1 + 1)) (WithLp.snd x).fst +
                    (intrinsicRaisePeterssonCommutator c (n + 1)) (WithLp.fst x),
                  (intrinsicPeterssonCuspCutoff c n) (WithLp.snd x).snd +
                    (intrinsicLowerFromSuccPeterssonCommutator c n) (WithLp.fst x)))).fst,
        (WithLp.toLp 2
              ((intrinsicPeterssonCuspCutoff c (n + 1)) (WithLp.fst x),
                WithLp.toLp 2
                  ((intrinsicPeterssonCuspCutoff c (n + 1 + 1)) (WithLp.snd x).fst +
                      (intrinsicRaisePeterssonCommutator c (n + 1)) (WithLp.fst x),
                    (intrinsicPeterssonCuspCutoff c n) (WithLp.snd x).snd +
                      (intrinsicLowerFromSuccPeterssonCommutator c n) (WithLp.fst x)))).snd.fst,
        (WithLp.toLp 2
              ((intrinsicPeterssonCuspCutoff c (n + 1)) (WithLp.fst x),
                WithLp.toLp 2
                  ((intrinsicPeterssonCuspCutoff c (n + 1 + 1)) (WithLp.snd x).fst +
                      (intrinsicRaisePeterssonCommutator c (n + 1)) (WithLp.fst x),
                    (intrinsicPeterssonCuspCutoff c n) (WithLp.snd x).snd +
                      (intrinsicLowerFromSuccPeterssonCommutator c n) (WithLp.fst x)))).snd.snd))
    atTop (𝓝 (WithLp.fst x, (WithLp.snd x).fst, (WithLp.snd x).snd))
but is expected to have type
  Tendsto
    (fun j =>
      WithLp.toLp 2
        ((intrinsicPeterssonCuspCutoff j (n + 1)) (WithLp.fst x),
          WithLp.toLp 2
            ((intrinsicPeterssonCuspCutoff j (n + 1 + 1)) (WithLp.snd x).fst +
                (intrinsicRaisePeterssonCommutator j (n + 1)) (WithLp.fst x),
              (intrinsicPeterssonCuspCutoff j n) (WithLp.snd x).snd +
                (intrinsicLowerFromSuccPeterssonCommutator j n) (WithLp.fst x))))
    atTop (𝓝 x)
'Mock2FA.PaperCorrections.AutomorphicSobolev.FixedPhaseIntrinsicJointLocalization.intrinsicJointCutoffTriple_mem_weightedWeakSubmodule' depends on axioms: [propext,
 sorryAx,
 Classical.choice,
 Quot.sound]
'Mock2FA.PaperCorrections.AutomorphicSobolev.FixedPhaseIntrinsicJointLocalization.intrinsicJointCutoffTriple_tendsto' depends on axioms: [propext,
 sorryAx,
 Classical.choice,
 Quot.sound]
'Mock2FA.PaperCorrections.AutomorphicSobolev.FixedPhaseIntrinsicJointLocalization.hasSequentialIntrinsicJointLocalizationAt_unconditional' depends on axioms: [propext,
 sorryAx,
 Classical.choice,
 Quot.sound]
'Mock2FA.PaperCorrections.AutomorphicSobolev.FixedPhaseIntrinsicJointLocalization.intrinsicJointCutoffTriple_eventually_three_dist_lt' depends on axioms: [propext,
 sorryAx,
 Classical.choice,
 Quot.sound]
PrimalitySheafVerification/Mock2_FunctionalAnalysis.lean:44952:0: warning: automatically included section variable(s) unused in theorem `Mock2FA.PaperCorrections.AutomorphicSobolev.P5LocalFourierRellich.finiteHilbertProjection_empty`:
  [CompleteSpace E]
consider restructuring your `variable` declarations so that the variables are not in scope or explicitly omit them:
  omit [CompleteSpace E] in theorem ...

Note: This linter can be disabled with `set_option linter.unusedSectionVars false`
PrimalitySheafVerification/Mock2_FunctionalAnalysis.lean:44962:38: warning: `ContinuousLinearMap.sum_apply` has been deprecated: Use `sum_apply` instead

Note: The updated constant is in a different namespace. Dot notation may need to be changed (e.g., from `x.sum_apply` to `sum_apply x`).
PrimalitySheafVerification/Mock2_FunctionalAnalysis.lean:44957:0: warning: automatically included section variable(s) unused in theorem `Mock2FA.PaperCorrections.AutomorphicSobolev.P5LocalFourierRellich.finiteHilbertProjection_apply`:
  [CompleteSpace E]
consider restructuring your `variable` declarations so that the variables are not in scope or explicitly omit them:
  omit [CompleteSpace E] in theorem ...

Note: This linter can be disabled with `set_option linter.unusedSectionVars false`
PrimalitySheafVerification/Mock2_FunctionalAnalysis.lean:44967:0: warning: automatically included section variable(s) unused in theorem `Mock2FA.PaperCorrections.AutomorphicSobolev.P5LocalFourierRellich.finiteHilbertProjection_isCompact`:
  [CompleteSpace E]
consider restructuring your `variable` declarations so that the variables are not in scope or explicitly omit them:
  omit [CompleteSpace E] in theorem ...

Note: This linter can be disabled with `set_option linter.unusedSectionVars false`
PrimalitySheafVerification/Mock2_FunctionalAnalysis.lean:45013:0: warning: automatically included section variable(s) unused in theorem `Mock2FA.PaperCorrections.AutomorphicSobolev.P5LocalFourierRellich.finiteModeLocalization_tendsto`:
  [CompleteSpace E]
consider restructuring your `variable` declarations so that the variables are not in scope or explicitly omit them:
  omit [CompleteSpace E] in theorem ...

Note: This linter can be disabled with `set_option linter.unusedSectionVars false`
PrimalitySheafVerification/Mock2_FunctionalAnalysis.lean:45051:2: error: Type mismatch
  UnitAddTorus.mFourierBasis
has type
  HilbertBasis (?m.6 → ℤ) ℂ
    { x :
      UnitAddTorus
          ?m.6 →ₘ[@volume (UnitAddTorus ?m.6)
          (@MeasureSpace.pi ?m.6 ?m.7 (fun a => UnitAddCircle) fun i => instMeasureSpaceUnitAddCircle)]
        ℂ //
      x ∈ Lp ℂ 2 volume }
but is expected to have type
  HilbertBasis (Fin 2 → ℤ) ℂ
    { x :
      TwoTorus →ₘ[@volume TwoTorus
          (@MeasureSpace.pi (Fin 2) (Fin.fintype 2) (fun a => UnitAddCircle) fun i => AddCircle.measureSpace 1)]
        ℂ //
      x ∈ TwoTorusL2 }
PrimalitySheafVerification/Mock2_FunctionalAnalysis.lean:45055:28: error: Type mismatch
  UnitAddTorus.mFourierLp 2
has type
  (?m.2 → ℤ) →
    { x :
      UnitAddTorus
          ?m.2 →ₘ[@volume (UnitAddTorus ?m.2)
          (@MeasureSpace.pi ?m.2 ?m.3 (fun a => UnitAddCircle) fun i => instMeasureSpaceUnitAddCircle)]
        ℂ //
      x ∈ Lp ℂ 2 volume }
but is expected to have type
  (Fin 2 → ℤ) →
    { x :
      TwoTorus →ₘ[@volume TwoTorus
          (@MeasureSpace.pi (Fin 2) (Fin.fintype 2) (fun a => UnitAddCircle) fun i => AddCircle.measureSpace 1)]
        ℂ //
      x ∈ TwoTorusL2 }
PrimalitySheafVerification/Mock2_FunctionalAnalysis.lean:45072:6: error: Type mismatch
  ∑ k ∈ s, UnitAddTorus.mFourierCoeff (↑↑f) k • UnitAddTorus.mFourierLp 2 k
has type
  { x :
    UnitAddTorus
        (Fin
          2) →ₘ[@volume (UnitAddTorus (Fin 2))
        (@MeasureSpace.pi (Fin 2) (Fin.fintype 2) (fun a => UnitAddCircle) fun i => instMeasureSpaceUnitAddCircle)]
      ℂ //
    x ∈ Lp ℂ 2 volume }
but is expected to have type
  { x :
    TwoTorus →ₘ[@volume TwoTorus
        (@MeasureSpace.pi (Fin 2) (Fin.fintype 2) (fun a => UnitAddCircle) fun i => AddCircle.measureSpace 1)]
      ℂ //
    x ∈ TwoTorusL2 }
PrimalitySheafVerification/Mock2_FunctionalAnalysis.lean:45068:2: error: Cannot add `simp` attribute to `twoTorusFiniteFourierProjection_apply`: It is not a proposition nor a definition (to unfold)

Note: The `[simp]` attribute can be added to lemmas that should be automatically used by the simplifier and to definitions that the simplifier should automatically unfold
PrimalitySheafVerification/Mock2_FunctionalAnalysis.lean:45075:6: error: Failed to rewrite using equation theorems for `twoTorusFiniteFourierProjection`
PrimalitySheafVerification/Mock2_FunctionalAnalysis.lean:45140:2: error: Type mismatch
  finite_chart_sum_isCompact localize reconstruct fun j =>
    twoTorus_isCompactOperator_of_fourierTail (modes j) (localize j) (hTail j)
has type
  IsCompactOperator (∑ j, ⇑(reconstruct j ∘SL localize j))
but is expected to have type
  IsCompactOperator ⇑(∑ j, reconstruct j ∘SL localize j)
'Mock2FA.PaperCorrections.AutomorphicSobolev.P5LocalFourierRellich.finiteHilbertProjection_isCompact' depends on axioms: [propext,
 Classical.choice,
 Quot.sound]
'Mock2FA.PaperCorrections.AutomorphicSobolev.P5LocalFourierRellich.finiteModeLocalization_isCompact' depends on axioms: [propext,
 Classical.choice,
 Quot.sound]
'Mock2FA.PaperCorrections.AutomorphicSobolev.P5LocalFourierRellich.isCompactOperator_of_vanishingFiniteModeTail' depends on axioms: [propext,
 Classical.choice,
 Quot.sound]
'Mock2FA.PaperCorrections.AutomorphicSobolev.P5LocalFourierRellich.twoTorusFiniteFourierProjection_isCompact' depends on axioms: [propext,
 sorryAx,
 Classical.choice,
 Quot.sound]
'Mock2FA.PaperCorrections.AutomorphicSobolev.P5LocalFourierRellich.twoTorus_isCompactOperator_of_fourierTail' depends on axioms: [propext,
 sorryAx,
 Classical.choice,
 Quot.sound]
'Mock2FA.PaperCorrections.AutomorphicSobolev.P5LocalFourierRellich.isCompactOperator_of_finite_torus_chart_decomposition' depends on axioms: [propext,
 sorryAx,
 Classical.choice,
 Quot.sound]
PrimalitySheafVerification/Mock2_FunctionalAnalysis.lean:45188:11: error: Function expected at
  v
but this term has type
  FullPlaneTest

Note: Expected a function because this term is being applied to the argument
  x
PrimalitySheafVerification/Mock2_FunctionalAnalysis.lean:45192:27: error(lean.synthInstanceFailed): failed to synthesize instance of type class
  HAdd FullPlaneTest FullPlaneTest ?m.4

Hint: Type class instance resolution failures can be inspected with the `set_option trace.Meta.synthInstance true` command.
PrimalitySheafVerification/Mock2_FunctionalAnalysis.lean:45201:27: error(lean.synthInstanceFailed): failed to synthesize instance of type class
  HSub FullPlaneTest FullPlaneTest ?m.4

Hint: Type class instance resolution failures can be inspected with the `set_option trace.Meta.synthInstance true` command.
PrimalitySheafVerification/Mock2_FunctionalAnalysis.lean:45210:27: error(lean.synthInstanceFailed): failed to synthesize instance of type class
  HSMul ℂ FullPlaneTest ?m.4

Hint: Type class instance resolution failures can be inspected with the `set_option trace.Meta.synthInstance true` command.
PrimalitySheafVerification/Mock2_FunctionalAnalysis.lean:45213:24: error: Function expected at
  v
but this term has type
  FullPlaneTest

Note: Expected a function because this term is being applied to the argument
  x
PrimalitySheafVerification/Mock2_FunctionalAnalysis.lean:45213:51: error: Function expected at
  v
but this term has type
  FullPlaneTest

Note: Expected a function because this term is being applied to the argument
  x
PrimalitySheafVerification/Mock2_FunctionalAnalysis.lean:45233:9: error(lean.unknownIdentifier): Unknown identifier `lsmul`
PrimalitySheafVerification/Mock2_FunctionalAnalysis.lean:45225:61: error: unsolved goals
j : ℕ
u : ↥AmbientPlaneL2
w xi : ℂ
hLocal : LocallyIntegrable (↑↑u) volume
hRhoOne : ContDiff ℝ 1 (friedrichsMollifierReal j)
⊢ (fderiv ℝ (friedrichsMollifiedRepresentative j u) w) xi =
    ∫ (x : ℂ), (fderiv ℝ (friedrichsMollifier j) (w - x)) xi * ↑↑u x
PrimalitySheafVerification/Mock2_FunctionalAnalysis.lean:45256:6: warning: declaration uses `sorry`
PrimalitySheafVerification/Mock2_FunctionalAnalysis.lean:45251:8: warning: declaration uses `sorry`
PrimalitySheafVerification/Mock2_FunctionalAnalysis.lean:45257:2: warning: 'unfold fullPlaneBilinearPair' tactic does nothing

Note: This linter can be disabled with `set_option linter.unusedTactic false`
PrimalitySheafVerification/Mock2_FunctionalAnalysis.lean:45258:2: warning: 'apply integral_congr_ae' tactic does nothing

Note: This linter can be disabled with `set_option linter.unusedTactic false`
PrimalitySheafVerification/Mock2_FunctionalAnalysis.lean:45259:2: warning: 'filter_upwards with x' tactic does nothing

Note: This linter can be disabled with `set_option linter.unusedTactic false`
PrimalitySheafVerification/Mock2_FunctionalAnalysis.lean:45260:2: warning: 'simp only [friedrichsTranslatedMollifierTest_apply, friedrichsMollifier, Complex.real_smul]' tactic does nothing

Note: This linter can be disabled with `set_option linter.unusedTactic false`
PrimalitySheafVerification/Mock2_FunctionalAnalysis.lean:45257:2: warning: this tactic is never executed

Note: This linter can be disabled with `set_option linter.unreachableTactic false`
PrimalitySheafVerification/Mock2_FunctionalAnalysis.lean:45258:2: warning: this tactic is never executed

Note: This linter can be disabled with `set_option linter.unreachableTactic false`
PrimalitySheafVerification/Mock2_FunctionalAnalysis.lean:45259:2: warning: this tactic is never executed

Note: This linter can be disabled with `set_option linter.unreachableTactic false`
PrimalitySheafVerification/Mock2_FunctionalAnalysis.lean:45260:2: warning: this tactic is never executed

Note: This linter can be disabled with `set_option linter.unreachableTactic false`
PrimalitySheafVerification/Mock2_FunctionalAnalysis.lean:45276:6: error(lean.unknownIdentifier): Unknown identifier `fullPlaneDirectionalDerivative_apply`
PrimalitySheafVerification/Mock2_FunctionalAnalysis.lean:45270:56: error: unsolved goals
j : ℕ
u : ↥AmbientPlaneL2
w xi x : ℂ
⊢ (fderiv ℝ (friedrichsMollifier j) (w - x)) xi * ↑↑u x = -(sorry * ↑↑u x)
PrimalitySheafVerification/Mock2_FunctionalAnalysis.lean:45284:2: error(lean.synthInstanceFailed): failed to synthesize instance of type class
  HSMul ℂ FullPlaneTest ?m.13

Hint: Type class instance resolution failures can be inspected with the `set_option trace.Meta.synthInstance true` command.
PrimalitySheafVerification/Mock2_FunctionalAnalysis.lean:45295:4: error: Function expected at
  friedrichsAffineForwardTranslateTest sigma c j w
but this term has type
  FullPlaneTest

Note: Expected a function because this term is being applied to the argument
  x
PrimalitySheafVerification/Mock2_FunctionalAnalysis.lean:45303:4: error(lean.unknownIdentifier): Unknown identifier `fullPlaneDirectionalDerivative_apply`
PrimalitySheafVerification/Mock2_FunctionalAnalysis.lean:45301:13: warning: declaration uses `sorry`
Try this:
  [apply] ring_nf
  
  The `ring` tactic failed to close the goal. Use `ring_nf` to obtain a normal form.
    
  Note that `ring` works primarily in *commutative* rings. If you have a noncommutative ring, abelian group or module, consider using `noncomm_ring`, `abel` or `module` instead.
PrimalitySheafVerification/Mock2_FunctionalAnalysis.lean:45315:64: error: unsolved goals
sigma c : ℂ
j : ℕ
u : ↥AmbientPlaneL2
w : ℂ
⊢ -(↑w.im * sigma *
            fullPlaneBilinearPair (fullPlaneDirectionalDerivative 1 (friedrichsTranslatedMollifierTest j w)) u) -
        ↑w.im *
          fullPlaneBilinearPair (fullPlaneDirectionalDerivative Complex.I (friedrichsTranslatedMollifierTest j w)) u +
      c * fullPlaneBilinearPair (friedrichsTranslatedMollifierTest j w) u =
    fullPlaneBilinearPair sorry u
PrimalitySheafVerification/Mock2_FunctionalAnalysis.lean:45320:13: warning: declaration uses `sorry`
PrimalitySheafVerification/Mock2_FunctionalAnalysis.lean:45321:4: warning: This simp argument is unused:
  fullPlaneBilinearPair_add

Hint: Omit it from the simp argument list.
  [apply] simp only [friedrichsAffineForwardTranslateTest, fullPlaneBilinearPair_smul]

Note: This linter can be disabled with `set_option linter.unusedSimpArgs false`
PrimalitySheafVerification/Mock2_FunctionalAnalysis.lean:45321:31: warning: This simp argument is unused:
  fullPlaneBilinearPair_smul

Hint: Omit it from the simp argument list.
  [apply] simp only [friedrichsAffineForwardTranslateTest, fullPlaneBilinearPair_add]

Note: This linter can be disabled with `set_option linter.unusedSimpArgs false`
PrimalitySheafVerification/Mock2_FunctionalAnalysis.lean:45329:2: error(lean.synthInstanceFailed): failed to synthesize instance of type class
  HSub FullPlaneTest FullPlaneTest ?m.3

Hint: Type class instance resolution failures can be inspected with the `set_option trace.Meta.synthInstance true` command.
PrimalitySheafVerification/Mock2_FunctionalAnalysis.lean:45338:4: error: Function expected at
  friedrichsAffineCommutatorTranslateTest sigma c j w
but this term has type
  FullPlaneTest

Note: Expected a function because this term is being applied to the argument
  x
PrimalitySheafVerification/Mock2_FunctionalAnalysis.lean:45340:6: error: Failed to rewrite using equation theorems for `friedrichsAffineCommutatorTranslateTest`
PrimalitySheafVerification/Mock2_FunctionalAnalysis.lean:45340:6: warning: declaration uses `sorry`
PrimalitySheafVerification/Mock2_FunctionalAnalysis.lean:45359:66: error: unsolved goals
case c
sigma c : ℂ
j : ℕ
u : ↥AmbientPlaneL2
w x : ℂ
⊢ ℂ
PrimalitySheafVerification/Mock2_FunctionalAnalysis.lean:45369:8: warning: declaration uses `sorry`
PrimalitySheafVerification/Mock2_FunctionalAnalysis.lean:45379:2: warning: 'change
  fullPlaneBilinearPair (friedrichsTranslatedMollifierTest j w) Pu =
    fullPlaneBilinearPair (fullPlaneAffineTranspose sigma c (friedrichsTranslatedMollifierTest j w))
      u at hTranslated' tactic does nothing

Note: This linter can be disabled with `set_option linter.unusedTactic false`
PrimalitySheafVerification/Mock2_FunctionalAnalysis.lean:45385:2: warning: 'calc
  ambientAffineMaass sigma c (friedrichsMollifiedRepresentative j u) w =
      fullPlaneBilinearPair (friedrichsAffineForwardTranslateTest sigma c j w) u :=
    ambientAffineMaass_friedrichsMollifiedRepresentative sigma c j u w
  _ =
      fullPlaneBilinearPair (fullPlaneAffineTranspose sigma c (friedrichsTranslatedMollifierTest j w)) u +
        fullPlaneBilinearPair (friedrichsAffineCommutatorTranslateTest sigma c j w) u :=
    by
    rw [friedrichsAffineCommutatorTranslateTest, fullPlaneBilinearPair_sub]
    ring
  _ =
      fullPlaneBilinearPair (friedrichsTranslatedMollifierTest j w) Pu +
        fullPlaneBilinearPair (friedrichsAffineCommutatorTranslateTest sigma c j w) u :=
    by rw [hTranslated]
  _ = friedrichsMollifiedRepresentative j Pu w + ∫ x : ℂ, friedrichsAffineCommutatorKernel sigma j (w - x) * u x := by
    rw [← friedrichsMollifiedRepresentative_eq_pair,
      fullPlaneBilinearPair_friedrichsAffineCommutatorTranslateTest]' tactic does nothing

Note: This linter can be disabled with `set_option linter.unusedTactic false`
PrimalitySheafVerification/Mock2_FunctionalAnalysis.lean:45385:2: warning: this tactic is never executed

Note: This linter can be disabled with `set_option linter.unreachableTactic false`
'Mock2FA.PaperCorrections.AutomorphicSobolev.FixedPhaseNormalizedFriedrichs.fderiv_friedrichsMollifiedRepresentative_apply' depends on axioms: [propext,
 sorryAx,
 Classical.choice,
 Quot.sound]
'Mock2FA.PaperCorrections.AutomorphicSobolev.FixedPhaseNormalizedFriedrichs.friedrichsAffineCommutatorTranslateTest_apply' depends on axioms: [propext,
 sorryAx,
 Classical.choice,
 Quot.sound]
'Mock2FA.PaperCorrections.AutomorphicSobolev.FixedPhaseNormalizedFriedrichs.IsPlanarAffineWeakGraph.friedrichs_identity' depends on axioms: [propext,
 sorryAx,
 Classical.choice,
 Quot.sound]
'Mock2FA.PaperCorrections.AutomorphicSobolev.FixedPhaseNormalizedFriedrichs.IsPlanarAffineWeakGraph.friedrichs_raising_identity' depends on axioms: [propext,
 sorryAx,
 Classical.choice,
 Quot.sound]
'Mock2FA.PaperCorrections.AutomorphicSobolev.FixedPhaseNormalizedFriedrichs.IsPlanarAffineWeakGraph.friedrichs_loweringFromSucc_identity' depends on axioms: [propext,
 sorryAx,
 Classical.choice,
 Quot.sound]
PrimalitySheafVerification/Mock2_FunctionalAnalysis.lean:45495:2: error: Type mismatch: After simplification, term
  tendsto_one_div_add_atTop_nhds_zero_nat
 has type
  @Tendsto ℕ ℝ (fun n => 1 / (↑n + 1)) atTop (𝓝 0)
but is expected to have type
  @Tendsto ℕ ℝ discriminantCuspEpsilon atTop (𝓝 0)
PrimalitySheafVerification/Mock2_FunctionalAnalysis.lean:45554:2: error: failed to synthesize
  NeBot ?l

Hint: Additional diagnostic information may be available using the `set_option diagnostics true` command.
'Mock2FA.PaperCorrections.AutomorphicSobolev.P5DiscriminantHardTruncation.discriminantCuspEpsilon_tendsto_zero' depends on axioms: [propext,
 sorryAx,
 Classical.choice,
 Quot.sound]
'Mock2FA.PaperCorrections.AutomorphicSobolev.P5DiscriminantHardTruncation.potential_le_discriminantCuspEpsilon_outside_literalStage' depends on axioms: [propext,
 Classical.choice,
 Quot.sound]
'Mock2FA.PaperCorrections.AutomorphicSobolev.P5DiscriminantHardTruncation.hardStagePotentialFactor_isCompact' depends on axioms: [propext,
 Classical.choice,
 Quot.sound]
'Mock2FA.PaperCorrections.AutomorphicSobolev.P5DiscriminantHardTruncation.graphPotentialOperator_isCompact_of_literalStageFactorization' depends on axioms: [propext,
 sorryAx,
 Classical.choice,
 Quot.sound]
PrimalitySheafVerification/Mock2_FunctionalAnalysis.lean:45620:44: error: Application type mismatch: The argument
  f
has type
  { x :
    TwoTorus →ₘ[@volume TwoTorus
        (@MeasureSpace.pi (Fin 2) (Fin.fintype 2) (fun a => UnitAddCircle) fun i => AddCircle.measureSpace 1)]
      ℂ //
    x ∈ TwoTorusL2 }
but is expected to have type
  { x :
    UnitAddTorus
        (Fin
          2) →ₘ[@volume (UnitAddTorus (Fin 2))
        (@MeasureSpace.pi (Fin 2) (Fin.fintype 2) (fun a => UnitAddCircle) fun i => instMeasureSpaceUnitAddCircle)]
      ℂ //
    x ∈ Lp ℂ 2 volume }
in the application
  UnitAddTorus.hasSum_mFourier_series_L2 f
'Mock2FA.PaperCorrections.AutomorphicSobolev.P5LocalFourierRellich.twoTorusCanonicalModes_tendsto_atTop' depends on axioms: [propext,
 Classical.choice,
 Quot.sound]
'Mock2FA.PaperCorrections.AutomorphicSobolev.P5LocalFourierRellich.twoTorusFiniteFourierProjection_tendsto' depends on axioms: [propext,
 sorryAx,
 Classical.choice,
 Quot.sound]
PrimalitySheafVerification/Mock2_FunctionalAnalysis.lean:45690:45: error(lean.unknownIdentifier): Unknown identifier `map_ofReal`
PrimalitySheafVerification/Mock2_FunctionalAnalysis.lean:45696:45: error(lean.unknownIdentifier): Unknown identifier `map_ofReal`
PrimalitySheafVerification/Mock2_FunctionalAnalysis.lean:45704:18: error: Invalid rewrite argument: Expected an equality or iff proof or definition name, but `d` is a value of type
  H
PrimalitySheafVerification/Mock2_FunctionalAnalysis.lean:45726:18: error: unsolved goals
H : Type u_1
inst✝⁵ : NormedAddCommGroup H
inst✝⁴ : InnerProductSpace ℂ H
inst✝³ : CompleteSpace H
V : Type u_2
inst✝² : NormedAddCommGroup V
inst✝¹ : InnerProductSpace ℂ V
inst✝ : CompleteSpace V
J : V →L[ℂ] H
u w v : V
⊢ ((innerSLFlip ℂ) (J u) + (innerSLFlip ℂ) (J w)) (J v) = ((innerSLFlip ℂ) (J u) ∘SL J + (innerSLFlip ℂ) (J w) ∘SL J) v
PrimalitySheafVerification/Mock2_FunctionalAnalysis.lean:45730:19: error: unsolved goals
H : Type u_1
inst✝⁵ : NormedAddCommGroup H
inst✝⁴ : InnerProductSpace ℂ H
inst✝³ : CompleteSpace H
V : Type u_2
inst✝² : NormedAddCommGroup V
inst✝¹ : InnerProductSpace ℂ V
inst✝ : CompleteSpace V
J : V →L[ℂ] H
a : ℂ
u v : V
⊢ (a • (innerSLFlip ℂ) (J u)) (J v) = ((RingHom.id ℂ) a • (innerSLFlip ℂ) (J u) ∘SL J) v
PrimalitySheafVerification/Mock2_FunctionalAnalysis.lean:45729:6: warning: This simp argument is unused:
  innerSLFlip_apply_apply

Hint: Omit it from the simp argument list.
  [apply] simp only [ContinuousLinearMap.comp_apply, map_add, inner_add_right]

Note: This linter can be disabled with `set_option linter.unusedSimpArgs false`
PrimalitySheafVerification/Mock2_FunctionalAnalysis.lean:45729:31: warning: This simp argument is unused:
  inner_add_right

Hint: Omit it from the simp argument list.
  [apply] simp only [ContinuousLinearMap.comp_apply, map_add, innerSLFlip_apply_apply]

Note: This linter can be disabled with `set_option linter.unusedSimpArgs false`
PrimalitySheafVerification/Mock2_FunctionalAnalysis.lean:45733:6: warning: This simp argument is unused:
  innerSLFlip_apply_apply

Hint: Omit it from the simp argument list.
  [apply] simp only [ContinuousLinearMap.comp_apply, map_smul, inner_smul_right]

Note: This linter can be disabled with `set_option linter.unusedSimpArgs false`
PrimalitySheafVerification/Mock2_FunctionalAnalysis.lean:45733:31: warning: This simp argument is unused:
  inner_smul_right

Hint: Omit it from the simp argument list.
  [apply] simp only [ContinuousLinearMap.comp_apply, map_smul, innerSLFlip_apply_apply]

Note: This linter can be disabled with `set_option linter.unusedSimpArgs false`
PrimalitySheafVerification/Mock2_FunctionalAnalysis.lean:45736:0: warning: automatically included section variable(s) unused in theorem `Mock2FA.PaperCorrections.AutomorphicSobolev.P9ClosedFormRealization.embeddedMassLinear_apply`:
  [CompleteSpace H]
  [CompleteSpace V]
consider restructuring your `variable` declarations so that the variables are not in scope or explicitly omit them:
  omit [CompleteSpace H] [CompleteSpace V] in theorem ...

Note: This linter can be disabled with `set_option linter.unusedSectionVars false`
PrimalitySheafVerification/Mock2_FunctionalAnalysis.lean:45740:0: warning: automatically included section variable(s) unused in theorem `Mock2FA.PaperCorrections.AutomorphicSobolev.P9ClosedFormRealization.embeddedMassLinear_bound`:
  [CompleteSpace H]
  [CompleteSpace V]
consider restructuring your `variable` declarations so that the variables are not in scope or explicitly omit them:
  omit [CompleteSpace H] [CompleteSpace V] in theorem ...

Note: This linter can be disabled with `set_option linter.unusedSectionVars false`
PrimalitySheafVerification/Mock2_FunctionalAnalysis.lean:45755:4: error: Application type mismatch: The argument
  embeddedMassLinear_bound J
has type
  ∀ (u v : V), ‖((embeddedMassLinear J) u) v‖ ≤ ‖J‖ ^ 2 * ‖u‖ * ‖v‖
but is expected to have type
  ∀ (x y : V), ‖(?m.44 x) y‖ ≤ ‖J‖ ^ 2 * ‖x‖ * ‖y‖
in the application
  LinearMap.mkContinuous₂ ?m.44 (‖J‖ ^ 2) ⋯
PrimalitySheafVerification/Mock2_FunctionalAnalysis.lean:45757:0: error: Not a definitional equality: the left-hand side
  ((embeddedMassForm J) u) v
is not definitionally equal to the right-hand side
  ⟪J v, J u⟫_ℂ
PrimalitySheafVerification/Mock2_FunctionalAnalysis.lean:45760:2: error: Type mismatch
  rfl
has type
  ?m.32 = ?m.32
but is expected to have type
  ((embeddedMassForm J) u) v = ⟪J v, J u⟫_ℂ
PrimalitySheafVerification/Mock2_FunctionalAnalysis.lean:45763:62: error: unsolved goals
H : Type u_1
inst✝⁵ : NormedAddCommGroup H
inst✝⁴ : InnerProductSpace ℂ H
inst✝³ : CompleteSpace H
V : Type u_2
inst✝² : NormedAddCommGroup V
inst✝¹ : InnerProductSpace ℂ V
inst✝ : CompleteSpace V
J : V →L[ℂ] H
u v : V
⊢ star ⟪J u, J v⟫_ℂ = ⟪J v, J u⟫_ℂ
PrimalitySheafVerification/Mock2_FunctionalAnalysis.lean:45764:37: warning: This simp argument is unused:
  inner_conj_symm

Hint: Omit it from the simp argument list.
  [apply] simp only [embeddedMassForm_apply]

Note: This linter can be disabled with `set_option linter.unusedSimpArgs false`
PrimalitySheafVerification/Mock2_FunctionalAnalysis.lean:45782:24: warning: `ContinuousLinearMap.add_apply` has been deprecated: Use `add_apply` instead

Note: The updated constant is in a different namespace. Dot notation may need to be changed (e.g., from `x.add_apply` to `add_apply x`).
PrimalitySheafVerification/Mock2_FunctionalAnalysis.lean:45786:19: error: unsolved goals
H : Type u_1
inst✝⁵ : NormedAddCommGroup H
inst✝⁴ : InnerProductSpace ℂ H
inst✝³ : CompleteSpace H
V : Type u_2
inst✝² : NormedAddCommGroup V
inst✝¹ : InnerProductSpace ℂ V
inst✝ : CompleteSpace V
J : V →L[ℂ] H
B : ContinuousSesquilinearForm V
a : ℂ
p : H × H
u : V
hu : J u = p.1
hBu : ∀ (v : V), (B u) v = ⟪J v, p.2⟫_ℂ
⊢ a • p.1 = (a • p).1
PrimalitySheafVerification/Mock2_FunctionalAnalysis.lean:45788:25: warning: `ContinuousLinearMap.smul_apply` has been deprecated: Use `smul_apply` instead

Note: The updated constant is in a different namespace. Dot notation may need to be changed (e.g., from `x.smul_apply` to `smul_apply x`).
PrimalitySheafVerification/Mock2_FunctionalAnalysis.lean:45784:15: error: unsolved goals
H : Type u_1
inst✝⁵ : NormedAddCommGroup H
inst✝⁴ : InnerProductSpace ℂ H
inst✝³ : CompleteSpace H
V : Type u_2
inst✝² : NormedAddCommGroup V
inst✝¹ : InnerProductSpace ℂ V
inst✝ : CompleteSpace V
J : V →L[ℂ] H
B : ContinuousSesquilinearForm V
a : ℂ
p : H × H
u : V
hu : J u = p.1
hBu : ∀ (v : V), (B u) v = ⟪J v, p.2⟫_ℂ
v : V
⊢ a • ⟪J v, p.2⟫_ℂ = ⟪J v, (a • p).2⟫_ℂ
PrimalitySheafVerification/Mock2_FunctionalAnalysis.lean:45786:47: warning: This simp argument is unused:
  Prod.fst_smul

Hint: Omit it from the simp argument list.
  [apply] simp only [map_smul, hu]

Note: This linter can be disabled with `set_option linter.unusedSimpArgs false`
PrimalitySheafVerification/Mock2_FunctionalAnalysis.lean:45789:6: warning: This simp argument is unused:
  Prod.snd_smul

Hint: Omit it from the simp argument list.
  [apply] simp only [map_smul, ContinuousLinearMap.smul_apply, hBu v, inner_smul_right]

Note: This linter can be disabled with `set_option linter.unusedSimpArgs false`
PrimalitySheafVerification/Mock2_FunctionalAnalysis.lean:45789:21: warning: This simp argument is unused:
  inner_smul_right

Hint: Omit it from the simp argument list.
  [apply] simp only [map_smul, ContinuousLinearMap.smul_apply, hBu v, Prod.snd_smul]

Note: This linter can be disabled with `set_option linter.unusedSimpArgs false`
PrimalitySheafVerification/Mock2_FunctionalAnalysis.lean:45792:0: warning: automatically included section variable(s) unused in theorem `Mock2FA.PaperCorrections.AutomorphicSobolev.P9ClosedFormRealization.mem_associatedFormGraph_iff`:
  [CompleteSpace H]
  [CompleteSpace V]
consider restructuring your `variable` declarations so that the variables are not in scope or explicitly omit them:
  omit [CompleteSpace H] [CompleteSpace V] in theorem ...

Note: This linter can be disabled with `set_option linter.unusedSectionVars false`
PrimalitySheafVerification/Mock2_FunctionalAnalysis.lean:45806:32: error: Type mismatch: After simplification, term
  hu
 has type
  J u = 0
but is expected to have type
  J u = J 0
PrimalitySheafVerification/Mock2_FunctionalAnalysis.lean:45807:8: error: maximum number of errors (500; from option `maxErrors`) reached, exiting
